game_id,season,week,game_date,player_id,player,position,prior_games,preseason_role_rank,team,opponent_team,total_line,team_spread,implied_team_total,temperature,wind_speed,precip_probability,is_dome,weather_status,target,model_prediction,baseline_prediction,model_weight,prediction
2026_05_DET_ARI,2026,5,2026-10-11,00-0041027,Jeremiyah Love,RB,4,1,ARI,DET,54.5,4.5,25,NA,NA,NA,0,PENDING,receptions,2.1930477619171143,2.75,0.7249065287368748,2.3462616864191017
2026_05_DET_ARI,2026,5,2026-10-11,00-0037263,Tyler Allgeier,RB,71,2,ARI,DET,54.5,4.5,25,NA,NA,NA,0,PENDING,receptions,1.9911043643951416,2.5,0.7249065287368748,2.1310982313043367
2026_05_DET_ARI,2026,5,2026-10-11,00-0037157,Bam Knight,RB,22,3,ARI,DET,54.5,4.5,25,NA,NA,NA,0,PENDING,receptions,1.151045322418213,1.2222222222222223,0.7249065287368748,1.1706256228590455
2026_05_DET_ARI,2026,5,2026-10-11,00-0037744,Trey McBride,TE,66,1,ARI,DET,54.5,4.5,25,NA,NA,NA,0,PENDING,receptions,5.4915547370910645,8.25,0.7249065287368748,6.250385019754008
2026_05_DET_ARI,2026,5,2026-10-11,00-0039041,Elijah Higgins,TE,46,2,ARI,DET,54.5,4.5,25,NA,NA,NA,0,PENDING,receptions,1.3094209432601929,1.6666666666666667,0.7249065287368748,1.4076969094059861
2026_05_DET_ARI,2026,5,2026-10-11,00-0037004,Hunter Long,TE,27,3,ARI,DET,54.5,4.5,25,NA,NA,NA,0,PENDING,receptions,0.7596933245658875,0.5,0.7249065287368748,0.688253386447196
2026_05_DET_ARI,2026,5,2026-10-11,00-0038559,Michael Wilson,WR,50,1,ARI,DET,54.5,4.5,25,NA,NA,NA,0,PENDING,receptions,5.325843334197998,6.25,0.7249065287368748,5.580072799384427
2026_05_DET_ARI,2026,5,2026-10-11,00-0033307,Kendrick Bourne,WR,70,2,ARI,DET,54.5,4.5,25,NA,NA,NA,0,PENDING,receptions,3.107786178588867,4,0.7249065287368748,3.3532283758297936
2026_05_DET_ARI,2026,5,2026-10-11,00-0039849,Marvin Harrison Jr.,WR,33,3,ARI,DET,54.5,4.5,25,NA,NA,NA,0,PENDING,receptions,2.0441184043884277,1.25,0.7249065287368748,1.825661615931281
2026_05_DET_ARI,2026,5,2026-10-11,00-0038640,Jalen Brooks,WR,23,4,ARI,DET,54.5,4.5,25,NA,NA,NA,0,PENDING,receptions,0.5265758037567139,0,0.7249065287368748,0.3817182380181092
2026_05_DET_ARI,2026,5,2026-10-11,00-0036331,Devin Duvernay,WR,77,5,ARI,DET,54.5,4.5,25,NA,NA,NA,0,PENDING,receptions,0.5319517850875854,0,0.7249065287368748,0.3856153219832256
2026_05_BUF_LA,2026,5,2026-10-12,00-0037248,James Cook,RB,70,1,BUF,LAR,54.5,3,25.75,70,0,0,1,VERIFIED_DOME,receptions,2.0006496906280518,1.5,0.7249065287368748,1.8629242293463713
2026_05_BUF_LA,2026,5,2026-10-12,00-0035537,Ty Johnson,RB,72,2,BUF,LAR,54.5,3,25.75,70,0,0,1,VERIFIED_DOME,receptions,1.786921501159668,2.4705882352941178,0.7249065287368748,1.9749937562398379
2026_05_BUF_LA,2026,5,2026-10-12,00-0039875,Ray Davis,RB,37,3,BUF,LAR,54.5,3,25.75,70,0,0,1,VERIFIED_DOME,receptions,0.5906726717948914,0.3333333333333333,0.7249065287368748,0.5198802998849451
2026_05_BUF_LA,2026,5,2026-10-12,00-0038933,Dalton Kincaid,TE,45,1,BUF,LAR,54.5,3,25.75,70,0,0,1,VERIFIED_DOME,receptions,3.5746378898620605,3.75,0.7249065287368748,3.6228788614679326
2026_05_BUF_LA,2026,5,2026-10-12,00-0035689,Dawson Knox,TE,74,2,BUF,LAR,54.5,3,25.75,70,0,0,1,VERIFIED_DOME,receptions,1.7690708637237549,1.5,0.7249065287368748,1.6950512258062198
2026_05_BUF_LA,2026,5,2026-10-12,00-0040194,Jackson Hawes,TE,14,3,BUF,LAR,54.5,3,25.75,70,0,0,1,VERIFIED_DOME,receptions,1.2665730714797974,0.8205128205128206,0.7249065287368748,1.143864808648791
2026_05_BUF_LA,2026,5,2026-10-12,00-0037261,Khalil Shakir,WR,61,1,BUF,LAR,54.5,3,25.75,70,0,0,1,VERIFIED_DOME,receptions,3.616492748260498,3.75,0.7249065287368748,3.6532197215803173
2026_05_BUF_LA,2026,5,2026-10-12,00-0034827,DJ Moore,WR,89,2,BUF,LAR,54.5,3,25.75,70,0,0,1,VERIFIED_DOME,receptions,3.0876784324645996,3,0.7249065287368748,3.0635586681230036
2026_05_BUF_LA,2026,5,2026-10-12,00-0039901,Keon Coleman,WR,29,3,BUF,LAR,54.5,3,25.75,70,0,0,1,VERIFIED_DOME,receptions,3.0496826171875,3.5,0.7249065287368748,3.173561989195516
2026_05_BUF_LA,2026,5,2026-10-12,00-0036988,Josh Palmer,WR,71,4,BUF,LAR,54.5,3,25.75,70,0,0,1,VERIFIED_DOME,receptions,1.5279535055160522,1,0.7249065287368748,1.3827169430181059
2026_05_BUF_LA,2026,5,2026-10-12,00-0035500,Greg Dortch,WR,70,5,BUF,LAR,54.5,3,25.75,70,0,0,1,VERIFIED_DOME,receptions,0.5805389285087585,0,0.7249065287368748,0.4208364594619089
2026_05_CHI_GB,2026,5,2026-10-11,00-0036275,D'Andre Swift,RB,80,1,CHI,GB,45,-3,24,NA,NA,NA,0,PENDING,receptions,2.4683291912078857,2.5,0.7249065287368748,2.477041623936219
2026_05_CHI_GB,2026,5,2026-10-11,00-0040236,Kyle Monangai,RB,21,2,CHI,GB,45,-3,24,NA,NA,NA,0,PENDING,receptions,1.1681408882141113,1.25,0.7249065287368748,1.1906597954298077
2026_05_CHI_GB,2026,5,2026-10-11,00-0039021,Roschon Johnson,RB,36,3,CHI,GB,45,-3,24,NA,NA,NA,0,PENDING,receptions,0.5269333124160767,0.3333333333333333,0.7249065287368748,0.47367522213373636
2026_05_CHI_GB,2026,5,2026-10-11,00-0040126,Colston Loveland,TE,20,1,CHI,GB,45,-3,24,NA,NA,NA,0,PENDING,receptions,2.9609439373016357,2.75,0.7249065287368748,2.9029146373474175
2026_05_CHI_GB,2026,5,2026-10-11,00-0036290,Cole Kmet,TE,86,2,CHI,GB,45,-3,24,NA,NA,NA,0,PENDING,receptions,1.6101088523864746,1,0.7249065287368748,1.4422718903351177
2026_05_CHI_GB,2026,5,2026-10-11,00-0041558,Sam Roush,TE,3,3,CHI,GB,45,-3,24,NA,NA,NA,0,PENDING,receptions,1.1308704614639282,1,0.7249065287368748,1.094868851934009
2026_05_CHI_GB,2026,5,2026-10-11,00-0040735,Luther Burden III,WR,19,1,CHI,GB,45,-3,24,NA,NA,NA,0,PENDING,receptions,4.284415245056152,4.75,0.7249065287368748,4.412494571460847
2026_05_CHI_GB,2026,5,2026-10-11,00-0032464,Kalif Raymond,WR,81,2,CHI,GB,45,-3,24,NA,NA,NA,0,PENDING,receptions,4.007124423980713,5.25,0.7249065287368748,4.349031380536015
2026_05_CHI_GB,2026,5,2026-10-11,00-0039919,Rome Odunze,WR,33,3,CHI,GB,45,-3,24,NA,NA,NA,0,PENDING,receptions,3.405264377593994,3.5,0.7249065287368748,3.431325528813935
2026_05_CHI_GB,2026,5,2026-10-11,00-0040277,Jahdae Walker,WR,7,4,CHI,GB,45,-3,24,NA,NA,NA,0,PENDING,receptions,1.1390050649642944,1,0.7249065287368748,1.1007656791201104
2026_05_CHI_GB,2026,5,2026-10-11,00-0041051,Zavion Thomas,WR,3,5,CHI,GB,45,-3,24,NA,NA,NA,0,PENDING,receptions,0.5879301428794861,0.3333333333333333,0.7249065287368748,0.5178922227689182
2026_05_CIN_MIA,2026,5,2026-10-11,00-0038597,Chase Brown,RB,49,1,CIN,MIA,42.5,-7,24.75,NA,NA,NA,0,PENDING,receptions,2.754354953765869,5.25,0.7249065287368748,3.440890612575039
2026_05_CIN_MIA,2026,5,2026-10-11,00-0033526,Samaje Perine,RB,84,2,CIN,MIA,42.5,-7,24.75,NA,NA,NA,0,PENDING,receptions,1.0297372341156006,1.25,0.7249065287368748,1.0903300829727571
2026_05_CIN_MIA,2026,5,2026-10-11,00-0040208,Tahj Brooks,RB,14,3,CIN,MIA,42.5,-7,24.75,NA,NA,NA,0,PENDING,receptions,0.5623972415924072,0.02777777777777778,0.7249065287368748,0.41532691748681005
2026_05_CIN_MIA,2026,5,2026-10-11,00-0034829,Mike Gesicki,TE,80,1,CIN,MIA,42.5,-7,24.75,NA,NA,NA,0,PENDING,receptions,2.9373483657836914,3.6666666666666665,0.7249065287368748,3.1379790688293134
2026_05_CIN_MIA,2026,5,2026-10-11,00-0039814,Erick All,TE,9,2,CIN,MIA,42.5,-7,24.75,NA,NA,NA,0,PENDING,receptions,1.907829999923706,2.3333333333333335,0.7249065287368748,2.0248831889453913
2026_05_CIN_MIA,2026,5,2026-10-11,00-0035631,Drew Sample,TE,51,3,CIN,MIA,42.5,-7,24.75,NA,NA,NA,0,PENDING,receptions,1.6096867322921753,1.75,0.7249065287368748,1.648285996170193
2026_05_CIN_MIA,2026,5,2026-10-11,00-0036410,Tee Higgins,WR,71,1,CIN,MIA,42.5,-7,24.75,NA,NA,NA,0,PENDING,receptions,5.412810802459717,6.25,0.7249065287368748,5.6431160849150634
2026_05_CIN_MIA,2026,5,2026-10-11,00-0036900,Ja'Marr Chase,WR,82,2,CIN,MIA,42.5,-7,24.75,NA,NA,NA,0,PENDING,receptions,4.479422092437744,5.25,0.7249065287368748,4.691403043907721
2026_05_CIN_MIA,2026,5,2026-10-11,00-0038839,Mitchell Tinsley,WR,9,3,CIN,MIA,42.5,-7,24.75,NA,NA,NA,0,PENDING,receptions,1.6015942096710205,1.6666666666666667,0.7249065287368748,1.6194952177495732
2026_05_CIN_MIA,2026,5,2026-10-11,00-0040785,Dohnte Meyers,WR,4,4,CIN,MIA,42.5,-7,24.75,NA,NA,NA,0,PENDING,receptions,2.1157033443450928,2.75,0.7249065287368748,2.2901942131597925
2026_05_CLE_NYJ,2026,5,2026-10-11,00-0040784,Quinshon Judkins,RB,18,1,CLE,NYJ,40,2,19,NA,NA,NA,0,PENDING,receptions,2.974428415298462,3.75,0.7249065287368748,3.1877830947470507
2026_05_CLE_NYJ,2026,5,2026-10-11,00-0040466,Raheim Sanders,RB,8,2,CLE,NYJ,40,2,19,NA,NA,NA,0,PENDING,receptions,1.8137013912200928,2.5,0.7249065287368748,2.002497657832411
2026_05_CLE_NYJ,2026,5,2026-10-11,00-0038794,Jaleel McLaughlin,RB,43,3,CLE,NYJ,40,2,19,NA,NA,NA,0,PENDING,receptions,0.6129105091094971,0.16666666666666669,0.7249065287368748,0.4901517414621037
2026_05_CLE_NYJ,2026,5,2026-10-11,00-0031595,Michael Burton,RB,46,4,CLE,NYJ,40,2,19,NA,NA,NA,0,PENDING,receptions,0.7115628719329834,0.5555555555555557,0.7249065287368748,0.6686462777282722
2026_05_CLE_NYJ,2026,5,2026-10-11,00-0040663,Harold Fannin Jr.,TE,20,1,CLE,NYJ,40,2,19,NA,NA,NA,0,PENDING,receptions,3.991830587387085,4.25,0.7249065287368748,4.062851307276734
2026_05_CLE_NYJ,2026,5,2026-10-11,00-0038710,Blake Whiteheart,TE,19,2,CLE,NYJ,40,2,19,NA,NA,NA,0,PENDING,receptions,1.1281988620758057,0.6666666666666666,0.7249065287368748,1.0012343683410145
2026_05_CLE_NYJ,2026,5,2026-10-11,00-0041131,Carsen Ryan,TE,2,3,CLE,NYJ,40,2,19,NA,NA,NA,0,PENDING,receptions,0.5716457366943359,0,0.7249065287368748,0.4143897266543246
2026_05_CLE_NYJ,2026,5,2026-10-11,00-0041547,KC Concepcion,WR,4,1,CLE,NYJ,40,2,19,NA,NA,NA,0,PENDING,receptions,3.9984652996063232,4.25,0.7249065287368748,4.06766085348075
2026_05_CLE_NYJ,2026,5,2026-10-11,00-0041037,Denzel Boston,WR,4,2,CLE,NYJ,40,2,19,NA,NA,NA,0,PENDING,receptions,3.6096391677856445,3.25,0.7249065287368748,3.51070478071731
2026_05_CLE_NYJ,2026,5,2026-10-11,00-0036407,Jerry Jeudy,WR,78,3,CLE,NYJ,40,2,19,NA,NA,NA,0,PENDING,receptions,1.723456859588623,1.6666666666666667,0.7249065287368748,1.7078342482840194
2026_05_CLE_NYJ,2026,5,2026-10-11,00-0040782,Isaiah Bond,WR,17,4,CLE,NYJ,40,2,19,NA,NA,NA,0,PENDING,receptions,1.061813235282898,1.0666666666666667,0.7249065287368748,1.0631483825697963
2026_05_CLE_NYJ,2026,5,2026-10-11,00-0039920,Malachi Corley,WR,21,5,CLE,NYJ,40,2,19,NA,NA,NA,0,PENDING,receptions,0.5925043821334839,0,0.7249065287368748,0.4295102949137706
2026_05_TB_DAL,2026,5,2026-10-08,00-0036997,Javonte Williams,RB,74,1,DAL,TB,47.5,-8.5,28,NA,NA,NA,0,PENDING,receptions,3.1033082008361816,3.75,0.7249065287368748,3.2812088927055525
2026_05_TB_DAL,2026,5,2026-10-08,00-0037120,Tyler Goodson,RB,32,2,DAL,TB,47.5,-8.5,28,NA,NA,NA,0,PENDING,receptions,0.5721654295921326,0.4,0.7249065287368748,0.5248038439341256
2026_05_TB_DAL,2026,5,2026-10-08,00-0038738,Hunter Luepke,RB,41,3,DAL,TB,47.5,-8.5,28,NA,NA,NA,0,PENDING,receptions,0.7373896837234497,0.3333333333333333,0.7249065287368748,0.626236419708723
2026_05_TB_DAL,2026,5,2026-10-08,00-0038041,Jake Ferguson,TE,63,1,DAL,TB,47.5,-8.5,28,NA,NA,NA,0,PENDING,receptions,2.866035223007202,3,0.7249065287368748,2.9028880585371413
2026_05_TB_DAL,2026,5,2026-10-08,00-0038547,Luke Schoonmaker,TE,40,2,DAL,TB,47.5,-8.5,28,NA,NA,NA,0,PENDING,receptions,1.000564455986023,1,0.7249065287368748,1.0004091778294526
2026_05_TB_DAL,2026,5,2026-10-08,00-0039530,Brevyn Spann-Ford,TE,31,3,DAL,TB,47.5,-8.5,28,NA,NA,NA,0,PENDING,receptions,1.070918321609497,0.75,0.7249065287368748,0.9826357865260045
2026_05_TB_DAL,2026,5,2026-10-08,00-0036358,CeeDee Lamb,WR,82,1,DAL,TB,47.5,-8.5,28,NA,NA,NA,0,PENDING,receptions,5.921095848083496,9.25,0.7249065287368748,6.836855646736437
2026_05_TB_DAL,2026,5,2026-10-08,00-0037247,George Pickens,WR,69,2,DAL,TB,47.5,-8.5,28,NA,NA,NA,0,PENDING,receptions,4.1293416023254395,4.5,0.7249065287368748,4.231307307594562
2026_05_TB_DAL,2026,5,2026-10-08,00-0039410,Ryan Flournoy,WR,28,3,DAL,TB,47.5,-8.5,28,NA,NA,NA,0,PENDING,receptions,3.143441915512085,3.25,0.7249065287368748,3.172755348865015
2026_05_TB_DAL,2026,5,2026-10-08,00-0039062,Jonathan Mingo,WR,36,4,DAL,TB,47.5,-8.5,28,NA,NA,NA,0,PENDING,receptions,0.859800398349762,0.4,0.7249065287368748,0.7333123106795583
2026_05_TB_DAL,2026,5,2026-10-08,00-0037801,KaVontae Turpin,WR,69,5,DAL,TB,47.5,-8.5,28,NA,NA,NA,0,PENDING,receptions,0.637711763381958,0.5,0.7249065287368748,0.599828156359449
2026_05_DEN_LAC,2026,5,2026-10-11,00-0036158,J.K. Dobbins,RB,36,1,DEN,LAC,42.5,-3.5,23,70,0,0,1,VERIFIED_DOME,receptions,1.2774810791015625,0.75,0.7249065287368748,1.1323744780258946
2026_05_DEN_LAC,2026,5,2026-10-11,00-0040730,RJ Harvey,RB,20,2,DEN,LAC,42.5,-3.5,23,70,0,0,1,VERIFIED_DOME,receptions,4.234138488769531,6.666666666666667,0.7249065287368748,4.90331110917262
2026_05_DEN_LAC,2026,5,2026-10-11,00-0037085,Tyler Badie,RB,23,3,DEN,LAC,42.5,-3.5,23,70,0,0,1,VERIFIED_DOME,receptions,1.3099931478500366,1.6666666666666667,0.7249065287368748,1.4081117042489368
2026_05_DEN_LAC,2026,5,2026-10-11,00-0036727,Adam Prentice,RB,42,4,DEN,LAC,42.5,-3.5,23,70,0,0,1,VERIFIED_DOME,receptions,0.5106554627418518,0.3333333333333333,0.7249065287368748,0.46187530263109333
2026_05_DEN_LAC,2026,5,2026-10-11,00-0033881,Evan Engram,TE,78,1,DEN,LAC,42.5,-3.5,23,70,0,0,1,VERIFIED_DOME,receptions,1.6282036304473877,1.5,0.7249065287368748,1.5929356487190809
2026_05_DEN_LAC,2026,5,2026-10-11,00-0038783,Nate Adkins,TE,29,2,DEN,LAC,42.5,-3.5,23,70,0,0,1,VERIFIED_DOME,receptions,1.3199266195297241,1.3333333333333333,0.7249065287368748,1.3236147189681904
2026_05_DEN_LAC,2026,5,2026-10-11,00-0036422,Adam Trautman,TE,67,3,DEN,LAC,42.5,-3.5,23,70,0,0,1,VERIFIED_DOME,receptions,1.3593984842300415,1.1794871794871795,0.7249065287368748,1.3099060588888496
2026_05_DEN_LAC,2026,5,2026-10-11,00-0036613,Jaylen Waddle,WR,82,1,DEN,LAC,42.5,-3.5,23,70,0,0,1,VERIFIED_DOME,receptions,3.8103249073028564,4,0.7249065287368748,3.862503286965069
2026_05_DEN_LAC,2026,5,2026-10-11,00-0034348,Courtland Sutton,WR,85,2,DEN,LAC,42.5,-3.5,23,70,0,0,1,VERIFIED_DOME,receptions,2.954477548599243,2.25,0.7249065287368748,2.7606803743281407
2026_05_DEN_LAC,2026,5,2026-10-11,00-0040134,Pat Bryant,WR,17,3,DEN,LAC,42.5,-3.5,23,70,0,0,1,VERIFIED_DOME,receptions,2.298614263534546,2.25,0.7249065287368748,2.2852407970259274
2026_05_DEN_LAC,2026,5,2026-10-11,00-0038976,Marvin Mims Jr.,WR,50,4,DEN,LAC,42.5,-3.5,23,70,0,0,1,VERIFIED_DOME,receptions,1.2375694513320923,1.1555555555555557,0.7249065287368748,1.2150079640511127
2026_05_DEN_LAC,2026,5,2026-10-11,00-0039868,Troy Franklin,WR,36,5,DEN,LAC,42.5,-3.5,23,70,0,0,1,VERIFIED_DOME,receptions,1.0398955345153809,0.6666666666666666,0.7249065287368748,0.9372227096832718
2026_05_DET_ARI,2026,5,2026-10-11,00-0039139,Jahmyr Gibbs,RB,53,1,DET,ARI,54.5,-4.5,29.5,NA,NA,NA,0,PENDING,receptions,4.358333587646484,5.5,0.7249065287368748,4.672398564045332
2026_05_DET_ARI,2026,5,2026-10-11,00-0039364,Sione Vaki,RB,21,2,DET,ARI,54.5,-4.5,29.5,NA,NA,NA,0,PENDING,receptions,0.9902414679527283,1,0.7249065287368748,0.9929259764080447
2026_05_DET_ARI,2026,5,2026-10-11,00-0038896,Jacob Saylors,RB,15,3,DET,ARI,54.5,-4.5,29.5,NA,NA,NA,0,PENDING,receptions,0.47383949160575867,0,0.7249065287368748,0.34348934103837603
2026_05_DET_ARI,2026,5,2026-10-11,00-0039065,Sam LaPorta,TE,46,1,DET,ARI,54.5,-4.5,29.5,NA,NA,NA,0,PENDING,receptions,4.606487274169922,5.5,0.7249065287368748,4.8522867915362955
2026_05_DET_ARI,2026,5,2026-10-11,00-0036754,Brock Wright,TE,54,2,DET,ARI,54.5,-4.5,29.5,NA,NA,NA,0,PENDING,receptions,1.2081986665725708,1,0.7249065287368748,1.1509245726727682
2026_05_DET_ARI,2026,5,2026-10-11,00-0040390,Jackson Meeks,TE,1,3,DET,ARI,54.5,-4.5,29.5,NA,NA,NA,0,PENDING,receptions,0.8039524555206299,1,0.7249065287368748,0.8578838550640717
2026_05_DET_ARI,2026,5,2026-10-11,00-0036963,Amon-Ra St. Brown,WR,86,1,DET,ARI,54.5,-4.5,29.5,NA,NA,NA,0,PENDING,receptions,5.62317419052124,7.75,0.7249065287368748,6.208250085222758
2026_05_DET_ARI,2026,5,2026-10-11,00-0037240,Jameson Williams,WR,54,2,DET,ARI,54.5,-4.5,29.5,NA,NA,NA,0,PENDING,receptions,3.621100902557373,4,0.7249065287368748,3.7253335705313306
2026_05_DET_ARI,2026,5,2026-10-11,00-0040669,Isaac TeSlaa,WR,18,3,DET,ARI,54.5,-4.5,29.5,NA,NA,NA,0,PENDING,receptions,2.5705158710479736,2.25,0.7249065287368748,2.482344047486462
2026_05_DET_ARI,2026,5,2026-10-11,00-0035544,Tom Kennedy,WR,24,4,DET,ARI,54.5,-4.5,29.5,NA,NA,NA,0,PENDING,receptions,0.5272853374481201,0,0.7249065287368748,0.3822325836233684
2026_05_DET_ARI,2026,5,2026-10-11,00-0037524,Tay Martin,WR,7,5,DET,ARI,54.5,-4.5,29.5,NA,NA,NA,0,PENDING,receptions,0.5823984146118164,0,0.7249065287368748,0.422184413078111
2026_05_CHI_GB,2026,5,2026-10-11,00-0039811,MarShawn Lloyd,RB,5,1,GB,CHI,45,3,21,NA,NA,NA,0,PENDING,receptions,1.784875750541687,2.25,0.7249065287368748,1.9128283948938303
2026_05_CHI_GB,2026,5,2026-10-11,00-0040142,Kaleb Johnson,RB,14,2,GB,CHI,45,3,21,NA,NA,NA,0,PENDING,receptions,0.7791831493377686,0.25,0.7249065287368748,0.6336083198524891
2026_05_CHI_GB,2026,5,2026-10-11,00-0038685,Chris Brooks,RB,35,3,GB,CHI,45,3,21,NA,NA,NA,0,PENDING,receptions,1.2339388132095337,0.75,0.7249065287368748,1.1008104052047658
2026_05_CHI_GB,2026,5,2026-10-11,00-0038996,Tucker Kraft,TE,43,1,GB,CHI,45,3,21,NA,NA,NA,0,PENDING,receptions,3.560857057571411,3.75,0.7249065287368748,3.6128890461690126
2026_05_CHI_GB,2026,5,2026-10-11,00-0033858,Jonnu Smith,TE,82,2,GB,CHI,45,3,21,NA,NA,NA,0,PENDING,receptions,1.448847770690918,1.6666666666666667,0.7249065287368748,1.5087683268915884
2026_05_CHI_GB,2026,5,2026-10-11,00-0040598,Mark Redman,TE,1,3,GB,CHI,45,3,21,NA,NA,NA,0,PENDING,receptions,1.019729733467102,2,0.7249065287368748,1.289395683863666
2026_05_CHI_GB,2026,5,2026-10-11,00-0040667,Matthew Golden,WR,18,1,GB,CHI,45,3,21,NA,NA,NA,0,PENDING,receptions,4.433794021606445,4.5,0.7249065287368748,4.4520068540211
2026_05_CHI_GB,2026,5,2026-10-11,00-0038124,Christian Watson,WR,51,2,GB,CHI,45,3,21,NA,NA,NA,0,PENDING,receptions,4.396813869476318,5,0.7249065287368748,4.56274643593985
2026_05_CHI_GB,2026,5,2026-10-11,00-0038090,Skyy Moore,WR,53,3,GB,CHI,45,3,21,NA,NA,NA,0,PENDING,receptions,1.766281247138977,1.5,0.7249065287368748,1.6930290145312417
2026_05_CHI_GB,2026,5,2026-10-11,00-0040948,J. Michael Sturdivant,WR,3,4,GB,CHI,45,3,21,NA,NA,NA,0,PENDING,receptions,0.9620398283004761,1,0.7249065287368748,0.9724824237030424
2026_05_CHI_GB,2026,5,2026-10-11,00-0037091,Bo Melton,WR,4,5,GB,CHI,45,3,21,NA,NA,NA,0,PENDING,receptions,0.8843209743499756,0.25,0.7249065287368748,0.709823415621033
2026_05_HOU_TEN,2026,5,2026-10-11,00-0035685,David Montgomery,RB,78,1,HOU,TEN,39.5,-7,23.25,NA,NA,NA,0,PENDING,receptions,1.5943735837936401,1.75,0.7249065287368748,1.6371853948480874
2026_05_HOU_TEN,2026,5,2026-10-11,00-0040583,Woody Marks,RB,20,2,HOU,TEN,39.5,-7,23.25,NA,NA,NA,0,PENDING,receptions,1.6845617294311523,1.75,0.7249065287368748,1.7025633704353922
2026_05_HOU_TEN,2026,5,2026-10-11,00-0033854,Dare Ogunbowale,RB,67,3,HOU,TEN,39.5,-7,23.25,NA,NA,NA,0,PENDING,receptions,0.6856791973114014,0.7142857142857143,0.7249065287368748,0.6935486633666126
2026_05_HOU_TEN,2026,5,2026-10-11,00-0034383,Dalton Schultz,TE,85,1,HOU,TEN,39.5,-7,23.25,NA,NA,NA,0,PENDING,receptions,3.8421428203582764,5.25,0.7249065287368748,4.229435138948631
2026_05_HOU_TEN,2026,5,2026-10-11,00-0034981,Foster Moreau,TE,69,2,HOU,TEN,39.5,-7,23.25,NA,NA,NA,0,PENDING,receptions,1.6058893203735352,1.75,0.7249065287368748,1.6455332274780674
2026_05_HOU_TEN,2026,5,2026-10-11,00-0039359,Cade Stover,TE,22,3,HOU,TEN,39.5,-7,23.25,NA,NA,NA,0,PENDING,receptions,1.2602813243865967,1.3333333333333335,0.7249065287368748,1.2803774551104994
2026_05_HOU_TEN,2026,5,2026-10-11,00-0036554,Nico Collins,WR,68,1,HOU,TEN,39.5,-7,23.25,NA,NA,NA,0,PENDING,receptions,5.163603782653809,6.244444444444444,0.7249065287368748,5.460935992188128
2026_05_HOU_TEN,2026,5,2026-10-11,00-0038618,Xavier Hutchinson,WR,46,2,HOU,TEN,39.5,-7,23.25,NA,NA,NA,0,PENDING,receptions,3.362027168273926,3,0.7249065287368748,3.2624358578618917
2026_05_HOU_TEN,2026,5,2026-10-11,00-0038728,Jared Wayne,WR,4,3,HOU,TEN,39.5,-7,23.25,NA,NA,NA,0,PENDING,receptions,1.654591679573059,1.3333333333333333,0.7249065287368748,1.566215605933722
2026_05_HOU_TEN,2026,5,2026-10-11,00-0040138,Jaylin Noel,WR,21,4,HOU,TEN,39.5,-7,23.25,NA,NA,NA,0,PENDING,receptions,2.128601312637329,2,0.7249065287368748,2.093223931134932
2026_05_HOU_TEN,2026,5,2026-10-11,00-0038608,Kayshon Boutte,WR,36,5,HOU,TEN,39.5,-7,23.25,NA,NA,NA,0,PENDING,receptions,2.36393666267395,2.25,0.7249065287368748,2.3325934306348373
2026_05_IND_PIT,2026,5,2026-10-11,00-0036223,Jonathan Taylor,RB,73,1,IND,PIT,44.5,2.5,21,NA,NA,NA,0,PENDING,receptions,2.6972193717956543,2.5,0.7249065287368748,2.642965610208055
2026_05_IND_PIT,2026,5,2026-10-11,00-0041125,Seth McGowan,RB,4,2,IND,PIT,44.5,2.5,21,NA,NA,NA,0,PENDING,receptions,0.6161941885948181,0.5,0.7249065287368748,0.5842299259136674
2026_05_IND_PIT,2026,5,2026-10-11,00-0040128,Tyler Warren,TE,21,1,IND,PIT,44.5,2.5,21,NA,NA,NA,0,PENDING,receptions,4.760554313659668,5.75,0.7249065287368748,5.032744362141355
2026_05_IND_PIT,2026,5,2026-10-11,00-0033217,Mo Alie-Cox,TE,69,2,IND,PIT,44.5,2.5,21,NA,NA,NA,0,PENDING,receptions,1.1404000520706177,1.1212121212121213,0.7249065287368748,1.135121577564397
2026_05_IND_PIT,2026,5,2026-10-11,00-0037292,Andrew Ogletree,TE,37,3,IND,PIT,44.5,2.5,21,NA,NA,NA,0,PENDING,receptions,0.6475234031677246,0,0.7249065287368748,0.4693939424662031
2026_05_IND_PIT,2026,5,2026-10-11,00-0038997,Josh Downs,WR,51,1,IND,PIT,44.5,2.5,21,NA,NA,NA,0,PENDING,receptions,4.0755791664123535,4.25,0.7249065287368748,4.1235611989845875
2026_05_IND_PIT,2026,5,2026-10-11,00-0032951,Laquon Treadwell,WR,28,2,IND,PIT,44.5,2.5,21,NA,NA,NA,0,PENDING,receptions,2.449408531188965,2.25,0.7249065287368748,2.3945525461447117
2026_05_IND_PIT,2026,5,2026-10-11,00-0035021,Ashton Dulin,WR,53,3,IND,PIT,44.5,2.5,21,NA,NA,NA,0,PENDING,receptions,1.296439528465271,1.1388888888888888,0.7249065287368748,1.2530983761244785
2026_05_IND_PIT,2026,5,2026-10-11,00-0041132,Deion Burks,WR,2,4,IND,PIT,44.5,2.5,21,NA,NA,NA,0,PENDING,receptions,0.7278176546096802,0.5,0.7249065287368748,0.6651465051880795
2026_05_IND_PIT,2026,5,2026-10-11,00-0036182,Nick Westbrook-Ikhine,WR,72,5,IND,PIT,44.5,2.5,21,NA,NA,NA,0,PENDING,receptions,0.879103422164917,0.5641025641025642,0.7249065287368748,0.7924487426696813
2026_05_PHI_JAX,2026,5,2026-10-11,00-0040719,Bhayshul Tuten,RB,19,1,JAX,PHI,43,-7,25,NA,NA,NA,0,PENDING,receptions,1.6887941360473633,1.75,0.7249065287368748,1.7056314696237527
2026_05_PHI_JAX,2026,5,2026-10-11,00-0038611,Chris Rodriguez Jr.,RB,32,2,JAX,PHI,43,-7,25,NA,NA,NA,0,PENDING,receptions,0.8012866973876953,0,0.7249065287368748,0.5808579583263488
2026_05_PHI_JAX,2026,5,2026-10-11,00-0032104,Ameer Abdullah,RB,81,3,JAX,PHI,43,-7,25,NA,NA,NA,0,PENDING,receptions,0.6294538378715515,0.5,0.7249065287368748,0.5938419322431325
2026_05_PHI_JAX,2026,5,2026-10-11,00-0040238,LeQuint Allen Jr.,RB,19,4,JAX,PHI,43,-7,25,NA,NA,NA,0,PENDING,receptions,0.7301815152168274,0.6666666666666666,0.7249065287368748,0.712708995052412
2026_05_PHI_JAX,2026,5,2026-10-11,00-0038935,Brenton Strange,TE,37,1,JAX,PHI,43,-7,25,NA,NA,NA,0,PENDING,receptions,3.542121410369873,3.5,0.7249065287368748,3.530534085376726
2026_05_PHI_JAX,2026,5,2026-10-11,00-0041503,Nate Boerkircher,TE,3,2,JAX,PHI,43,-7,25,NA,NA,NA,0,PENDING,receptions,1.2765216827392578,0.6666666666666666,0.7249065287368748,1.1087545494006197
2026_05_PHI_JAX,2026,5,2026-10-11,00-0036590,Quintin Morris,TE,35,3,JAX,PHI,43,-7,25,NA,NA,NA,0,PENDING,receptions,0.7751652002334595,0.3333333333333333,0.7249065287368748,0.6536201382532366
2026_05_PHI_JAX,2026,5,2026-10-11,00-0038606,Parker Washington,WR,42,1,JAX,PHI,43,-7,25,NA,NA,NA,0,PENDING,receptions,4.020295143127441,4,0.7249065287368748,4.014712081754732
2026_05_PHI_JAX,2026,5,2026-10-11,00-0034960,Jakobi Meyers,WR,81,2,JAX,PHI,43,-7,25,NA,NA,NA,0,PENDING,receptions,3.2038960456848145,3.25,0.7249065287368748,3.2165789425163354
2026_05_PHI_JAX,2026,5,2026-10-11,00-0039893,Brian Thomas Jr.,WR,35,3,JAX,PHI,43,-7,25,NA,NA,NA,0,PENDING,receptions,2.328859329223633,2.25,0.7249065287368748,2.307165642606022
2026_05_PHI_JAX,2026,5,2026-10-11,00-0041100,Josh Cameron,WR,4,4,JAX,PHI,43,-7,25,NA,NA,NA,0,PENDING,receptions,1.183989405632019,1.25,0.7249065287368748,1.202148489176849
2026_05_PHI_JAX,2026,5,2026-10-11,00-0040718,Travis Hunter,WR,0,5,JAX,PHI,43,-7,25,NA,NA,NA,0,PENDING,receptions,0.4899783432483673,0,0.7249065287368748,0.35518849996041885
2026_05_DEN_LAC,2026,5,2026-10-11,00-0040666,Omarion Hampton,RB,13,1,LAC,DEN,42.5,3.5,19.5,70,0,0,1,VERIFIED_DOME,receptions,1.5182017087936401,1,0.7249065287368748,1.3756478019071146
2026_05_DEN_LAC,2026,5,2026-10-11,00-0038454,Keaton Mitchell,RB,28,2,LAC,DEN,42.5,3.5,19.5,70,0,0,1,VERIFIED_DOME,receptions,1.9613174200057983,2.25,0.7249065287368748,2.0407321130295983
2026_05_DEN_LAC,2026,5,2026-10-11,00-0039391,Kimani Vidal,RB,25,3,LAC,DEN,42.5,3.5,19.5,70,0,0,1,VERIFIED_DOME,receptions,1.1113200187683105,1,0.7249065287368748,1.0806966083842597
2026_05_DEN_LAC,2026,5,2026-10-11,00-0035125,Alec Ingold,RB,52,4,LAC,DEN,42.5,3.5,19.5,70,0,0,1,VERIFIED_DOME,receptions,1.1949281692504883,1,0.7249065287368748,1.1413047025244056
2026_05_DEN_LAC,2026,5,2026-10-11,00-0040189,Oronde Gadsden II,TE,19,1,LAC,DEN,42.5,3.5,19.5,70,0,0,1,VERIFIED_DOME,receptions,2.378713846206665,2.25,0.7249065287368748,2.343305507454046
2026_05_DEN_LAC,2026,5,2026-10-11,00-0039489,Hayden Rucci,TE,2,2,LAC,DEN,42.5,3.5,19.5,70,0,0,1,VERIFIED_DOME,receptions,0.7367435693740845,0,0.7249065287368748,0.5340702234441824
2026_05_DEN_LAC,2026,5,2026-10-11,00-0040331,Patrick Herbert,TE,1,3,LAC,DEN,42.5,3.5,19.5,70,0,0,1,VERIFIED_DOME,receptions,0.6039368510246277,0,0.7249065287368748,0.4377977662525419
2026_05_DEN_LAC,2026,5,2026-10-11,00-0040727,Tre Harris,WR,20,1,LAC,DEN,42.5,3.5,19.5,70,0,0,1,VERIFIED_DOME,receptions,3.384705066680908,3.25,0.7249065287368748,3.3476485822909265
2026_05_DEN_LAC,2026,5,2026-10-11,00-0038544,Quentin Johnston,WR,49,2,LAC,DEN,42.5,3.5,19.5,70,0,0,1,VERIFIED_DOME,receptions,2.753105401992798,1.75,0.7249065287368748,2.4771576549158065
2026_05_DEN_LAC,2026,5,2026-10-11,00-0039915,Ladd McConkey,WR,36,3,LAC,DEN,42.5,3.5,19.5,70,0,0,1,VERIFIED_DOME,receptions,2.7279443740844727,3,0.7249065287368748,2.802785100594237
2026_05_DEN_LAC,2026,5,2026-10-11,00-0034272,Marquez Valdes-Scantling,WR,68,4,LAC,DEN,42.5,3.5,19.5,70,0,0,1,VERIFIED_DOME,receptions,0.937083899974823,0.5185185185185186,0.7249065287368748,0.8219392962394341
2026_05_DEN_LAC,2026,5,2026-10-11,00-0038573,Derius Davis,WR,47,5,LAC,DEN,42.5,3.5,19.5,70,0,0,1,VERIFIED_DOME,receptions,0.5984094738960266,0.25,0.7249065287368748,0.5025643023010095
2026_05_BUF_LA,2026,5,2026-10-12,00-0037840,Kyren Williams,RB,57,1,LAR,BUF,54.5,-3,28.75,70,0,0,1,VERIFIED_DOME,receptions,3.625936985015869,5.25,0.7249065287368748,4.07270611735791
2026_05_BUF_LA,2026,5,2026-10-12,00-0039738,Blake Corum,RB,36,2,LAR,BUF,54.5,-3,28.75,70,0,0,1,VERIFIED_DOME,receptions,1.4184883832931519,1,0.7249065287368748,1.3033649612497455
2026_05_BUF_LA,2026,5,2026-10-12,00-0041415,Dean Connors,RB,2,3,LAR,BUF,54.5,-3,28.75,70,0,0,1,VERIFIED_DOME,receptions,0.5295841693878174,0,0.7249065287368748,0.3838990219049238
2026_05_BUF_LA,2026,5,2026-10-12,00-0033110,Tyler Higbee,TE,62,1,LAR,BUF,54.5,-3,28.75,70,0,0,1,VERIFIED_DOME,receptions,3.3399784564971924,5,0.7249065287368748,3.796639545270951
2026_05_BUF_LA,2026,5,2026-10-12,00-0039074,Davis Allen,TE,33,2,LAR,BUF,54.5,-3,28.75,70,0,0,1,VERIFIED_DOME,receptions,1.3876354694366455,1,0.7249065287368748,1.2809994825646076
2026_05_BUF_LA,2026,5,2026-10-12,00-0041510,Max Klare,TE,0,3,LAR,BUF,54.5,-3,28.75,70,0,0,1,VERIFIED_DOME,receptions,0.5021816492080688,0,0.7249065287368748,0.36403475612278013
2026_05_BUF_LA,2026,5,2026-10-12,00-0039075,Puka Nacua,WR,46,1,LAR,BUF,54.5,-3,28.75,70,0,0,1,VERIFIED_DOME,receptions,5.922036170959473,7.354166666666666,0.7249065287368748,6.316005920325345
2026_05_BUF_LA,2026,5,2026-10-12,00-0031381,Davante Adams,WR,82,2,LAR,BUF,54.5,-3,28.75,70,0,0,1,VERIFIED_DOME,receptions,4.646201133728027,5.5,0.7249065287368748,4.881075627611305
2026_05_BUF_LA,2026,5,2026-10-12,00-0040590,Konata Mumpfield,WR,14,3,LAR,BUF,54.5,-3,28.75,70,0,0,1,VERIFIED_DOME,receptions,2.0127739906311035,1.5,0.7249065287368748,1.8717132135749481
2026_05_BUF_LA,2026,5,2026-10-12,00-0036849,Tutu Atwell,WR,57,4,LAR,BUF,54.5,-3,28.75,70,0,0,1,VERIFIED_DOME,receptions,1.0604023933410645,0.9166666666666666,0.7249065287368748,1.0208616333456766
2026_05_BUF_LA,2026,5,2026-10-12,00-0039751,Jordan Whittington,WR,31,5,LAR,BUF,54.5,-3,28.75,70,0,0,1,VERIFIED_DOME,receptions,1.2728736400604248,1.0666666666666667,0.7249065287368748,1.216147447950873
2026_05_LV_NE,2026,5,2026-10-11,00-0040122,Ashton Jeanty,RB,21,1,LV,NE,45,3.5,20.75,NA,NA,NA,0,PENDING,receptions,4.018951416015625,4.75,0.7249065287368748,4.220058108645879
2026_05_LV_NE,2026,5,2026-10-11,00-0040878,Mike Washington Jr.,RB,4,2,LV,NE,45,3.5,20.75,NA,NA,NA,0,PENDING,receptions,0.6500948667526245,0.25,0.7249065287368748,0.5400313810230875
2026_05_LV_NE,2026,5,2026-10-11,00-0037304,Connor Heyward,RB,59,3,LV,NE,45,3.5,20.75,NA,NA,NA,0,PENDING,receptions,0.7212262153625488,0.25,0.7249065287368748,0.5915949600282802
2026_05_LV_NE,2026,5,2026-10-11,00-0039407,Dylan Laube,RB,27,4,LV,NE,45,3.5,20.75,NA,NA,NA,0,PENDING,receptions,0.49929264187812805,0,0.7249065287368748,0.36194049584773735
2026_05_LV_NE,2026,5,2026-10-11,00-0039338,Brock Bowers,TE,31,1,LV,NE,45,3.5,20.75,NA,NA,NA,0,PENDING,receptions,5.465356349945068,7.111111111111111,0.7249065287368748,5.91809274004205
2026_05_LV_NE,2026,5,2026-10-11,00-0039066,Michael Mayer,TE,41,2,LV,NE,45,3.5,20.75,NA,NA,NA,0,PENDING,receptions,3.7690861225128174,5,0.7249065287368748,4.10770249389672
2026_05_LV_NE,2026,5,2026-10-11,00-0034365,Ian Thomas,TE,49,3,LV,NE,45,3.5,20.75,NA,NA,NA,0,PENDING,receptions,1.3787580728530884,1.4814814814814814,0.7249065287368748,1.4070166119126535
2026_05_LV_NE,2026,5,2026-10-11,00-0038563,Tre Tucker,WR,51,1,LV,NE,45,3.5,20.75,NA,NA,NA,0,PENDING,receptions,3.4478418827056885,3.75,0.7249065287368748,3.5309636080625113
2026_05_LV_NE,2026,5,2026-10-11,00-0037291,Jalen Nailor,WR,46,2,LV,NE,45,3.5,20.75,NA,NA,NA,0,PENDING,receptions,1.9283604621887207,1.6666666666666667,0.7249065287368748,1.8563702075705364
2026_05_LV_NE,2026,5,2026-10-11,00-0035891,Cody White,WR,21,3,LV,NE,45,3.5,20.75,NA,NA,NA,0,PENDING,receptions,1.4288427829742432,1.25,0.7249065287368748,1.3796443009955008
2026_05_LV_NE,2026,5,2026-10-11,00-0040894,Malik Benson,WR,4,4,LV,NE,45,3.5,20.75,NA,NA,NA,0,PENDING,receptions,0.6987870335578918,0.25,0.7249065287368748,0.5753286506385706
2026_05_LV_NE,2026,5,2026-10-11,00-0037093,Dareke Young,WR,26,5,LV,NE,45,3.5,20.75,NA,NA,NA,0,PENDING,receptions,0.6552362442016602,0.5,0.7249065287368748,0.6125317669183752
2026_05_CIN_MIA,2026,5,2026-10-11,00-0040198,Ollie Gordon II,RB,20,1,MIA,CIN,42.5,7,17.75,NA,NA,NA,0,PENDING,receptions,1.6814522743225098,1.6666666666666667,0.7249065287368748,1.6773848501877293
2026_05_CIN_MIA,2026,5,2026-10-11,00-0039874,Jaylen Wright,RB,25,2,MIA,CIN,42.5,7,17.75,NA,NA,NA,0,PENDING,receptions,0.6067800521850586,0,0.7249065287368748,0.43985882133625054
2026_05_CIN_MIA,2026,5,2026-10-11,00-0041436,DJ Herman,RB,2,3,MIA,CIN,42.5,7,17.75,NA,NA,NA,0,PENDING,receptions,1.0674387216567993,0.5,0.7249065287368748,0.91134003398712
2026_05_CIN_MIA,2026,5,2026-10-11,00-0038930,Carlos Washington,RB,0,4,MIA,CIN,42.5,7,17.75,NA,NA,NA,0,PENDING,receptions,0.49334266781806946,0,0.7249065287368748,0.35762732080578585
2026_05_CIN_MIA,2026,5,2026-10-11,00-0037252,Greg Dulcich,TE,28,1,MIA,CIN,42.5,7,17.75,NA,NA,NA,0,PENDING,receptions,2.8370351791381836,3,0.7249065287368748,2.8818657374028342
2026_05_CIN_MIA,2026,5,2026-10-11,00-0041524,Will Kacmarek,TE,4,2,MIA,CIN,42.5,7,17.75,NA,NA,NA,0,PENDING,receptions,1.1739956140518188,0.5,0.7249065287368748,0.9885838209661824
2026_05_CIN_MIA,2026,5,2026-10-11,00-0041579,Seydou Traore,TE,0,3,MIA,CIN,42.5,7,17.75,NA,NA,NA,0,PENDING,receptions,0.49334266781806946,0,0.7249065287368748,0.35762732080578585
2026_05_CIN_MIA,2026,5,2026-10-11,00-0039880,Malik Washington,WR,35,1,MIA,CIN,42.5,7,17.75,NA,NA,NA,0,PENDING,receptions,4.022236347198486,4.25,0.7249065287368748,4.084892641075224
2026_05_CIN_MIA,2026,5,2026-10-11,00-0041529,Kevin Coleman Jr.,WR,3,2,MIA,CIN,42.5,7,17.75,NA,NA,NA,0,PENDING,receptions,1.4997236728668213,0.6666666666666666,0.7249065287368748,1.2705551292711539
2026_05_CIN_MIA,2026,5,2026-10-11,00-0041525,Chris Bell,WR,4,3,MIA,CIN,42.5,7,17.75,NA,NA,NA,0,PENDING,receptions,1.6975932121276855,1.25,0.7249065287368748,1.5744632416896682
2026_05_CIN_MIA,2026,5,2026-10-11,00-0037666,Jalen Tolbert,WR,47,4,MIA,CIN,42.5,7,17.75,NA,NA,NA,0,PENDING,receptions,1.3126673698425293,1,0.7249065287368748,1.2266546177218365
2026_05_CIN_MIA,2026,5,2026-10-11,00-0038824,Ryan Miller,WR,21,5,MIA,CIN,42.5,7,17.75,NA,NA,NA,0,PENDING,receptions,0.9525172710418701,1,0.7249065287368748,0.9655794597760082
2026_05_LV_NE,2026,5,2026-10-11,00-0036875,Rhamondre Stevenson,RB,74,1,NE,LV,45,-3.5,24.25,NA,NA,NA,0,PENDING,receptions,2.3906497955322266,3,0.7249065287368748,2.5582780584941616
2026_05_LV_NE,2026,5,2026-10-11,00-0040734,TreVeyon Henderson,RB,20,2,NE,LV,45,-3.5,24.25,NA,NA,NA,0,PENDING,receptions,1.1907633543014526,0.3333333333333333,0.7249065287368748,0.9548899534681184
2026_05_LV_NE,2026,5,2026-10-11,00-0040556,Corey Kiner,RB,8,3,NE,LV,45,-3.5,24.25,NA,NA,NA,0,PENDING,receptions,0.5735437870025635,0.25,0.7249065287368748,0.48453900353041107
2026_05_LV_NE,2026,5,2026-10-11,00-0036187,Reggie Gilliam,RB,39,4,NE,LV,45,-3.5,24.25,NA,NA,NA,0,PENDING,receptions,0.768783688545227,0.45454545454545453,0.7249065287368748,0.6823388019506355
2026_05_LV_NE,2026,5,2026-10-11,00-0033090,Hunter Henry,TE,82,1,NE,LV,45,-3.5,24.25,NA,NA,NA,0,PENDING,receptions,3.01216983795166,3,0.7249065287368748,3.008821994984828
2026_05_LV_NE,2026,5,2026-10-11,00-0041395,Eli Raridon,TE,3,2,NE,LV,45,-3.5,24.25,NA,NA,NA,0,PENDING,receptions,1.1299986839294434,1,0.7249065287368748,1.094236894707655
2026_05_LV_NE,2026,5,2026-10-11,00-0038564,Cameron Latu,TE,13,3,NE,LV,45,-3.5,24.25,NA,NA,NA,0,PENDING,receptions,0.5468149185180664,0,0.7249065287368748,0.3963897044444685
2026_05_LV_NE,2026,5,2026-10-11,00-0033555,Mack Hollins,WR,79,1,NE,LV,45,-3.5,24.25,NA,NA,NA,0,PENDING,receptions,3.442142963409424,3.75,0.7249065287368748,3.526832424257904
2026_05_LV_NE,2026,5,2026-10-11,00-0037816,Romeo Doubs,WR,63,2,NE,LV,45,-3.5,24.25,NA,NA,NA,0,PENDING,receptions,3.182734727859497,3,0.7249065287368748,3.1324655972523052
2026_05_LV_NE,2026,5,2026-10-11,00-0038621,DeMario Douglas,WR,50,3,NE,LV,45,-3.5,24.25,NA,NA,NA,0,PENDING,receptions,2.1268653869628906,2.25,0.7249065287368748,2.160738915095911
2026_05_LV_NE,2026,5,2026-10-11,00-0040563,Efton Chism III,WR,11,4,NE,LV,45,-3.5,24.25,NA,NA,NA,0,PENDING,receptions,1.3020728826522827,1.3333333333333333,0.7249065287368748,1.3106724285433826
2026_05_LV_NE,2026,5,2026-10-11,00-0040131,Kyle Williams,WR,18,5,NE,LV,45,-3.5,24.25,NA,NA,NA,0,PENDING,receptions,1.0802702903747559,0.5,0.7249065287368748,0.9206417219247026
2026_05_NYG_WAS,2026,5,2026-10-11,00-0040715,Cam Skattebo,RB,12,1,NYG,WAS,43.5,3.5,20,NA,NA,NA,0,PENDING,receptions,2.204256534576416,2,0.7249065287368748,2.1480668954516133
2026_05_NYG_WAS,2026,5,2026-10-11,00-0036893,Najee Harris,RB,74,2,NYG,WAS,43.5,3.5,20,NA,NA,NA,0,PENDING,receptions,0.6377741694450378,0,0.7249065287368748,0.46232665929044575
2026_05_NYG_WAS,2026,5,2026-10-11,00-0033376,Patrick Ricard,RB,44,3,NYG,WAS,43.5,3.5,20,NA,NA,NA,0,PENDING,receptions,1.1775575876235962,0.4,0.7249065287368748,0.9636565717372395
2026_05_NYG_WAS,2026,5,2026-10-11,00-0039384,Tyrone Tracy Jr.,RB,36,4,NYG,WAS,43.5,3.5,20,NA,NA,NA,0,PENDING,receptions,0.6109070777893066,0,0.7249065287368748,0.44285052914103423
2026_05_NYG_WAS,2026,5,2026-10-11,00-0037838,Isaiah Likely,TE,59,1,NYG,WAS,43.5,3.5,20,NA,NA,NA,0,PENDING,receptions,4.436024188995361,5.5,0.7249065287368748,4.728716988184626
2026_05_NYG_WAS,2026,5,2026-10-11,00-0039847,Theo Johnson,TE,29,2,NYG,WAS,43.5,3.5,20,NA,NA,NA,0,PENDING,receptions,1.2299052476882935,0.6666666666666666,0.7249065287368748,1.074961991285737
2026_05_NYG_WAS,2026,5,2026-10-11,00-0031484,Chris Manhertz,TE,37,3,NYG,WAS,43.5,3.5,20,NA,NA,NA,0,PENDING,receptions,0.5854730010032654,0.16666666666666669,0.7249065287368748,0.47026211270362545
2026_05_NYG_WAS,2026,5,2026-10-11,00-0039337,Malik Nabers,WR,23,1,NYG,WAS,43.5,3.5,20,NA,NA,NA,0,PENDING,receptions,4.036677837371826,4.5,0.7249065287368748,4.164134739402349
2026_05_NYG_WAS,2026,5,2026-10-11,00-0041042,Malachi Fields,WR,4,2,NYG,WAS,43.5,3.5,20,NA,NA,NA,0,PENDING,receptions,2.444112539291382,2,0.7249065287368748,2.3219400792262346
2026_05_NYG_WAS,2026,5,2026-10-11,00-0036309,Darnell Mooney,WR,77,3,NYG,WAS,43.5,3.5,20,NA,NA,NA,0,PENDING,receptions,1.7425631284713745,1.5,0.7249065287368748,1.6758355954597408
2026_05_NYG_WAS,2026,5,2026-10-11,00-0034419,Braxton Berrios,WR,63,4,NYG,WAS,43.5,3.5,20,NA,NA,NA,0,PENDING,receptions,0.5222453474998474,0,0.7249065287368748,0.3785790620050973
2026_05_NYG_WAS,2026,5,2026-10-11,00-0038576,Charlie Jones,WR,33,5,NYG,WAS,43.5,3.5,20,NA,NA,NA,0,PENDING,receptions,0.5264140963554382,0,0.7249065287368748,0.38160101526717943
2026_05_CLE_NYJ,2026,5,2026-10-11,00-0039794,Braelon Allen,RB,25,1,NYJ,CLE,40,-2,21,NA,NA,NA,0,PENDING,receptions,1.5632814168930054,1.5,0.7249065287368748,1.5458731122534597
2026_05_CLE_NYJ,2026,5,2026-10-11,00-0036842,Kene Nwangwu,RB,44,2,NYJ,CLE,40,-2,21,NA,NA,NA,0,PENDING,receptions,0.5240307450294495,0,0.7249065287368748,0.3798733083306965
2026_05_CLE_NYJ,2026,5,2026-10-11,00-0034959,Andrew Beck,RB,37,3,NYJ,CLE,40,-2,21,NA,NA,NA,0,PENDING,receptions,0.5743451118469238,0.18181818181818182,0.7249065287368748,0.4663635161010593
2026_05_CLE_NYJ,2026,5,2026-10-11,00-0039798,Isaiah Davis,RB,32,4,NYJ,CLE,40,-2,21,NA,NA,NA,0,PENDING,receptions,0.5805911421775818,0,0.7249065287368748,0.42087430949132815
2026_05_CLE_NYJ,2026,5,2026-10-11,00-0041032,Kenyon Sadiq,TE,4,1,NYJ,CLE,40,-2,21,NA,NA,NA,0,PENDING,receptions,2.8943686485290527,3,0.7249065287368748,2.923427143679411
2026_05_CLE_NYJ,2026,5,2026-10-11,00-0037805,Jeremy Ruckert,TE,43,2,NYJ,CLE,40,-2,21,NA,NA,NA,0,PENDING,receptions,1.9369361400604248,2.6666666666666665,0.7249065287368748,2.137680243711204
2026_05_CLE_NYJ,2026,5,2026-10-11,00-0037755,Jelani Woods,TE,16,3,NYJ,CLE,40,-2,21,NA,NA,NA,0,PENDING,receptions,1.0603801012039185,0.8333333333333333,0.7249065287368748,0.9979210176913262
2026_05_CLE_NYJ,2026,5,2026-10-11,00-0037740,Garrett Wilson,WR,62,1,NYJ,CLE,40,-2,21,NA,NA,NA,0,PENDING,receptions,4.800107955932617,6,0.7249065287368748,5.130190423476121
2026_05_CLE_NYJ,2026,5,2026-10-11,00-0039451,Isaiah Williams,WR,27,2,NYJ,CLE,40,-2,21,NA,NA,NA,0,PENDING,receptions,2.7761738300323486,2.5,0.7249065287368748,2.7002002124567177
2026_05_CLE_NYJ,2026,5,2026-10-11,00-0032385,Sterling Shepard,WR,48,3,NYJ,CLE,40,-2,21,NA,NA,NA,0,PENDING,receptions,1.494346022605896,1.3333333333333333,0.7249065287368748,1.4500524829964958
2026_05_CLE_NYJ,2026,5,2026-10-11,00-0040405,Jamaal Pritchett,WR,1,4,NYJ,CLE,40,-2,21,NA,NA,NA,0,PENDING,receptions,0.5432797074317932,0,0.7249065287368748,0.3938270068475661
2026_05_CLE_NYJ,2026,5,2026-10-11,00-0041267,Malik McClain,WR,1,5,NYJ,CLE,40,-2,21,NA,NA,NA,0,PENDING,receptions,0.7169168591499329,0,0.7249065287368748,0.5196977117593208
2026_05_PHI_JAX,2026,5,2026-10-11,00-0034844,Saquon Barkley,RB,79,1,PHI,JAX,43,7,18,NA,NA,NA,0,PENDING,receptions,1.4399569034576416,1,0.7249065287368748,1.3189276316793033
2026_05_PHI_JAX,2026,5,2026-10-11,00-0038555,Tank Bigsby,RB,48,2,PHI,JAX,43,7,18,NA,NA,NA,0,PENDING,receptions,1.0095245838165283,0.75,0.7249065287368748,0.9381310651763217
2026_05_PHI_JAX,2026,5,2026-10-11,00-0039746,Will Shipley,RB,31,3,PHI,JAX,43,7,18,NA,NA,NA,0,PENDING,receptions,1.279183268547058,1,0.7249065287368748,1.2023817740838627
2026_05_PHI_JAX,2026,5,2026-10-11,00-0030061,Zach Ertz,TE,66,1,PHI,JAX,43,7,18,NA,NA,NA,0,PENDING,receptions,2.1803324222564697,2.282051282051282,0.7249065287368748,2.2083146164903518
2026_05_PHI_JAX,2026,5,2026-10-11,00-0033246,Johnny Mundt,TE,55,2,PHI,JAX,43,7,18,NA,NA,NA,0,PENDING,receptions,1.2837531566619873,1,0.7249065287368748,1.2056945158139718
2026_05_PHI_JAX,2026,5,2026-10-11,00-0036332,Josiah Deguara,TE,46,3,PHI,JAX,43,7,18,NA,NA,NA,0,PENDING,receptions,0.5609334707260132,0.42857142857142855,0.7249065287368748,0.5245215370862324
2026_05_PHI_JAX,2026,5,2026-10-11,00-0038393,Dontayvion Wicks,WR,49,1,PHI,JAX,43,7,18,NA,NA,NA,0,PENDING,receptions,3.2140886783599854,3,0.7249065287368748,3.155194280671802
2026_05_PHI_JAX,2026,5,2026-10-11,00-0040867,Makai Lemon,WR,4,2,PHI,JAX,43,7,18,NA,NA,NA,0,PENDING,receptions,2.3875012397766113,2.5,0.7249065287368748,2.4184489142392613
2026_05_PHI_JAX,2026,5,2026-10-11,00-0036980,Elijah Moore,WR,67,3,PHI,JAX,43,7,18,NA,NA,NA,0,PENDING,receptions,1.227876901626587,1,0.7249065287368748,1.1651894537374434
2026_05_PHI_JAX,2026,5,2026-10-11,00-0040024,Darius Cooper,WR,10,4,PHI,JAX,43,7,18,NA,NA,NA,0,PENDING,receptions,1.5662587881088257,1.25,0.7249065287368748,1.4792580602704997
2026_05_PHI_JAX,2026,5,2026-10-11,00-0037132,Britain Covey,WR,47,5,PHI,JAX,43,7,18,NA,NA,NA,0,PENDING,receptions,0.5929993391036987,0,0.7249065287368748,0.42986909245292315
2026_05_IND_PIT,2026,5,2026-10-11,00-0037228,Jaylen Warren,RB,68,1,PIT,IND,44.5,-2.5,23.5,NA,NA,NA,0,PENDING,receptions,3.0864083766937256,3.25,0.7249065287368748,3.1314113642186183
2026_05_IND_PIT,2026,5,2026-10-11,00-0035594,Travis Homer,RB,50,2,PIT,IND,44.5,-2.5,23.5,NA,NA,NA,0,PENDING,receptions,0.5244544148445129,0,0.7249065287368748,0.38018042934566476
2026_05_IND_PIT,2026,5,2026-10-11,00-0038409,Lew Nichols III,RB,3,3,PIT,IND,44.5,-2.5,23.5,NA,NA,NA,0,PENDING,receptions,0.530842661857605,0,0.7249065287368748,0.384811311312639
2026_05_IND_PIT,2026,5,2026-10-11,00-0041398,Riley Nowakowski,RB,1,4,PIT,IND,44.5,-2.5,23.5,NA,NA,NA,0,PENDING,receptions,0.5032908916473389,0,0.7249065287368748,0.364838853208959
2026_05_IND_PIT,2026,5,2026-10-11,00-0036894,Pat Freiermuth,TE,78,1,PIT,IND,44.5,-2.5,23.5,NA,NA,NA,0,PENDING,receptions,3.0910651683807373,3.5,0.7249065287368748,3.203560470731282
2026_05_IND_PIT,2026,5,2026-10-11,00-0038558,Darnell Washington,TE,38,2,PIT,IND,44.5,-2.5,23.5,NA,NA,NA,0,PENDING,receptions,2.429506301879883,2.25,0.7249065287368748,2.3801252901821393
2026_05_IND_PIT,2026,5,2026-10-11,00-0033757,Robert Tonyan,TE,40,3,PIT,IND,44.5,-2.5,23.5,NA,NA,NA,0,PENDING,receptions,0.5858997106552124,0.6666666666666667,0.7249065287368748,0.6081181729477595
2026_05_IND_PIT,2026,5,2026-10-11,00-0035640,DK Metcalf,WR,84,1,PIT,IND,44.5,-2.5,23.5,NA,NA,NA,0,PENDING,receptions,4.15137243270874,4,0.7249065287368748,4.1097308647413495
2026_05_IND_PIT,2026,5,2026-10-11,00-0039739,Roman Wilson,WR,13,2,PIT,IND,44.5,-2.5,23.5,NA,NA,NA,0,PENDING,receptions,3.1321146488189697,3.5,0.7249065287368748,3.233317507102213
2026_05_IND_PIT,2026,5,2026-10-11,00-0036252,Michael Pittman,WR,85,3,PIT,IND,44.5,-2.5,23.5,NA,NA,NA,0,PENDING,receptions,2.5263864994049072,2.3333333333333335,0.7249065287368748,2.4732788338119414
2026_05_IND_PIT,2026,5,2026-10-11,00-0041489,Germie Bernard,WR,3,4,PIT,IND,44.5,-2.5,23.5,NA,NA,NA,0,PENDING,receptions,2.0094497203826904,2.3333333333333335,0.7249065287368748,2.0985479877545252
2026_05_IND_PIT,2026,5,2026-10-11,00-0036862,Ben Skowronek,WR,67,5,PIT,IND,44.5,-2.5,23.5,NA,NA,NA,0,PENDING,receptions,0.8790162801742554,1,0.7249065287368748,0.9122981116274449
2026_05_SF_SEA,2026,5,2026-10-11,00-0038797,Emanuel Wilson,RB,43,1,SEA,SF,47,-3,25,NA,NA,NA,0,PENDING,receptions,1.31309974193573,0.75,0.7249065287368748,1.1581946792592601
2026_05_SF_SEA,2026,5,2026-10-11,00-0039299,George Holani,RB,17,2,SEA,SF,47,-3,25,NA,NA,NA,0,PENDING,receptions,1.5388734340667725,1.75,0.7249065287368748,1.596952973965207
2026_05_SF_SEA,2026,5,2026-10-11,00-0038488,Brady Russell,RB,27,3,SEA,SF,47,-3,25,NA,NA,NA,0,PENDING,receptions,1.0100324153900146,1,0.7249065287368748,1.007272563415222
2026_05_SF_SEA,2026,5,2026-10-11,00-0037745,Velus Jones Jr.,RB,31,4,SEA,SF,47,-3,25,NA,NA,NA,0,PENDING,receptions,0.5220682621002197,0,0.7249065287368748,0.3784506916427632
2026_05_SF_SEA,2026,5,2026-10-11,00-0039793,AJ Barner,TE,36,1,SEA,SF,47,-3,25,NA,NA,NA,0,PENDING,receptions,2.7742409706115723,2.25,0.7249065287368748,2.6300257022276847
2026_05_SF_SEA,2026,5,2026-10-11,00-0040739,Elijah Arroyo,TE,14,2,SEA,SF,47,-3,25,NA,NA,NA,0,PENDING,receptions,1.1906757354736328,1.1025641025641026,0.7249065287368748,1.166436800517888
2026_05_SF_SEA,2026,5,2026-10-11,00-0033576,Eric Saubert,TE,52,3,SEA,SF,47,-3,25,NA,NA,NA,0,PENDING,receptions,0.8154380321502686,0.5,0.7249065287368748,0.7286630889176419
2026_05_SF_SEA,2026,5,2026-10-11,00-0038543,Jaxon Smith-Njigba,WR,55,1,SEA,SF,47,-3,25,NA,NA,NA,0,PENDING,receptions,5.58735990524292,8,0.7249065287368748,6.251061443818241
2026_05_SF_SEA,2026,5,2026-10-11,00-0037545,Rashid Shaheed,WR,55,2,SEA,SF,47,-3,25,NA,NA,NA,0,PENDING,receptions,2.105259895324707,1.75,0.7249065287368748,2.007530217519259
2026_05_SF_SEA,2026,5,2026-10-11,00-0033908,Cooper Kupp,WR,70,3,SEA,SF,47,-3,25,NA,NA,NA,0,PENDING,receptions,2.294438123703003,2.25,0.7249065287368748,2.282213485997124
2026_05_SF_SEA,2026,5,2026-10-11,00-0040648,Tory Horton,WR,10,4,SEA,SF,47,-3,25,NA,NA,NA,0,PENDING,receptions,1.564426302909851,1.875,0.7249065287368748,1.6498630993254024
2026_05_SF_SEA,2026,5,2026-10-11,00-0033280,Christian McCaffrey,RB,65,1,SF,SEA,47,3,22,NA,NA,NA,0,PENDING,receptions,3.724642038345337,4,0.7249065287368748,3.8003912158568567
2026_05_SF_SEA,2026,5,2026-10-11,00-0041052,Kaelon Black,RB,4,2,SF,SEA,47,3,22,NA,NA,NA,0,PENDING,receptions,0.776015043258667,0.25,0.7249065287368748,0.6313117390720173
2026_05_SF_SEA,2026,5,2026-10-11,00-0029892,Kyle Juszczyk,RB,72,3,SF,SEA,47,3,22,NA,NA,NA,0,PENDING,receptions,1.4918553829193115,1.3333333333333333,0.7249065287368748,1.4482470020269596
2026_05_SF_SEA,2026,5,2026-10-11,00-0033288,George Kittle,TE,75,1,SF,SEA,47,3,22,NA,NA,NA,0,PENDING,receptions,3.747905969619751,4,0.7249065287368748,3.8172553915217655
2026_05_SF_SEA,2026,5,2026-10-11,00-0036887,Luke Farrell,TE,51,2,SF,SEA,47,3,22,NA,NA,NA,0,PENDING,receptions,1.0200821161270142,0.5,0.7249065287368748,0.877010921459762
2026_05_SF_SEA,2026,5,2026-10-11,00-0038643,Brayden Willis,TE,15,3,SF,SEA,47,3,22,NA,NA,NA,0,PENDING,receptions,0.5269331336021423,0,0.7249065287368748,0.3819772687559729
2026_05_SF_SEA,2026,5,2026-10-11,00-0031408,Mike Evans,WR,74,1,SF,SEA,47,3,22,NA,NA,NA,0,PENDING,receptions,3.7986958026885986,4.25,0.7249065287368748,3.922846640922611
2026_05_SF_SEA,2026,5,2026-10-11,00-0035719,Deebo Samuel Sr.,WR,79,2,SF,SEA,47,3,22,NA,NA,NA,0,PENDING,receptions,2.9876623153686523,3.5,0.7249065287368748,3.128603067492802
2026_05_SF_SEA,2026,5,2026-10-11,00-0031236,Brandin Cooks,WR,69,3,SF,SEA,47,3,22,NA,NA,NA,0,PENDING,receptions,1.3220272064208984,1.230769230769231,0.7249065287368748,1.2969227331184356
2026_05_SF_SEA,2026,5,2026-10-11,00-0040172,Jordan Watkins,WR,3,4,SF,SEA,47,3,22,NA,NA,NA,0,PENDING,receptions,1.0174626111984253,1.3333333333333335,0.7249065287368748,1.1043565846209074
2026_05_SF_SEA,2026,5,2026-10-11,00-0039365,Jacob Cowing,WR,19,5,SF,SEA,47,3,22,NA,NA,NA,0,PENDING,receptions,0.9004389047622681,0,0.7249065287368748,0.6527340407908492
2026_05_TB_DAL,2026,5,2026-10-08,00-0039361,Bucky Irving,RB,31,1,TB,DAL,47.5,8.5,19.5,NA,NA,NA,0,PENDING,receptions,2.455573320388794,3.25,0.7249065287368748,2.674114913347079
2026_05_TB_DAL,2026,5,2026-10-08,00-0036919,Kenny Gainwell,RB,87,2,TB,DAL,47.5,8.5,19.5,NA,NA,NA,0,PENDING,receptions,1.8368606567382813,2,0.7249065287368748,1.881739224975734
2026_05_TB_DAL,2026,5,2026-10-08,00-0038951,Sean Tucker,RB,38,3,TB,DAL,47.5,8.5,19.5,NA,NA,NA,0,PENDING,receptions,0.5632292032241821,0.3137254901960785,0.7249065287368748,0.49459236071424245
2026_05_TB_DAL,2026,5,2026-10-08,00-0038129,Cade Otton,TE,66,1,TB,DAL,47.5,8.5,19.5,NA,NA,NA,0,PENDING,receptions,3.981377124786377,3.75,0.7249065287368748,3.917726788358011
2026_05_TB_DAL,2026,5,2026-10-08,00-0039050,Payne Durham,TE,23,2,TB,DAL,47.5,8.5,19.5,NA,NA,NA,0,PENDING,receptions,0.8147875070571899,0.08333333333333334,0.7249065287368748,0.6135692393375932
2026_05_TB_DAL,2026,5,2026-10-08,00-0041094,Bauer Sharp,TE,3,3,TB,DAL,47.5,8.5,19.5,NA,NA,NA,0,PENDING,receptions,0.526793897151947,0,0.7249065287368748,0.38187633534418813
2026_05_TB_DAL,2026,5,2026-10-08,00-0040129,Emeka Egbuka,WR,21,1,TB,DAL,47.5,8.5,19.5,NA,NA,NA,0,PENDING,receptions,3.6686036586761475,3.75,0.7249065287368748,3.6909952607590446
2026_05_TB_DAL,2026,5,2026-10-08,00-0033921,Chris Godwin Jr.,WR,66,2,TB,DAL,47.5,8.5,19.5,NA,NA,NA,0,PENDING,receptions,3.282186508178711,4,0.7249065287368748,3.479652313363334
2026_05_TB_DAL,2026,5,2026-10-08,00-0041048,Ted Hurst III,WR,4,3,TB,DAL,47.5,8.5,19.5,NA,NA,NA,0,PENDING,receptions,2.43682861328125,2,0.7249065287368748,2.316659913706654
2026_05_TB_DAL,2026,5,2026-10-08,00-0040237,Tez Johnson,WR,19,4,TB,DAL,47.5,8.5,19.5,NA,NA,NA,0,PENDING,receptions,1.3197166919708252,1,0.7249065287368748,1.2317647173558075
2026_05_TB_DAL,2026,5,2026-10-08,00-0039589,Kameron Johnson,WR,25,5,TB,DAL,47.5,8.5,19.5,NA,NA,NA,0,PENDING,receptions,0.5310366749763489,0.25,0.7249065287368748,0.45372532050485836
2026_05_HOU_TEN,2026,5,2026-10-11,00-0035261,Tony Pollard,RB,85,1,TEN,HOU,39.5,7,16.25,NA,NA,NA,0,PENDING,receptions,1.9814387559890747,2,0.7249065287368748,1.986544833035002
2026_05_HOU_TEN,2026,5,2026-10-11,00-0039032,Tyjae Spears,RB,46,2,TEN,HOU,39.5,7,16.25,NA,NA,NA,0,PENDING,receptions,1.3413957357406616,1.25,0.7249065287368748,1.3162533655371158
2026_05_HOU_TEN,2026,5,2026-10-11,00-0040886,Nicholas Singleton,RB,2,3,TEN,HOU,39.5,7,16.25,NA,NA,NA,0,PENDING,receptions,0.559147834777832,0,0.7249065287368748,0.4053299159595378
2026_05_HOU_TEN,2026,5,2026-10-11,00-0037594,Julius Chestnut,RB,38,4,TEN,HOU,39.5,7,16.25,NA,NA,NA,0,PENDING,receptions,0.4816882312297821,0,0.7249065287368748,0.34917894363418644
2026_05_HOU_TEN,2026,5,2026-10-11,00-0040584,Gunnar Helm,TE,20,1,TEN,HOU,39.5,7,16.25,NA,NA,NA,0,PENDING,receptions,2.4241225719451904,2.25,0.7249065287368748,2.3762225892035245
2026_05_HOU_TEN,2026,5,2026-10-11,00-0038115,Daniel Bellinger,TE,54,2,TEN,HOU,39.5,7,16.25,NA,NA,NA,0,PENDING,receptions,1.1846643686294556,1,0.7249065287368748,1.1338644064445653
2026_05_HOU_TEN,2026,5,2026-10-11,00-0039648,David Martin-Robinson,TE,15,3,TEN,HOU,39.5,7,16.25,NA,NA,NA,0,PENDING,receptions,0.5879512429237366,0.36363636363636365,0.7249065287368748,0.5262436841246043
2026_05_HOU_TEN,2026,5,2026-10-11,00-0041438,Carnell Tate,WR,4,1,TEN,HOU,39.5,7,16.25,NA,NA,NA,0,PENDING,receptions,4.3385820388793945,5.5,0.7249065287368748,4.658080537391403
2026_05_HOU_TEN,2026,5,2026-10-11,00-0038117,Wan'Dale Robinson,WR,58,2,TEN,HOU,39.5,7,16.25,NA,NA,NA,0,PENDING,receptions,3.6522669792175293,4,0.7249065287368748,3.747926062977392
2026_05_HOU_TEN,2026,5,2026-10-11,00-0040170,Elic Ayomanor,WR,20,3,TEN,HOU,39.5,7,16.25,NA,NA,NA,0,PENDING,receptions,1.7662912607192993,1.25,0.7249065287368748,1.624262905625212
2026_05_HOU_TEN,2026,5,2026-10-11,00-0034837,Calvin Ridley,WR,49,4,TEN,HOU,39.5,7,16.25,NA,NA,NA,0,PENDING,receptions,1.3599709272384644,1,0.7249065287368748,1.2609452753106294
2026_05_HOU_TEN,2026,5,2026-10-11,00-0040705,Chimere Dike,WR,21,5,TEN,HOU,39.5,7,16.25,NA,NA,NA,0,PENDING,receptions,0.6202719211578369,0.75,0.7249065287368748,0.655959268686824
2026_05_NYG_WAS,2026,5,2026-10-11,00-0040242,Jacory Croskey-Merritt,RB,21,1,WAS,NYG,43.5,-3.5,23.5,NA,NA,NA,0,PENDING,receptions,1.5027605295181274,1.25,0.7249065287368748,1.4332277580546802
2026_05_NYG_WAS,2026,5,2026-10-11,00-0033699,Austin Ekeler,RB,62,2,WAS,NYG,43.5,-3.5,23.5,NA,NA,NA,0,PENDING,receptions,1.643803358078003,2.0000000000000004,0.7249065287368748,1.7417907287565937
2026_05_NYG_WAS,2026,5,2026-10-11,00-0041096,Kaytron Allen,RB,3,3,WAS,NYG,43.5,-3.5,23.5,NA,NA,NA,0,PENDING,receptions,0.4961981475353241,0,0.7249065287368748,0.35969727669549945
2026_05_NYG_WAS,2026,5,2026-10-11,00-0035567,Craig Reynolds,RB,37,4,WAS,NYG,43.5,-3.5,23.5,NA,NA,NA,0,PENDING,receptions,0.4818418622016907,0,0.7249065287368748,0.34929031172873914
2026_05_NYG_WAS,2026,5,2026-10-11,00-0037809,Chig Okonkwo,TE,68,1,WAS,NYG,43.5,-3.5,23.5,NA,NA,NA,0,PENDING,receptions,2.169332981109619,2.431372549019608,0.7249065287368748,2.2414183554542673
2026_05_NYG_WAS,2026,5,2026-10-11,00-0036628,John Bates,TE,61,2,WAS,NYG,43.5,-3.5,23.5,NA,NA,NA,0,PENDING,receptions,1.4816162586212158,1.3666666666666667,0.7249065287368748,1.449994376350159
2026_05_NYG_WAS,2026,5,2026-10-11,00-0039912,Ben Sinnott,TE,18,3,WAS,NYG,43.5,-3.5,23.5,NA,NA,NA,0,PENDING,receptions,1.2680785655975342,0.7407407407407408,0.7249065287368748,1.123011372829333
2026_05_NYG_WAS,2026,5,2026-10-11,00-0031588,Stefon Diggs,WR,79,1,WAS,NYG,43.5,-3.5,23.5,NA,NA,NA,0,PENDING,receptions,3.917052745819092,4.5,0.7249065287368748,4.077417729535025
2026_05_NYG_WAS,2026,5,2026-10-11,00-0041040,Antonio Williams,WR,4,2,WAS,NYG,43.5,-3.5,23.5,NA,NA,NA,0,PENDING,receptions,2.623201608657837,3,0.7249065287368748,2.7268563860985138
2026_05_NYG_WAS,2026,5,2026-10-11,00-0036626,Dyami Brown,WR,65,3,WAS,NYG,43.5,-3.5,23.5,NA,NA,NA,0,PENDING,receptions,1.8331459760665894,1.75,0.7249065287368748,1.8102730608888704
2026_05_NYG_WAS,2026,5,2026-10-11,00-0037742,Treylon Burks,WR,36,4,WAS,NYG,43.5,-3.5,23.5,NA,NA,NA,0,PENDING,receptions,1.2925866842269897,1,0.7249065287368748,1.2120979976176192
2026_05_NYG_WAS,2026,5,2026-10-11,00-0040164,Jaylin Lane,WR,19,5,WAS,NYG,43.5,-3.5,23.5,NA,NA,NA,0,PENDING,receptions,0.6170313358306885,0.5,0.7249065287368748,0.5848367794104639
2026_05_DET_ARI,2026,5,2026-10-11,00-0041027,Jeremiyah Love,RB,4,1,ARI,DET,54.5,4.5,25,NA,NA,NA,0,PENDING,receiving_yards,16.797077178955078,9,0.9150278884773134,16.134543067353913
2026_05_DET_ARI,2026,5,2026-10-11,00-0037263,Tyler Allgeier,RB,71,2,ARI,DET,54.5,4.5,25,NA,NA,NA,0,PENDING,receiving_yards,12.91773796081543,8.75,0.9150278884773134,12.563596466011687
2026_05_DET_ARI,2026,5,2026-10-11,00-0037157,Bam Knight,RB,22,3,ARI,DET,54.5,4.5,25,NA,NA,NA,0,PENDING,receiving_yards,9.428644180297852,8.888888888888891,0.9150278884773134,9.38278003348129
2026_05_DET_ARI,2026,5,2026-10-11,00-0037744,Trey McBride,TE,66,1,ARI,DET,54.5,4.5,25,NA,NA,NA,0,PENDING,receiving_yards,66.08283233642578,60.5,0.9150278884773134,65.60844728452254
2026_05_DET_ARI,2026,5,2026-10-11,00-0039041,Elijah Higgins,TE,46,2,ARI,DET,54.5,4.5,25,NA,NA,NA,0,PENDING,receiving_yards,13.410689353942871,13,0.9150278884773134,13.375792212358457
2026_05_DET_ARI,2026,5,2026-10-11,00-0037004,Hunter Long,TE,27,3,ARI,DET,54.5,4.5,25,NA,NA,NA,0,PENDING,receiving_yards,9.794851303100586,3.75,0.9150278884773134,9.281207524035466
2026_05_DET_ARI,2026,5,2026-10-11,00-0038559,Michael Wilson,WR,50,1,ARI,DET,54.5,4.5,25,NA,NA,NA,0,PENDING,receiving_yards,77.07991790771484,64.5,0.9150278884773134,76.01097572031425
2026_05_DET_ARI,2026,5,2026-10-11,00-0033307,Kendrick Bourne,WR,70,2,ARI,DET,54.5,4.5,25,NA,NA,NA,0,PENDING,receiving_yards,35.856876373291016,36,0.9150278884773134,35.86903789006126
2026_05_DET_ARI,2026,5,2026-10-11,00-0039849,Marvin Harrison Jr.,WR,33,3,ARI,DET,54.5,4.5,25,NA,NA,NA,0,PENDING,receiving_yards,29.570520401000977,21.25,0.9150278884773134,28.863508213560333
2026_05_DET_ARI,2026,5,2026-10-11,00-0038640,Jalen Brooks,WR,23,4,ARI,DET,54.5,4.5,25,NA,NA,NA,0,PENDING,receiving_yards,7.977457046508789,0,0.9150278884773134,7.299595676685402
2026_05_DET_ARI,2026,5,2026-10-11,00-0036331,Devin Duvernay,WR,77,5,ARI,DET,54.5,4.5,25,NA,NA,NA,0,PENDING,receiving_yards,7.977457046508789,0,0.9150278884773134,7.299595676685402
2026_05_BUF_LA,2026,5,2026-10-12,00-0037248,James Cook,RB,70,1,BUF,LAR,54.5,3,25.75,70,0,0,1,VERIFIED_DOME,receiving_yards,18.08522605895996,6,0.9150278884773134,17.058318882501137
2026_05_BUF_LA,2026,5,2026-10-12,00-0035537,Ty Johnson,RB,72,2,BUF,LAR,54.5,3,25.75,70,0,0,1,VERIFIED_DOME,receiving_yards,16.701719284057617,24.823529411764703,0.9150278884773134,17.39184663999523
2026_05_BUF_LA,2026,5,2026-10-12,00-0039875,Ray Davis,RB,37,3,BUF,LAR,54.5,3,25.75,70,0,0,1,VERIFIED_DOME,receiving_yards,6.713998794555664,1.3333333333333333,0.9150278884773134,6.256792288918413
2026_05_BUF_LA,2026,5,2026-10-12,00-0038933,Dalton Kincaid,TE,45,1,BUF,LAR,54.5,3,25.75,70,0,0,1,VERIFIED_DOME,receiving_yards,52.69301223754883,67.5,0.9150278884773134,53.951193253014885
2026_05_BUF_LA,2026,5,2026-10-12,00-0035689,Dawson Knox,TE,74,2,BUF,LAR,54.5,3,25.75,70,0,0,1,VERIFIED_DOME,receiving_yards,18.907642364501953,7.5,0.9150278884773134,17.938310905294568
2026_05_BUF_LA,2026,5,2026-10-12,00-0040194,Jackson Hawes,TE,14,3,BUF,LAR,54.5,3,25.75,70,0,0,1,VERIFIED_DOME,receiving_yards,14.49794864654541,9.589743589743591,0.9150278884773134,14.080888099082632
2026_05_BUF_LA,2026,5,2026-10-12,00-0037261,Khalil Shakir,WR,61,1,BUF,LAR,54.5,3,25.75,70,0,0,1,VERIFIED_DOME,receiving_yards,42.860816955566406,44,0.9150278884773134,42.95761574426277
2026_05_BUF_LA,2026,5,2026-10-12,00-0034827,DJ Moore,WR,89,2,BUF,LAR,54.5,3,25.75,70,0,0,1,VERIFIED_DOME,receiving_yards,40.65817642211914,44.5,0.9150278884773134,40.984624283629316
2026_05_BUF_LA,2026,5,2026-10-12,00-0039901,Keon Coleman,WR,29,3,BUF,LAR,54.5,3,25.75,70,0,0,1,VERIFIED_DOME,receiving_yards,41.43088150024414,54.25,0.9150278884773134,42.52014906702793
2026_05_BUF_LA,2026,5,2026-10-12,00-0036988,Josh Palmer,WR,71,4,BUF,LAR,54.5,3,25.75,70,0,0,1,VERIFIED_DOME,receiving_yards,24.126476287841797,26.666666666666668,0.9150278884773134,24.34232162800016
2026_05_BUF_LA,2026,5,2026-10-12,00-0035500,Greg Dortch,WR,70,5,BUF,LAR,54.5,3,25.75,70,0,0,1,VERIFIED_DOME,receiving_yards,8.233428001403809,0,0.9150278884773134,7.533816239054514
2026_05_CHI_GB,2026,5,2026-10-11,00-0036275,D'Andre Swift,RB,80,1,CHI,GB,45,-3,24,NA,NA,NA,0,PENDING,receiving_yards,18.513904571533203,21,0.9150278884773134,18.725153349536924
2026_05_CHI_GB,2026,5,2026-10-11,00-0040236,Kyle Monangai,RB,21,2,CHI,GB,45,-3,24,NA,NA,NA,0,PENDING,receiving_yards,9.020519256591797,9.75,0.9150278884773134,9.082504775674332
2026_05_CHI_GB,2026,5,2026-10-11,00-0039021,Roschon Johnson,RB,36,3,CHI,GB,45,-3,24,NA,NA,NA,0,PENDING,receiving_yards,5.56517219543457,2.333333333333333,0.9150278884773134,5.290556023220751
2026_05_CHI_GB,2026,5,2026-10-11,00-0040126,Colston Loveland,TE,20,1,CHI,GB,45,-3,24,NA,NA,NA,0,PENDING,receiving_yards,33.99864196777344,22.75,0.9150278884773134,33.04282110800902
2026_05_CHI_GB,2026,5,2026-10-11,00-0036290,Cole Kmet,TE,86,2,CHI,GB,45,-3,24,NA,NA,NA,0,PENDING,receiving_yards,18.586292266845703,12,0.9150278884773134,18.026641105826283
2026_05_CHI_GB,2026,5,2026-10-11,00-0041558,Sam Roush,TE,3,3,CHI,GB,45,-3,24,NA,NA,NA,0,PENDING,receiving_yards,10.671265602111816,11,0.9150278884773134,10.699198858030513
2026_05_CHI_GB,2026,5,2026-10-11,00-0040735,Luther Burden III,WR,19,1,CHI,GB,45,-3,24,NA,NA,NA,0,PENDING,receiving_yards,54.651878356933594,54.75,0.9150278884773134,54.660215960131026
2026_05_CHI_GB,2026,5,2026-10-11,00-0032464,Kalif Raymond,WR,81,2,CHI,GB,45,-3,24,NA,NA,NA,0,PENDING,receiving_yards,44.18162536621094,55,0.9150278884773134,45.100885502087465
2026_05_CHI_GB,2026,5,2026-10-11,00-0039919,Rome Odunze,WR,33,3,CHI,GB,45,-3,24,NA,NA,NA,0,PENDING,receiving_yards,51.69458770751953,58.25,0.9150278884773134,52.251614931913366
2026_05_CHI_GB,2026,5,2026-10-11,00-0040277,Jahdae Walker,WR,7,4,CHI,GB,45,-3,24,NA,NA,NA,0,PENDING,receiving_yards,13.338356018066406,10.000000000000002,0.9150278884773134,13.054688858196835
2026_05_CHI_GB,2026,5,2026-10-11,00-0041051,Zavion Thomas,WR,3,5,CHI,GB,45,-3,24,NA,NA,NA,0,PENDING,receiving_yards,7.112832069396973,0.3333333333333333,0.9150278884773134,6.53676374672826
2026_05_CIN_MIA,2026,5,2026-10-11,00-0038597,Chase Brown,RB,49,1,CIN,MIA,42.5,-7,24.75,NA,NA,NA,0,PENDING,receiving_yards,18.715309143066406,25.75,0.9150278884773134,19.31306167908939
2026_05_CIN_MIA,2026,5,2026-10-11,00-0033526,Samaje Perine,RB,84,2,CIN,MIA,42.5,-7,24.75,NA,NA,NA,0,PENDING,receiving_yards,10.602503776550293,12.75,0.9150278884773134,10.78498106514381
2026_05_CIN_MIA,2026,5,2026-10-11,00-0040208,Tahj Brooks,RB,14,3,CIN,MIA,42.5,-7,24.75,NA,NA,NA,0,PENDING,receiving_yards,5.360579013824463,0.25,0.9150278884773134,4.926322323916269
2026_05_CIN_MIA,2026,5,2026-10-11,00-0034829,Mike Gesicki,TE,80,1,CIN,MIA,42.5,-7,24.75,NA,NA,NA,0,PENDING,receiving_yards,37.17808532714844,51.666666666666664,0.9150278884773134,38.409210676535494
2026_05_CIN_MIA,2026,5,2026-10-11,00-0039814,Erick All,TE,9,2,CIN,MIA,42.5,-7,24.75,NA,NA,NA,0,PENDING,receiving_yards,15.956526756286621,14.833333333333334,0.9150278884773134,15.861086639489885
2026_05_CIN_MIA,2026,5,2026-10-11,00-0035631,Drew Sample,TE,51,3,CIN,MIA,42.5,-7,24.75,NA,NA,NA,0,PENDING,receiving_yards,16.43593978881836,9.277777777777779,0.9150278884773134,15.82769564811876
2026_05_CIN_MIA,2026,5,2026-10-11,00-0036410,Tee Higgins,WR,71,1,CIN,MIA,42.5,-7,24.75,NA,NA,NA,0,PENDING,receiving_yards,84.86779022216797,100.25,0.9150278884773134,86.17484906687528
2026_05_CIN_MIA,2026,5,2026-10-11,00-0036900,Ja'Marr Chase,WR,82,2,CIN,MIA,42.5,-7,24.75,NA,NA,NA,0,PENDING,receiving_yards,57.54478454589844,53,0.9150278884773134,57.15860460661777
2026_05_CIN_MIA,2026,5,2026-10-11,00-0038839,Mitchell Tinsley,WR,9,3,CIN,MIA,42.5,-7,24.75,NA,NA,NA,0,PENDING,receiving_yards,21.027999877929688,26,0.9150278884773134,21.450481226793055
2026_05_CIN_MIA,2026,5,2026-10-11,00-0040785,Dohnte Meyers,WR,4,4,CIN,MIA,42.5,-7,24.75,NA,NA,NA,0,PENDING,receiving_yards,25.813989639282227,32.25,0.9150278884773134,26.360871029414305
2026_05_CLE_NYJ,2026,5,2026-10-11,00-0040784,Quinshon Judkins,RB,18,1,CLE,NYJ,40,2,19,NA,NA,NA,0,PENDING,receiving_yards,19.67817497253418,24,0.9150278884773134,20.04540957074954
2026_05_CLE_NYJ,2026,5,2026-10-11,00-0040466,Raheim Sanders,RB,8,2,CLE,NYJ,40,2,19,NA,NA,NA,0,PENDING,receiving_yards,13.410924911499023,18.25,0.9150278884773134,13.822111339585783
2026_05_CLE_NYJ,2026,5,2026-10-11,00-0038794,Jaleel McLaughlin,RB,43,3,CLE,NYJ,40,2,19,NA,NA,NA,0,PENDING,receiving_yards,5.095421314239502,1.1250000000000002,0.9150278884773134,4.758046231533892
2026_05_CLE_NYJ,2026,5,2026-10-11,00-0031595,Michael Burton,RB,46,4,CLE,NYJ,40,2,19,NA,NA,NA,0,PENDING,receiving_yards,5.677463531494141,3.6111111111111116,0.9150278884773134,5.501881203184181
2026_05_CLE_NYJ,2026,5,2026-10-11,00-0040663,Harold Fannin Jr.,TE,20,1,CLE,NYJ,40,2,19,NA,NA,NA,0,PENDING,receiving_yards,46.05101013183594,38.25,0.9150278884773134,45.38814182892397
2026_05_CLE_NYJ,2026,5,2026-10-11,00-0038710,Blake Whiteheart,TE,19,2,CLE,NYJ,40,2,19,NA,NA,NA,0,PENDING,receiving_yards,10.906486511230469,10.333333333333334,0.9150278884773134,10.857784475478612
2026_05_CLE_NYJ,2026,5,2026-10-11,00-0041131,Carsen Ryan,TE,2,3,CLE,NYJ,40,2,19,NA,NA,NA,0,PENDING,receiving_yards,5.779858112335205,0,0.9150278884773134,5.288731364228553
2026_05_CLE_NYJ,2026,5,2026-10-11,00-0041547,KC Concepcion,WR,4,1,CLE,NYJ,40,2,19,NA,NA,NA,0,PENDING,receiving_yards,44.85434341430664,36,0.9150278884773134,44.10197115824601
2026_05_CLE_NYJ,2026,5,2026-10-11,00-0041037,Denzel Boston,WR,4,2,CLE,NYJ,40,2,19,NA,NA,NA,0,PENDING,receiving_yards,54.627288818359375,71,0.9150278884773134,56.01851265881448
2026_05_CLE_NYJ,2026,5,2026-10-11,00-0036407,Jerry Jeudy,WR,78,3,CLE,NYJ,40,2,19,NA,NA,NA,0,PENDING,receiving_yards,21.717893600463867,20.666666666666668,0.9150278884773134,21.6285686282096
2026_05_CLE_NYJ,2026,5,2026-10-11,00-0040782,Isaiah Bond,WR,17,4,CLE,NYJ,40,2,19,NA,NA,NA,0,PENDING,receiving_yards,12.677584648132324,11.511111111111113,0.9150278884773134,12.578466928656296
2026_05_CLE_NYJ,2026,5,2026-10-11,00-0039920,Malachi Corley,WR,21,5,CLE,NYJ,40,2,19,NA,NA,NA,0,PENDING,receiving_yards,7.171492576599121,0,0.9150278884773134,6.562115709596221
2026_05_TB_DAL,2026,5,2026-10-08,00-0036997,Javonte Williams,RB,74,1,DAL,TB,47.5,-8.5,28,NA,NA,NA,0,PENDING,receiving_yards,22.640361785888672,19.25,0.9150278884773134,22.352275586115887
2026_05_TB_DAL,2026,5,2026-10-08,00-0037120,Tyler Goodson,RB,32,2,DAL,TB,47.5,-8.5,28,NA,NA,NA,0,PENDING,receiving_yards,5.361299991607666,-1.4,0.9150278884773134,4.78677805468244
2026_05_TB_DAL,2026,5,2026-10-08,00-0038738,Hunter Luepke,RB,41,3,DAL,TB,47.5,-8.5,28,NA,NA,NA,0,PENDING,receiving_yards,7.129772663116455,0.6666666666666666,0.9150278884773134,6.58058889960318
2026_05_TB_DAL,2026,5,2026-10-08,00-0038041,Jake Ferguson,TE,63,1,DAL,TB,47.5,-8.5,28,NA,NA,NA,0,PENDING,receiving_yards,24.638816833496094,20.75,0.9150278884773134,24.308375855828963
2026_05_TB_DAL,2026,5,2026-10-08,00-0038547,Luke Schoonmaker,TE,40,2,DAL,TB,47.5,-8.5,28,NA,NA,NA,0,PENDING,receiving_yards,10.60745906829834,10.142857142857142,0.9150278884773134,10.567980861676096
2026_05_TB_DAL,2026,5,2026-10-08,00-0039530,Brevyn Spann-Ford,TE,31,3,DAL,TB,47.5,-8.5,28,NA,NA,NA,0,PENDING,receiving_yards,10.627107620239258,8.25,0.9150278884773134,10.425119766430859
2026_05_TB_DAL,2026,5,2026-10-08,00-0036358,CeeDee Lamb,WR,82,1,DAL,TB,47.5,-8.5,28,NA,NA,NA,0,PENDING,receiving_yards,74.62621307373047,124.5,0.9150278884773134,78.86409405848815
2026_05_TB_DAL,2026,5,2026-10-08,00-0037247,George Pickens,WR,69,2,DAL,TB,47.5,-8.5,28,NA,NA,NA,0,PENDING,receiving_yards,55.13603591918945,56.25,0.9150278884773134,55.23069179929635
2026_05_TB_DAL,2026,5,2026-10-08,00-0039410,Ryan Flournoy,WR,28,3,DAL,TB,47.5,-8.5,28,NA,NA,NA,0,PENDING,receiving_yards,34.614498138427734,26,0.9150278884773134,33.88250604189728
2026_05_TB_DAL,2026,5,2026-10-08,00-0039062,Jonathan Mingo,WR,36,4,DAL,TB,47.5,-8.5,28,NA,NA,NA,0,PENDING,receiving_yards,11.099056243896484,5,0.9150278884773134,10.580806556556976
2026_05_TB_DAL,2026,5,2026-10-08,00-0037801,KaVontae Turpin,WR,69,5,DAL,TB,47.5,-8.5,28,NA,NA,NA,0,PENDING,receiving_yards,8.224891662597656,4.25,0.9150278884773134,7.8871367249528115
2026_05_DEN_LAC,2026,5,2026-10-11,00-0036158,J.K. Dobbins,RB,36,1,DEN,LAC,42.5,-3.5,23,70,0,0,1,VERIFIED_DOME,receiving_yards,9.730069160461426,4,0.9150278884773134,9.24317308472599
2026_05_DEN_LAC,2026,5,2026-10-11,00-0040730,RJ Harvey,RB,20,2,DEN,LAC,42.5,-3.5,23,70,0,0,1,VERIFIED_DOME,receiving_yards,26.11196517944336,44,0.9150278884773134,27.6319492691374
2026_05_DEN_LAC,2026,5,2026-10-11,00-0037085,Tyler Badie,RB,23,3,DEN,LAC,42.5,-3.5,23,70,0,0,1,VERIFIED_DOME,receiving_yards,13.128061294555664,24,0.9150278884773134,14.051872882702494
2026_05_DEN_LAC,2026,5,2026-10-11,00-0036727,Adam Prentice,RB,42,4,DEN,LAC,42.5,-3.5,23,70,0,0,1,VERIFIED_DOME,receiving_yards,5.459810256958008,0.6666666666666666,0.9150278884773134,5.052526725259522
2026_05_DEN_LAC,2026,5,2026-10-11,00-0033881,Evan Engram,TE,78,1,DEN,LAC,42.5,-3.5,23,70,0,0,1,VERIFIED_DOME,receiving_yards,20.2791748046875,16.5,0.9150278884773134,19.958050341719865
2026_05_DEN_LAC,2026,5,2026-10-11,00-0038783,Nate Adkins,TE,29,2,DEN,LAC,42.5,-3.5,23,70,0,0,1,VERIFIED_DOME,receiving_yards,13.666764259338379,13.333333333333334,0.9150278884773134,13.638431929508766
2026_05_DEN_LAC,2026,5,2026-10-11,00-0036422,Adam Trautman,TE,67,3,DEN,LAC,42.5,-3.5,23,70,0,0,1,VERIFIED_DOME,receiving_yards,13.8368501663208,8.333333333333334,0.9150278884773134,13.369204720221207
2026_05_DEN_LAC,2026,5,2026-10-11,00-0036613,Jaylen Waddle,WR,82,1,DEN,LAC,42.5,-3.5,23,70,0,0,1,VERIFIED_DOME,receiving_yards,55.2410774230957,46.25,0.9150278884773134,54.47708658959131
2026_05_DEN_LAC,2026,5,2026-10-11,00-0034348,Courtland Sutton,WR,85,2,DEN,LAC,42.5,-3.5,23,70,0,0,1,VERIFIED_DOME,receiving_yards,37.38645935058594,21.5,0.9150278884773134,36.03655335494732
2026_05_DEN_LAC,2026,5,2026-10-11,00-0040134,Pat Bryant,WR,17,3,DEN,LAC,42.5,-3.5,23,70,0,0,1,VERIFIED_DOME,receiving_yards,30.810161590576172,33.25,0.9150278884773134,31.017479811999067
2026_05_DEN_LAC,2026,5,2026-10-11,00-0038976,Marvin Mims Jr.,WR,50,4,DEN,LAC,42.5,-3.5,23,70,0,0,1,VERIFIED_DOME,receiving_yards,14.074996948242188,10.488888888888889,0.9150278884773134,13.770277774290413
2026_05_DEN_LAC,2026,5,2026-10-11,00-0039868,Troy Franklin,WR,36,5,DEN,LAC,42.5,-3.5,23,70,0,0,1,VERIFIED_DOME,receiving_yards,16.36830711364746,16,0.9150278884773134,16.33701128051201
2026_05_DET_ARI,2026,5,2026-10-11,00-0039139,Jahmyr Gibbs,RB,53,1,DET,ARI,54.5,-4.5,29.5,NA,NA,NA,0,PENDING,receiving_yards,40.227848052978516,46.75,0.9150278884773134,40.78204907558874
2026_05_DET_ARI,2026,5,2026-10-11,00-0039364,Sione Vaki,RB,21,2,DET,ARI,54.5,-4.5,29.5,NA,NA,NA,0,PENDING,receiving_yards,9.0648193359375,13,0.9150278884773134,9.399199946186139
2026_05_DET_ARI,2026,5,2026-10-11,00-0038896,Jacob Saylors,RB,15,3,DET,ARI,54.5,-4.5,29.5,NA,NA,NA,0,PENDING,receiving_yards,6.602206707000732,0,0.9150278884773134,6.041203262397637
2026_05_DET_ARI,2026,5,2026-10-11,00-0039065,Sam LaPorta,TE,46,1,DET,ARI,54.5,-4.5,29.5,NA,NA,NA,0,PENDING,receiving_yards,59.77073669433594,57,0.9150278884773134,59.53530134694483
2026_05_DET_ARI,2026,5,2026-10-11,00-0036754,Brock Wright,TE,54,2,DET,ARI,54.5,-4.5,29.5,NA,NA,NA,0,PENDING,receiving_yards,13.389762878417969,5,0.9150278884773134,12.676867011464141
2026_05_DET_ARI,2026,5,2026-10-11,00-0040390,Jackson Meeks,TE,1,3,DET,ARI,54.5,-4.5,29.5,NA,NA,NA,0,PENDING,receiving_yards,9.20185375213623,8,0.9150278884773134,9.099729701075752
2026_05_DET_ARI,2026,5,2026-10-11,00-0036963,Amon-Ra St. Brown,WR,86,1,DET,ARI,54.5,-4.5,29.5,NA,NA,NA,0,PENDING,receiving_yards,78.13471984863281,75.75,0.9150278884773134,77.93208516770443
2026_05_DET_ARI,2026,5,2026-10-11,00-0037240,Jameson Williams,WR,54,2,DET,ARI,54.5,-4.5,29.5,NA,NA,NA,0,PENDING,receiving_yards,58.29784393310547,57.25,0.9150278884773134,58.20880642156326
2026_05_DET_ARI,2026,5,2026-10-11,00-0040669,Isaac TeSlaa,WR,18,3,DET,ARI,54.5,-4.5,29.5,NA,NA,NA,0,PENDING,receiving_yards,35.469974517822266,46.75,0.9150278884773134,36.42846210107262
2026_05_DET_ARI,2026,5,2026-10-11,00-0035544,Tom Kennedy,WR,24,4,DET,ARI,54.5,-4.5,29.5,NA,NA,NA,0,PENDING,receiving_yards,8.183536529541016,0,0.9150278884773134,7.488164150902877
2026_05_DET_ARI,2026,5,2026-10-11,00-0037524,Tay Martin,WR,7,5,DET,ARI,54.5,-4.5,29.5,NA,NA,NA,0,PENDING,receiving_yards,7.8801589012146,0,0.9150278884773134,7.210565160244101
2026_05_CHI_GB,2026,5,2026-10-11,00-0039811,MarShawn Lloyd,RB,5,1,GB,CHI,45,3,21,NA,NA,NA,0,PENDING,receiving_yards,12.711673736572266,12.25,0.9150278884773134,12.672444344341152
2026_05_CHI_GB,2026,5,2026-10-11,00-0040142,Kaleb Johnson,RB,14,2,GB,CHI,45,3,21,NA,NA,NA,0,PENDING,receiving_yards,7.411093711853027,2.5,0.9150278884773134,6.993787709271087
2026_05_CHI_GB,2026,5,2026-10-11,00-0038685,Chris Brooks,RB,35,3,GB,CHI,45,3,21,NA,NA,NA,0,PENDING,receiving_yards,10.211016654968262,6,0.9150278884773134,9.85319767813841
2026_05_CHI_GB,2026,5,2026-10-11,00-0038996,Tucker Kraft,TE,43,1,GB,CHI,45,3,21,NA,NA,NA,0,PENDING,receiving_yards,42.064064025878906,37,0.9150278884773134,41.6337598127139
2026_05_CHI_GB,2026,5,2026-10-11,00-0033858,Jonnu Smith,TE,82,2,GB,CHI,45,3,21,NA,NA,NA,0,PENDING,receiving_yards,14.968838691711426,28.333333333333332,0.9150278884773134,16.10444802084367
2026_05_CHI_GB,2026,5,2026-10-11,00-0040598,Mark Redman,TE,1,3,GB,CHI,45,3,21,NA,NA,NA,0,PENDING,receiving_yards,16.041051864624023,29,0.9150278884773134,17.1422010507999
2026_05_CHI_GB,2026,5,2026-10-11,00-0040667,Matthew Golden,WR,18,1,GB,CHI,45,3,21,NA,NA,NA,0,PENDING,receiving_yards,61.6715202331543,68.5,0.9150278884773134,62.25175057743312
2026_05_CHI_GB,2026,5,2026-10-11,00-0038124,Christian Watson,WR,51,2,GB,CHI,45,3,21,NA,NA,NA,0,PENDING,receiving_yards,59.6009407043457,82.75,0.9150278884773134,61.567965152461326
2026_05_CHI_GB,2026,5,2026-10-11,00-0038090,Skyy Moore,WR,53,3,GB,CHI,45,3,21,NA,NA,NA,0,PENDING,receiving_yards,18.05854034423828,8.75,0.9150278884773134,17.26757401599424
2026_05_CHI_GB,2026,5,2026-10-11,00-0040948,J. Michael Sturdivant,WR,3,4,GB,CHI,45,3,21,NA,NA,NA,0,PENDING,receiving_yards,12.421294212341309,7.333333333333333,0.9150278884773134,11.988959433107176
2026_05_CHI_GB,2026,5,2026-10-11,00-0037091,Bo Melton,WR,4,5,GB,CHI,45,3,21,NA,NA,NA,0,PENDING,receiving_yards,11.254791259765625,2.5,0.9150278884773134,10.510878160482978
2026_05_HOU_TEN,2026,5,2026-10-11,00-0035685,David Montgomery,RB,78,1,HOU,TEN,39.5,-7,23.25,NA,NA,NA,0,PENDING,receiving_yards,13.016468048095703,16.75,0.9150278884773134,13.333714141486428
2026_05_HOU_TEN,2026,5,2026-10-11,00-0040583,Woody Marks,RB,20,2,HOU,TEN,39.5,-7,23.25,NA,NA,NA,0,PENDING,receiving_yards,13.452284812927246,7.75,0.9150278884773134,12.96774963186907
2026_05_HOU_TEN,2026,5,2026-10-11,00-0033854,Dare Ogunbowale,RB,67,3,HOU,TEN,39.5,-7,23.25,NA,NA,NA,0,PENDING,receiving_yards,6.265222072601318,5.428571428571429,0.9150278884773134,6.194130100771283
2026_05_HOU_TEN,2026,5,2026-10-11,00-0034383,Dalton Schultz,TE,85,1,HOU,TEN,39.5,-7,23.25,NA,NA,NA,0,PENDING,receiving_yards,39.734066009521484,53.5,0.9150278884773134,40.90378648777437
2026_05_HOU_TEN,2026,5,2026-10-11,00-0034981,Foster Moreau,TE,69,2,HOU,TEN,39.5,-7,23.25,NA,NA,NA,0,PENDING,receiving_yards,14.252992630004883,14.25,0.9150278884773134,14.252738339914362
2026_05_HOU_TEN,2026,5,2026-10-11,00-0039359,Cade Stover,TE,22,3,HOU,TEN,39.5,-7,23.25,NA,NA,NA,0,PENDING,receiving_yards,11.016592979431152,10.222222222222221,0.9150278884773134,10.949093618859234
2026_05_HOU_TEN,2026,5,2026-10-11,00-0036554,Nico Collins,WR,68,1,HOU,TEN,39.5,-7,23.25,NA,NA,NA,0,PENDING,receiving_yards,74.36609649658203,89.15555555555555,0.9150278884773134,75.62278806110133
2026_05_HOU_TEN,2026,5,2026-10-11,00-0038618,Xavier Hutchinson,WR,46,2,HOU,TEN,39.5,-7,23.25,NA,NA,NA,0,PENDING,receiving_yards,42.780879974365234,41.5,0.9150278884773134,42.6720408983363
2026_05_HOU_TEN,2026,5,2026-10-11,00-0038728,Jared Wayne,WR,4,3,HOU,TEN,39.5,-7,23.25,NA,NA,NA,0,PENDING,receiving_yards,24.337474822998047,21.666666666666668,0.9150278884773134,24.110530614482556
2026_05_HOU_TEN,2026,5,2026-10-11,00-0040138,Jaylin Noel,WR,21,4,HOU,TEN,39.5,-7,23.25,NA,NA,NA,0,PENDING,receiving_yards,28.40157127380371,46.5,0.9150278884773134,29.939432977911455
2026_05_HOU_TEN,2026,5,2026-10-11,00-0038608,Kayshon Boutte,WR,36,5,HOU,TEN,39.5,-7,23.25,NA,NA,NA,0,PENDING,receiving_yards,27.379213333129883,28.75,0.9150278884773134,27.49569197066098
2026_05_IND_PIT,2026,5,2026-10-11,00-0036223,Jonathan Taylor,RB,73,1,IND,PIT,44.5,2.5,21,NA,NA,NA,0,PENDING,receiving_yards,21.817617416381836,17.25,0.9150278884773134,21.429497319884074
2026_05_IND_PIT,2026,5,2026-10-11,00-0041125,Seth McGowan,RB,4,2,IND,PIT,44.5,2.5,21,NA,NA,NA,0,PENDING,receiving_yards,5.211957931518555,1.75,0.9150278884773134,4.91778805607471
2026_05_IND_PIT,2026,5,2026-10-11,00-0040128,Tyler Warren,TE,21,1,IND,PIT,44.5,2.5,21,NA,NA,NA,0,PENDING,receiving_yards,45.95197677612305,32.5,0.9150278884773134,44.80893390530173
2026_05_IND_PIT,2026,5,2026-10-11,00-0033217,Mo Alie-Cox,TE,69,2,IND,PIT,44.5,2.5,21,NA,NA,NA,0,PENDING,receiving_yards,10.454511642456055,12.424242424242426,0.9150278884773134,10.621883826115676
2026_05_IND_PIT,2026,5,2026-10-11,00-0037292,Andrew Ogletree,TE,37,3,IND,PIT,44.5,2.5,21,NA,NA,NA,0,PENDING,receiving_yards,6.339746475219727,0,0.9150278884773134,5.801044830701797
2026_05_IND_PIT,2026,5,2026-10-11,00-0038997,Josh Downs,WR,51,1,IND,PIT,44.5,2.5,21,NA,NA,NA,0,PENDING,receiving_yards,55.69276809692383,50.5,0.9150278884773134,55.25152762708057
2026_05_IND_PIT,2026,5,2026-10-11,00-0032951,Laquon Treadwell,WR,28,2,IND,PIT,44.5,2.5,21,NA,NA,NA,0,PENDING,receiving_yards,30.273164749145508,30.75,0.9150278884773134,30.313682447259065
2026_05_IND_PIT,2026,5,2026-10-11,00-0035021,Ashton Dulin,WR,53,3,IND,PIT,44.5,2.5,21,NA,NA,NA,0,PENDING,receiving_yards,17.382579803466797,12.61111111111111,0.9150278884773134,16.977138033612942
2026_05_IND_PIT,2026,5,2026-10-11,00-0041132,Deion Burks,WR,2,4,IND,PIT,44.5,2.5,21,NA,NA,NA,0,PENDING,receiving_yards,11.70044994354248,3,0.9150278884773134,10.961154340642237
2026_05_IND_PIT,2026,5,2026-10-11,00-0036182,Nick Westbrook-Ikhine,WR,72,5,IND,PIT,44.5,2.5,21,NA,NA,NA,0,PENDING,receiving_yards,10.32927417755127,4.564102564102565,0.9150278884773134,9.83939537226588
2026_05_PHI_JAX,2026,5,2026-10-11,00-0040719,Bhayshul Tuten,RB,19,1,JAX,PHI,43,-7,25,NA,NA,NA,0,PENDING,receiving_yards,13.389801025390625,13.5,0.9150278884773134,13.39916486495082
2026_05_PHI_JAX,2026,5,2026-10-11,00-0038611,Chris Rodriguez Jr.,RB,32,2,JAX,PHI,43,-7,25,NA,NA,NA,0,PENDING,receiving_yards,6.236964225769043,0,0.9150278884773134,5.706996206013989
2026_05_PHI_JAX,2026,5,2026-10-11,00-0032104,Ameer Abdullah,RB,81,3,JAX,PHI,43,-7,25,NA,NA,NA,0,PENDING,receiving_yards,5.736042499542236,0.5,0.9150278884773134,5.291124912333607
2026_05_PHI_JAX,2026,5,2026-10-11,00-0040238,LeQuint Allen Jr.,RB,19,4,JAX,PHI,43,-7,25,NA,NA,NA,0,PENDING,receiving_yards,6.505687236785889,3,0.9150278884773134,6.207801589938059
2026_05_PHI_JAX,2026,5,2026-10-11,00-0038935,Brenton Strange,TE,37,1,JAX,PHI,43,-7,25,NA,NA,NA,0,PENDING,receiving_yards,42.72934341430664,41.75,0.9150278884773134,42.646126536487166
2026_05_PHI_JAX,2026,5,2026-10-11,00-0041503,Nate Boerkircher,TE,3,2,JAX,PHI,43,-7,25,NA,NA,NA,0,PENDING,receiving_yards,13.221749305725098,8,0.9150278884773134,12.778046241375513
2026_05_PHI_JAX,2026,5,2026-10-11,00-0036590,Quintin Morris,TE,35,3,JAX,PHI,43,-7,25,NA,NA,NA,0,PENDING,receiving_yards,8.298065185546875,2.3333333333333335,0.9150278884773134,7.791229325397665
2026_05_PHI_JAX,2026,5,2026-10-11,00-0038606,Parker Washington,WR,42,1,JAX,PHI,43,-7,25,NA,NA,NA,0,PENDING,receiving_yards,60.06073760986328,57,0.9150278884773134,59.8006602723363
2026_05_PHI_JAX,2026,5,2026-10-11,00-0034960,Jakobi Meyers,WR,81,2,JAX,PHI,43,-7,25,NA,NA,NA,0,PENDING,receiving_yards,43.491455078125,41.25,0.9150278884773134,43.30099390725347
2026_05_PHI_JAX,2026,5,2026-10-11,00-0039893,Brian Thomas Jr.,WR,35,3,JAX,PHI,43,-7,25,NA,NA,NA,0,PENDING,receiving_yards,28.785049438476563,26.25,0.9150278884773134,28.56964093487481
2026_05_PHI_JAX,2026,5,2026-10-11,00-0041100,Josh Cameron,WR,4,4,JAX,PHI,43,-7,25,NA,NA,NA,0,PENDING,receiving_yards,14.49030590057373,18.5,0.9150278884773134,14.831018074762037
2026_05_PHI_JAX,2026,5,2026-10-11,00-0040718,Travis Hunter,WR,0,5,JAX,PHI,43,-7,25,NA,NA,NA,0,PENDING,receiving_yards,5.016419887542725,0,0.9150278884773134,4.590164097413822
2026_05_DEN_LAC,2026,5,2026-10-11,00-0040666,Omarion Hampton,RB,13,1,LAC,DEN,42.5,3.5,19.5,70,0,0,1,VERIFIED_DOME,receiving_yards,11.250298500061035,7.25,0.9150278884773134,10.910384689789813
2026_05_DEN_LAC,2026,5,2026-10-11,00-0038454,Keaton Mitchell,RB,28,2,LAC,DEN,42.5,3.5,19.5,70,0,0,1,VERIFIED_DOME,receiving_yards,13.009803771972656,8.5,0.9150278884773134,12.626596222915163
2026_05_DEN_LAC,2026,5,2026-10-11,00-0039391,Kimani Vidal,RB,25,3,LAC,DEN,42.5,3.5,19.5,70,0,0,1,VERIFIED_DOME,receiving_yards,10.491628646850586,8.333333333333334,0.9150278884773134,10.308233736771506
2026_05_DEN_LAC,2026,5,2026-10-11,00-0035125,Alec Ingold,RB,52,4,LAC,DEN,42.5,3.5,19.5,70,0,0,1,VERIFIED_DOME,receiving_yards,12.228259086608887,11.666666666666666,0.9150278884773134,12.180539392871262
2026_05_DEN_LAC,2026,5,2026-10-11,00-0040189,Oronde Gadsden II,TE,19,1,LAC,DEN,42.5,3.5,19.5,70,0,0,1,VERIFIED_DOME,receiving_yards,25.063383102416992,21.5,0.9150278884773134,24.76059491604036
2026_05_DEN_LAC,2026,5,2026-10-11,00-0039489,Hayden Rucci,TE,2,2,LAC,DEN,42.5,3.5,19.5,70,0,0,1,VERIFIED_DOME,receiving_yards,7.450730323791504,0,0.9150278884773134,6.81762603579283
2026_05_DEN_LAC,2026,5,2026-10-11,00-0040331,Patrick Herbert,TE,1,3,LAC,DEN,42.5,3.5,19.5,70,0,0,1,VERIFIED_DOME,receiving_yards,6.4032816886901855,0,0.9150278884773134,5.859181322927626
2026_05_DEN_LAC,2026,5,2026-10-11,00-0040727,Tre Harris,WR,20,1,LAC,DEN,42.5,3.5,19.5,70,0,0,1,VERIFIED_DOME,receiving_yards,42.19541549682617,52.25,0.9150278884773134,43.04977477254413
2026_05_DEN_LAC,2026,5,2026-10-11,00-0038544,Quentin Johnston,WR,49,2,LAC,DEN,42.5,3.5,19.5,70,0,0,1,VERIFIED_DOME,receiving_yards,41.28005599975586,27,0.9150278884773134,40.0666494887944
2026_05_DEN_LAC,2026,5,2026-10-11,00-0039915,Ladd McConkey,WR,36,3,LAC,DEN,42.5,3.5,19.5,70,0,0,1,VERIFIED_DOME,receiving_yards,38.93353271484375,45.75,0.9150278884773134,39.51274233318879
2026_05_DEN_LAC,2026,5,2026-10-11,00-0034272,Marquez Valdes-Scantling,WR,68,4,LAC,DEN,42.5,3.5,19.5,70,0,0,1,VERIFIED_DOME,receiving_yards,12.204864501953125,4.4444444444444455,0.9150278884773134,11.545445223363604
2026_05_DEN_LAC,2026,5,2026-10-11,00-0038573,Derius Davis,WR,47,5,LAC,DEN,42.5,3.5,19.5,70,0,0,1,VERIFIED_DOME,receiving_yards,10.56578540802002,1.5,0.9150278884773134,9.795446479288998
2026_05_BUF_LA,2026,5,2026-10-12,00-0037840,Kyren Williams,RB,57,1,LAR,BUF,54.5,-3,28.75,70,0,0,1,VERIFIED_DOME,receiving_yards,36.95682144165039,43.25,0.9150278884773134,37.49156611194266
2026_05_BUF_LA,2026,5,2026-10-12,00-0039738,Blake Corum,RB,36,2,LAR,BUF,54.5,-3,28.75,70,0,0,1,VERIFIED_DOME,receiving_yards,11.086359024047852,5,0.9150278884773134,10.569188246289348
2026_05_BUF_LA,2026,5,2026-10-12,00-0041415,Dean Connors,RB,2,3,LAR,BUF,54.5,-3,28.75,70,0,0,1,VERIFIED_DOME,receiving_yards,6.067871570587158,0,0.9150278884773134,5.552271710785887
2026_05_BUF_LA,2026,5,2026-10-12,00-0033110,Tyler Higbee,TE,62,1,LAR,BUF,54.5,-3,28.75,70,0,0,1,VERIFIED_DOME,receiving_yards,39.07158660888672,47,0.9150278884773134,39.745280635754355
2026_05_BUF_LA,2026,5,2026-10-12,00-0039074,Davis Allen,TE,33,2,LAR,BUF,54.5,-3,28.75,70,0,0,1,VERIFIED_DOME,receiving_yards,13.192422866821289,9.75,0.9150278884773134,12.899912927073505
2026_05_BUF_LA,2026,5,2026-10-12,00-0041510,Max Klare,TE,0,3,LAR,BUF,54.5,-3,28.75,70,0,0,1,VERIFIED_DOME,receiving_yards,5.853011608123779,0,0.9150278884773134,5.3556688530147065
2026_05_BUF_LA,2026,5,2026-10-12,00-0039075,Puka Nacua,WR,46,1,LAR,BUF,54.5,-3,28.75,70,0,0,1,VERIFIED_DOME,receiving_yards,94.98698425292969,102.0625,0.9150278884773134,95.58820576607027
2026_05_BUF_LA,2026,5,2026-10-12,00-0031381,Davante Adams,WR,82,2,LAR,BUF,54.5,-3,28.75,70,0,0,1,VERIFIED_DOME,receiving_yards,81.05382537841797,97.5,0.9150278884773134,82.45129156248461
2026_05_BUF_LA,2026,5,2026-10-12,00-0040590,Konata Mumpfield,WR,14,3,LAR,BUF,54.5,-3,28.75,70,0,0,1,VERIFIED_DOME,receiving_yards,29.85317611694336,28,0.9150278884773134,29.69570782926327
2026_05_BUF_LA,2026,5,2026-10-12,00-0036849,Tutu Atwell,WR,57,4,LAR,BUF,54.5,-3,28.75,70,0,0,1,VERIFIED_DOME,receiving_yards,14.49927043914795,17,0.9150278884773134,14.711762710280748
2026_05_BUF_LA,2026,5,2026-10-12,00-0039751,Jordan Whittington,WR,31,5,LAR,BUF,54.5,-3,28.75,70,0,0,1,VERIFIED_DOME,receiving_yards,14.048511505126953,7.800000000000001,0.9150278884773134,13.517562288662516
2026_05_LV_NE,2026,5,2026-10-11,00-0040122,Ashton Jeanty,RB,21,1,LV,NE,45,3.5,20.75,NA,NA,NA,0,PENDING,receiving_yards,35.69587707519531,41.25,0.9150278884773134,36.16782262777252
2026_05_LV_NE,2026,5,2026-10-11,00-0040878,Mike Washington Jr.,RB,4,2,LV,NE,45,3.5,20.75,NA,NA,NA,0,PENDING,receiving_yards,5.502872943878174,-0.25,0.9150278884773134,5.014039182515112
2026_05_LV_NE,2026,5,2026-10-11,00-0037304,Connor Heyward,RB,59,3,LV,NE,45,3.5,20.75,NA,NA,NA,0,PENDING,receiving_yards,6.681743621826172,2.25,0.9150278884773134,6.3051690085524035
2026_05_LV_NE,2026,5,2026-10-11,00-0039407,Dylan Laube,RB,27,4,LV,NE,45,3.5,20.75,NA,NA,NA,0,PENDING,receiving_yards,5.161968231201172,0,0.9150278884773134,4.723344890982981
2026_05_LV_NE,2026,5,2026-10-11,00-0039338,Brock Bowers,TE,31,1,LV,NE,45,3.5,20.75,NA,NA,NA,0,PENDING,receiving_yards,71.47222137451172,86.22222222222221,0.9150278884773134,72.7255600915031
2026_05_LV_NE,2026,5,2026-10-11,00-0039066,Michael Mayer,TE,41,2,LV,NE,45,3.5,20.75,NA,NA,NA,0,PENDING,receiving_yards,40.43806076049805,42.25,0.9150278884773134,40.59202506362934
2026_05_LV_NE,2026,5,2026-10-11,00-0034365,Ian Thomas,TE,49,3,LV,NE,45,3.5,20.75,NA,NA,NA,0,PENDING,receiving_yards,12.645931243896484,18.555555555555554,0.9150278884773134,13.148084499963957
2026_05_LV_NE,2026,5,2026-10-11,00-0038563,Tre Tucker,WR,51,1,LV,NE,45,3.5,20.75,NA,NA,NA,0,PENDING,receiving_yards,50.17947769165039,58.25,0.9150278884773134,50.8652470132818
2026_05_LV_NE,2026,5,2026-10-11,00-0037291,Jalen Nailor,WR,46,2,LV,NE,45,3.5,20.75,NA,NA,NA,0,PENDING,receiving_yards,26.93355369567871,17.333333333333332,0.9150278884773134,26.117802700407132
2026_05_LV_NE,2026,5,2026-10-11,00-0035891,Cody White,WR,21,3,LV,NE,45,3.5,20.75,NA,NA,NA,0,PENDING,receiving_yards,15.99337100982666,16,0.9150278884773134,15.993934289118952
2026_05_LV_NE,2026,5,2026-10-11,00-0040894,Malik Benson,WR,4,4,LV,NE,45,3.5,20.75,NA,NA,NA,0,PENDING,receiving_yards,10.64623737335205,1.5,0.9150278884773134,9.869062271250616
2026_05_LV_NE,2026,5,2026-10-11,00-0037093,Dareke Young,WR,26,5,LV,NE,45,3.5,20.75,NA,NA,NA,0,PENDING,receiving_yards,7.634049415588379,9,0.9150278884773134,7.750117120981482
2026_05_CIN_MIA,2026,5,2026-10-11,00-0040198,Ollie Gordon II,RB,20,1,MIA,CIN,42.5,7,17.75,NA,NA,NA,0,PENDING,receiving_yards,12.10193157196045,4.666666666666667,0.9150278884773134,11.470141413227108
2026_05_CIN_MIA,2026,5,2026-10-11,00-0039874,Jaylen Wright,RB,25,2,MIA,CIN,42.5,7,17.75,NA,NA,NA,0,PENDING,receiving_yards,5.490942478179932,0,0.9150278884773134,5.02436550155937
2026_05_CIN_MIA,2026,5,2026-10-11,00-0041436,DJ Herman,RB,2,3,MIA,CIN,42.5,7,17.75,NA,NA,NA,0,PENDING,receiving_yards,13.813812255859375,9,0.9150278884773134,13.404772464005216
2026_05_CIN_MIA,2026,5,2026-10-11,00-0038930,Carlos Washington,RB,0,4,MIA,CIN,42.5,7,17.75,NA,NA,NA,0,PENDING,receiving_yards,4.928950786590576,0,0.9150278884773134,4.510127430662568
2026_05_CIN_MIA,2026,5,2026-10-11,00-0037252,Greg Dulcich,TE,28,1,MIA,CIN,42.5,7,17.75,NA,NA,NA,0,PENDING,receiving_yards,27.17214584350586,30,0.9150278884773134,27.412434582261373
2026_05_CIN_MIA,2026,5,2026-10-11,00-0041524,Will Kacmarek,TE,4,2,MIA,CIN,42.5,7,17.75,NA,NA,NA,0,PENDING,receiving_yards,13.723007202148438,4.75,0.9150278884773134,12.96055183347361
2026_05_CIN_MIA,2026,5,2026-10-11,00-0041579,Seydou Traore,TE,0,3,MIA,CIN,42.5,7,17.75,NA,NA,NA,0,PENDING,receiving_yards,4.928950786590576,0,0.9150278884773134,4.510127430662568
2026_05_CIN_MIA,2026,5,2026-10-11,00-0039880,Malik Washington,WR,35,1,MIA,CIN,42.5,7,17.75,NA,NA,NA,0,PENDING,receiving_yards,49.205177307128906,54.75,0.9150278884773134,49.676332599361075
2026_05_CIN_MIA,2026,5,2026-10-11,00-0041529,Kevin Coleman Jr.,WR,3,2,MIA,CIN,42.5,7,17.75,NA,NA,NA,0,PENDING,receiving_yards,22.46005630493164,2,0.9150278884773134,20.721522118828542
2026_05_CIN_MIA,2026,5,2026-10-11,00-0041525,Chris Bell,WR,4,3,MIA,CIN,42.5,7,17.75,NA,NA,NA,0,PENDING,receiving_yards,27.902759552001953,23,0.9150278884773134,27.486161720580327
2026_05_CIN_MIA,2026,5,2026-10-11,00-0037666,Jalen Tolbert,WR,47,4,MIA,CIN,42.5,7,17.75,NA,NA,NA,0,PENDING,receiving_yards,14.888657569885254,11.27777777777778,0.9150278884773134,14.581833489495283
2026_05_CIN_MIA,2026,5,2026-10-11,00-0038824,Ryan Miller,WR,21,5,MIA,CIN,42.5,7,17.75,NA,NA,NA,0,PENDING,receiving_yards,13.791999816894531,30.666666666666668,0.9150278884773134,15.22587589036155
2026_05_LV_NE,2026,5,2026-10-11,00-0036875,Rhamondre Stevenson,RB,74,1,NE,LV,45,-3.5,24.25,NA,NA,NA,0,PENDING,receiving_yards,18.207355499267578,22.5,0.9150278884773134,18.57211056651106
2026_05_LV_NE,2026,5,2026-10-11,00-0040734,TreVeyon Henderson,RB,20,2,NE,LV,45,-3.5,24.25,NA,NA,NA,0,PENDING,receiving_yards,9.721883773803711,2,0.9150278884773134,9.065739004610839
2026_05_LV_NE,2026,5,2026-10-11,00-0040556,Corey Kiner,RB,8,3,NE,LV,45,-3.5,24.25,NA,NA,NA,0,PENDING,receiving_yards,5.297849178314209,2.25,0.9150278884773134,5.038866998030165
2026_05_LV_NE,2026,5,2026-10-11,00-0036187,Reggie Gilliam,RB,39,4,NE,LV,45,-3.5,24.25,NA,NA,NA,0,PENDING,receiving_yards,6.989604949951172,2.787878787878788,0.9150278884773134,6.632575405919767
2026_05_LV_NE,2026,5,2026-10-11,00-0033090,Hunter Henry,TE,82,1,NE,LV,45,-3.5,24.25,NA,NA,NA,0,PENDING,receiving_yards,31.85260772705078,33.25,0.9150278884773134,31.971347099108762
2026_05_LV_NE,2026,5,2026-10-11,00-0041395,Eli Raridon,TE,3,2,NE,LV,45,-3.5,24.25,NA,NA,NA,0,PENDING,receiving_yards,13.237700462341309,14.666666666666666,0.9150278884773134,13.359122738017392
2026_05_LV_NE,2026,5,2026-10-11,00-0038564,Cameron Latu,TE,13,3,NE,LV,45,-3.5,24.25,NA,NA,NA,0,PENDING,receiving_yards,6.325873851776123,0,0.9150278884773134,5.788350993364555
2026_05_LV_NE,2026,5,2026-10-11,00-0033555,Mack Hollins,WR,79,1,NE,LV,45,-3.5,24.25,NA,NA,NA,0,PENDING,receiving_yards,42.64143753051758,52.25,0.9150278884773134,43.45789737224714
2026_05_LV_NE,2026,5,2026-10-11,00-0037816,Romeo Doubs,WR,63,2,NE,LV,45,-3.5,24.25,NA,NA,NA,0,PENDING,receiving_yards,46.728363037109375,50.75,0.9150278884773134,47.07009002162387
2026_05_LV_NE,2026,5,2026-10-11,00-0038621,DeMario Douglas,WR,50,3,NE,LV,45,-3.5,24.25,NA,NA,NA,0,PENDING,receiving_yards,24.573591232299805,20.5,0.9150278884773134,24.227449583810987
2026_05_LV_NE,2026,5,2026-10-11,00-0040563,Efton Chism III,WR,11,4,NE,LV,45,-3.5,24.25,NA,NA,NA,0,PENDING,receiving_yards,17.277158737182617,13.666666666666666,0.9150278884773134,16.970367602314962
2026_05_LV_NE,2026,5,2026-10-11,00-0040131,Kyle Williams,WR,18,5,NE,LV,45,-3.5,24.25,NA,NA,NA,0,PENDING,receiving_yards,14.947046279907227,11,0.9150278884773134,14.611657423225743
2026_05_NYG_WAS,2026,5,2026-10-11,00-0040715,Cam Skattebo,RB,12,1,NYG,WAS,43.5,3.5,20,NA,NA,NA,0,PENDING,receiving_yards,20.53044891357422,16.75,0.9150278884773134,20.20921618688417
2026_05_NYG_WAS,2026,5,2026-10-11,00-0036893,Najee Harris,RB,74,2,NYG,WAS,43.5,3.5,20,NA,NA,NA,0,PENDING,receiving_yards,5.67859411239624,0,0.9150278884773134,5.196071980185636
2026_05_NYG_WAS,2026,5,2026-10-11,00-0033376,Patrick Ricard,RB,44,3,NYG,WAS,43.5,3.5,20,NA,NA,NA,0,PENDING,receiving_yards,10.071732521057129,0.8666666666666667,0.9150278884773134,9.28955863870419
2026_05_NYG_WAS,2026,5,2026-10-11,00-0039384,Tyrone Tracy Jr.,RB,36,4,NYG,WAS,43.5,3.5,20,NA,NA,NA,0,PENDING,receiving_yards,5.654998779296875,0,0.9150278884773134,5.174481592361804
2026_05_NYG_WAS,2026,5,2026-10-11,00-0037838,Isaiah Likely,TE,59,1,NYG,WAS,43.5,3.5,20,NA,NA,NA,0,PENDING,receiving_yards,55.79903793334961,47.5,0.9150278884773134,55.093851156546016
2026_05_NYG_WAS,2026,5,2026-10-11,00-0039847,Theo Johnson,TE,29,2,NYG,WAS,43.5,3.5,20,NA,NA,NA,0,PENDING,receiving_yards,14.325057029724121,6.666666666666667,0.9150278884773134,13.674307429710135
2026_05_NYG_WAS,2026,5,2026-10-11,00-0031484,Chris Manhertz,TE,37,3,NYG,WAS,43.5,3.5,20,NA,NA,NA,0,PENDING,receiving_yards,6.358668327331543,1.1666666666666667,0.9150278884773134,5.917492983195554
2026_05_NYG_WAS,2026,5,2026-10-11,00-0039337,Malik Nabers,WR,23,1,NYG,WAS,43.5,3.5,20,NA,NA,NA,0,PENDING,receiving_yards,50.05718994140625,52,0.9150278884773134,50.22227461437247
2026_05_NYG_WAS,2026,5,2026-10-11,00-0041042,Malachi Fields,WR,4,2,NYG,WAS,43.5,3.5,20,NA,NA,NA,0,PENDING,receiving_yards,32.97051239013672,31.5,0.9150278884773134,32.84555984732653
2026_05_NYG_WAS,2026,5,2026-10-11,00-0036309,Darnell Mooney,WR,77,3,NYG,WAS,43.5,3.5,20,NA,NA,NA,0,PENDING,receiving_yards,23.716909408569336,23.75,0.9150278884773134,23.719721185994732
2026_05_NYG_WAS,2026,5,2026-10-11,00-0034419,Braxton Berrios,WR,63,4,NYG,WAS,43.5,3.5,20,NA,NA,NA,0,PENDING,receiving_yards,7.059417247772217,0,0.9150278884773134,6.459563658109339
2026_05_NYG_WAS,2026,5,2026-10-11,00-0038576,Charlie Jones,WR,33,5,NYG,WAS,43.5,3.5,20,NA,NA,NA,0,PENDING,receiving_yards,7.001402854919434,0,0.9150278884773134,6.406478870715963
2026_05_CLE_NYJ,2026,5,2026-10-11,00-0039794,Braelon Allen,RB,25,1,NYJ,CLE,40,-2,21,NA,NA,NA,0,PENDING,receiving_yards,12.944396018981934,4.75,0.9150278884773134,12.248100886595942
2026_05_CLE_NYJ,2026,5,2026-10-11,00-0036842,Kene Nwangwu,RB,44,2,NYJ,CLE,40,-2,21,NA,NA,NA,0,PENDING,receiving_yards,4.776221752166748,0,0.9150278884773134,4.370376104784554
2026_05_CLE_NYJ,2026,5,2026-10-11,00-0034959,Andrew Beck,RB,37,3,NYJ,CLE,40,-2,21,NA,NA,NA,0,PENDING,receiving_yards,4.9258880615234375,1.3636363636363638,0.9150278884773134,4.623196012978697
2026_05_CLE_NYJ,2026,5,2026-10-11,00-0039798,Isaiah Davis,RB,32,4,NYJ,CLE,40,-2,21,NA,NA,NA,0,PENDING,receiving_yards,5.262025833129883,0,0.9150278884773134,4.814900387201913
2026_05_CLE_NYJ,2026,5,2026-10-11,00-0041032,Kenyon Sadiq,TE,4,1,NYJ,CLE,40,-2,21,NA,NA,NA,0,PENDING,receiving_yards,28.650514602661133,35.75,0.9150278884773134,29.253772867597498
2026_05_CLE_NYJ,2026,5,2026-10-11,00-0037805,Jeremy Ruckert,TE,43,2,NYJ,CLE,40,-2,21,NA,NA,NA,0,PENDING,receiving_yards,14.803192138671875,16,0.9150278884773134,14.904887429735876
2026_05_CLE_NYJ,2026,5,2026-10-11,00-0037755,Jelani Woods,TE,16,3,NYJ,CLE,40,-2,21,NA,NA,NA,0,PENDING,receiving_yards,11.007223129272461,10.999999999999998,0.9150278884773134,11.006609364726378
2026_05_CLE_NYJ,2026,5,2026-10-11,00-0037740,Garrett Wilson,WR,62,1,NYJ,CLE,40,-2,21,NA,NA,NA,0,PENDING,receiving_yards,65.53468322753906,67.5,0.9150278884773134,65.70168034350603
2026_05_CLE_NYJ,2026,5,2026-10-11,00-0039451,Isaiah Williams,WR,27,2,NYJ,CLE,40,-2,21,NA,NA,NA,0,PENDING,receiving_yards,34.41070556640625,33.75,0.9150278884773134,34.35456401933392
2026_05_CLE_NYJ,2026,5,2026-10-11,00-0032385,Sterling Shepard,WR,48,3,NYJ,CLE,40,-2,21,NA,NA,NA,0,PENDING,receiving_yards,16.783172607421875,10.512820512820515,0.9150278884773134,16.250367549952898
2026_05_CLE_NYJ,2026,5,2026-10-11,00-0040405,Jamaal Pritchett,WR,1,4,NYJ,CLE,40,-2,21,NA,NA,NA,0,PENDING,receiving_yards,7.306141376495361,0,0.9150278884773134,6.685323116651283
2026_05_CLE_NYJ,2026,5,2026-10-11,00-0041267,Malik McClain,WR,1,5,NYJ,CLE,40,-2,21,NA,NA,NA,0,PENDING,receiving_yards,8.656453132629395,0,0.9150278884773134,7.9208960316527
2026_05_PHI_JAX,2026,5,2026-10-11,00-0034844,Saquon Barkley,RB,79,1,PHI,JAX,43,7,18,NA,NA,NA,0,PENDING,receiving_yards,13.619928359985352,2,0.9150278884773134,12.632558511495048
2026_05_PHI_JAX,2026,5,2026-10-11,00-0038555,Tank Bigsby,RB,48,2,PHI,JAX,43,7,18,NA,NA,NA,0,PENDING,receiving_yards,7.854598522186279,2.5,0.9150278884773134,7.399606979399854
2026_05_PHI_JAX,2026,5,2026-10-11,00-0039746,Will Shipley,RB,31,3,PHI,JAX,43,7,18,NA,NA,NA,0,PENDING,receiving_yards,13.014002799987793,6,0.9150278884773134,12.418008171846795
2026_05_PHI_JAX,2026,5,2026-10-11,00-0030061,Zach Ertz,TE,66,1,PHI,JAX,43,7,18,NA,NA,NA,0,PENDING,receiving_yards,23.237459182739258,20.256410256410255,0.9150278884773134,22.984153160916645
2026_05_PHI_JAX,2026,5,2026-10-11,00-0033246,Johnny Mundt,TE,55,2,PHI,JAX,43,7,18,NA,NA,NA,0,PENDING,receiving_yards,11.624324798583984,4,0.9150278884773134,10.976469821513522
2026_05_PHI_JAX,2026,5,2026-10-11,00-0036332,Josiah Deguara,TE,46,3,PHI,JAX,43,7,18,NA,NA,NA,0,PENDING,receiving_yards,5.078617095947266,3,0.9150278884773134,4.901992612257472
2026_05_PHI_JAX,2026,5,2026-10-11,00-0038393,Dontayvion Wicks,WR,49,1,PHI,JAX,43,7,18,NA,NA,NA,0,PENDING,receiving_yards,44.12608337402344,49.25,0.9150278884773134,44.56147338899887
2026_05_PHI_JAX,2026,5,2026-10-11,00-0040867,Makai Lemon,WR,4,2,PHI,JAX,43,7,18,NA,NA,NA,0,PENDING,receiving_yards,28.6101131439209,16.25,0.9150278884773134,27.559848231422627
2026_05_PHI_JAX,2026,5,2026-10-11,00-0036980,Elijah Moore,WR,67,3,PHI,JAX,43,7,18,NA,NA,NA,0,PENDING,receiving_yards,15.401142120361328,12.444444444444445,0.9150278884773134,15.149905275704452
2026_05_PHI_JAX,2026,5,2026-10-11,00-0040024,Darius Cooper,WR,10,4,PHI,JAX,43,7,18,NA,NA,NA,0,PENDING,receiving_yards,21.327943801879883,14.75,0.9150278884773134,20.76900202755658
2026_05_PHI_JAX,2026,5,2026-10-11,00-0037132,Britain Covey,WR,47,5,PHI,JAX,43,7,18,NA,NA,NA,0,PENDING,receiving_yards,8.147722244262695,0,0.9150278884773134,7.4553930810673315
2026_05_IND_PIT,2026,5,2026-10-11,00-0037228,Jaylen Warren,RB,68,1,PIT,IND,44.5,-2.5,23.5,NA,NA,NA,0,PENDING,receiving_yards,24.58940315246582,35.75,0.9150278884773134,25.53774263245424
2026_05_IND_PIT,2026,5,2026-10-11,00-0035594,Travis Homer,RB,50,2,PIT,IND,44.5,-2.5,23.5,NA,NA,NA,0,PENDING,receiving_yards,5.060713768005371,0,0.9150278884773134,4.6306942333260235
2026_05_IND_PIT,2026,5,2026-10-11,00-0038409,Lew Nichols III,RB,3,3,PIT,IND,44.5,-2.5,23.5,NA,NA,NA,0,PENDING,receiving_yards,5.167430400848389,0,0.9150278884773134,4.728342928541778
2026_05_IND_PIT,2026,5,2026-10-11,00-0041398,Riley Nowakowski,RB,1,4,PIT,IND,44.5,-2.5,23.5,NA,NA,NA,0,PENDING,receiving_yards,4.940453052520752,0,0.9150278884773134,4.520652324769361
2026_05_IND_PIT,2026,5,2026-10-11,00-0036894,Pat Freiermuth,TE,78,1,PIT,IND,44.5,-2.5,23.5,NA,NA,NA,0,PENDING,receiving_yards,32.09194564819336,31.25,0.9150278884773134,32.02040374867903
2026_05_IND_PIT,2026,5,2026-10-11,00-0038558,Darnell Washington,TE,38,2,PIT,IND,44.5,-2.5,23.5,NA,NA,NA,0,PENDING,receiving_yards,23.767974853515625,29.75,0.9150278884773134,24.27628016139421
2026_05_IND_PIT,2026,5,2026-10-11,00-0033757,Robert Tonyan,TE,40,3,PIT,IND,44.5,-2.5,23.5,NA,NA,NA,0,PENDING,receiving_yards,6.660315990447998,1,0.9150278884773134,6.179346988854005
2026_05_IND_PIT,2026,5,2026-10-11,00-0035640,DK Metcalf,WR,84,1,PIT,IND,44.5,-2.5,23.5,NA,NA,NA,0,PENDING,receiving_yards,63.650508880615234,53.25,0.9150278884773134,62.766755680118905
2026_05_IND_PIT,2026,5,2026-10-11,00-0039739,Roman Wilson,WR,13,2,PIT,IND,44.5,-2.5,23.5,NA,NA,NA,0,PENDING,receiving_yards,42.068016052246094,47,0.9150278884773134,42.487097142282735
2026_05_IND_PIT,2026,5,2026-10-11,00-0036252,Michael Pittman,WR,85,3,PIT,IND,44.5,-2.5,23.5,NA,NA,NA,0,PENDING,receiving_yards,28.624860763549805,29.666666666666668,0.9150278884773134,28.713385210934444
2026_05_IND_PIT,2026,5,2026-10-11,00-0041489,Germie Bernard,WR,3,4,PIT,IND,44.5,-2.5,23.5,NA,NA,NA,0,PENDING,receiving_yards,23.26262855529785,20,0.9150278884773134,22.98539611783998
2026_05_IND_PIT,2026,5,2026-10-11,00-0036862,Ben Skowronek,WR,67,5,PIT,IND,44.5,-2.5,23.5,NA,NA,NA,0,PENDING,receiving_yards,10.335129737854004,10.666666666666666,0.9150278884773134,10.363301130742963
2026_05_SF_SEA,2026,5,2026-10-11,00-0038797,Emanuel Wilson,RB,43,1,SEA,SF,47,-3,25,NA,NA,NA,0,PENDING,receiving_yards,11.179494857788086,9.75,0.9150278884773134,11.05802766131101
2026_05_SF_SEA,2026,5,2026-10-11,00-0039299,George Holani,RB,17,2,SEA,SF,47,-3,25,NA,NA,NA,0,PENDING,receiving_yards,12.85633373260498,13,0.9150278884773134,12.868541358700117
2026_05_SF_SEA,2026,5,2026-10-11,00-0038488,Brady Russell,RB,27,3,SEA,SF,47,-3,25,NA,NA,NA,0,PENDING,receiving_yards,9.2595796585083,13.333333333333334,0.9150278884773134,9.605735110081488
2026_05_SF_SEA,2026,5,2026-10-11,00-0037745,Velus Jones Jr.,RB,31,4,SEA,SF,47,-3,25,NA,NA,NA,0,PENDING,receiving_yards,5.650774955749512,0,0.9150278884773134,5.17061667601996
2026_05_SF_SEA,2026,5,2026-10-11,00-0039793,AJ Barner,TE,36,1,SEA,SF,47,-3,25,NA,NA,NA,0,PENDING,receiving_yards,28.554197311401367,25.5,0.9150278884773134,28.29467571684468
2026_05_SF_SEA,2026,5,2026-10-11,00-0040739,Elijah Arroyo,TE,14,2,SEA,SF,47,-3,25,NA,NA,NA,0,PENDING,receiving_yards,12.906307220458984,14.846153846153847,0.9150278884773134,13.071140084274434
2026_05_SF_SEA,2026,5,2026-10-11,00-0033576,Eric Saubert,TE,52,3,SEA,SF,47,-3,25,NA,NA,NA,0,PENDING,receiving_yards,7.713710308074951,0.75,0.9150278884773134,7.121989139165524
2026_05_SF_SEA,2026,5,2026-10-11,00-0038543,Jaxon Smith-Njigba,WR,55,1,SEA,SF,47,-3,25,NA,NA,NA,0,PENDING,receiving_yards,74.793487548828125,120.25,0.9150278884773134,78.6560233942615
2026_05_SF_SEA,2026,5,2026-10-11,00-0037545,Rashid Shaheed,WR,55,2,SEA,SF,47,-3,25,NA,NA,NA,0,PENDING,receiving_yards,27.880931854248047,18.25,0.9150278884773134,27.062571238661487
2026_05_SF_SEA,2026,5,2026-10-11,00-0033908,Cooper Kupp,WR,70,3,SEA,SF,47,-3,25,NA,NA,NA,0,PENDING,receiving_yards,28.017749786376953,28.5,0.9150278884773134,28.05872760531077
2026_05_SF_SEA,2026,5,2026-10-11,00-0040648,Tory Horton,WR,10,4,SEA,SF,47,-3,25,NA,NA,NA,0,PENDING,receiving_yards,19.528823852539063,24.708333333333336,0.9150278884773134,19.968937709773925
2026_05_SF_SEA,2026,5,2026-10-11,00-0033280,Christian McCaffrey,RB,65,1,SF,SEA,47,3,22,NA,NA,NA,0,PENDING,receiving_yards,34.01775360107422,30.5,0.9150278884773134,33.71884264977441
2026_05_SF_SEA,2026,5,2026-10-11,00-0041052,Kaelon Black,RB,4,2,SF,SEA,47,3,22,NA,NA,NA,0,PENDING,receiving_yards,6.657618045806885,1.25,0.9150278884773134,6.1981213221464895
2026_05_SF_SEA,2026,5,2026-10-11,00-0029892,Kyle Juszczyk,RB,72,3,SF,SEA,47,3,22,NA,NA,NA,0,PENDING,receiving_yards,18.13544273376465,18.333333333333332,0.9150278884773134,18.15225791586049
2026_05_SF_SEA,2026,5,2026-10-11,00-0033288,George Kittle,TE,75,1,SF,SEA,47,3,22,NA,NA,NA,0,PENDING,receiving_yards,54.181358337402344,61,0.9150278884773134,54.76075271718983
2026_05_SF_SEA,2026,5,2026-10-11,00-0036887,Luke Farrell,TE,51,2,SF,SEA,47,3,22,NA,NA,NA,0,PENDING,receiving_yards,9.383792877197266,4.75,0.9150278884773134,8.99004971206303
2026_05_SF_SEA,2026,5,2026-10-11,00-0038643,Brayden Willis,TE,15,3,SF,SEA,47,3,22,NA,NA,NA,0,PENDING,receiving_yards,5.624948501586914,0,0.9150278884773134,5.146984750200702
2026_05_SF_SEA,2026,5,2026-10-11,00-0031408,Mike Evans,WR,74,1,SF,SEA,47,3,22,NA,NA,NA,0,PENDING,receiving_yards,53.129207611083984,53.25,0.9150278884773134,53.13947159542605
2026_05_SF_SEA,2026,5,2026-10-11,00-0035719,Deebo Samuel Sr.,WR,79,2,SF,SEA,47,3,22,NA,NA,NA,0,PENDING,receiving_yards,30.683429718017578,46.25,0.9150278884773134,32.006154064043926
2026_05_SF_SEA,2026,5,2026-10-11,00-0031236,Brandin Cooks,WR,69,3,SF,SEA,47,3,22,NA,NA,NA,0,PENDING,receiving_yards,16.798385620117188,14.307692307692308,0.9150278884773134,16.586746150205013
2026_05_SF_SEA,2026,5,2026-10-11,00-0040172,Jordan Watkins,WR,3,4,SF,SEA,47,3,22,NA,NA,NA,0,PENDING,receiving_yards,17.043691635131836,28.666666666666668,0.9150278884773134,18.031320365736814
2026_05_SF_SEA,2026,5,2026-10-11,00-0039365,Jacob Cowing,WR,19,5,SF,SEA,47,3,22,NA,NA,NA,0,PENDING,receiving_yards,12.57833480834961,0,0.9150278884773134,11.509527140244836
2026_05_TB_DAL,2026,5,2026-10-08,00-0039361,Bucky Irving,RB,31,1,TB,DAL,47.5,8.5,19.5,NA,NA,NA,0,PENDING,receiving_yards,17.63372039794922,15.25,0.9150278884773134,17.431170642455776
2026_05_TB_DAL,2026,5,2026-10-08,00-0036919,Kenny Gainwell,RB,87,2,TB,DAL,47.5,8.5,19.5,NA,NA,NA,0,PENDING,receiving_yards,15.140310287475586,11,0.9150278884773134,14.788499379989684
2026_05_TB_DAL,2026,5,2026-10-08,00-0038951,Sean Tucker,RB,38,3,TB,DAL,47.5,8.5,19.5,NA,NA,NA,0,PENDING,receiving_yards,5.540971755981445,1.3333333333333335,0.9150278884773134,5.183439834685049
2026_05_TB_DAL,2026,5,2026-10-08,00-0038129,Cade Otton,TE,66,1,TB,DAL,47.5,8.5,19.5,NA,NA,NA,0,PENDING,receiving_yards,47.69192886352539,39.25,0.9150278884773134,46.97460034266733
2026_05_TB_DAL,2026,5,2026-10-08,00-0039050,Payne Durham,TE,23,2,TB,DAL,47.5,8.5,19.5,NA,NA,NA,0,PENDING,receiving_yards,8.563750267028809,0.9166666666666667,0.9150278884773134,7.913961426515529
2026_05_TB_DAL,2026,5,2026-10-08,00-0041094,Bauer Sharp,TE,3,3,TB,DAL,47.5,8.5,19.5,NA,NA,NA,0,PENDING,receiving_yards,5.751594543457031,0,0.9150278884773134,5.2628694104771245
2026_05_TB_DAL,2026,5,2026-10-08,00-0040129,Emeka Egbuka,WR,21,1,TB,DAL,47.5,8.5,19.5,NA,NA,NA,0,PENDING,receiving_yards,45.17258834838867,38.5,0.9150278884773134,44.60560442710441
2026_05_TB_DAL,2026,5,2026-10-08,00-0033921,Chris Godwin Jr.,WR,66,2,TB,DAL,47.5,8.5,19.5,NA,NA,NA,0,PENDING,receiving_yards,34.733333587646484,35.5,0.9150278884773134,34.79847885153769
2026_05_TB_DAL,2026,5,2026-10-08,00-0041048,Ted Hurst III,WR,4,3,TB,DAL,47.5,8.5,19.5,NA,NA,NA,0,PENDING,receiving_yards,33.3150749206543,32,0.9150278884773134,33.20333022783577
2026_05_TB_DAL,2026,5,2026-10-08,00-0040237,Tez Johnson,WR,19,4,TB,DAL,47.5,8.5,19.5,NA,NA,NA,0,PENDING,receiving_yards,19.970848083496094,18.5,0.9150278884773134,19.845867016112333
2026_05_TB_DAL,2026,5,2026-10-08,00-0039589,Kameron Johnson,WR,25,5,TB,DAL,47.5,8.5,19.5,NA,NA,NA,0,PENDING,receiving_yards,7.691151142120361,0.75,0.9150278884773134,7.101346873176286
2026_05_HOU_TEN,2026,5,2026-10-11,00-0035261,Tony Pollard,RB,85,1,TEN,HOU,39.5,7,16.25,NA,NA,NA,0,PENDING,receiving_yards,16.279582977294922,6,0.9150278884773134,15.406105106141508
2026_05_HOU_TEN,2026,5,2026-10-11,00-0039032,Tyjae Spears,RB,46,2,TEN,HOU,39.5,7,16.25,NA,NA,NA,0,PENDING,receiving_yards,13.150185585021973,10,0.9150278884773134,12.882507664174325
2026_05_HOU_TEN,2026,5,2026-10-11,00-0040886,Nicholas Singleton,RB,2,3,TEN,HOU,39.5,7,16.25,NA,NA,NA,0,PENDING,receiving_yards,5.173994064331055,0,0.9150278884773134,4.734348863678998
2026_05_HOU_TEN,2026,5,2026-10-11,00-0037594,Julius Chestnut,RB,38,4,TEN,HOU,39.5,7,16.25,NA,NA,NA,0,PENDING,receiving_yards,5.474886894226074,0,0.9150278884773134,5.009674194475801
2026_05_HOU_TEN,2026,5,2026-10-11,00-0040584,Gunnar Helm,TE,20,1,TEN,HOU,39.5,7,16.25,NA,NA,NA,0,PENDING,receiving_yards,24.78153419494629,15,0.9150278884773134,23.95037658047034
2026_05_HOU_TEN,2026,5,2026-10-11,00-0038115,Daniel Bellinger,TE,54,2,TEN,HOU,39.5,7,16.25,NA,NA,NA,0,PENDING,receiving_yards,11.030088424682617,6.25,0.9150278884773134,10.623914217972182
2026_05_HOU_TEN,2026,5,2026-10-11,00-0039648,David Martin-Robinson,TE,15,3,TEN,HOU,39.5,7,16.25,NA,NA,NA,0,PENDING,receiving_yards,5.855813503265381,2.727272727272727,0.9150278884773134,5.5899747875444605
2026_05_HOU_TEN,2026,5,2026-10-11,00-0041438,Carnell Tate,WR,4,1,TEN,HOU,39.5,7,16.25,NA,NA,NA,0,PENDING,receiving_yards,68.54510498046875,67,0.9150278884773134,68.41381414775411
2026_05_HOU_TEN,2026,5,2026-10-11,00-0038117,Wan'Dale Robinson,WR,58,2,TEN,HOU,39.5,7,16.25,NA,NA,NA,0,PENDING,receiving_yards,39.915504455566406,30.75,0.9150278884773134,39.136692188806336
2026_05_HOU_TEN,2026,5,2026-10-11,00-0040170,Elic Ayomanor,WR,20,3,TEN,HOU,39.5,7,16.25,NA,NA,NA,0,PENDING,receiving_yards,27.41375160217285,28.25,0.9150278884773134,27.484809394293688
2026_05_HOU_TEN,2026,5,2026-10-11,00-0034837,Calvin Ridley,WR,49,4,TEN,HOU,39.5,7,16.25,NA,NA,NA,0,PENDING,receiving_yards,17.895999908447266,16,0.9150278884773134,17.734892792779682
2026_05_HOU_TEN,2026,5,2026-10-11,00-0040705,Chimere Dike,WR,21,5,TEN,HOU,39.5,7,16.25,NA,NA,NA,0,PENDING,receiving_yards,8.358378410339355,6.25,0.9150278884773134,8.179225044923975
2026_05_NYG_WAS,2026,5,2026-10-11,00-0040242,Jacory Croskey-Merritt,RB,21,1,WAS,NYG,43.5,-3.5,23.5,NA,NA,NA,0,PENDING,receiving_yards,11.839438438415527,10,0.9150278884773134,11.683137470287367
2026_05_NYG_WAS,2026,5,2026-10-11,00-0033699,Austin Ekeler,RB,62,2,WAS,NYG,43.5,-3.5,23.5,NA,NA,NA,0,PENDING,receiving_yards,13.77828311920166,16.333333333333336,0.9150278884773134,13.995391130942922
2026_05_NYG_WAS,2026,5,2026-10-11,00-0041096,Kaytron Allen,RB,3,3,WAS,NYG,43.5,-3.5,23.5,NA,NA,NA,0,PENDING,receiving_yards,4.940453052520752,0,0.9150278884773134,4.520652324769361
2026_05_NYG_WAS,2026,5,2026-10-11,00-0035567,Craig Reynolds,RB,37,4,WAS,NYG,43.5,-3.5,23.5,NA,NA,NA,0,PENDING,receiving_yards,4.364716053009033,0,0.9150278884773134,3.9938369137878893
2026_05_NYG_WAS,2026,5,2026-10-11,00-0037809,Chig Okonkwo,TE,68,1,WAS,NYG,43.5,-3.5,23.5,NA,NA,NA,0,PENDING,receiving_yards,22.54244041442871,17.980392156862745,0.9150278884773134,22.154793541114937
2026_05_NYG_WAS,2026,5,2026-10-11,00-0036628,John Bates,TE,61,2,WAS,NYG,43.5,-3.5,23.5,NA,NA,NA,0,PENDING,receiving_yards,15.068754196166992,10.766666666666667,0.9150278884773134,14.70319673482993
2026_05_NYG_WAS,2026,5,2026-10-11,00-0039912,Ben Sinnott,TE,18,3,WAS,NYG,43.5,-3.5,23.5,NA,NA,NA,0,PENDING,receiving_yards,12.808026313781738,6.222222222222222,0.9150278884773134,12.248416634047178
2026_05_NYG_WAS,2026,5,2026-10-11,00-0031588,Stefon Diggs,WR,79,1,WAS,NYG,43.5,-3.5,23.5,NA,NA,NA,0,PENDING,receiving_yards,48.35222625732422,42.5,0.9150278884773134,47.85495023513087
2026_05_NYG_WAS,2026,5,2026-10-11,00-0041040,Antonio Williams,WR,4,2,WAS,NYG,43.5,-3.5,23.5,NA,NA,NA,0,PENDING,receiving_yards,29.741817474365234,31,0.9150278884773134,29.848727900249365
2026_05_NYG_WAS,2026,5,2026-10-11,00-0036626,Dyami Brown,WR,65,3,WAS,NYG,43.5,-3.5,23.5,NA,NA,NA,0,PENDING,receiving_yards,23.631336212158203,21.5,0.9150278884773134,23.450232073846358
2026_05_NYG_WAS,2026,5,2026-10-11,00-0037742,Treylon Burks,WR,36,4,WAS,NYG,43.5,-3.5,23.5,NA,NA,NA,0,PENDING,receiving_yards,17.679967880249023,20,0.9150278884773134,17.877105908264717
2026_05_NYG_WAS,2026,5,2026-10-11,00-0040164,Jaylin Lane,WR,19,5,WAS,NYG,43.5,-3.5,23.5,NA,NA,NA,0,PENDING,receiving_yards,7.071625709533691,6.25,0.9150278884773134,7.001810438113289
2026_05_DET_ARI,2026,5,2026-10-11,00-0033119,Jacoby Brissett,QB,51,1,ARI,DET,54.5,4.5,25,NA,NA,NA,0,PENDING,rushing_yards,13.864994049072266,10.75,0.7502916829219586,13.087154127370315
2026_05_DET_ARI,2026,5,2026-10-11,00-0041027,Jeremiyah Love,RB,4,1,ARI,DET,54.5,4.5,25,NA,NA,NA,0,PENDING,rushing_yards,57.718536376953125,55.75,0.7502916829219586,57.22697647115726
2026_05_DET_ARI,2026,5,2026-10-11,00-0037263,Tyler Allgeier,RB,71,2,ARI,DET,54.5,4.5,25,NA,NA,NA,0,PENDING,rushing_yards,31.2958927154541,28,0.7502916829219586,30.472880892208284
2026_05_DET_ARI,2026,5,2026-10-11,00-0037157,Bam Knight,RB,22,3,ARI,DET,54.5,4.5,25,NA,NA,NA,0,PENDING,rushing_yards,21.376867294311523,22.944444444444446,0.7502916829219586,21.76830434636121
2026_05_DET_ARI,2026,5,2026-10-11,00-0037744,Trey McBride,TE,66,1,ARI,DET,54.5,4.5,25,NA,NA,NA,0,PENDING,rushing_yards,2.3168747425079346,0,0.7502916829219586,1.7383318496756577
2026_05_DET_ARI,2026,5,2026-10-11,00-0039041,Elijah Higgins,TE,46,2,ARI,DET,54.5,4.5,25,NA,NA,NA,0,PENDING,rushing_yards,2.708904981613159,0,0.7502916829219586,2.0324688775302144
2026_05_DET_ARI,2026,5,2026-10-11,00-0037004,Hunter Long,TE,27,3,ARI,DET,54.5,4.5,25,NA,NA,NA,0,PENDING,rushing_yards,2.6896092891693115,0,0.7502916829219586,2.0179914799733756
2026_05_DET_ARI,2026,5,2026-10-11,00-0038559,Michael Wilson,WR,50,1,ARI,DET,54.5,4.5,25,NA,NA,NA,0,PENDING,rushing_yards,2.54229474067688,0,0.7502916829219586,1.9074625994661005
2026_05_DET_ARI,2026,5,2026-10-11,00-0033307,Kendrick Bourne,WR,70,2,ARI,DET,54.5,4.5,25,NA,NA,NA,0,PENDING,rushing_yards,2.5087828636169434,0,0.7502916829219586,1.882318916828927
2026_05_DET_ARI,2026,5,2026-10-11,00-0039849,Marvin Harrison Jr.,WR,33,3,ARI,DET,54.5,4.5,25,NA,NA,NA,0,PENDING,rushing_yards,2.2426445484161377,0,0.7502916829219586,1.6826375524268997
2026_05_DET_ARI,2026,5,2026-10-11,00-0038640,Jalen Brooks,WR,23,4,ARI,DET,54.5,4.5,25,NA,NA,NA,0,PENDING,rushing_yards,2.763101816177368,0,0.7502916829219586,2.073132311744438
2026_05_DET_ARI,2026,5,2026-10-11,00-0036331,Devin Duvernay,WR,77,5,ARI,DET,54.5,4.5,25,NA,NA,NA,0,PENDING,rushing_yards,2.886622190475464,0,0.7502916829219586,2.1658086212517063
2026_05_BUF_LA,2026,5,2026-10-12,00-0034857,Josh Allen,QB,86,1,BUF,LAR,54.5,3,25.75,70,0,0,1,VERIFIED_DOME,rushing_yards,38.626312255859375,29.5,0.7502916829219586,36.34739618132002
2026_05_BUF_LA,2026,5,2026-10-12,00-0037248,James Cook,RB,70,1,BUF,LAR,54.5,3,25.75,70,0,0,1,VERIFIED_DOME,rushing_yards,94.16227722167969,105.25,0.7502916829219586,96.93097381688192
2026_05_BUF_LA,2026,5,2026-10-12,00-0035537,Ty Johnson,RB,72,2,BUF,LAR,54.5,3,25.75,70,0,0,1,VERIFIED_DOME,rushing_yards,8.403592109680176,4.921568627450981,0.7502916829219586,7.534101885906502
2026_05_BUF_LA,2026,5,2026-10-12,00-0039875,Ray Davis,RB,37,3,BUF,LAR,54.5,3,25.75,70,0,0,1,VERIFIED_DOME,rushing_yards,7.758758068084717,2,0.7502916829219586,6.32074828244369
2026_05_BUF_LA,2026,5,2026-10-12,00-0038933,Dalton Kincaid,TE,45,1,BUF,LAR,54.5,3,25.75,70,0,0,1,VERIFIED_DOME,rushing_yards,1.9959715604782104,0,0.7502916829219586,1.4975608611755644
2026_05_BUF_LA,2026,5,2026-10-12,00-0035689,Dawson Knox,TE,74,2,BUF,LAR,54.5,3,25.75,70,0,0,1,VERIFIED_DOME,rushing_yards,2.9312098026275635,0,0.7502916829219586,2.1992623358107766
2026_05_BUF_LA,2026,5,2026-10-12,00-0040194,Jackson Hawes,TE,14,3,BUF,LAR,54.5,3,25.75,70,0,0,1,VERIFIED_DOME,rushing_yards,2.5731654167175293,0,0.7502916829219586,1.9306246109455778
2026_05_BUF_LA,2026,5,2026-10-12,00-0037261,Khalil Shakir,WR,61,1,BUF,LAR,54.5,3,25.75,70,0,0,1,VERIFIED_DOME,rushing_yards,2.3213951587677,0,0.7502916829219586,1.741723480398705
2026_05_BUF_LA,2026,5,2026-10-12,00-0034827,DJ Moore,WR,89,2,BUF,LAR,54.5,3,25.75,70,0,0,1,VERIFIED_DOME,rushing_yards,2.3703696727752686,1.25,0.7502916829219586,2.09060404728128
2026_05_BUF_LA,2026,5,2026-10-12,00-0039901,Keon Coleman,WR,29,3,BUF,LAR,54.5,3,25.75,70,0,0,1,VERIFIED_DOME,rushing_yards,2.647181272506714,0,0.7502916829219586,1.9861580919485542
2026_05_BUF_LA,2026,5,2026-10-12,00-0036988,Josh Palmer,WR,71,4,BUF,LAR,54.5,3,25.75,70,0,0,1,VERIFIED_DOME,rushing_yards,2.5061304569244385,0,0.7502916829219586,1.880328838147814
2026_05_BUF_LA,2026,5,2026-10-12,00-0035500,Greg Dortch,WR,70,5,BUF,LAR,54.5,3,25.75,70,0,0,1,VERIFIED_DOME,rushing_yards,3.0657389163970947,0,0.7502916829219586,2.300198410982918
2026_05_CHI_GB,2026,5,2026-10-11,00-0028986,Case Keenum,QB,10,1,CHI,GB,45,-3,24,NA,NA,NA,0,PENDING,rushing_yards,5.734963893890381,2.3333333333333335,0.7502916829219586,4.885548451292446
2026_05_CHI_GB,2026,5,2026-10-11,00-0036275,D'Andre Swift,RB,80,1,CHI,GB,45,-3,24,NA,NA,NA,0,PENDING,rushing_yards,72.02215576171875,77.75,0.7502916829219586,73.45244610694512
2026_05_CHI_GB,2026,5,2026-10-11,00-0040236,Kyle Monangai,RB,21,2,CHI,GB,45,-3,24,NA,NA,NA,0,PENDING,rushing_yards,64.40836334228516,81,0.7502916829219586,68.55143300965346
2026_05_CHI_GB,2026,5,2026-10-11,00-0039021,Roschon Johnson,RB,36,3,CHI,GB,45,-3,24,NA,NA,NA,0,PENDING,rushing_yards,9.387320518493652,6.277777777777778,0.7502916829219586,8.610841833827251
2026_05_CHI_GB,2026,5,2026-10-11,00-0040126,Colston Loveland,TE,20,1,CHI,GB,45,-3,24,NA,NA,NA,0,PENDING,rushing_yards,2.628331184387207,0,0.7502916829219586,1.9720150276101422
2026_05_CHI_GB,2026,5,2026-10-11,00-0036290,Cole Kmet,TE,86,2,CHI,GB,45,-3,24,NA,NA,NA,0,PENDING,rushing_yards,2.550830125808716,0,0.7502916829219586,1.9138666279410528
2026_05_CHI_GB,2026,5,2026-10-11,00-0041558,Sam Roush,TE,3,3,CHI,GB,45,-3,24,NA,NA,NA,0,PENDING,rushing_yards,2.8163702487945557,0,0.7502916829219586,2.1130991736994025
2026_05_CHI_GB,2026,5,2026-10-11,00-0040735,Luther Burden III,WR,19,1,CHI,GB,45,-3,24,NA,NA,NA,0,PENDING,rushing_yards,3.0127718448638916,5,0.7502916829219586,3.5089992431330304
2026_05_CHI_GB,2026,5,2026-10-11,00-0032464,Kalif Raymond,WR,81,2,CHI,GB,45,-3,24,NA,NA,NA,0,PENDING,rushing_yards,4.852888107299805,0,0.7502916829219586,3.6410815850579286
2026_05_CHI_GB,2026,5,2026-10-11,00-0039919,Rome Odunze,WR,33,3,CHI,GB,45,-3,24,NA,NA,NA,0,PENDING,rushing_yards,2.8005800247192383,0,0.7502916829219586,2.101251899904218
2026_05_CHI_GB,2026,5,2026-10-11,00-0040277,Jahdae Walker,WR,7,4,CHI,GB,45,-3,24,NA,NA,NA,0,PENDING,rushing_yards,2.492791175842285,0,0.7502916829219586,1.8703204864957161
2026_05_CHI_GB,2026,5,2026-10-11,00-0041051,Zavion Thomas,WR,3,5,CHI,GB,45,-3,24,NA,NA,NA,0,PENDING,rushing_yards,3.0481696128845215,0,0.7502916829219586,2.2870163086827024
2026_05_CIN_MIA,2026,5,2026-10-11,00-0036442,Joe Burrow,QB,71,1,CIN,MIA,42.5,-7,24.75,NA,NA,NA,0,PENDING,rushing_yards,10.664953231811523,9.5,0.7502916829219586,10.374054720821242
2026_05_CIN_MIA,2026,5,2026-10-11,00-0038597,Chase Brown,RB,49,1,CIN,MIA,42.5,-7,24.75,NA,NA,NA,0,PENDING,rushing_yards,56.92965316772461,51.75,0.7502916829219586,55.63625069216415
2026_05_CIN_MIA,2026,5,2026-10-11,00-0033526,Samaje Perine,RB,84,2,CIN,MIA,42.5,-7,24.75,NA,NA,NA,0,PENDING,rushing_yards,16.420621871948242,10.5,0.7502916829219586,14.942193348248603
2026_05_CIN_MIA,2026,5,2026-10-11,00-0040208,Tahj Brooks,RB,14,3,CIN,MIA,42.5,-7,24.75,NA,NA,NA,0,PENDING,rushing_yards,8.628533363342285,1.2500000000000002,0.7502916829219586,6.786052214677903
2026_05_CIN_MIA,2026,5,2026-10-11,00-0034829,Mike Gesicki,TE,80,1,CIN,MIA,42.5,-7,24.75,NA,NA,NA,0,PENDING,rushing_yards,2.4894871711730957,0,0.7502916829219586,1.8678415192720879
2026_05_CIN_MIA,2026,5,2026-10-11,00-0039814,Erick All,TE,9,2,CIN,MIA,42.5,-7,24.75,NA,NA,NA,0,PENDING,rushing_yards,2.4012439250946045,0,0.7502916829219586,1.8016333456653602
2026_05_CIN_MIA,2026,5,2026-10-11,00-0035631,Drew Sample,TE,51,3,CIN,MIA,42.5,-7,24.75,NA,NA,NA,0,PENDING,rushing_yards,2.725776433944702,0.08333333333333334,0.7502916829219586,2.0659364143165555
2026_05_CIN_MIA,2026,5,2026-10-11,00-0036410,Tee Higgins,WR,71,1,CIN,MIA,42.5,-7,24.75,NA,NA,NA,0,PENDING,rushing_yards,2.5200178623199463,0,0.7502916829219586,1.890748442913429
2026_05_CIN_MIA,2026,5,2026-10-11,00-0036900,Ja'Marr Chase,WR,82,2,CIN,MIA,42.5,-7,24.75,NA,NA,NA,0,PENDING,rushing_yards,2.468064546585083,0,0.7502916829219586,1.8517683022173426
2026_05_CIN_MIA,2026,5,2026-10-11,00-0038839,Mitchell Tinsley,WR,9,3,CIN,MIA,42.5,-7,24.75,NA,NA,NA,0,PENDING,rushing_yards,2.5629796981811523,0,0.7502916829219586,1.9229823510431503
2026_05_CIN_MIA,2026,5,2026-10-11,00-0040785,Dohnte Meyers,WR,4,4,CIN,MIA,42.5,-7,24.75,NA,NA,NA,0,PENDING,rushing_yards,3.0271596908569336,2.5,0.7502916829219586,2.895523531621668
2026_05_CLE_NYJ,2026,5,2026-10-11,00-0033537,Deshaun Watson,QB,23,1,CLE,NYJ,40,2,19,NA,NA,NA,0,PENDING,rushing_yards,37.34865951538086,31.75,0.7502916829219586,35.95062766990214
2026_05_CLE_NYJ,2026,5,2026-10-11,00-0040784,Quinshon Judkins,RB,18,1,CLE,NYJ,40,2,19,NA,NA,NA,0,PENDING,rushing_yards,55.92110061645508,44.25,0.7502916829219586,53.006729723071594
2026_05_CLE_NYJ,2026,5,2026-10-11,00-0040466,Raheim Sanders,RB,8,2,CLE,NYJ,40,2,19,NA,NA,NA,0,PENDING,rushing_yards,13.244110107421875,7.75,0.7502916829219586,11.872185118656102
2026_05_CLE_NYJ,2026,5,2026-10-11,00-0038794,Jaleel McLaughlin,RB,43,3,CLE,NYJ,40,2,19,NA,NA,NA,0,PENDING,rushing_yards,18.214099884033203,18.125,0.7502916829219586,18.191850901939425
2026_05_CLE_NYJ,2026,5,2026-10-11,00-0031595,Michael Burton,RB,46,4,CLE,NYJ,40,2,19,NA,NA,NA,0,PENDING,rushing_yards,7.864610195159912,0.4444444444444445,0.7502916829219586,6.011733093108631
2026_05_CLE_NYJ,2026,5,2026-10-11,00-0040663,Harold Fannin Jr.,TE,20,1,CLE,NYJ,40,2,19,NA,NA,NA,0,PENDING,rushing_yards,2.72831392288208,0,0.7502916829219586,2.0470312447386068
2026_05_CLE_NYJ,2026,5,2026-10-11,00-0038710,Blake Whiteheart,TE,19,2,CLE,NYJ,40,2,19,NA,NA,NA,0,PENDING,rushing_yards,2.659808874130249,0,0.7502916829219586,1.9956324764219444
2026_05_CLE_NYJ,2026,5,2026-10-11,00-0041131,Carsen Ryan,TE,2,3,CLE,NYJ,40,2,19,NA,NA,NA,0,PENDING,rushing_yards,3.5603508949279785,0,0.7502916829219586,2.6713016647482144
2026_05_CLE_NYJ,2026,5,2026-10-11,00-0041547,KC Concepcion,WR,4,1,CLE,NYJ,40,2,19,NA,NA,NA,0,PENDING,rushing_yards,4.517636775970459,2.25,0.7502916829219586,3.9513890128986002
2026_05_CLE_NYJ,2026,5,2026-10-11,00-0041037,Denzel Boston,WR,4,2,CLE,NYJ,40,2,19,NA,NA,NA,0,PENDING,rushing_yards,2.821220636367798,0,0.7502916829219586,2.116738379154554
2026_05_CLE_NYJ,2026,5,2026-10-11,00-0036407,Jerry Jeudy,WR,78,3,CLE,NYJ,40,2,19,NA,NA,NA,0,PENDING,rushing_yards,2.587557315826416,0,0.7502916829219586,1.9414227331484275
2026_05_CLE_NYJ,2026,5,2026-10-11,00-0040782,Isaiah Bond,WR,17,4,CLE,NYJ,40,2,19,NA,NA,NA,0,PENDING,rushing_yards,2.641754150390625,0.6444444444444445,0.7502916829219586,2.1430093050351666
2026_05_CLE_NYJ,2026,5,2026-10-11,00-0039920,Malachi Corley,WR,21,5,CLE,NYJ,40,2,19,NA,NA,NA,0,PENDING,rushing_yards,3.1980063915252686,0,0.7502916829219586,2.399437597492674
2026_05_TB_DAL,2026,5,2026-10-08,00-0033077,Dak Prescott,QB,74,1,DAL,TB,47.5,-8.5,28,NA,NA,NA,0,PENDING,rushing_yards,15.95958137512207,16.5,0.7502916829219586,16.094528400457968
2026_05_TB_DAL,2026,5,2026-10-08,00-0036997,Javonte Williams,RB,74,1,DAL,TB,47.5,-8.5,28,NA,NA,NA,0,PENDING,rushing_yards,61.84896469116211,57.75,0.7502916829219586,60.82541911636971
2026_05_TB_DAL,2026,5,2026-10-08,00-0037120,Tyler Goodson,RB,32,2,DAL,TB,47.5,-8.5,28,NA,NA,NA,0,PENDING,rushing_yards,14.994922637939453,12.133333333333333,0.7502916829219586,14.280359988517736
2026_05_TB_DAL,2026,5,2026-10-08,00-0038738,Hunter Luepke,RB,41,3,DAL,TB,47.5,-8.5,28,NA,NA,NA,0,PENDING,rushing_yards,4.5784759521484375,2.6666666666666665,0.7502916829219586,4.101081272896612
2026_05_TB_DAL,2026,5,2026-10-08,00-0038041,Jake Ferguson,TE,63,1,DAL,TB,47.5,-8.5,28,NA,NA,NA,0,PENDING,rushing_yards,2.1871509552001953,0,0.7502916829219586,1.6410011709815238
2026_05_TB_DAL,2026,5,2026-10-08,00-0038547,Luke Schoonmaker,TE,40,2,DAL,TB,47.5,-8.5,28,NA,NA,NA,0,PENDING,rushing_yards,2.671170234680176,0,0.7502916829219586,2.0041568107492322
2026_05_TB_DAL,2026,5,2026-10-08,00-0039530,Brevyn Spann-Ford,TE,31,3,DAL,TB,47.5,-8.5,28,NA,NA,NA,0,PENDING,rushing_yards,2.8754937648773193,0,0.7502916829219586,2.1574590560814024
2026_05_TB_DAL,2026,5,2026-10-08,00-0036358,CeeDee Lamb,WR,82,1,DAL,TB,47.5,-8.5,28,NA,NA,NA,0,PENDING,rushing_yards,1.0135512351989746,-1.5,0.7502916829219586,0.3858965863680064
2026_05_TB_DAL,2026,5,2026-10-08,00-0037247,George Pickens,WR,69,2,DAL,TB,47.5,-8.5,28,NA,NA,NA,0,PENDING,rushing_yards,2.4969167709350586,0,0.7502916829219586,1.8734158861809276
2026_05_TB_DAL,2026,5,2026-10-08,00-0039410,Ryan Flournoy,WR,28,3,DAL,TB,47.5,-8.5,28,NA,NA,NA,0,PENDING,rushing_yards,2.572951078414917,0,0.7502916829219586,1.9304637946997962
2026_05_TB_DAL,2026,5,2026-10-08,00-0039062,Jonathan Mingo,WR,36,4,DAL,TB,47.5,-8.5,28,NA,NA,NA,0,PENDING,rushing_yards,2.671170234680176,0,0.7502916829219586,2.0041568107492322
2026_05_TB_DAL,2026,5,2026-10-08,00-0037801,KaVontae Turpin,WR,69,5,DAL,TB,47.5,-8.5,28,NA,NA,NA,0,PENDING,rushing_yards,2.886815309524536,2.5,0.7502916829219586,2.7902243095631425
2026_05_DEN_LAC,2026,5,2026-10-11,00-0039732,Bo Nix,QB,38,1,DEN,LAC,42.5,-3.5,23,70,0,0,1,VERIFIED_DOME,rushing_yards,11.023080825805664,6.25,0.7502916829219586,9.831202845516263
2026_05_DEN_LAC,2026,5,2026-10-11,00-0036158,J.K. Dobbins,RB,36,1,DEN,LAC,42.5,-3.5,23,70,0,0,1,VERIFIED_DOME,rushing_yards,42.87818908691406,40.25,0.7502916829219586,42.221908413057875
2026_05_DEN_LAC,2026,5,2026-10-11,00-0040730,RJ Harvey,RB,20,2,DEN,LAC,42.5,-3.5,23,70,0,0,1,VERIFIED_DOME,rushing_yards,18.279462814331055,16.333333333333332,0.7502916829219586,17.79349809681515
2026_05_DEN_LAC,2026,5,2026-10-11,00-0037085,Tyler Badie,RB,23,3,DEN,LAC,42.5,-3.5,23,70,0,0,1,VERIFIED_DOME,rushing_yards,7.773062229156494,3.3333333333333335,0.7502916829219586,6.664424998297742
2026_05_DEN_LAC,2026,5,2026-10-11,00-0036727,Adam Prentice,RB,42,4,DEN,LAC,42.5,-3.5,23,70,0,0,1,VERIFIED_DOME,rushing_yards,6.889243125915527,0,0.7502916829219586,5.168941819001696
2026_05_DEN_LAC,2026,5,2026-10-11,00-0033881,Evan Engram,TE,78,1,DEN,LAC,42.5,-3.5,23,70,0,0,1,VERIFIED_DOME,rushing_yards,2.5689401626586914,0,0.7502916829219586,1.9274544379669996
2026_05_DEN_LAC,2026,5,2026-10-11,00-0038783,Nate Adkins,TE,29,2,DEN,LAC,42.5,-3.5,23,70,0,0,1,VERIFIED_DOME,rushing_yards,2.7839910984039307,2,0.7502916829219586,2.58822200061732
2026_05_DEN_LAC,2026,5,2026-10-11,00-0036422,Adam Trautman,TE,67,3,DEN,LAC,42.5,-3.5,23,70,0,0,1,VERIFIED_DOME,rushing_yards,2.897697925567627,0,0.7502916829219586,2.174118653173603
2026_05_DEN_LAC,2026,5,2026-10-11,00-0036613,Jaylen Waddle,WR,82,1,DEN,LAC,42.5,-3.5,23,70,0,0,1,VERIFIED_DOME,rushing_yards,2.580557346343994,3.5,0.7502916829219586,2.810149824038204
2026_05_DEN_LAC,2026,5,2026-10-11,00-0034348,Courtland Sutton,WR,85,2,DEN,LAC,42.5,-3.5,23,70,0,0,1,VERIFIED_DOME,rushing_yards,2.3475310802459717,0,0.7502916829219586,1.7613330449093534
2026_05_DEN_LAC,2026,5,2026-10-11,00-0040134,Pat Bryant,WR,17,3,DEN,LAC,42.5,-3.5,23,70,0,0,1,VERIFIED_DOME,rushing_yards,2.5787532329559326,4,0.7502916829219586,2.933650371307114
2026_05_DEN_LAC,2026,5,2026-10-11,00-0038976,Marvin Mims Jr.,WR,50,4,DEN,LAC,42.5,-3.5,23,70,0,0,1,VERIFIED_DOME,rushing_yards,2.213118553161621,1.7333333333333336,0.7502916829219586,2.093312193359381
2026_05_DEN_LAC,2026,5,2026-10-11,00-0039868,Troy Franklin,WR,36,5,DEN,LAC,42.5,-3.5,23,70,0,0,1,VERIFIED_DOME,rushing_yards,2.5989186763763428,1.6666666666666667,0.7502916829219586,2.3661275959391177
2026_05_DET_ARI,2026,5,2026-10-11,00-0033106,Jared Goff,QB,86,1,DET,ARI,54.5,-4.5,29.5,NA,NA,NA,0,PENDING,rushing_yards,6.0541791915893555,3.75,0.7502916829219586,5.4788064834113355
2026_05_DET_ARI,2026,5,2026-10-11,00-0039139,Jahmyr Gibbs,RB,53,1,DET,ARI,54.5,-4.5,29.5,NA,NA,NA,0,PENDING,rushing_yards,72.22022247314453,88.25,0.7502916829219586,76.22299124251101
2026_05_DET_ARI,2026,5,2026-10-11,00-0039364,Sione Vaki,RB,21,2,DET,ARI,54.5,-4.5,29.5,NA,NA,NA,0,PENDING,rushing_yards,11.811273574829102,10,0.7502916829219586,11.358983498690598
2026_05_DET_ARI,2026,5,2026-10-11,00-0038896,Jacob Saylors,RB,15,3,DET,ARI,54.5,-4.5,29.5,NA,NA,NA,0,PENDING,rushing_yards,7.268945217132568,0,0.7502916829219586,5.453829140029916
2026_05_DET_ARI,2026,5,2026-10-11,00-0039065,Sam LaPorta,TE,46,1,DET,ARI,54.5,-4.5,29.5,NA,NA,NA,0,PENDING,rushing_yards,2.5830130577087402,0,0.7502916829219586,1.938013214077685
2026_05_DET_ARI,2026,5,2026-10-11,00-0036754,Brock Wright,TE,54,2,DET,ARI,54.5,-4.5,29.5,NA,NA,NA,0,PENDING,rushing_yards,2.6896092891693115,0,0.7502916829219586,2.0179914799733756
2026_05_DET_ARI,2026,5,2026-10-11,00-0040390,Jackson Meeks,TE,1,3,DET,ARI,54.5,-4.5,29.5,NA,NA,NA,0,PENDING,rushing_yards,2.932396411895752,0,0.7502916829219586,2.2001526388755765
2026_05_DET_ARI,2026,5,2026-10-11,00-0036963,Amon-Ra St. Brown,WR,86,1,DET,ARI,54.5,-4.5,29.5,NA,NA,NA,0,PENDING,rushing_yards,2.6606154441833496,0,0.7502916829219586,1.9962376392244798
2026_05_DET_ARI,2026,5,2026-10-11,00-0037240,Jameson Williams,WR,54,2,DET,ARI,54.5,-4.5,29.5,NA,NA,NA,0,PENDING,rushing_yards,2.3920302391052246,0,0.7502916829219586,1.794720393698474
2026_05_DET_ARI,2026,5,2026-10-11,00-0040669,Isaac TeSlaa,WR,18,3,DET,ARI,54.5,-4.5,29.5,NA,NA,NA,0,PENDING,rushing_yards,2.468064546585083,0,0.7502916829219586,1.8517683022173426
2026_05_DET_ARI,2026,5,2026-10-11,00-0035544,Tom Kennedy,WR,24,4,DET,ARI,54.5,-4.5,29.5,NA,NA,NA,0,PENDING,rushing_yards,2.886622190475464,0,0.7502916829219586,2.1658086212517063
2026_05_DET_ARI,2026,5,2026-10-11,00-0037524,Tay Martin,WR,7,5,DET,ARI,54.5,-4.5,29.5,NA,NA,NA,0,PENDING,rushing_yards,2.886622190475464,0,0.7502916829219586,2.1658086212517063
2026_05_CHI_GB,2026,5,2026-10-11,00-0036264,Jordan Love,QB,61,1,GB,CHI,45,3,21,NA,NA,NA,0,PENDING,rushing_yards,4.433432579040527,-2,0.7502916829219586,2.8269509566932736
2026_05_CHI_GB,2026,5,2026-10-11,00-0039811,MarShawn Lloyd,RB,5,1,GB,CHI,45,3,21,NA,NA,NA,0,PENDING,rushing_yards,22.227994918823242,20.25,0.7502916829219586,21.734073136454974
2026_05_CHI_GB,2026,5,2026-10-11,00-0040142,Kaleb Johnson,RB,14,2,GB,CHI,45,3,21,NA,NA,NA,0,PENDING,rushing_yards,26.048301696777344,20,0.7502916829219586,24.53799045889481
2026_05_CHI_GB,2026,5,2026-10-11,00-0038685,Chris Brooks,RB,35,3,GB,CHI,45,3,21,NA,NA,NA,0,PENDING,rushing_yards,18.00912857055664,17.5,0.7502916829219586,17.881994932026593
2026_05_CHI_GB,2026,5,2026-10-11,00-0038996,Tucker Kraft,TE,43,1,GB,CHI,45,3,21,NA,NA,NA,0,PENDING,rushing_yards,2.3603172302246094,0.75,0.7502916829219586,1.9582076247034492
2026_05_CHI_GB,2026,5,2026-10-11,00-0033858,Jonnu Smith,TE,82,2,GB,CHI,45,3,21,NA,NA,NA,0,PENDING,rushing_yards,2.357252597808838,0,0.7502916829219586,1.7686270186821518
2026_05_CHI_GB,2026,5,2026-10-11,00-0040598,Mark Redman,TE,1,3,GB,CHI,45,3,21,NA,NA,NA,0,PENDING,rushing_yards,2.705310583114624,0,0.7502916829219586,2.029772030231656
2026_05_CHI_GB,2026,5,2026-10-11,00-0040667,Matthew Golden,WR,18,1,GB,CHI,45,3,21,NA,NA,NA,0,PENDING,rushing_yards,2.539818048477173,1.5,0.7502916829219586,2.280166833524565
2026_05_CHI_GB,2026,5,2026-10-11,00-0038124,Christian Watson,WR,51,2,GB,CHI,45,3,21,NA,NA,NA,0,PENDING,rushing_yards,2.6143887042999268,0,0.7502916829219586,1.9615541007613508
2026_05_CHI_GB,2026,5,2026-10-11,00-0038090,Skyy Moore,WR,53,3,GB,CHI,45,3,21,NA,NA,NA,0,PENDING,rushing_yards,2.8251004219055176,0,0.7502916829219586,2.119649349975026
2026_05_CHI_GB,2026,5,2026-10-11,00-0040948,J. Michael Sturdivant,WR,3,4,GB,CHI,45,3,21,NA,NA,NA,0,PENDING,rushing_yards,2.7622323036193848,0,0.7502916829219586,2.0724799237039866
2026_05_CHI_GB,2026,5,2026-10-11,00-0037091,Bo Melton,WR,4,5,GB,CHI,45,3,21,NA,NA,NA,0,PENDING,rushing_yards,2.8235654830932617,0,0.7502916829219586,2.1184976981503962
2026_05_HOU_TEN,2026,5,2026-10-11,00-0039163,C.J. Stroud,QB,50,1,HOU,TEN,39.5,-7,23.25,NA,NA,NA,0,PENDING,rushing_yards,11.347737312316895,16.5,0.7502916829219586,12.63430015720223
2026_05_HOU_TEN,2026,5,2026-10-11,00-0035685,David Montgomery,RB,78,1,HOU,TEN,39.5,-7,23.25,NA,NA,NA,0,PENDING,rushing_yards,41.963565826416016,31.75,0.7502916829219586,39.413153492535876
2026_05_HOU_TEN,2026,5,2026-10-11,00-0040583,Woody Marks,RB,20,2,HOU,TEN,39.5,-7,23.25,NA,NA,NA,0,PENDING,rushing_yards,25.20883560180664,21.75,0.7502916829219586,24.34513558462989
2026_05_HOU_TEN,2026,5,2026-10-11,00-0033854,Dare Ogunbowale,RB,67,3,HOU,TEN,39.5,-7,23.25,NA,NA,NA,0,PENDING,rushing_yards,6.711306095123291,1.7857142857142858,0.7502916829219586,5.4813448537823835
2026_05_HOU_TEN,2026,5,2026-10-11,00-0034383,Dalton Schultz,TE,85,1,HOU,TEN,39.5,-7,23.25,NA,NA,NA,0,PENDING,rushing_yards,3.1992790699005127,0,0.7502916829219586,2.400392477492654
2026_05_HOU_TEN,2026,5,2026-10-11,00-0034981,Foster Moreau,TE,69,2,HOU,TEN,39.5,-7,23.25,NA,NA,NA,0,PENDING,rushing_yards,2.5191078186035156,0,0.7502916829219586,1.8900656446818958
2026_05_HOU_TEN,2026,5,2026-10-11,00-0039359,Cade Stover,TE,22,3,HOU,TEN,39.5,-7,23.25,NA,NA,NA,0,PENDING,rushing_yards,2.6923599243164063,0.16666666666666669,0.7502916829219586,2.0616733114933337
2026_05_HOU_TEN,2026,5,2026-10-11,00-0036554,Nico Collins,WR,68,1,HOU,TEN,39.5,-7,23.25,NA,NA,NA,0,PENDING,rushing_yards,2.4319875240325928,2.6666666666666665,0.7502916829219586,2.490588857793065
2026_05_HOU_TEN,2026,5,2026-10-11,00-0038618,Xavier Hutchinson,WR,46,2,HOU,TEN,39.5,-7,23.25,NA,NA,NA,0,PENDING,rushing_yards,2.4225473403930664,1,0.7502916829219586,2.0673254380596697
2026_05_HOU_TEN,2026,5,2026-10-11,00-0038728,Jared Wayne,WR,4,3,HOU,TEN,39.5,-7,23.25,NA,NA,NA,0,PENDING,rushing_yards,2.6725387573242188,0,0.7502916829219586,2.005183601906948
2026_05_HOU_TEN,2026,5,2026-10-11,00-0040138,Jaylin Noel,WR,21,4,HOU,TEN,39.5,-7,23.25,NA,NA,NA,0,PENDING,rushing_yards,3.290205717086792,6.25,0.7502916829219586,4.029290966370257
2026_05_HOU_TEN,2026,5,2026-10-11,00-0038608,Kayshon Boutte,WR,36,5,HOU,TEN,39.5,-7,23.25,NA,NA,NA,0,PENDING,rushing_yards,2.566815137863159,0,0.7502916829219586,1.925860049536909
2026_05_IND_PIT,2026,5,2026-10-11,00-0035710,Daniel Jones,QB,60,1,IND,PIT,44.5,2.5,21,NA,NA,NA,0,PENDING,rushing_yards,8.594005584716797,5.25,0.7502916829219586,7.758979577857594
2026_05_IND_PIT,2026,5,2026-10-11,00-0036223,Jonathan Taylor,RB,73,1,IND,PIT,44.5,2.5,21,NA,NA,NA,0,PENDING,rushing_yards,64.06138610839844,88.25,0.7502916829219586,70.1014841757208
2026_05_IND_PIT,2026,5,2026-10-11,00-0041125,Seth McGowan,RB,4,2,IND,PIT,44.5,2.5,21,NA,NA,NA,0,PENDING,rushing_yards,14.412055969238281,11.25,0.7502916829219586,13.622464294653215
2026_05_IND_PIT,2026,5,2026-10-11,00-0040128,Tyler Warren,TE,21,1,IND,PIT,44.5,2.5,21,NA,NA,NA,0,PENDING,rushing_yards,2.2844464778900146,1.25,0.7502916829219586,2.0261365887887917
2026_05_IND_PIT,2026,5,2026-10-11,00-0033217,Mo Alie-Cox,TE,69,2,IND,PIT,44.5,2.5,21,NA,NA,NA,0,PENDING,rushing_yards,2.3163931369781494,0,0.7502916829219586,1.7379705050522107
2026_05_IND_PIT,2026,5,2026-10-11,00-0037292,Andrew Ogletree,TE,37,3,IND,PIT,44.5,2.5,21,NA,NA,NA,0,PENDING,rushing_yards,2.622870922088623,0,0.7502916829219586,1.9679182382209424
2026_05_IND_PIT,2026,5,2026-10-11,00-0038997,Josh Downs,WR,51,1,IND,PIT,44.5,2.5,21,NA,NA,NA,0,PENDING,rushing_yards,2.468064546585083,0,0.7502916829219586,1.8517683022173426
2026_05_IND_PIT,2026,5,2026-10-11,00-0032951,Laquon Treadwell,WR,28,2,IND,PIT,44.5,2.5,21,NA,NA,NA,0,PENDING,rushing_yards,2.8005800247192383,0,0.7502916829219586,2.101251899904218
2026_05_IND_PIT,2026,5,2026-10-11,00-0035021,Ashton Dulin,WR,53,3,IND,PIT,44.5,2.5,21,NA,NA,NA,0,PENDING,rushing_yards,2.474736452102661,1.2222222222222223,0.7502916829219586,2.161973231642918
2026_05_IND_PIT,2026,5,2026-10-11,00-0041132,Deion Burks,WR,2,4,IND,PIT,44.5,2.5,21,NA,NA,NA,0,PENDING,rushing_yards,5.021121978759766,7,0.7502916829219586,5.515264279146389
2026_05_IND_PIT,2026,5,2026-10-11,00-0036182,Nick Westbrook-Ikhine,WR,72,5,IND,PIT,44.5,2.5,21,NA,NA,NA,0,PENDING,rushing_yards,2.566283702850342,0,0.7502916829219586,1.9254613182667784
2026_05_PHI_JAX,2026,5,2026-10-11,00-0036971,Trevor Lawrence,QB,81,1,JAX,PHI,43,-7,25,NA,NA,NA,0,PENDING,rushing_yards,10.580195426940918,8.5,0.7502916829219586,10.060753327686063
2026_05_PHI_JAX,2026,5,2026-10-11,00-0040719,Bhayshul Tuten,RB,19,1,JAX,PHI,43,-7,25,NA,NA,NA,0,PENDING,rushing_yards,63.54353713989258,69.25,0.7502916829219586,64.96848837715835
2026_05_PHI_JAX,2026,5,2026-10-11,00-0038611,Chris Rodriguez Jr.,RB,32,2,JAX,PHI,43,-7,25,NA,NA,NA,0,PENDING,rushing_yards,26.198225021362305,27,0.7502916829219586,26.398434901953205
2026_05_PHI_JAX,2026,5,2026-10-11,00-0032104,Ameer Abdullah,RB,81,3,JAX,PHI,43,-7,25,NA,NA,NA,0,PENDING,rushing_yards,14.473179817199707,11.25,0.7502916829219586,13.668325009406859
2026_05_PHI_JAX,2026,5,2026-10-11,00-0040238,LeQuint Allen Jr.,RB,19,4,JAX,PHI,43,-7,25,NA,NA,NA,0,PENDING,rushing_yards,7.270308017730713,0,0.7502916829219586,5.454851637984185
2026_05_PHI_JAX,2026,5,2026-10-11,00-0038935,Brenton Strange,TE,37,1,JAX,PHI,43,-7,25,NA,NA,NA,0,PENDING,rushing_yards,2.702561378479004,0,0.7502916829219586,2.0277093248589
2026_05_PHI_JAX,2026,5,2026-10-11,00-0041503,Nate Boerkircher,TE,3,2,JAX,PHI,43,-7,25,NA,NA,NA,0,PENDING,rushing_yards,3.104168653488159,0,0.7502916829219586,2.329031923099221
2026_05_PHI_JAX,2026,5,2026-10-11,00-0036590,Quintin Morris,TE,35,3,JAX,PHI,43,-7,25,NA,NA,NA,0,PENDING,rushing_yards,2.792811393737793,0,0.7502916829219586,2.0954231606911495
2026_05_PHI_JAX,2026,5,2026-10-11,00-0038606,Parker Washington,WR,42,1,JAX,PHI,43,-7,25,NA,NA,NA,0,PENDING,rushing_yards,2.4662604331970215,0.75,0.7502916829219586,2.0376959287557628
2026_05_PHI_JAX,2026,5,2026-10-11,00-0034960,Jakobi Meyers,WR,81,2,JAX,PHI,43,-7,25,NA,NA,NA,0,PENDING,rushing_yards,2.8441081047058105,0.5,0.7502916829219586,2.2587648148307253
2026_05_PHI_JAX,2026,5,2026-10-11,00-0039893,Brian Thomas Jr.,WR,35,3,JAX,PHI,43,-7,25,NA,NA,NA,0,PENDING,rushing_yards,2.3168747425079346,0,0.7502916829219586,1.7383318496756577
2026_05_PHI_JAX,2026,5,2026-10-11,00-0041100,Josh Cameron,WR,4,4,JAX,PHI,43,-7,25,NA,NA,NA,0,PENDING,rushing_yards,2.893367290496826,0,0.7502916829219586,2.170869413698211
2026_05_PHI_JAX,2026,5,2026-10-11,00-0040718,Travis Hunter,WR,0,5,JAX,PHI,43,-7,25,NA,NA,NA,0,PENDING,rushing_yards,3.3670055866241455,0,0.7502916829219586,2.5262362879958666
2026_05_DEN_LAC,2026,5,2026-10-11,00-0036355,Justin Herbert,QB,84,1,LAC,DEN,42.5,3.5,19.5,70,0,0,1,VERIFIED_DOME,rushing_yards,20.019044876098633,22,0.7502916829219586,20.513705846295167
2026_05_DEN_LAC,2026,5,2026-10-11,00-0040666,Omarion Hampton,RB,13,1,LAC,DEN,42.5,3.5,19.5,70,0,0,1,VERIFIED_DOME,rushing_yards,58.00673294067383,59.5,0.7502916829219586,58.379614145006244
2026_05_DEN_LAC,2026,5,2026-10-11,00-0038454,Keaton Mitchell,RB,28,2,LAC,DEN,42.5,3.5,19.5,70,0,0,1,VERIFIED_DOME,rushing_yards,30.258005142211914,31,0.7502916829219586,30.443287429430736
2026_05_DEN_LAC,2026,5,2026-10-11,00-0039391,Kimani Vidal,RB,25,3,LAC,DEN,42.5,3.5,19.5,70,0,0,1,VERIFIED_DOME,rushing_yards,11.583518028259277,10.333333333333334,0.7502916829219586,11.271336512052596
2026_05_DEN_LAC,2026,5,2026-10-11,00-0035125,Alec Ingold,RB,52,4,LAC,DEN,42.5,3.5,19.5,70,0,0,1,VERIFIED_DOME,rushing_yards,6.4890241622924805,0,0.7502916829219586,4.868660859247678
2026_05_DEN_LAC,2026,5,2026-10-11,00-0040189,Oronde Gadsden II,TE,19,1,LAC,DEN,42.5,3.5,19.5,70,0,0,1,VERIFIED_DOME,rushing_yards,3.0608294010162354,0.5,0.7502916829219586,2.421369000964502
2026_05_DEN_LAC,2026,5,2026-10-11,00-0039489,Hayden Rucci,TE,2,2,LAC,DEN,42.5,3.5,19.5,70,0,0,1,VERIFIED_DOME,rushing_yards,3.1990599632263184,0,0.7502916829219586,2.4002280835773333
2026_05_DEN_LAC,2026,5,2026-10-11,00-0040331,Patrick Herbert,TE,1,3,LAC,DEN,42.5,3.5,19.5,70,0,0,1,VERIFIED_DOME,rushing_yards,3.3821210861206055,0,0.7502916829219586,2.5375773215512716
2026_05_DEN_LAC,2026,5,2026-10-11,00-0040727,Tre Harris,WR,20,1,LAC,DEN,42.5,3.5,19.5,70,0,0,1,VERIFIED_DOME,rushing_yards,2.6758005619049072,0,0.7502916829219586,2.007630906755155
2026_05_DEN_LAC,2026,5,2026-10-11,00-0038544,Quentin Johnston,WR,49,2,LAC,DEN,42.5,3.5,19.5,70,0,0,1,VERIFIED_DOME,rushing_yards,2.750030755996704,0.75,0.7502916829219586,2.2506064418124443
2026_05_DEN_LAC,2026,5,2026-10-11,00-0039915,Ladd McConkey,WR,36,3,LAC,DEN,42.5,3.5,19.5,70,0,0,1,VERIFIED_DOME,rushing_yards,2.6332781314849854,0,0.7502916829219586,1.9757266808734602
2026_05_DEN_LAC,2026,5,2026-10-11,00-0034272,Marquez Valdes-Scantling,WR,68,4,LAC,DEN,42.5,3.5,19.5,70,0,0,1,VERIFIED_DOME,rushing_yards,2.6610498428344727,0,0.7502916829219586,1.99656356491949
2026_05_DEN_LAC,2026,5,2026-10-11,00-0038573,Derius Davis,WR,47,5,LAC,DEN,42.5,3.5,19.5,70,0,0,1,VERIFIED_DOME,rushing_yards,2.1199543476104736,0,0.7502916829219586,1.590584115186385
2026_05_BUF_LA,2026,5,2026-10-12,00-0026498,Matthew Stafford,QB,78,1,LAR,BUF,54.5,-3,28.75,70,0,0,1,VERIFIED_DOME,rushing_yards,9.77979564666748,5.25,0.7502916829219586,8.648667999030707
2026_05_BUF_LA,2026,5,2026-10-12,00-0037840,Kyren Williams,RB,57,1,LAR,BUF,54.5,-3,28.75,70,0,0,1,VERIFIED_DOME,rushing_yards,61.104068756103516,73.5,0.7502916829219586,64.19943588563201
2026_05_BUF_LA,2026,5,2026-10-12,00-0039738,Blake Corum,RB,36,2,LAR,BUF,54.5,-3,28.75,70,0,0,1,VERIFIED_DOME,rushing_yards,37.57707595825195,40.5,0.7502916829219586,38.3069544016638
2026_05_BUF_LA,2026,5,2026-10-12,00-0041415,Dean Connors,RB,2,3,LAR,BUF,54.5,-3,28.75,70,0,0,1,VERIFIED_DOME,rushing_yards,7.490197658538818,0,0.7502916829219586,5.619833006643204
2026_05_BUF_LA,2026,5,2026-10-12,00-0033110,Tyler Higbee,TE,62,1,LAR,BUF,54.5,-3,28.75,70,0,0,1,VERIFIED_DOME,rushing_yards,2.4074316024780273,0,0.7502916829219586,1.8062759085427467
2026_05_BUF_LA,2026,5,2026-10-12,00-0039074,Davis Allen,TE,33,2,LAR,BUF,54.5,-3,28.75,70,0,0,1,VERIFIED_DOME,rushing_yards,3.4380459785461426,0,0.7502916829219586,2.579537303206457
2026_05_BUF_LA,2026,5,2026-10-12,00-0041510,Max Klare,TE,0,3,LAR,BUF,54.5,-3,28.75,70,0,0,1,VERIFIED_DOME,rushing_yards,3.434260606765747,0,0.7502916829219586,2.576697170242859
2026_05_BUF_LA,2026,5,2026-10-12,00-0039075,Puka Nacua,WR,46,1,LAR,BUF,54.5,-3,28.75,70,0,0,1,VERIFIED_DOME,rushing_yards,2.680668830871582,2.854166666666667,0.7502916829219586,2.7239926834646555
2026_05_BUF_LA,2026,5,2026-10-12,00-0031381,Davante Adams,WR,82,2,LAR,BUF,54.5,-3,28.75,70,0,0,1,VERIFIED_DOME,rushing_yards,2.6993563175201416,0,0.7502916829219586,2.0253045942782077
2026_05_BUF_LA,2026,5,2026-10-12,00-0040590,Konata Mumpfield,WR,14,3,LAR,BUF,54.5,-3,28.75,70,0,0,1,VERIFIED_DOME,rushing_yards,2.9054665565490723,0,0.7502916829219586,2.1799473923866715
2026_05_BUF_LA,2026,5,2026-10-12,00-0036849,Tutu Atwell,WR,57,4,LAR,BUF,54.5,-3,28.75,70,0,0,1,VERIFIED_DOME,rushing_yards,2.579622983932495,0,0.7502916829219586,1.9354696699188763
2026_05_BUF_LA,2026,5,2026-10-12,00-0039751,Jordan Whittington,WR,31,5,LAR,BUF,54.5,-3,28.75,70,0,0,1,VERIFIED_DOME,rushing_yards,2.597677707672119,0.2666666666666667,0.7502916829219586,2.0156048635323143
2026_05_LV_NE,2026,5,2026-10-11,00-0029604,Kirk Cousins,QB,69,1,LV,NE,45,3.5,20.75,NA,NA,NA,0,PENDING,rushing_yards,9.158661842346191,-0.5,0.7502916829219586,6.746813648468029
2026_05_LV_NE,2026,5,2026-10-11,00-0040122,Ashton Jeanty,RB,21,1,LV,NE,45,3.5,20.75,NA,NA,NA,0,PENDING,rushing_yards,58.79665756225586,66,0.7502916829219586,60.59539207972178
2026_05_LV_NE,2026,5,2026-10-11,00-0040878,Mike Washington Jr.,RB,4,2,LV,NE,45,3.5,20.75,NA,NA,NA,0,PENDING,rushing_yards,23.781936645507813,30,0.7502916829219586,25.334638781242695
2026_05_LV_NE,2026,5,2026-10-11,00-0037304,Connor Heyward,RB,59,3,LV,NE,45,3.5,20.75,NA,NA,NA,0,PENDING,rushing_yards,7.143776893615723,-0.5,0.7502916829219586,5.235062229390921
2026_05_LV_NE,2026,5,2026-10-11,00-0039407,Dylan Laube,RB,27,4,LV,NE,45,3.5,20.75,NA,NA,NA,0,PENDING,rushing_yards,6.381690502166748,0,0.7502916829219586,4.788129306757768
2026_05_LV_NE,2026,5,2026-10-11,00-0039338,Brock Bowers,TE,31,1,LV,NE,45,3.5,20.75,NA,NA,NA,0,PENDING,rushing_yards,2.8612194061279297,0.05555555555555556,0.7502916829219586,2.1606218077148047
2026_05_LV_NE,2026,5,2026-10-11,00-0039066,Michael Mayer,TE,41,2,LV,NE,45,3.5,20.75,NA,NA,NA,0,PENDING,rushing_yards,2.475881576538086,0,0.7502916829219586,1.8576333547762325
2026_05_LV_NE,2026,5,2026-10-11,00-0034365,Ian Thomas,TE,49,3,LV,NE,45,3.5,20.75,NA,NA,NA,0,PENDING,rushing_yards,2.4834108352661133,0,0.7502916829219586,1.863282494978439
2026_05_LV_NE,2026,5,2026-10-11,00-0038563,Tre Tucker,WR,51,1,LV,NE,45,3.5,20.75,NA,NA,NA,0,PENDING,rushing_yards,2.628683567047119,0,0.7502916829219586,1.97227941738908
2026_05_LV_NE,2026,5,2026-10-11,00-0037291,Jalen Nailor,WR,46,2,LV,NE,45,3.5,20.75,NA,NA,NA,0,PENDING,rushing_yards,2.6694018840789795,0,0.7502916829219586,2.0028300320006647
2026_05_LV_NE,2026,5,2026-10-11,00-0035891,Cody White,WR,21,3,LV,NE,45,3.5,20.75,NA,NA,NA,0,PENDING,rushing_yards,2.6010358333587646,0,0.7502916829219586,1.9515355527510665
2026_05_LV_NE,2026,5,2026-10-11,00-0040894,Malik Benson,WR,4,4,LV,NE,45,3.5,20.75,NA,NA,NA,0,PENDING,rushing_yards,3.1213502883911133,-2,0.7502916829219586,1.8425065267098262
2026_05_LV_NE,2026,5,2026-10-11,00-0037093,Dareke Young,WR,26,5,LV,NE,45,3.5,20.75,NA,NA,NA,0,PENDING,rushing_yards,3.025181770324707,0,0.7502916829219586,2.2697687216017544
2026_05_CIN_MIA,2026,5,2026-10-11,00-0038128,Malik Willis,QB,23,1,MIA,CIN,42.5,7,17.75,NA,NA,NA,0,PENDING,rushing_yards,21.667762756347656,28,0.7502916829219586,23.24897506179898
2026_05_CIN_MIA,2026,5,2026-10-11,00-0040198,Ollie Gordon II,RB,20,1,MIA,CIN,42.5,7,17.75,NA,NA,NA,0,PENDING,rushing_yards,47.99694061279297,49.333333333333336,0.7502916829219586,48.330648989994444
2026_05_CIN_MIA,2026,5,2026-10-11,00-0039874,Jaylen Wright,RB,25,2,MIA,CIN,42.5,7,17.75,NA,NA,NA,0,PENDING,rushing_yards,9.933671951293945,5.666666666666667,0.7502916829219586,8.868165242706558
2026_05_CIN_MIA,2026,5,2026-10-11,00-0041436,DJ Herman,RB,2,3,MIA,CIN,42.5,7,17.75,NA,NA,NA,0,PENDING,rushing_yards,6.119869709014893,0,0.7502916829219586,4.591687343239901
2026_05_CIN_MIA,2026,5,2026-10-11,00-0038930,Carlos Washington,RB,0,4,MIA,CIN,42.5,7,17.75,NA,NA,NA,0,PENDING,rushing_yards,3.4291367530822754,0,0.7502916829219586,2.572852785439641
2026_05_CIN_MIA,2026,5,2026-10-11,00-0037252,Greg Dulcich,TE,28,1,MIA,CIN,42.5,7,17.75,NA,NA,NA,0,PENDING,rushing_yards,2.5709140300750732,0,0.7502916829219586,1.9289354142727015
2026_05_CIN_MIA,2026,5,2026-10-11,00-0041524,Will Kacmarek,TE,4,2,MIA,CIN,42.5,7,17.75,NA,NA,NA,0,PENDING,rushing_yards,2.7714858055114746,0,0.7502916829219586,2.0794227492115245
2026_05_CIN_MIA,2026,5,2026-10-11,00-0041579,Seydou Traore,TE,0,3,MIA,CIN,42.5,7,17.75,NA,NA,NA,0,PENDING,rushing_yards,3.4291367530822754,0,0.7502916829219586,2.572852785439641
2026_05_CIN_MIA,2026,5,2026-10-11,00-0039880,Malik Washington,WR,35,1,MIA,CIN,42.5,7,17.75,NA,NA,NA,0,PENDING,rushing_yards,3.0326642990112305,3,0.7502916829219586,3.0245077518766026
2026_05_CIN_MIA,2026,5,2026-10-11,00-0041529,Kevin Coleman Jr.,WR,3,2,MIA,CIN,42.5,7,17.75,NA,NA,NA,0,PENDING,rushing_yards,2.7346699237823486,0,0.7502916829219586,2.0518000993507224
2026_05_CIN_MIA,2026,5,2026-10-11,00-0041525,Chris Bell,WR,4,3,MIA,CIN,42.5,7,17.75,NA,NA,NA,0,PENDING,rushing_yards,2.713247299194336,0,0.7502916829219586,2.035726882295977
2026_05_CIN_MIA,2026,5,2026-10-11,00-0037666,Jalen Tolbert,WR,47,4,MIA,CIN,42.5,7,17.75,NA,NA,NA,0,PENDING,rushing_yards,2.482670783996582,0,0.7502916829219586,1.8627272406659738
2026_05_CIN_MIA,2026,5,2026-10-11,00-0038824,Ryan Miller,WR,21,5,MIA,CIN,42.5,7,17.75,NA,NA,NA,0,PENDING,rushing_yards,2.6284148693084717,0,0.7502916829219586,1.972077815710553
2026_05_LV_NE,2026,5,2026-10-11,00-0039851,Drake Maye,QB,34,1,NE,LV,45,-3.5,24.25,NA,NA,NA,0,PENDING,rushing_yards,24.690279006958008,34,0.7502916829219586,27.01499376859664
2026_05_LV_NE,2026,5,2026-10-11,00-0036875,Rhamondre Stevenson,RB,74,1,NE,LV,45,-3.5,24.25,NA,NA,NA,0,PENDING,rushing_yards,44.857154846191406,40.75,0.7502916829219586,43.83156412157003
2026_05_LV_NE,2026,5,2026-10-11,00-0040734,TreVeyon Henderson,RB,20,2,NE,LV,45,-3.5,24.25,NA,NA,NA,0,PENDING,rushing_yards,46.35618209838867,47,0.7502916829219586,46.51694878310475
2026_05_LV_NE,2026,5,2026-10-11,00-0040556,Corey Kiner,RB,8,3,NE,LV,45,-3.5,24.25,NA,NA,NA,0,PENDING,rushing_yards,14.546297073364258,7.25,0.7502916829219586,12.72435101027303
2026_05_LV_NE,2026,5,2026-10-11,00-0036187,Reggie Gilliam,RB,39,4,NE,LV,45,-3.5,24.25,NA,NA,NA,0,PENDING,rushing_yards,6.858030796051025,0.24242424242424246,0.7502916829219586,5.206058817094419
2026_05_LV_NE,2026,5,2026-10-11,00-0033090,Hunter Henry,TE,82,1,NE,LV,45,-3.5,24.25,NA,NA,NA,0,PENDING,rushing_yards,2.733217716217041,0,0.7502916829219586,2.0507105200925957
2026_05_LV_NE,2026,5,2026-10-11,00-0041395,Eli Raridon,TE,3,2,NE,LV,45,-3.5,24.25,NA,NA,NA,0,PENDING,rushing_yards,2.8101327419281006,0,0.7502916829219586,2.1084192241753326
2026_05_LV_NE,2026,5,2026-10-11,00-0038564,Cameron Latu,TE,13,3,NE,LV,45,-3.5,24.25,NA,NA,NA,0,PENDING,rushing_yards,3.0585436820983887,0,0.7502916829219586,2.294799886531924
2026_05_LV_NE,2026,5,2026-10-11,00-0033555,Mack Hollins,WR,79,1,NE,LV,45,-3.5,24.25,NA,NA,NA,0,PENDING,rushing_yards,2.4969167709350586,0,0.7502916829219586,1.8734158861809276
2026_05_LV_NE,2026,5,2026-10-11,00-0037816,Romeo Doubs,WR,63,2,NE,LV,45,-3.5,24.25,NA,NA,NA,0,PENDING,rushing_yards,2.647181272506714,0,0.7502916829219586,1.9861580919485542
2026_05_LV_NE,2026,5,2026-10-11,00-0038621,DeMario Douglas,WR,50,3,NE,LV,45,-3.5,24.25,NA,NA,NA,0,PENDING,rushing_yards,2.4969167709350586,0,0.7502916829219586,1.8734158861809276
2026_05_LV_NE,2026,5,2026-10-11,00-0040563,Efton Chism III,WR,11,4,NE,LV,45,-3.5,24.25,NA,NA,NA,0,PENDING,rushing_yards,2.579622983932495,0,0.7502916829219586,1.9354696699188763
2026_05_LV_NE,2026,5,2026-10-11,00-0040131,Kyle Williams,WR,18,5,NE,LV,45,-3.5,24.25,NA,NA,NA,0,PENDING,rushing_yards,2.6131348609924316,0,0.7502916829219586,1.9606133525560498
2026_05_NYG_WAS,2026,5,2026-10-11,00-0031503,Jameis Winston,QB,33,1,NYG,WAS,43.5,3.5,20,NA,NA,NA,0,PENDING,rushing_yards,4.622966766357422,5,0.7502916829219586,4.717115100612802
2026_05_NYG_WAS,2026,5,2026-10-11,00-0040715,Cam Skattebo,RB,12,1,NYG,WAS,43.5,3.5,20,NA,NA,NA,0,PENDING,rushing_yards,57.3002815246582,58.75,0.7502916829219586,57.662288285372746
2026_05_NYG_WAS,2026,5,2026-10-11,00-0036893,Najee Harris,RB,74,2,NYG,WAS,43.5,3.5,20,NA,NA,NA,0,PENDING,rushing_yards,25.424182891845703,29.333333333333332,0.7502916829219586,26.40033026979446
2026_05_NYG_WAS,2026,5,2026-10-11,00-0033376,Patrick Ricard,RB,44,3,NYG,WAS,43.5,3.5,20,NA,NA,NA,0,PENDING,rushing_yards,5.029606342315674,0.2,0.7502916829219586,3.823613470426592
2026_05_NYG_WAS,2026,5,2026-10-11,00-0039384,Tyrone Tracy Jr.,RB,36,4,NYG,WAS,43.5,3.5,20,NA,NA,NA,0,PENDING,rushing_yards,7.073450565338135,4,0.7502916829219586,6.305984397044994
2026_05_NYG_WAS,2026,5,2026-10-11,00-0037838,Isaiah Likely,TE,59,1,NYG,WAS,43.5,3.5,20,NA,NA,NA,0,PENDING,rushing_yards,2.9559428691864014,0,0.7502916829219586,2.217819349943028
2026_05_NYG_WAS,2026,5,2026-10-11,00-0039847,Theo Johnson,TE,29,2,NYG,WAS,43.5,3.5,20,NA,NA,NA,0,PENDING,rushing_yards,2.4633750915527344,0,0.7502916829219586,1.8482498431091348
2026_05_NYG_WAS,2026,5,2026-10-11,00-0031484,Chris Manhertz,TE,37,3,NYG,WAS,43.5,3.5,20,NA,NA,NA,0,PENDING,rushing_yards,2.8614001274108887,0,0.7502916829219586,2.146884717108222
2026_05_NYG_WAS,2026,5,2026-10-11,00-0039337,Malik Nabers,WR,23,1,NYG,WAS,43.5,3.5,20,NA,NA,NA,0,PENDING,rushing_yards,2.5283915996551514,0,0.7502916829219586,1.8970311883910065
2026_05_NYG_WAS,2026,5,2026-10-11,00-0041042,Malachi Fields,WR,4,2,NYG,WAS,43.5,3.5,20,NA,NA,NA,0,PENDING,rushing_yards,2.8401591777801514,0,0.7502916829219586,2.1309478092629157
2026_05_NYG_WAS,2026,5,2026-10-11,00-0036309,Darnell Mooney,WR,77,3,NYG,WAS,43.5,3.5,20,NA,NA,NA,0,PENDING,rushing_yards,2.441483497619629,2.25,0.7502916829219586,2.393668475680814
2026_05_NYG_WAS,2026,5,2026-10-11,00-0034419,Braxton Berrios,WR,63,4,NYG,WAS,43.5,3.5,20,NA,NA,NA,0,PENDING,rushing_yards,2.8614001274108887,0,0.7502916829219586,2.146884717108222
2026_05_NYG_WAS,2026,5,2026-10-11,00-0038576,Charlie Jones,WR,33,5,NYG,WAS,43.5,3.5,20,NA,NA,NA,0,PENDING,rushing_yards,2.8614001274108887,0,0.7502916829219586,2.146884717108222
2026_05_CLE_NYJ,2026,5,2026-10-11,00-0030565,Geno Smith,QB,72,1,NYJ,CLE,40,-2,21,NA,NA,NA,0,PENDING,rushing_yards,11.053930282592773,9,0.7502916829219586,10.541046808330904
2026_05_CLE_NYJ,2026,5,2026-10-11,00-0039794,Braelon Allen,RB,25,1,NYJ,CLE,40,-2,21,NA,NA,NA,0,PENDING,rushing_yards,36.37649917602539,30,0.7502916829219586,34.784234297930574
2026_05_CLE_NYJ,2026,5,2026-10-11,00-0036842,Kene Nwangwu,RB,44,2,NYJ,CLE,40,-2,21,NA,NA,NA,0,PENDING,rushing_yards,7.677214622497559,3.266666666666667,0.7502916829219586,6.5758641150550305
2026_05_CLE_NYJ,2026,5,2026-10-11,00-0034959,Andrew Beck,RB,37,3,NYJ,CLE,40,-2,21,NA,NA,NA,0,PENDING,rushing_yards,6.858030796051025,0.15151515151515152,0.7502916829219586,5.183358060996416
2026_05_CLE_NYJ,2026,5,2026-10-11,00-0039798,Isaiah Davis,RB,32,4,NYJ,CLE,40,-2,21,NA,NA,NA,0,PENDING,rushing_yards,7.692958831787109,0,0.7502916829219586,5.7719630285508945
2026_05_CLE_NYJ,2026,5,2026-10-11,00-0041032,Kenyon Sadiq,TE,4,1,NYJ,CLE,40,-2,21,NA,NA,NA,0,PENDING,rushing_yards,2.5535833835601807,0.75,0.7502916829219586,2.1032136121414484
2026_05_CLE_NYJ,2026,5,2026-10-11,00-0037805,Jeremy Ruckert,TE,43,2,NYJ,CLE,40,-2,21,NA,NA,NA,0,PENDING,rushing_yards,2.741163969039917,0,0.7502916829219586,2.0566725274959947
2026_05_CLE_NYJ,2026,5,2026-10-11,00-0037755,Jelani Woods,TE,16,3,NYJ,CLE,40,-2,21,NA,NA,NA,0,PENDING,rushing_yards,2.597677707672119,0,0.7502916829219586,1.9490159789781698
2026_05_CLE_NYJ,2026,5,2026-10-11,00-0037740,Garrett Wilson,WR,62,1,NYJ,CLE,40,-2,21,NA,NA,NA,0,PENDING,rushing_yards,2.5711469650268555,0,0.7502916829219586,1.9291101834296855
2026_05_CLE_NYJ,2026,5,2026-10-11,00-0039451,Isaiah Williams,WR,27,2,NYJ,CLE,40,-2,21,NA,NA,NA,0,PENDING,rushing_yards,2.7782912254333496,3.5,0.7502916829219586,2.9585079089508435
2026_05_CLE_NYJ,2026,5,2026-10-11,00-0032385,Sterling Shepard,WR,48,3,NYJ,CLE,40,-2,21,NA,NA,NA,0,PENDING,rushing_yards,2.230166435241699,0.4871794871794872,0.7502916829219586,1.7949280977520927
2026_05_CLE_NYJ,2026,5,2026-10-11,00-0040405,Jamaal Pritchett,WR,1,4,NYJ,CLE,40,-2,21,NA,NA,NA,0,PENDING,rushing_yards,3.6812808513641357,0,0.7502916829219586,2.762034405278378
2026_05_CLE_NYJ,2026,5,2026-10-11,00-0041267,Malik McClain,WR,1,5,NYJ,CLE,40,-2,21,NA,NA,NA,0,PENDING,rushing_yards,3.7793803215026855,0,0.7502916829219586,2.8356376218223827
2026_05_PHI_JAX,2026,5,2026-10-11,00-0036389,Jalen Hurts,QB,82,1,PHI,JAX,43,7,18,NA,NA,NA,0,PENDING,rushing_yards,22.292654037475586,26.25,0.7502916829219586,23.28083623787314
2026_05_PHI_JAX,2026,5,2026-10-11,00-0034844,Saquon Barkley,RB,79,1,PHI,JAX,43,7,18,NA,NA,NA,0,PENDING,rushing_yards,32.9022216796875,45.5,0.7502916829219586,36.04799170297497
2026_05_PHI_JAX,2026,5,2026-10-11,00-0038555,Tank Bigsby,RB,48,2,PHI,JAX,43,7,18,NA,NA,NA,0,PENDING,rushing_yards,28.063745498657227,22.75,0.7502916829219586,26.736859052806512
2026_05_PHI_JAX,2026,5,2026-10-11,00-0039746,Will Shipley,RB,31,3,PHI,JAX,43,7,18,NA,NA,NA,0,PENDING,rushing_yards,15.0864896774292,12.75,0.7502916829219586,14.503048772208139
2026_05_PHI_JAX,2026,5,2026-10-11,00-0030061,Zach Ertz,TE,66,1,PHI,JAX,43,7,18,NA,NA,NA,0,PENDING,rushing_yards,2.4160797595977783,0,0.7502916829219586,1.812764548902298
2026_05_PHI_JAX,2026,5,2026-10-11,00-0033246,Johnny Mundt,TE,55,2,PHI,JAX,43,7,18,NA,NA,NA,0,PENDING,rushing_yards,2.6115095615386963,0,0.7502916829219586,1.9593939038936545
2026_05_PHI_JAX,2026,5,2026-10-11,00-0036332,Josiah Deguara,TE,46,3,PHI,JAX,43,7,18,NA,NA,NA,0,PENDING,rushing_yards,2.6488349437713623,0,0.7502916829219586,1.987398827744707
2026_05_PHI_JAX,2026,5,2026-10-11,00-0038393,Dontayvion Wicks,WR,49,1,PHI,JAX,43,7,18,NA,NA,NA,0,PENDING,rushing_yards,2.4541614055633545,0,0.7502916829219586,1.8413368911422485
2026_05_PHI_JAX,2026,5,2026-10-11,00-0040867,Makai Lemon,WR,4,2,PHI,JAX,43,7,18,NA,NA,NA,0,PENDING,rushing_yards,2.7539656162261963,-1.25,0.7502916829219586,1.75414210056001
2026_05_PHI_JAX,2026,5,2026-10-11,00-0036980,Elijah Moore,WR,67,3,PHI,JAX,43,7,18,NA,NA,NA,0,PENDING,rushing_yards,2.4822018146514893,2.6666666666666665,0.7502916829219586,2.528264222408249
2026_05_PHI_JAX,2026,5,2026-10-11,00-0040024,Darius Cooper,WR,10,4,PHI,JAX,43,7,18,NA,NA,NA,0,PENDING,rushing_yards,2.6779184341430664,0,0.7502916829219586,2.0092199286809374
2026_05_PHI_JAX,2026,5,2026-10-11,00-0037132,Britain Covey,WR,47,5,PHI,JAX,43,7,18,NA,NA,NA,0,PENDING,rushing_yards,2.9487533569335938,0,0.7502916829219586,2.212425118695481
2026_05_IND_PIT,2026,5,2026-10-11,00-0023459,Aaron Rodgers,QB,71,1,PIT,IND,44.5,-2.5,23.5,NA,NA,NA,0,PENDING,rushing_yards,6.148733139038086,3,0.7502916829219586,5.362468285961027
2026_05_IND_PIT,2026,5,2026-10-11,00-0037228,Jaylen Warren,RB,68,1,PIT,IND,44.5,-2.5,23.5,NA,NA,NA,0,PENDING,rushing_yards,66.274505615234375,77.25,0.7502916829219586,69.0151778471537
2026_05_IND_PIT,2026,5,2026-10-11,00-0035594,Travis Homer,RB,50,2,PIT,IND,44.5,-2.5,23.5,NA,NA,NA,0,PENDING,rushing_yards,9.603432655334473,5,0.7502916829219586,8.453917234188802
2026_05_IND_PIT,2026,5,2026-10-11,00-0038409,Lew Nichols III,RB,3,3,PIT,IND,44.5,-2.5,23.5,NA,NA,NA,0,PENDING,rushing_yards,7.751407623291016,0,0.7502916829219586,5.815816670693115
2026_05_IND_PIT,2026,5,2026-10-11,00-0041398,Riley Nowakowski,RB,1,4,PIT,IND,44.5,-2.5,23.5,NA,NA,NA,0,PENDING,rushing_yards,7.934468746185303,0,0.7502916829219586,5.953165908667053
2026_05_IND_PIT,2026,5,2026-10-11,00-0036894,Pat Freiermuth,TE,78,1,PIT,IND,44.5,-2.5,23.5,NA,NA,NA,0,PENDING,rushing_yards,2.38903546333313,0.75,0.7502916829219586,1.9797546761529863
2026_05_IND_PIT,2026,5,2026-10-11,00-0038558,Darnell Washington,TE,38,2,PIT,IND,44.5,-2.5,23.5,NA,NA,NA,0,PENDING,rushing_yards,2.4487688541412354,0,0.7502916829219586,1.8372909046605035
2026_05_IND_PIT,2026,5,2026-10-11,00-0033757,Robert Tonyan,TE,40,3,PIT,IND,44.5,-2.5,23.5,NA,NA,NA,0,PENDING,rushing_yards,2.886622190475464,0,0.7502916829219586,2.1658086212517063
2026_05_IND_PIT,2026,5,2026-10-11,00-0035640,DK Metcalf,WR,84,1,PIT,IND,44.5,-2.5,23.5,NA,NA,NA,0,PENDING,rushing_yards,2.2426445484161377,0,0.7502916829219586,1.6826375524268997
2026_05_IND_PIT,2026,5,2026-10-11,00-0039739,Roman Wilson,WR,13,2,PIT,IND,44.5,-2.5,23.5,NA,NA,NA,0,PENDING,rushing_yards,2.3920302391052246,0,0.7502916829219586,1.794720393698474
2026_05_IND_PIT,2026,5,2026-10-11,00-0036252,Michael Pittman,WR,85,3,PIT,IND,44.5,-2.5,23.5,NA,NA,NA,0,PENDING,rushing_yards,2.4894871711730957,0,0.7502916829219586,1.8678415192720879
2026_05_IND_PIT,2026,5,2026-10-11,00-0041489,Germie Bernard,WR,3,4,PIT,IND,44.5,-2.5,23.5,NA,NA,NA,0,PENDING,rushing_yards,2.6918344497680664,0,0.7502916829219586,2.019660999463787
2026_05_IND_PIT,2026,5,2026-10-11,00-0036862,Ben Skowronek,WR,67,5,PIT,IND,44.5,-2.5,23.5,NA,NA,NA,0,PENDING,rushing_yards,2.566283702850342,0,0.7502916829219586,1.9254613182667784
2026_05_SF_SEA,2026,5,2026-10-11,00-0034869,Sam Darnold,QB,65,1,SEA,SF,47,-3,25,NA,NA,NA,0,PENDING,rushing_yards,4.277395248413086,3.6666666666666665,0.7502916829219586,4.124891242073729
2026_05_SF_SEA,2026,5,2026-10-11,00-0038797,Emanuel Wilson,RB,43,1,SEA,SF,47,-3,25,NA,NA,NA,0,PENDING,rushing_yards,62.23963165283203,47.5,0.7502916829219586,58.55902303845312
2026_05_SF_SEA,2026,5,2026-10-11,00-0039299,George Holani,RB,17,2,SEA,SF,47,-3,25,NA,NA,NA,0,PENDING,rushing_yards,21.962560653686523,17.5,0.7502916829219586,20.848222142995777
2026_05_SF_SEA,2026,5,2026-10-11,00-0038488,Brady Russell,RB,27,3,SEA,SF,47,-3,25,NA,NA,NA,0,PENDING,rushing_yards,6.694694519042969,0,0.7502916829219586,5.022973617341161
2026_05_SF_SEA,2026,5,2026-10-11,00-0037745,Velus Jones Jr.,RB,31,4,SEA,SF,47,-3,25,NA,NA,NA,0,PENDING,rushing_yards,9.533666610717773,6.4,0.7502916829219586,8.751163995071789
2026_05_SF_SEA,2026,5,2026-10-11,00-0039793,AJ Barner,TE,36,1,SEA,SF,47,-3,25,NA,NA,NA,0,PENDING,rushing_yards,2.632766008377075,0.25,0.7502916829219586,2.0377695184344735
2026_05_SF_SEA,2026,5,2026-10-11,00-0040739,Elijah Arroyo,TE,14,2,SEA,SF,47,-3,25,NA,NA,NA,0,PENDING,rushing_yards,2.2066609859466553,0,0.7502916829219586,1.6556393847841444
2026_05_SF_SEA,2026,5,2026-10-11,00-0033576,Eric Saubert,TE,52,3,SEA,SF,47,-3,25,NA,NA,NA,0,PENDING,rushing_yards,3.1551010608673096,0,0.7502916829219586,2.3672460847469905
2026_05_SF_SEA,2026,5,2026-10-11,00-0038543,Jaxon Smith-Njigba,WR,55,1,SEA,SF,47,-3,25,NA,NA,NA,0,PENDING,rushing_yards,3.4052371978759766,0,0.7502916829219586,2.554921147942821
2026_05_SF_SEA,2026,5,2026-10-11,00-0037545,Rashid Shaheed,WR,55,2,SEA,SF,47,-3,25,NA,NA,NA,0,PENDING,rushing_yards,3.8928134441375732,9.25,0.7502916829219586,5.230547483275089
2026_05_SF_SEA,2026,5,2026-10-11,00-0033908,Cooper Kupp,WR,70,3,SEA,SF,47,-3,25,NA,NA,NA,0,PENDING,rushing_yards,2.1327404975891113,0,0.7502916829219586,1.6001774571719496
2026_05_SF_SEA,2026,5,2026-10-11,00-0040648,Tory Horton,WR,10,4,SEA,SF,47,-3,25,NA,NA,NA,0,PENDING,rushing_yards,2.525426149368286,0,0.7502916829219586,1.894806235704653
2026_05_SF_SEA,2026,5,2026-10-11,00-0037834,Brock Purdy,QB,53,1,SF,SEA,47,3,22,NA,NA,NA,0,PENDING,rushing_yards,23.6910343170166,30.5,0.7502916829219586,25.391289678756525
2026_05_SF_SEA,2026,5,2026-10-11,00-0033280,Christian McCaffrey,RB,65,1,SF,SEA,47,3,22,NA,NA,NA,0,PENDING,rushing_yards,51.34382629394531,54.5,0.7502916829219586,52.1319491184902
2026_05_SF_SEA,2026,5,2026-10-11,00-0041052,Kaelon Black,RB,4,2,SF,SEA,47,3,22,NA,NA,NA,0,PENDING,rushing_yards,25.44223976135254,30,0.7502916829219586,26.58035040019041
2026_05_SF_SEA,2026,5,2026-10-11,00-0029892,Kyle Juszczyk,RB,72,3,SF,SEA,47,3,22,NA,NA,NA,0,PENDING,rushing_yards,4.1995086669921875,0,0.7502916829219586,3.150856425202919
2026_05_SF_SEA,2026,5,2026-10-11,00-0033288,George Kittle,TE,75,1,SF,SEA,47,3,22,NA,NA,NA,0,PENDING,rushing_yards,2.934513807296753,0,0.7502916829219586,2.201741303034405
2026_05_SF_SEA,2026,5,2026-10-11,00-0036887,Luke Farrell,TE,51,2,SF,SEA,47,3,22,NA,NA,NA,0,PENDING,rushing_yards,2.53816556930542,0,0.7502916829219586,1.9043645165287346
2026_05_SF_SEA,2026,5,2026-10-11,00-0038643,Brayden Willis,TE,15,3,SF,SEA,47,3,22,NA,NA,NA,0,PENDING,rushing_yards,3.0585436820983887,0,0.7502916829219586,2.294799886531924
2026_05_SF_SEA,2026,5,2026-10-11,00-0031408,Mike Evans,WR,74,1,SF,SEA,47,3,22,NA,NA,NA,0,PENDING,rushing_yards,2.3703696727752686,0,0.7502916829219586,1.7784686509337284
2026_05_SF_SEA,2026,5,2026-10-11,00-0035719,Deebo Samuel Sr.,WR,79,2,SF,SEA,47,3,22,NA,NA,NA,0,PENDING,rushing_yards,12.804794311523438,18.5,0.7502916829219586,14.226934539406209
2026_05_SF_SEA,2026,5,2026-10-11,00-0031236,Brandin Cooks,WR,69,3,SF,SEA,47,3,22,NA,NA,NA,0,PENDING,rushing_yards,2.525426149368286,0,0.7502916829219586,1.894806235704653
2026_05_SF_SEA,2026,5,2026-10-11,00-0040172,Jordan Watkins,WR,3,4,SF,SEA,47,3,22,NA,NA,NA,0,PENDING,rushing_yards,2.7250430583953857,0,0.7502916829219586,2.044577142318275
2026_05_SF_SEA,2026,5,2026-10-11,00-0039365,Jacob Cowing,WR,19,5,SF,SEA,47,3,22,NA,NA,NA,0,PENDING,rushing_yards,3.3400895595550537,0.5,0.7502916829219586,2.6308955752876453
2026_05_TB_DAL,2026,5,2026-10-08,00-0035282,Easton Stick,QB,5,1,TB,DAL,47.5,8.5,19.5,NA,NA,NA,0,PENDING,rushing_yards,23.254188537597656,28.8,0.7502916829219586,24.639023784706257
2026_05_TB_DAL,2026,5,2026-10-08,00-0039361,Bucky Irving,RB,31,1,TB,DAL,47.5,8.5,19.5,NA,NA,NA,0,PENDING,rushing_yards,62.56465530395508,60.25,0.7502916829219586,61.98666662338869
2026_05_TB_DAL,2026,5,2026-10-08,00-0036919,Kenny Gainwell,RB,87,2,TB,DAL,47.5,8.5,19.5,NA,NA,NA,0,PENDING,rushing_yards,15.81419849395752,6.5,0.7502916829219586,13.48836566310056
2026_05_TB_DAL,2026,5,2026-10-08,00-0038951,Sean Tucker,RB,38,3,TB,DAL,47.5,8.5,19.5,NA,NA,NA,0,PENDING,rushing_yards,19.85624122619629,15.882352941176471,0.7502916829219586,18.863928270287847
2026_05_TB_DAL,2026,5,2026-10-08,00-0038129,Cade Otton,TE,66,1,TB,DAL,47.5,8.5,19.5,NA,NA,NA,0,PENDING,rushing_yards,2.7193145751953125,0,0.7502916829219586,2.040279109017502
2026_05_TB_DAL,2026,5,2026-10-08,00-0039050,Payne Durham,TE,23,2,TB,DAL,47.5,8.5,19.5,NA,NA,NA,0,PENDING,rushing_yards,2.959829092025757,0,0.7502916829219586,2.2207351506173776
2026_05_TB_DAL,2026,5,2026-10-08,00-0041094,Bauer Sharp,TE,3,3,TB,DAL,47.5,8.5,19.5,NA,NA,NA,0,PENDING,rushing_yards,3.266094923019409,0,0.7502916829219586,2.450523856375097
2026_05_TB_DAL,2026,5,2026-10-08,00-0040129,Emeka Egbuka,WR,21,1,TB,DAL,47.5,8.5,19.5,NA,NA,NA,0,PENDING,rushing_yards,2.5590479373931885,-0.75,0.7502916829219586,1.732751145816171
2026_05_TB_DAL,2026,5,2026-10-08,00-0033921,Chris Godwin Jr.,WR,66,2,TB,DAL,47.5,8.5,19.5,NA,NA,NA,0,PENDING,rushing_yards,2.5044968128204346,3.75,0.7502916829219586,2.815509317606381
2026_05_TB_DAL,2026,5,2026-10-08,00-0041048,Ted Hurst III,WR,4,3,TB,DAL,47.5,8.5,19.5,NA,NA,NA,0,PENDING,rushing_yards,2.76120662689209,0,0.7502916829219586,2.0717103669861308
2026_05_TB_DAL,2026,5,2026-10-08,00-0040237,Tez Johnson,WR,19,4,TB,DAL,47.5,8.5,19.5,NA,NA,NA,0,PENDING,rushing_yards,2.6198625564575195,1.5,0.7502916829219586,2.340223562125799
2026_05_TB_DAL,2026,5,2026-10-08,00-0039589,Kameron Johnson,WR,25,5,TB,DAL,47.5,8.5,19.5,NA,NA,NA,0,PENDING,rushing_yards,2.9255683422088623,0,0.7502916829219586,2.1950295949790917
2026_05_HOU_TEN,2026,5,2026-10-11,00-0040676,Cam Ward,QB,21,1,TEN,HOU,39.5,7,16.25,NA,NA,NA,0,PENDING,rushing_yards,15.73025894165039,14.25,0.7502916829219586,15.360625972491148
2026_05_HOU_TEN,2026,5,2026-10-11,00-0035261,Tony Pollard,RB,85,1,TEN,HOU,39.5,7,16.25,NA,NA,NA,0,PENDING,rushing_yards,53.50757598876953,55.25,0.7502916829219586,53.94267375625026
2026_05_HOU_TEN,2026,5,2026-10-11,00-0039032,Tyjae Spears,RB,46,2,TEN,HOU,39.5,7,16.25,NA,NA,NA,0,PENDING,rushing_yards,18.481557846069336,16.25,0.7502916829219586,17.924319291865064
2026_05_HOU_TEN,2026,5,2026-10-11,00-0040886,Nicholas Singleton,RB,2,3,TEN,HOU,39.5,7,16.25,NA,NA,NA,0,PENDING,rushing_yards,12.198814392089844,6,0.7502916829219586,10.650918882361946
2026_05_HOU_TEN,2026,5,2026-10-11,00-0037594,Julius Chestnut,RB,38,4,TEN,HOU,39.5,7,16.25,NA,NA,NA,0,PENDING,rushing_yards,5.76253604888916,0,0.7502916829219586,4.323582870019502
2026_05_HOU_TEN,2026,5,2026-10-11,00-0040584,Gunnar Helm,TE,20,1,TEN,HOU,39.5,7,16.25,NA,NA,NA,0,PENDING,rushing_yards,2.537639856338501,0,0.7502916829219586,1.903970078462051
2026_05_HOU_TEN,2026,5,2026-10-11,00-0038115,Daniel Bellinger,TE,54,2,TEN,HOU,39.5,7,16.25,NA,NA,NA,0,PENDING,rushing_yards,3.1963682174682617,0,0.7502916829219586,2.398208489122523
2026_05_HOU_TEN,2026,5,2026-10-11,00-0039648,David Martin-Robinson,TE,15,3,TEN,HOU,39.5,7,16.25,NA,NA,NA,0,PENDING,rushing_yards,3.1082773208618164,0,0.7502916829219586,2.332114622057569
2026_05_HOU_TEN,2026,5,2026-10-11,00-0041438,Carnell Tate,WR,4,1,TEN,HOU,39.5,7,16.25,NA,NA,NA,0,PENDING,rushing_yards,2.5936200618743896,0,0.7502916829219586,1.9459715610838901
2026_05_HOU_TEN,2026,5,2026-10-11,00-0038117,Wan'Dale Robinson,WR,58,2,TEN,HOU,39.5,7,16.25,NA,NA,NA,0,PENDING,rushing_yards,3.0375006198883057,0.25,0.7502916829219586,2.341438531242
2026_05_HOU_TEN,2026,5,2026-10-11,00-0040170,Elic Ayomanor,WR,20,3,TEN,HOU,39.5,7,16.25,NA,NA,NA,0,PENDING,rushing_yards,2.537639856338501,0,0.7502916829219586,1.903970078462051
2026_05_HOU_TEN,2026,5,2026-10-11,00-0034837,Calvin Ridley,WR,49,4,TEN,HOU,39.5,7,16.25,NA,NA,NA,0,PENDING,rushing_yards,2.710252285003662,0,0.7502916829219586,2.033479748058481
2026_05_HOU_TEN,2026,5,2026-10-11,00-0040705,Chimere Dike,WR,21,5,TEN,HOU,39.5,7,16.25,NA,NA,NA,0,PENDING,rushing_yards,2.7417728900909424,0,0.7502916829219586,2.057129395896135
2026_05_NYG_WAS,2026,5,2026-10-11,00-0041117,Athan Kaliakmanis,QB,1,1,WAS,NYG,43.5,-3.5,23.5,NA,NA,NA,0,PENDING,rushing_yards,15.606647491455078,16,0.7502916829219586,15.704870884382256
2026_05_NYG_WAS,2026,5,2026-10-11,00-0040242,Jacory Croskey-Merritt,RB,21,1,WAS,NYG,43.5,-3.5,23.5,NA,NA,NA,0,PENDING,rushing_yards,41.20669174194336,39.25,0.7502916829219586,40.718089540022184
2026_05_NYG_WAS,2026,5,2026-10-11,00-0033699,Austin Ekeler,RB,62,2,WAS,NYG,43.5,-3.5,23.5,NA,NA,NA,0,PENDING,rushing_yards,21.957103729248047,24,0.7502916829219586,22.467231918982527
2026_05_NYG_WAS,2026,5,2026-10-11,00-0041096,Kaytron Allen,RB,3,3,WAS,NYG,43.5,-3.5,23.5,NA,NA,NA,0,PENDING,rushing_yards,15.812037467956543,13.666666666666666,0.7502916829219586,15.27632053565808
2026_05_NYG_WAS,2026,5,2026-10-11,00-0035567,Craig Reynolds,RB,37,4,WAS,NYG,43.5,-3.5,23.5,NA,NA,NA,0,PENDING,rushing_yards,7.995482444763184,1.8666666666666667,0.7502916829219586,6.465066171133356
2026_05_NYG_WAS,2026,5,2026-10-11,00-0037809,Chig Okonkwo,TE,68,1,WAS,NYG,43.5,-3.5,23.5,NA,NA,NA,0,PENDING,rushing_yards,2.2602322101593018,0,0.7502916829219586,1.6958334287548404
2026_05_NYG_WAS,2026,5,2026-10-11,00-0036628,John Bates,TE,61,2,WAS,NYG,43.5,-3.5,23.5,NA,NA,NA,0,PENDING,rushing_yards,2.173184871673584,0,0.7502916829219586,1.630522534668514
2026_05_NYG_WAS,2026,5,2026-10-11,00-0039912,Ben Sinnott,TE,18,3,WAS,NYG,43.5,-3.5,23.5,NA,NA,NA,0,PENDING,rushing_yards,1.976366400718689,0,0.7502916829219586,1.4828512728656391
2026_05_NYG_WAS,2026,5,2026-10-11,00-0031588,Stefon Diggs,WR,79,1,WAS,NYG,43.5,-3.5,23.5,NA,NA,NA,0,PENDING,rushing_yards,2.2426445484161377,0,0.7502916829219586,1.6826375524268997
2026_05_NYG_WAS,2026,5,2026-10-11,00-0041040,Antonio Williams,WR,4,2,WAS,NYG,43.5,-3.5,23.5,NA,NA,NA,0,PENDING,rushing_yards,2.7660646438598633,0,0.7502916829219586,2.075355296712545
2026_05_NYG_WAS,2026,5,2026-10-11,00-0036626,Dyami Brown,WR,65,3,WAS,NYG,43.5,-3.5,23.5,NA,NA,NA,0,PENDING,rushing_yards,2.6892261505126953,0,0.7502916829219586,2.0177040142259104
2026_05_NYG_WAS,2026,5,2026-10-11,00-0037742,Treylon Burks,WR,36,4,WAS,NYG,43.5,-3.5,23.5,NA,NA,NA,0,PENDING,rushing_yards,2.2518582344055176,0,0.7502916829219586,1.6895505043937862
2026_05_NYG_WAS,2026,5,2026-10-11,00-0040164,Jaylin Lane,WR,19,5,WAS,NYG,43.5,-3.5,23.5,NA,NA,NA,0,PENDING,rushing_yards,2.769869565963745,0,0.7502916829219586,2.0782100981212532
2026_05_DET_ARI,2026,5,2026-10-11,00-0033119,Jacoby Brissett,QB,51,1,ARI,DET,54.5,4.5,25,NA,NA,NA,0,PENDING,passing_yards,253.06948852539063,204.5,0.9835382347939016,252.26994900910537
2026_05_BUF_LA,2026,5,2026-10-12,00-0034857,Josh Allen,QB,86,1,BUF,LAR,54.5,3,25.75,70,0,0,1,VERIFIED_DOME,passing_yards,236.0833282470703,259.75,0.9835382347939016,236.47292344067685
2026_05_CHI_GB,2026,5,2026-10-11,00-0028986,Case Keenum,QB,10,1,CHI,GB,45,-3,24,NA,NA,NA,0,PENDING,passing_yards,186.96446228027344,179.33333333333334,0.9835382347939016,186.83884042729144
2026_05_CIN_MIA,2026,5,2026-10-11,00-0036442,Joe Burrow,QB,71,1,CIN,MIA,42.5,-7,24.75,NA,NA,NA,0,PENDING,passing_yards,252.11463928222656,292.75,0.9835382347939016,252.78356904942768
2026_05_CLE_NYJ,2026,5,2026-10-11,00-0033537,Deshaun Watson,QB,23,1,CLE,NYJ,40,2,19,NA,NA,NA,0,PENDING,passing_yards,201.54286193847656,213.75,0.9835382347939016,201.74381297908377
2026_05_TB_DAL,2026,5,2026-10-08,00-0033077,Dak Prescott,QB,74,1,DAL,TB,47.5,-8.5,28,NA,NA,NA,0,PENDING,passing_yards,268.0196533203125,266.25,0.9835382347939016,267.99052170285734
2026_05_DEN_LAC,2026,5,2026-10-11,00-0039732,Bo Nix,QB,38,1,DEN,LAC,42.5,-3.5,23,70,0,0,1,VERIFIED_DOME,passing_yards,216.2872314453125,204.75,0.9835382347939016,216.09730825013133
2026_05_DET_ARI,2026,5,2026-10-11,00-0033106,Jared Goff,QB,86,1,DET,ARI,54.5,-4.5,29.5,NA,NA,NA,0,PENDING,passing_yards,275.1182861328125,303.5,0.9835382347939016,275.58549924264076
2026_05_CHI_GB,2026,5,2026-10-11,00-0036264,Jordan Love,QB,61,1,GB,CHI,45,3,21,NA,NA,NA,0,PENDING,passing_yards,234.22369384765625,260.25,0.9835382347939016,234.65213278871818
2026_05_HOU_TEN,2026,5,2026-10-11,00-0039163,C.J. Stroud,QB,50,1,HOU,TEN,39.5,-7,23.25,NA,NA,NA,0,PENDING,passing_yards,234.10736083984375,285.25,0.9835382347939016,234.94925895771846
2026_05_IND_PIT,2026,5,2026-10-11,00-0035710,Daniel Jones,QB,60,1,IND,PIT,44.5,2.5,21,NA,NA,NA,0,PENDING,passing_yards,200.42147827148438,188.5,0.9835382347939016,200.2252296952696
2026_05_PHI_JAX,2026,5,2026-10-11,00-0036971,Trevor Lawrence,QB,81,1,JAX,PHI,43,-7,25,NA,NA,NA,0,PENDING,passing_yards,244.00640869140625,210.75,0.9835382347939016,243.45894949993027
2026_05_DEN_LAC,2026,5,2026-10-11,00-0036355,Justin Herbert,QB,84,1,LAC,DEN,42.5,3.5,19.5,70,0,0,1,VERIFIED_DOME,passing_yards,210.24514770507813,204,0.9835382347939016,210.14234154987975
2026_05_BUF_LA,2026,5,2026-10-12,00-0026498,Matthew Stafford,QB,78,1,LAR,BUF,54.5,-3,28.75,70,0,0,1,VERIFIED_DOME,passing_yards,270.13232421875,297.25,0.9835382347939016,270.57872903039606
2026_05_LV_NE,2026,5,2026-10-11,00-0029604,Kirk Cousins,QB,69,1,LV,NE,45,3.5,20.75,NA,NA,NA,0,PENDING,passing_yards,246.81793212890625,256.5,0.9835382347939016,246.9773160569097
2026_05_CIN_MIA,2026,5,2026-10-11,00-0038128,Malik Willis,QB,23,1,MIA,CIN,42.5,7,17.75,NA,NA,NA,0,PENDING,passing_yards,184.8207550048828,178,0.9835382347939016,184.7084733374641
2026_05_LV_NE,2026,5,2026-10-11,00-0039851,Drake Maye,QB,34,1,NE,LV,45,-3.5,24.25,NA,NA,NA,0,PENDING,passing_yards,182.6027069091797,213.5,0.9835382347939016,183.1113308935448
2026_05_NYG_WAS,2026,5,2026-10-11,00-0031503,Jameis Winston,QB,33,1,NYG,WAS,43.5,3.5,20,NA,NA,NA,0,PENDING,passing_yards,198.0751495361328,159.66666666666666,0.9835382347939016,197.44287810921318
2026_05_CLE_NYJ,2026,5,2026-10-11,00-0030565,Geno Smith,QB,72,1,NYJ,CLE,40,-2,21,NA,NA,NA,0,PENDING,passing_yards,226.63906860351563,225.5,0.9835382347939016,226.6203175236109
2026_05_PHI_JAX,2026,5,2026-10-11,00-0036389,Jalen Hurts,QB,82,1,PHI,JAX,43,7,18,NA,NA,NA,0,PENDING,passing_yards,201.26039123535156,178.25,0.9835382347939016,200.88159957753476
2026_05_IND_PIT,2026,5,2026-10-11,00-0023459,Aaron Rodgers,QB,71,1,PIT,IND,44.5,-2.5,23.5,NA,NA,NA,0,PENDING,passing_yards,245.9137420654297,249.75,0.9835382347939016,245.9768936428186
2026_05_SF_SEA,2026,5,2026-10-11,00-0034869,Sam Darnold,QB,65,1,SEA,SF,47,-3,25,NA,NA,NA,0,PENDING,passing_yards,137.656005859375,186.66666666666666,0.9835382347939016,138.46280785018035
2026_05_SF_SEA,2026,5,2026-10-11,00-0037834,Brock Purdy,QB,53,1,SF,SEA,47,3,22,NA,NA,NA,0,PENDING,passing_yards,238.61376953125,251.75,0.9835382347939016,238.83001507291976
2026_05_TB_DAL,2026,5,2026-10-08,00-0035282,Easton Stick,QB,5,1,TB,DAL,47.5,8.5,19.5,NA,NA,NA,0,PENDING,passing_yards,221.9620361328125,225.8,0.9835382347939016,222.02521579286363
2026_05_HOU_TEN,2026,5,2026-10-11,00-0040676,Cam Ward,QB,21,1,TEN,HOU,39.5,7,16.25,NA,NA,NA,0,PENDING,passing_yards,202.43028259277344,181.5,0.9835382347939016,202.08573319503392
2026_05_NYG_WAS,2026,5,2026-10-11,00-0041117,Athan Kaliakmanis,QB,1,1,WAS,NYG,43.5,-3.5,23.5,NA,NA,NA,0,PENDING,passing_yards,122.21021270751953,186,0.9835382347939016,123.2603052084753
2026_05_DET_ARI,2026,5,2026-10-11,00-0033119,Jacoby Brissett,QB,51,1,ARI,DET,54.5,4.5,25,NA,NA,NA,0,PENDING,passing_tds,1.490919589996338,1.5,0.9540519383793995,1.4913368172347266
2026_05_BUF_LA,2026,5,2026-10-12,00-0034857,Josh Allen,QB,86,1,BUF,LAR,54.5,3,25.75,70,0,0,1,VERIFIED_DOME,passing_tds,1.3613793849945068,1.5,0.9540519383793995,1.3677487335546648
2026_05_CHI_GB,2026,5,2026-10-11,00-0028986,Case Keenum,QB,10,1,CHI,GB,45,-3,24,NA,NA,NA,0,PENDING,passing_tds,1.0777925252914429,1,0.9540519383793995,1.0742181095457295
2026_05_CIN_MIA,2026,5,2026-10-11,00-0036442,Joe Burrow,QB,71,1,CIN,MIA,42.5,-7,24.75,NA,NA,NA,0,PENDING,passing_tds,1.6293003559112549,1.75,0.9540519383793995,1.6348462705954292
2026_05_CLE_NYJ,2026,5,2026-10-11,00-0033537,Deshaun Watson,QB,23,1,CLE,NYJ,40,2,19,NA,NA,NA,0,PENDING,passing_tds,1.1863665580749512,1.5,0.9540519383793995,1.2007774067908041
2026_05_TB_DAL,2026,5,2026-10-08,00-0033077,Dak Prescott,QB,74,1,DAL,TB,47.5,-8.5,28,NA,NA,NA,0,PENDING,passing_tds,1.9508875608444214,2,0.9540519383793995,1.95314418222508
2026_05_DEN_LAC,2026,5,2026-10-11,00-0039732,Bo Nix,QB,38,1,DEN,LAC,42.5,-3.5,23,70,0,0,1,VERIFIED_DOME,passing_tds,1.226117491722107,1.25,0.9540519383793995,1.227214846684114
2026_05_DET_ARI,2026,5,2026-10-11,00-0033106,Jared Goff,QB,86,1,DET,ARI,54.5,-4.5,29.5,NA,NA,NA,0,PENDING,passing_tds,2.005283832550049,2.25,0.9540519383793995,2.0165280660915963
2026_05_CHI_GB,2026,5,2026-10-11,00-0036264,Jordan Love,QB,61,1,GB,CHI,45,3,21,NA,NA,NA,0,PENDING,passing_tds,1.465334177017212,2,0.9540519383793995,1.4899010351980542
2026_05_HOU_TEN,2026,5,2026-10-11,00-0039163,C.J. Stroud,QB,50,1,HOU,TEN,39.5,-7,23.25,NA,NA,NA,0,PENDING,passing_tds,1.5289583206176758,1.25,0.9540519383793995,1.5161407265123554
2026_05_IND_PIT,2026,5,2026-10-11,00-0035710,Daniel Jones,QB,60,1,IND,PIT,44.5,2.5,21,NA,NA,NA,0,PENDING,passing_tds,1.0839533805847168,0.75,0.9540519383793995,1.0686088700752023
2026_05_PHI_JAX,2026,5,2026-10-11,00-0036971,Trevor Lawrence,QB,81,1,JAX,PHI,43,-7,25,NA,NA,NA,0,PENDING,passing_tds,1.5389090776443481,2,0.9540519383793995,1.5600953117574452
2026_05_DEN_LAC,2026,5,2026-10-11,00-0036355,Justin Herbert,QB,84,1,LAC,DEN,42.5,3.5,19.5,70,0,0,1,VERIFIED_DOME,passing_tds,1.2613824605941772,1,0.9540519383793995,1.2493724431882518
2026_05_BUF_LA,2026,5,2026-10-12,00-0026498,Matthew Stafford,QB,78,1,LAR,BUF,54.5,-3,28.75,70,0,0,1,VERIFIED_DOME,passing_tds,1.8825700283050537,1.5,0.9540519383793995,1.8649916770702983
2026_05_LV_NE,2026,5,2026-10-11,00-0029604,Kirk Cousins,QB,69,1,LV,NE,45,3.5,20.75,NA,NA,NA,0,PENDING,passing_tds,1.4714574813842773,2.75,0.9540519383793995,1.5302040318141903
2026_05_CIN_MIA,2026,5,2026-10-11,00-0038128,Malik Willis,QB,23,1,MIA,CIN,42.5,7,17.75,NA,NA,NA,0,PENDING,passing_tds,0.8708811402320862,0.25,0.9540519383793995,0.8423528553416335
2026_05_LV_NE,2026,5,2026-10-11,00-0039851,Drake Maye,QB,34,1,NE,LV,45,-3.5,24.25,NA,NA,NA,0,PENDING,passing_tds,1.0606807470321655,1,0.9540519383793995,1.0578925843283475
2026_05_NYG_WAS,2026,5,2026-10-11,00-0031503,Jameis Winston,QB,33,1,NYG,WAS,43.5,3.5,20,NA,NA,NA,0,PENDING,passing_tds,0.9788118600845337,1,0.9540519383793995,0.9797854140429955
2026_05_CLE_NYJ,2026,5,2026-10-11,00-0030565,Geno Smith,QB,72,1,NYJ,CLE,40,-2,21,NA,NA,NA,0,PENDING,passing_tds,1.421689510345459,1.25,0.9540519383793995,1.4138007101444952
2026_05_PHI_JAX,2026,5,2026-10-11,00-0036389,Jalen Hurts,QB,82,1,PHI,JAX,43,7,18,NA,NA,NA,0,PENDING,passing_tds,1.222496747970581,1.75,0.9540519383793995,1.246734499899896
2026_05_IND_PIT,2026,5,2026-10-11,00-0023459,Aaron Rodgers,QB,71,1,PIT,IND,44.5,-2.5,23.5,NA,NA,NA,0,PENDING,passing_tds,1.590349555015564,1.75,0.9540519383793995,1.5976851834994652
2026_05_SF_SEA,2026,5,2026-10-11,00-0034869,Sam Darnold,QB,65,1,SEA,SF,47,-3,25,NA,NA,NA,0,PENDING,passing_tds,0.9352152347564697,2,0.9540519383793995,0.9841400307625561
2026_05_SF_SEA,2026,5,2026-10-11,00-0037834,Brock Purdy,QB,53,1,SF,SEA,47,3,22,NA,NA,NA,0,PENDING,passing_tds,1.3905479907989502,2.75,0.9540519383793995,1.4530121754879692
2026_05_TB_DAL,2026,5,2026-10-08,00-0035282,Easton Stick,QB,5,1,TB,DAL,47.5,8.5,19.5,NA,NA,NA,0,PENDING,passing_tds,1.1913340091705322,0.6,0.9540519383793995,1.164163357678808
2026_05_HOU_TEN,2026,5,2026-10-11,00-0040676,Cam Ward,QB,21,1,TEN,HOU,39.5,7,16.25,NA,NA,NA,0,PENDING,passing_tds,0.9340253472328186,0.75,0.9540519383793995,0.9255697392384126
2026_05_NYG_WAS,2026,5,2026-10-11,00-0041117,Athan Kaliakmanis,QB,1,1,WAS,NYG,43.5,-3.5,23.5,NA,NA,NA,0,PENDING,passing_tds,0.9795714020729065,1,0.9540519383793995,0.980510056549283
2026_05_DET_ARI,2026,5,2026-10-11,00-0033119,Jacoby Brissett,QB,51,1,ARI,DET,54.5,4.5,25,NA,NA,NA,0,PENDING,interceptions,0.6463675498962402,1,0.8942031981713865,0.6837807321400348
2026_05_BUF_LA,2026,5,2026-10-12,00-0034857,Josh Allen,QB,86,1,BUF,LAR,54.5,3,25.75,70,0,0,1,VERIFIED_DOME,interceptions,0.6395403742790222,0.75,0.8942031981713865,0.6512266494114873
2026_05_CHI_GB,2026,5,2026-10-11,00-0028986,Case Keenum,QB,10,1,CHI,GB,45,-3,24,NA,NA,NA,0,PENDING,interceptions,0.6199443340301514,1,0.8942031981713865,0.6601530080066051
2026_05_CIN_MIA,2026,5,2026-10-11,00-0036442,Joe Burrow,QB,71,1,CIN,MIA,42.5,-7,24.75,NA,NA,NA,0,PENDING,interceptions,0.5943163633346558,0.75,0.8942031981713865,0.6107871941908971
2026_05_CLE_NYJ,2026,5,2026-10-11,00-0033537,Deshaun Watson,QB,23,1,CLE,NYJ,40,2,19,NA,NA,NA,0,PENDING,interceptions,0.636188805103302,0.5,0.8942031981713865,0.6217804650785123
2026_05_TB_DAL,2026,5,2026-10-08,00-0033077,Dak Prescott,QB,74,1,DAL,TB,47.5,-8.5,28,NA,NA,NA,0,PENDING,interceptions,0.6373695731163025,0.25,0.8942031981713865,0.5963871111548824
2026_05_DEN_LAC,2026,5,2026-10-11,00-0039732,Bo Nix,QB,38,1,DEN,LAC,42.5,-3.5,23,70,0,0,1,VERIFIED_DOME,interceptions,0.612018883228302,0.75,0.8942031981713865,0.6266168440954881
2026_05_DET_ARI,2026,5,2026-10-11,00-0033106,Jared Goff,QB,86,1,DET,ARI,54.5,-4.5,29.5,NA,NA,NA,0,PENDING,interceptions,0.6642033457756042,0,0.8942031981713865,0.5939327560286806
2026_05_CHI_GB,2026,5,2026-10-11,00-0036264,Jordan Love,QB,61,1,GB,CHI,45,3,21,NA,NA,NA,0,PENDING,interceptions,0.9881700277328491,0.75,0.8942031981713865,0.9629724005072815
2026_05_HOU_TEN,2026,5,2026-10-11,00-0039163,C.J. Stroud,QB,50,1,HOU,TEN,39.5,-7,23.25,NA,NA,NA,0,PENDING,interceptions,0.5850144624710083,0,0.8942031981713865,0.5231218033180902
2026_05_IND_PIT,2026,5,2026-10-11,00-0035710,Daniel Jones,QB,60,1,IND,PIT,44.5,2.5,21,NA,NA,NA,0,PENDING,interceptions,0.6008338928222656,1,0.8942031981713865,0.6430643903600475
2026_05_PHI_JAX,2026,5,2026-10-11,00-0036971,Trevor Lawrence,QB,81,1,JAX,PHI,43,-7,25,NA,NA,NA,0,PENDING,interceptions,0.5925162434577942,0.5,0.8942031981713865,0.5827283207827622
2026_05_DEN_LAC,2026,5,2026-10-11,00-0036355,Justin Herbert,QB,84,1,LAC,DEN,42.5,3.5,19.5,70,0,0,1,VERIFIED_DOME,interceptions,0.7325187921524048,1.5,0.8942031981713865,0.8137158494062418
2026_05_BUF_LA,2026,5,2026-10-12,00-0026498,Matthew Stafford,QB,78,1,LAR,BUF,54.5,-3,28.75,70,0,0,1,VERIFIED_DOME,interceptions,0.7728636264801025,1.5,0.8942031981713865,0.8497923292917638
2026_05_LV_NE,2026,5,2026-10-11,00-0029604,Kirk Cousins,QB,69,1,LV,NE,45,3.5,20.75,NA,NA,NA,0,PENDING,interceptions,0.8237349987030029,1,0.8942031981713865,0.8423832721145417
2026_05_CIN_MIA,2026,5,2026-10-11,00-0038128,Malik Willis,QB,23,1,MIA,CIN,42.5,7,17.75,NA,NA,NA,0,PENDING,interceptions,0.5289741158485413,0.5,0.8942031981713865,0.5259087470559538
2026_05_LV_NE,2026,5,2026-10-11,00-0039851,Drake Maye,QB,34,1,NE,LV,45,-3.5,24.25,NA,NA,NA,0,PENDING,interceptions,0.5816400051116943,1.75,0.8942031981713865,0.7052487559553723
2026_05_NYG_WAS,2026,5,2026-10-11,00-0031503,Jameis Winston,QB,33,1,NYG,WAS,43.5,3.5,20,NA,NA,NA,0,PENDING,interceptions,0.6801117658615112,1,0.8942031981713865,0.713954917975966
2026_05_CLE_NYJ,2026,5,2026-10-11,00-0030565,Geno Smith,QB,72,1,NYJ,CLE,40,-2,21,NA,NA,NA,0,PENDING,interceptions,0.6449595093727112,0,0.8942031981713865,0.5767248559721266
2026_05_PHI_JAX,2026,5,2026-10-11,00-0036389,Jalen Hurts,QB,82,1,PHI,JAX,43,7,18,NA,NA,NA,0,PENDING,interceptions,0.6726524829864502,0.75,0.8942031981713865,0.6808356029158681
2026_05_IND_PIT,2026,5,2026-10-11,00-0023459,Aaron Rodgers,QB,71,1,PIT,IND,44.5,-2.5,23.5,NA,NA,NA,0,PENDING,interceptions,0.6404720544815063,1,0.8942031981713865,0.678508961285375
2026_05_SF_SEA,2026,5,2026-10-11,00-0034869,Sam Darnold,QB,65,1,SEA,SF,47,-3,25,NA,NA,NA,0,PENDING,interceptions,0.5510998964309692,1,0.8942031981713865,0.5985920917291061
2026_05_SF_SEA,2026,5,2026-10-11,00-0037834,Brock Purdy,QB,53,1,SF,SEA,47,3,22,NA,NA,NA,0,PENDING,interceptions,0.7153849601745605,0.25,0.8942031981713865,0.6661487197689554
2026_05_TB_DAL,2026,5,2026-10-08,00-0035282,Easton Stick,QB,5,1,TB,DAL,47.5,8.5,19.5,NA,NA,NA,0,PENDING,interceptions,0.51766204833984375,0.2,0.8942031981713865,0.48405441956316186
2026_05_HOU_TEN,2026,5,2026-10-11,00-0040676,Cam Ward,QB,21,1,TEN,HOU,39.5,7,16.25,NA,NA,NA,0,PENDING,interceptions,0.7914639115333557,0.5,0.8942031981713865,0.7606279618446687
2026_05_NYG_WAS,2026,5,2026-10-11,00-0041117,Athan Kaliakmanis,QB,1,1,WAS,NYG,43.5,-3.5,23.5,NA,NA,NA,0,PENDING,interceptions,0.6289206147193909,1,0.8942031981713865,0.6681796269066071
2026_05_DET_ARI,2026,5,2026-10-11,00-0033119,Jacoby Brissett,QB,51,1,ARI,DET,54.5,4.5,25,NA,NA,NA,0,PENDING,rushing_tds,0.1625126153230667,0.25,0.8574686562553049,0.17498230982177906
2026_05_DET_ARI,2026,5,2026-10-11,00-0041027,Jeremiyah Love,RB,4,1,ARI,DET,54.5,4.5,25,NA,NA,NA,0,PENDING,rushing_tds,0.36171674728393555,0.25,0.8574686562553049,0.3457936091747697
2026_05_DET_ARI,2026,5,2026-10-11,00-0037263,Tyler Allgeier,RB,71,2,ARI,DET,54.5,4.5,25,NA,NA,NA,0,PENDING,rushing_tds,0.2513801157474518,0.25,0.8574686562553049,0.25118340599544425
2026_05_DET_ARI,2026,5,2026-10-11,00-0037157,Bam Knight,RB,22,3,ARI,DET,54.5,4.5,25,NA,NA,NA,0,PENDING,rushing_tds,0.1886644810438156,0.22222222222222224,0.8574686562553049,0.1934475109870106
2026_05_DET_ARI,2026,5,2026-10-11,00-0037744,Trey McBride,TE,66,1,ARI,DET,54.5,4.5,25,NA,NA,NA,0,PENDING,rushing_tds,0.050327591598033905,0,0.8574686562553049,0.043154332340131905
2026_05_DET_ARI,2026,5,2026-10-11,00-0039041,Elijah Higgins,TE,46,2,ARI,DET,54.5,4.5,25,NA,NA,NA,0,PENDING,rushing_tds,0.04937152937054634,0,0.8574686562553049,0.04233453894663169
2026_05_DET_ARI,2026,5,2026-10-11,00-0037004,Hunter Long,TE,27,3,ARI,DET,54.5,4.5,25,NA,NA,NA,0,PENDING,rushing_tds,0.050914160907268524,0,0.8574686562553049,0.043657297137521915
2026_05_DET_ARI,2026,5,2026-10-11,00-0038559,Michael Wilson,WR,50,1,ARI,DET,54.5,4.5,25,NA,NA,NA,0,PENDING,rushing_tds,0.04802575334906578,0,0.8574686562553049,0.04118057818987214
2026_05_DET_ARI,2026,5,2026-10-11,00-0033307,Kendrick Bourne,WR,70,2,ARI,DET,54.5,4.5,25,NA,NA,NA,0,PENDING,rushing_tds,0.0468294695019722,0,0.8574686562553049,0.04015480228700488
2026_05_DET_ARI,2026,5,2026-10-11,00-0039849,Marvin Harrison Jr.,WR,33,3,ARI,DET,54.5,4.5,25,NA,NA,NA,0,PENDING,rushing_tds,0.0468294695019722,0,0.8574686562553049,0.04015480228700488
2026_05_DET_ARI,2026,5,2026-10-11,00-0038640,Jalen Brooks,WR,23,4,ARI,DET,54.5,4.5,25,NA,NA,NA,0,PENDING,rushing_tds,0.05018337815999985,0,0.8574686562553049,0.043030673837206886
2026_05_DET_ARI,2026,5,2026-10-11,00-0036331,Devin Duvernay,WR,77,5,ARI,DET,54.5,4.5,25,NA,NA,NA,0,PENDING,rushing_tds,0.053770534694194794,0,0.8574686562553049,0.04610654813036046
2026_05_BUF_LA,2026,5,2026-10-12,00-0034857,Josh Allen,QB,86,1,BUF,LAR,54.5,3,25.75,70,0,0,1,VERIFIED_DOME,rushing_tds,0.617237389087677,1.75,0.8574686562553049,0.7786915661647595
2026_05_BUF_LA,2026,5,2026-10-12,00-0037248,James Cook,RB,70,1,BUF,LAR,54.5,3,25.75,70,0,0,1,VERIFIED_DOME,rushing_tds,0.707480251789093,0.75,0.8574686562553049,0.7135406486372797
2026_05_BUF_LA,2026,5,2026-10-12,00-0035537,Ty Johnson,RB,72,2,BUF,LAR,54.5,3,25.75,70,0,0,1,VERIFIED_DOME,rushing_tds,0.06418005377054214,0.05882352941176472,0.8574686562553049,0.0634165811558844
2026_05_BUF_LA,2026,5,2026-10-12,00-0039875,Ray Davis,RB,37,3,BUF,LAR,54.5,3,25.75,70,0,0,1,VERIFIED_DOME,rushing_tds,0.06553357094526291,0,0.8574686562553049,0.056192983018046275
2026_05_BUF_LA,2026,5,2026-10-12,00-0038933,Dalton Kincaid,TE,45,1,BUF,LAR,54.5,3,25.75,70,0,0,1,VERIFIED_DOME,rushing_tds,0.05455533415079117,0,0.8574686562553049,0.04677948906583805
2026_05_BUF_LA,2026,5,2026-10-12,00-0035689,Dawson Knox,TE,74,2,BUF,LAR,54.5,3,25.75,70,0,0,1,VERIFIED_DOME,rushing_tds,0.0561852902173996,0,0.8574686562553049,0.04817712530402796
2026_05_BUF_LA,2026,5,2026-10-12,00-0040194,Jackson Hawes,TE,14,3,BUF,LAR,54.5,3,25.75,70,0,0,1,VERIFIED_DOME,rushing_tds,0.055154647678136826,0,0.8574686562553049,0.047293381630806756
2026_05_BUF_LA,2026,5,2026-10-12,00-0037261,Khalil Shakir,WR,61,1,BUF,LAR,54.5,3,25.75,70,0,0,1,VERIFIED_DOME,rushing_tds,0.04795368015766144,0,0.8574686562553049,0.04111877768728663
2026_05_BUF_LA,2026,5,2026-10-12,00-0034827,DJ Moore,WR,89,2,BUF,LAR,54.5,3,25.75,70,0,0,1,VERIFIED_DOME,rushing_tds,0.04705405607819557,0,0.8574686562553049,0.040347378236732116
2026_05_BUF_LA,2026,5,2026-10-12,00-0039901,Keon Coleman,WR,29,3,BUF,LAR,54.5,3,25.75,70,0,0,1,VERIFIED_DOME,rushing_tds,0.04795368015766144,0,0.8574686562553049,0.04111877768728663
2026_05_BUF_LA,2026,5,2026-10-12,00-0036988,Josh Palmer,WR,71,4,BUF,LAR,54.5,3,25.75,70,0,0,1,VERIFIED_DOME,rushing_tds,0.04795368015766144,0,0.8574686562553049,0.04111877768728663
2026_05_BUF_LA,2026,5,2026-10-12,00-0035500,Greg Dortch,WR,70,5,BUF,LAR,54.5,3,25.75,70,0,0,1,VERIFIED_DOME,rushing_tds,0.055061377584934235,0,0.8574686562553049,0.047213405449319526
2026_05_CHI_GB,2026,5,2026-10-11,00-0028986,Case Keenum,QB,10,1,CHI,GB,45,-3,24,NA,NA,NA,0,PENDING,rushing_tds,0.0856403112411499,0.3333333333333333,0.8574686562553049,0.12094433051613326
2026_05_CHI_GB,2026,5,2026-10-11,00-0036275,D'Andre Swift,RB,80,1,CHI,GB,45,-3,24,NA,NA,NA,0,PENDING,rushing_tds,0.6198709011077881,0.75,0.8574686562553049,0.6384183764331814
2026_05_CHI_GB,2026,5,2026-10-11,00-0040236,Kyle Monangai,RB,21,2,CHI,GB,45,-3,24,NA,NA,NA,0,PENDING,rushing_tds,0.6152242422103882,0.75,0.8574686562553049,0.6344340120723511
2026_05_CHI_GB,2026,5,2026-10-11,00-0039021,Roschon Johnson,RB,36,3,CHI,GB,45,-3,24,NA,NA,NA,0,PENDING,rushing_tds,0.07309141755104065,0,0.8574686562553049,0.06267359959128624
2026_05_CHI_GB,2026,5,2026-10-11,00-0040126,Colston Loveland,TE,20,1,CHI,GB,45,-3,24,NA,NA,NA,0,PENDING,rushing_tds,0.057276494801044464,0,0.8574686562553049,0.04911279903206555
2026_05_CHI_GB,2026,5,2026-10-11,00-0036290,Cole Kmet,TE,86,2,CHI,GB,45,-3,24,NA,NA,NA,0,PENDING,rushing_tds,0.057224422693252563,0,0.8574686562553049,0.04906814883176885
2026_05_CHI_GB,2026,5,2026-10-11,00-0041558,Sam Roush,TE,3,3,CHI,GB,45,-3,24,NA,NA,NA,0,PENDING,rushing_tds,0.06034821644425392,0,0.8574686562553049,0.0517467040618587
2026_05_CHI_GB,2026,5,2026-10-11,00-0040735,Luther Burden III,WR,19,1,CHI,GB,45,-3,24,NA,NA,NA,0,PENDING,rushing_tds,0.048943597823381424,0,0.8574686562553049,0.04196760105791494
2026_05_CHI_GB,2026,5,2026-10-11,00-0032464,Kalif Raymond,WR,81,2,CHI,GB,45,-3,24,NA,NA,NA,0,PENDING,rushing_tds,0.0483153872191906,0,0.8574686562553049,0.04142893015529409
2026_05_CHI_GB,2026,5,2026-10-11,00-0039919,Rome Odunze,WR,33,3,CHI,GB,45,-3,24,NA,NA,NA,0,PENDING,rushing_tds,0.047777559608221054,0,0.8574686562553049,0.04096775983641904
2026_05_CHI_GB,2026,5,2026-10-11,00-0040277,Jahdae Walker,WR,7,4,CHI,GB,45,-3,24,NA,NA,NA,0,PENDING,rushing_tds,0.04830241575837135,0,0.8574686562553049,0.04141780753421575
2026_05_CHI_GB,2026,5,2026-10-11,00-0041051,Zavion Thomas,WR,3,5,CHI,GB,45,-3,24,NA,NA,NA,0,PENDING,rushing_tds,0.05739160627126694,0,0.8574686562553049,0.04921150350975679
2026_05_CIN_MIA,2026,5,2026-10-11,00-0036442,Joe Burrow,QB,71,1,CIN,MIA,42.5,-7,24.75,NA,NA,NA,0,PENDING,rushing_tds,0.15392662584781647,0.25,0.8574686562553049,0.16762009296381405
2026_05_CIN_MIA,2026,5,2026-10-11,00-0038597,Chase Brown,RB,49,1,CIN,MIA,42.5,-7,24.75,NA,NA,NA,0,PENDING,rushing_tds,0.3825703561306,0.25,0.8574686562553049,0.3636749251305928
2026_05_CIN_MIA,2026,5,2026-10-11,00-0033526,Samaje Perine,RB,84,2,CIN,MIA,42.5,-7,24.75,NA,NA,NA,0,PENDING,rushing_tds,0.1024029403924942,0,0.8574686562553049,0.08780731169494409
2026_05_CIN_MIA,2026,5,2026-10-11,00-0040208,Tahj Brooks,RB,14,3,CIN,MIA,42.5,-7,24.75,NA,NA,NA,0,PENDING,rushing_tds,0.07664350420236588,0,0.8574686562553049,0.06571940255910048
2026_05_CIN_MIA,2026,5,2026-10-11,00-0034829,Mike Gesicki,TE,80,1,CIN,MIA,42.5,-7,24.75,NA,NA,NA,0,PENDING,rushing_tds,0.05446835979819298,0,0.8574686562553049,0.046704911284587
2026_05_CIN_MIA,2026,5,2026-10-11,00-0039814,Erick All,TE,9,2,CIN,MIA,42.5,-7,24.75,NA,NA,NA,0,PENDING,rushing_tds,0.05506671965122223,0,0.8574686562553049,0.04721798610372112
2026_05_CIN_MIA,2026,5,2026-10-11,00-0035631,Drew Sample,TE,51,3,CIN,MIA,42.5,-7,24.75,NA,NA,NA,0,PENDING,rushing_tds,0.06077982857823372,0,0.8574686562553049,0.052116797938405846
2026_05_CIN_MIA,2026,5,2026-10-11,00-0036410,Tee Higgins,WR,71,1,CIN,MIA,42.5,-7,24.75,NA,NA,NA,0,PENDING,rushing_tds,0.05126534402370453,0,0.8574686562553049,0.04395842565247185
2026_05_CIN_MIA,2026,5,2026-10-11,00-0036900,Ja'Marr Chase,WR,82,2,CIN,MIA,42.5,-7,24.75,NA,NA,NA,0,PENDING,rushing_tds,0.04998836666345596,0,0.8574686562553049,0.04286345759131106
2026_05_CIN_MIA,2026,5,2026-10-11,00-0038839,Mitchell Tinsley,WR,9,3,CIN,MIA,42.5,-7,24.75,NA,NA,NA,0,PENDING,rushing_tds,0.050537507981061935,0,0.8574686562553049,0.043334329059012924
2026_05_CIN_MIA,2026,5,2026-10-11,00-0040785,Dohnte Meyers,WR,4,4,CIN,MIA,42.5,-7,24.75,NA,NA,NA,0,PENDING,rushing_tds,0.0518057607114315,0,0.8574686562553049,0.04442181602351504
2026_05_CLE_NYJ,2026,5,2026-10-11,00-0033537,Deshaun Watson,QB,23,1,CLE,NYJ,40,2,19,NA,NA,NA,0,PENDING,rushing_tds,0.3009948134422302,0,0.8574686562553049,0.25809361822212534
2026_05_CLE_NYJ,2026,5,2026-10-11,00-0040784,Quinshon Judkins,RB,18,1,CLE,NYJ,40,2,19,NA,NA,NA,0,PENDING,rushing_tds,0.35495513677597046,0.25,0.8574686562553049,0.3399957400983831
2026_05_CLE_NYJ,2026,5,2026-10-11,00-0040466,Raheim Sanders,RB,8,2,CLE,NYJ,40,2,19,NA,NA,NA,0,PENDING,rushing_tds,0.08475877344608307,0,0.8574686562553049,0.07267799157266067
2026_05_CLE_NYJ,2026,5,2026-10-11,00-0038794,Jaleel McLaughlin,RB,43,3,CLE,NYJ,40,2,19,NA,NA,NA,0,PENDING,rushing_tds,0.11778800934553146,0.375,0.8574686562553049,0.15444878000076084
2026_05_CLE_NYJ,2026,5,2026-10-11,00-0031595,Michael Burton,RB,46,4,CLE,NYJ,40,2,19,NA,NA,NA,0,PENDING,rushing_tds,0.06271083652973175,0.05555555555555556,0.8574686562553049,0.061690984717611565
2026_05_CLE_NYJ,2026,5,2026-10-11,00-0040663,Harold Fannin Jr.,TE,20,1,CLE,NYJ,40,2,19,NA,NA,NA,0,PENDING,rushing_tds,0.05343608185648918,0,0.8574686562553049,0.045819765305032255
2026_05_CLE_NYJ,2026,5,2026-10-11,00-0038710,Blake Whiteheart,TE,19,2,CLE,NYJ,40,2,19,NA,NA,NA,0,PENDING,rushing_tds,0.05401145666837692,0,0.8574686562553049,0.046313131171824784
2026_05_CLE_NYJ,2026,5,2026-10-11,00-0041131,Carsen Ryan,TE,2,3,CLE,NYJ,40,2,19,NA,NA,NA,0,PENDING,rushing_tds,0.06418106704950333,0,0.8574686562553049,0.05503325331996924
2026_05_CLE_NYJ,2026,5,2026-10-11,00-0041547,KC Concepcion,WR,4,1,CLE,NYJ,40,2,19,NA,NA,NA,0,PENDING,rushing_tds,0.04967126622796059,0,0.8574686562553049,0.04259155390698887
2026_05_CLE_NYJ,2026,5,2026-10-11,00-0041037,Denzel Boston,WR,4,2,CLE,NYJ,40,2,19,NA,NA,NA,0,PENDING,rushing_tds,0.048532016575336456,0,0.8574686562553049,0.04161468303821393
2026_05_CLE_NYJ,2026,5,2026-10-11,00-0036407,Jerry Jeudy,WR,78,3,CLE,NYJ,40,2,19,NA,NA,NA,0,PENDING,rushing_tds,0.0468294695019722,0,0.8574686562553049,0.04015480228700488
2026_05_CLE_NYJ,2026,5,2026-10-11,00-0040782,Isaiah Bond,WR,17,4,CLE,NYJ,40,2,19,NA,NA,NA,0,PENDING,rushing_tds,0.046872083097696304,0,0.8574686562553049,0.04019134210966864
2026_05_CLE_NYJ,2026,5,2026-10-11,00-0039920,Malachi Corley,WR,21,5,CLE,NYJ,40,2,19,NA,NA,NA,0,PENDING,rushing_tds,0.05472569167613983,0,0.8574686562553049,0.046925565304181745
2026_05_TB_DAL,2026,5,2026-10-08,00-0033077,Dak Prescott,QB,74,1,DAL,TB,47.5,-8.5,28,NA,NA,NA,0,PENDING,rushing_tds,0.13872578740119934,0,0.8574686562553049,0.1189530145108655
2026_05_TB_DAL,2026,5,2026-10-08,00-0036997,Javonte Williams,RB,74,1,DAL,TB,47.5,-8.5,28,NA,NA,NA,0,PENDING,rushing_tds,0.6867051720619202,1.25,0.8574686562553049,0.7669923408123716
2026_05_TB_DAL,2026,5,2026-10-08,00-0037120,Tyler Goodson,RB,32,2,DAL,TB,47.5,-8.5,28,NA,NA,NA,0,PENDING,rushing_tds,0.13652187585830688,0,0.8574686562553049,0.11706322944167595
2026_05_TB_DAL,2026,5,2026-10-08,00-0038738,Hunter Luepke,RB,41,3,DAL,TB,47.5,-8.5,28,NA,NA,NA,0,PENDING,rushing_tds,0.07400716841220856,0,0.8574686562553049,0.06345882725167652
2026_05_TB_DAL,2026,5,2026-10-08,00-0038041,Jake Ferguson,TE,63,1,DAL,TB,47.5,-8.5,28,NA,NA,NA,0,PENDING,rushing_tds,0.05446835979819298,0,0.8574686562553049,0.046704911284587
2026_05_TB_DAL,2026,5,2026-10-08,00-0038547,Luke Schoonmaker,TE,40,2,DAL,TB,47.5,-8.5,28,NA,NA,NA,0,PENDING,rushing_tds,0.05446835979819298,0,0.8574686562553049,0.046704911284587
2026_05_TB_DAL,2026,5,2026-10-08,00-0039530,Brevyn Spann-Ford,TE,31,3,DAL,TB,47.5,-8.5,28,NA,NA,NA,0,PENDING,rushing_tds,0.06254421174526215,0,0.8574686562553049,0.05362970120175719
2026_05_TB_DAL,2026,5,2026-10-08,00-0036358,CeeDee Lamb,WR,82,1,DAL,TB,47.5,-8.5,28,NA,NA,NA,0,PENDING,rushing_tds,0.050085507333278656,0,0.8574686562553049,0.04294675267093167
2026_05_TB_DAL,2026,5,2026-10-08,00-0037247,George Pickens,WR,69,2,DAL,TB,47.5,-8.5,28,NA,NA,NA,0,PENDING,rushing_tds,0.047777559608221054,0,0.8574686562553049,0.04096775983641904
2026_05_TB_DAL,2026,5,2026-10-08,00-0039410,Ryan Flournoy,WR,28,3,DAL,TB,47.5,-8.5,28,NA,NA,NA,0,PENDING,rushing_tds,0.047777559608221054,0,0.8574686562553049,0.04096775983641904
2026_05_TB_DAL,2026,5,2026-10-08,00-0039062,Jonathan Mingo,WR,36,4,DAL,TB,47.5,-8.5,28,NA,NA,NA,0,PENDING,rushing_tds,0.0481128990650177,0,0.8574686562553049,0.04125530290982784
2026_05_TB_DAL,2026,5,2026-10-08,00-0037801,KaVontae Turpin,WR,69,5,DAL,TB,47.5,-8.5,28,NA,NA,NA,0,PENDING,rushing_tds,0.04816397279500961,0.25,0.8574686562553049,0.07693193296862774
2026_05_DEN_LAC,2026,5,2026-10-11,00-0039732,Bo Nix,QB,38,1,DEN,LAC,42.5,-3.5,23,70,0,0,1,VERIFIED_DOME,rushing_tds,0.13652949035167694,0.25,0.8574686562553049,0.15270259456724783
2026_05_DEN_LAC,2026,5,2026-10-11,00-0036158,J.K. Dobbins,RB,36,1,DEN,LAC,42.5,-3.5,23,70,0,0,1,VERIFIED_DOME,rushing_tds,0.33152157068252563,0,0.8574686562553049,0.2842693557327933
2026_05_DEN_LAC,2026,5,2026-10-11,00-0040730,RJ Harvey,RB,20,2,DEN,LAC,42.5,-3.5,23,70,0,0,1,VERIFIED_DOME,rushing_tds,0.14837417006492615,0,0.8574686562553049,0.12722620022856831
2026_05_DEN_LAC,2026,5,2026-10-11,00-0037085,Tyler Badie,RB,23,3,DEN,LAC,42.5,-3.5,23,70,0,0,1,VERIFIED_DOME,rushing_tds,0.07225193828344345,0,0.8574686562553049,0.06195377243174548
2026_05_DEN_LAC,2026,5,2026-10-11,00-0036727,Adam Prentice,RB,42,4,DEN,LAC,42.5,-3.5,23,70,0,0,1,VERIFIED_DOME,rushing_tds,0.06867440044879913,0,0.8574686562553049,0.0588861458719705
2026_05_DEN_LAC,2026,5,2026-10-11,00-0033881,Evan Engram,TE,78,1,DEN,LAC,42.5,-3.5,23,70,0,0,1,VERIFIED_DOME,rushing_tds,0.057000238448381424,0,0.8574686562553049,0.048875917868565585
2026_05_DEN_LAC,2026,5,2026-10-11,00-0038783,Nate Adkins,TE,29,2,DEN,LAC,42.5,-3.5,23,70,0,0,1,VERIFIED_DOME,rushing_tds,0.05593089386820793,0,0.8574686562553049,0.04795898840833033
2026_05_DEN_LAC,2026,5,2026-10-11,00-0036422,Adam Trautman,TE,67,3,DEN,LAC,42.5,-3.5,23,70,0,0,1,VERIFIED_DOME,rushing_tds,0.05956991761922836,0,0.8574686562553049,0.05107933721419895
2026_05_DEN_LAC,2026,5,2026-10-11,00-0036613,Jaylen Waddle,WR,82,1,DEN,LAC,42.5,-3.5,23,70,0,0,1,VERIFIED_DOME,rushing_tds,0.04800669103860855,0,0.8574686562553049,0.04116423285613926
2026_05_DEN_LAC,2026,5,2026-10-11,00-0034348,Courtland Sutton,WR,85,2,DEN,LAC,42.5,-3.5,23,70,0,0,1,VERIFIED_DOME,rushing_tds,0.048924531787633896,0,0.8574686562553049,0.041951252529862385
2026_05_DEN_LAC,2026,5,2026-10-11,00-0040134,Pat Bryant,WR,17,3,DEN,LAC,42.5,-3.5,23,70,0,0,1,VERIFIED_DOME,rushing_tds,0.048969052731990814,0,0.8574686562553049,0.04198942784419533
2026_05_DEN_LAC,2026,5,2026-10-11,00-0038976,Marvin Mims Jr.,WR,50,4,DEN,LAC,42.5,-3.5,23,70,0,0,1,VERIFIED_DOME,rushing_tds,0.04800669103860855,0.022222222222222223,0.8574686562553049,0.04433159605046582
2026_05_DEN_LAC,2026,5,2026-10-11,00-0039868,Troy Franklin,WR,36,5,DEN,LAC,42.5,-3.5,23,70,0,0,1,VERIFIED_DOME,rushing_tds,0.04800669103860855,0,0.8574686562553049,0.04116423285613926
2026_05_DET_ARI,2026,5,2026-10-11,00-0033106,Jared Goff,QB,86,1,DET,ARI,54.5,-4.5,29.5,NA,NA,NA,0,PENDING,rushing_tds,0.08950062841176987,0,0.8574686562553049,0.07674398357824568
2026_05_DET_ARI,2026,5,2026-10-11,00-0039139,Jahmyr Gibbs,RB,53,1,DET,ARI,54.5,-4.5,29.5,NA,NA,NA,0,PENDING,rushing_tds,0.6791953444480896,1.25,0.8574686562553049,0.7605528990196313
2026_05_DET_ARI,2026,5,2026-10-11,00-0039364,Sione Vaki,RB,21,2,DET,ARI,54.5,-4.5,29.5,NA,NA,NA,0,PENDING,rushing_tds,0.08504679799079895,0,0.8574686562553049,0.07292496359198673
2026_05_DET_ARI,2026,5,2026-10-11,00-0038896,Jacob Saylors,RB,15,3,DET,ARI,54.5,-4.5,29.5,NA,NA,NA,0,PENDING,rushing_tds,0.07164763659238815,0,0.8574686562553049,0.06143560267274348
2026_05_DET_ARI,2026,5,2026-10-11,00-0039065,Sam LaPorta,TE,46,1,DET,ARI,54.5,-4.5,29.5,NA,NA,NA,0,PENDING,rushing_tds,0.05472851172089577,0,0.8574686562553049,0.0469279834041692
2026_05_DET_ARI,2026,5,2026-10-11,00-0036754,Brock Wright,TE,54,2,DET,ARI,54.5,-4.5,29.5,NA,NA,NA,0,PENDING,rushing_tds,0.05518324300646782,0,0.8574686562553049,0.04731790122856591
2026_05_DET_ARI,2026,5,2026-10-11,00-0040390,Jackson Meeks,TE,1,3,DET,ARI,54.5,-4.5,29.5,NA,NA,NA,0,PENDING,rushing_tds,0.06427979469299316,0,0.8574686562553049,0.05511790917976773
2026_05_DET_ARI,2026,5,2026-10-11,00-0036963,Amon-Ra St. Brown,WR,86,1,DET,ARI,54.5,-4.5,29.5,NA,NA,NA,0,PENDING,rushing_tds,0.050085507333278656,0,0.8574686562553049,0.04294675267093167
2026_05_DET_ARI,2026,5,2026-10-11,00-0037240,Jameson Williams,WR,54,2,DET,ARI,54.5,-4.5,29.5,NA,NA,NA,0,PENDING,rushing_tds,0.047777559608221054,0,0.8574686562553049,0.04096775983641904
2026_05_DET_ARI,2026,5,2026-10-11,00-0040669,Isaac TeSlaa,WR,18,3,DET,ARI,54.5,-4.5,29.5,NA,NA,NA,0,PENDING,rushing_tds,0.0478210374712944,0,0.8574686562553049,0.0410050407412454
2026_05_DET_ARI,2026,5,2026-10-11,00-0035544,Tom Kennedy,WR,24,4,DET,ARI,54.5,-4.5,29.5,NA,NA,NA,0,PENDING,rushing_tds,0.05571379512548447,0,0.8574686562553049,0.04777283304113252
2026_05_DET_ARI,2026,5,2026-10-11,00-0037524,Tay Martin,WR,7,5,DET,ARI,54.5,-4.5,29.5,NA,NA,NA,0,PENDING,rushing_tds,0.05588240176439285,0,0.8574686562553049,0.04791740794923302
2026_05_CHI_GB,2026,5,2026-10-11,00-0036264,Jordan Love,QB,61,1,GB,CHI,45,3,21,NA,NA,NA,0,PENDING,rushing_tds,0.0837295651435852,0,0.8574686562553049,0.07179547771251102
2026_05_CHI_GB,2026,5,2026-10-11,00-0039811,MarShawn Lloyd,RB,5,1,GB,CHI,45,3,21,NA,NA,NA,0,PENDING,rushing_tds,0.19464494287967682,0,0.8574686562553049,0.16690193761792704
2026_05_CHI_GB,2026,5,2026-10-11,00-0040142,Kaleb Johnson,RB,14,2,GB,CHI,45,3,21,NA,NA,NA,0,PENDING,rushing_tds,0.1527135968208313,0,0.8574686562553049,0.13094712265787262
2026_05_CHI_GB,2026,5,2026-10-11,00-0038685,Chris Brooks,RB,35,3,GB,CHI,45,3,21,NA,NA,NA,0,PENDING,rushing_tds,0.10824303328990936,0,0.8574686562553049,0.09281500830409682
2026_05_CHI_GB,2026,5,2026-10-11,00-0038996,Tucker Kraft,TE,43,1,GB,CHI,45,3,21,NA,NA,NA,0,PENDING,rushing_tds,0.05670179799199104,0,0.8574686562553049,0.0486200145314523
2026_05_CHI_GB,2026,5,2026-10-11,00-0033858,Jonnu Smith,TE,82,2,GB,CHI,45,3,21,NA,NA,NA,0,PENDING,rushing_tds,0.05670179799199104,0,0.8574686562553049,0.0486200145314523
2026_05_CHI_GB,2026,5,2026-10-11,00-0040598,Mark Redman,TE,1,3,GB,CHI,45,3,21,NA,NA,NA,0,PENDING,rushing_tds,0.06583396345376968,0,0.8574686562553049,0.05645056017866474
2026_05_CHI_GB,2026,5,2026-10-11,00-0040667,Matthew Golden,WR,18,1,GB,CHI,45,3,21,NA,NA,NA,0,PENDING,rushing_tds,0.04806945472955704,0,0.8574686562553049,0.04121805075387848
2026_05_CHI_GB,2026,5,2026-10-11,00-0038124,Christian Watson,WR,51,2,GB,CHI,45,3,21,NA,NA,NA,0,PENDING,rushing_tds,0.04705313593149185,0,0.8574686562553049,0.04034658923977452
2026_05_CHI_GB,2026,5,2026-10-11,00-0038090,Skyy Moore,WR,53,3,GB,CHI,45,3,21,NA,NA,NA,0,PENDING,rushing_tds,0.0468294695019722,0,0.8574686562553049,0.04015480228700488
2026_05_CHI_GB,2026,5,2026-10-11,00-0040948,J. Michael Sturdivant,WR,3,4,GB,CHI,45,3,21,NA,NA,NA,0,PENDING,rushing_tds,0.04862251877784729,0,0.8574686562553049,0.041692285840189046
2026_05_CHI_GB,2026,5,2026-10-11,00-0037091,Bo Melton,WR,4,5,GB,CHI,45,3,21,NA,NA,NA,0,PENDING,rushing_tds,0.04930464178323746,0,0.8574686562553049,0.04227718493702178
2026_05_HOU_TEN,2026,5,2026-10-11,00-0039163,C.J. Stroud,QB,50,1,HOU,TEN,39.5,-7,23.25,NA,NA,NA,0,PENDING,rushing_tds,0.14267683029174805,0,0.8574686562553049,0.12234090994903138
2026_05_HOU_TEN,2026,5,2026-10-11,00-0035685,David Montgomery,RB,78,1,HOU,TEN,39.5,-7,23.25,NA,NA,NA,0,PENDING,rushing_tds,0.30309373140335083,0.5,0.8574686562553049,0.3311590464581851
2026_05_HOU_TEN,2026,5,2026-10-11,00-0040583,Woody Marks,RB,20,2,HOU,TEN,39.5,-7,23.25,NA,NA,NA,0,PENDING,rushing_tds,0.33097097277641296,0.5,0.8574686562553049,0.35506290715844946
2026_05_HOU_TEN,2026,5,2026-10-11,00-0033854,Dare Ogunbowale,RB,67,3,HOU,TEN,39.5,-7,23.25,NA,NA,NA,0,PENDING,rushing_tds,0.06490980088710785,0.07142857142857142,0.8574686562553049,0.06583893001194599
2026_05_HOU_TEN,2026,5,2026-10-11,00-0034383,Dalton Schultz,TE,85,1,HOU,TEN,39.5,-7,23.25,NA,NA,NA,0,PENDING,rushing_tds,0.05598979815840721,0,0.8574686562553049,0.04800949699089518
2026_05_HOU_TEN,2026,5,2026-10-11,00-0034981,Foster Moreau,TE,69,2,HOU,TEN,39.5,-7,23.25,NA,NA,NA,0,PENDING,rushing_tds,0.05598979815840721,0,0.8574686562553049,0.04800949699089518
2026_05_HOU_TEN,2026,5,2026-10-11,00-0039359,Cade Stover,TE,22,3,HOU,TEN,39.5,-7,23.25,NA,NA,NA,0,PENDING,rushing_tds,0.06089159846305847,0,0.8574686562553049,0.05221263711135633
2026_05_HOU_TEN,2026,5,2026-10-11,00-0036554,Nico Collins,WR,68,1,HOU,TEN,39.5,-7,23.25,NA,NA,NA,0,PENDING,rushing_tds,0.0491458885371685,0.022222222222222223,0.8574686562553049,0.04530842219876543
2026_05_HOU_TEN,2026,5,2026-10-11,00-0038618,Xavier Hutchinson,WR,46,2,HOU,TEN,39.5,-7,23.25,NA,NA,NA,0,PENDING,rushing_tds,0.047777559608221054,0,0.8574686562553049,0.04096775983641904
2026_05_HOU_TEN,2026,5,2026-10-11,00-0038728,Jared Wayne,WR,4,3,HOU,TEN,39.5,-7,23.25,NA,NA,NA,0,PENDING,rushing_tds,0.04951457679271698,0,0.8574686562553049,0.04245719762750113
2026_05_HOU_TEN,2026,5,2026-10-11,00-0040138,Jaylin Noel,WR,21,4,HOU,TEN,39.5,-7,23.25,NA,NA,NA,0,PENDING,rushing_tds,0.050499413162469864,0,0.8574686562553049,0.04330166394610449
2026_05_HOU_TEN,2026,5,2026-10-11,00-0038608,Kayshon Boutte,WR,36,5,HOU,TEN,39.5,-7,23.25,NA,NA,NA,0,PENDING,rushing_tds,0.047777559608221054,0,0.8574686562553049,0.04096775983641904
2026_05_IND_PIT,2026,5,2026-10-11,00-0035710,Daniel Jones,QB,60,1,IND,PIT,44.5,2.5,21,NA,NA,NA,0,PENDING,rushing_tds,0.13351012766361237,0.25,0.8574686562553049,0.15011358570036568
2026_05_IND_PIT,2026,5,2026-10-11,00-0036223,Jonathan Taylor,RB,73,1,IND,PIT,44.5,2.5,21,NA,NA,NA,0,PENDING,rushing_tds,0.5425743460655212,1.5,0.8574686562553049,0.6790375110564459
2026_05_IND_PIT,2026,5,2026-10-11,00-0041125,Seth McGowan,RB,4,2,IND,PIT,44.5,2.5,21,NA,NA,NA,0,PENDING,rushing_tds,0.09287607669830322,0,0.8574686562553049,0.0796383246847587
2026_05_IND_PIT,2026,5,2026-10-11,00-0040128,Tyler Warren,TE,21,1,IND,PIT,44.5,2.5,21,NA,NA,NA,0,PENDING,rushing_tds,0.057494569569826126,0,0.8574686562553049,0.04929979131101595
2026_05_IND_PIT,2026,5,2026-10-11,00-0033217,Mo Alie-Cox,TE,69,2,IND,PIT,44.5,2.5,21,NA,NA,NA,0,PENDING,rushing_tds,0.056394677609205246,0,0.8574686562553049,0.04835666842951635
2026_05_IND_PIT,2026,5,2026-10-11,00-0037292,Andrew Ogletree,TE,37,3,IND,PIT,44.5,2.5,21,NA,NA,NA,0,PENDING,rushing_tds,0.05883672833442688,0,0.8574686562553049,0.05045065038337944
2026_05_IND_PIT,2026,5,2026-10-11,00-0038997,Josh Downs,WR,51,1,IND,PIT,44.5,2.5,21,NA,NA,NA,0,PENDING,rushing_tds,0.04795368015766144,0,0.8574686562553049,0.04111877768728663
2026_05_IND_PIT,2026,5,2026-10-11,00-0032951,Laquon Treadwell,WR,28,2,IND,PIT,44.5,2.5,21,NA,NA,NA,0,PENDING,rushing_tds,0.04795368015766144,0,0.8574686562553049,0.04111877768728663
2026_05_IND_PIT,2026,5,2026-10-11,00-0035021,Ashton Dulin,WR,53,3,IND,PIT,44.5,2.5,21,NA,NA,NA,0,PENDING,rushing_tds,0.04705405607819557,0,0.8574686562553049,0.040347378236732116
2026_05_IND_PIT,2026,5,2026-10-11,00-0041132,Deion Burks,WR,2,4,IND,PIT,44.5,2.5,21,NA,NA,NA,0,PENDING,rushing_tds,0.05543452873826027,0,0.8574686562553049,0.04753337086734211
2026_05_IND_PIT,2026,5,2026-10-11,00-0036182,Nick Westbrook-Ikhine,WR,72,5,IND,PIT,44.5,2.5,21,NA,NA,NA,0,PENDING,rushing_tds,0.04881022498011589,0,0.8574686562553049,0.04185323802521909
2026_05_PHI_JAX,2026,5,2026-10-11,00-0036971,Trevor Lawrence,QB,81,1,JAX,PHI,43,-7,25,NA,NA,NA,0,PENDING,rushing_tds,0.14425699412822723,0,0.8574686562553049,0.12369585091056041
2026_05_PHI_JAX,2026,5,2026-10-11,00-0040719,Bhayshul Tuten,RB,19,1,JAX,PHI,43,-7,25,NA,NA,NA,0,PENDING,rushing_tds,0.5734508037567139,0.5,0.8574686562553049,0.5629817619981415
2026_05_PHI_JAX,2026,5,2026-10-11,00-0038611,Chris Rodriguez Jr.,RB,32,2,JAX,PHI,43,-7,25,NA,NA,NA,0,PENDING,rushing_tds,0.31797364354133606,0.5,0.8574686562553049,0.3439181047243403
2026_05_PHI_JAX,2026,5,2026-10-11,00-0032104,Ameer Abdullah,RB,81,3,JAX,PHI,43,-7,25,NA,NA,NA,0,PENDING,rushing_tds,0.1277608573436737,0,0.8574686562553049,0.10955093066850559
2026_05_PHI_JAX,2026,5,2026-10-11,00-0040238,LeQuint Allen Jr.,RB,19,4,JAX,PHI,43,-7,25,NA,NA,NA,0,PENDING,rushing_tds,0.06554470956325531,0,0.8574686562553049,0.05620253403384876
2026_05_PHI_JAX,2026,5,2026-10-11,00-0038935,Brenton Strange,TE,37,1,JAX,PHI,43,-7,25,NA,NA,NA,0,PENDING,rushing_tds,0.05753641948103905,0,0.8574686562553049,0.0493356762981481
2026_05_PHI_JAX,2026,5,2026-10-11,00-0041503,Nate Boerkircher,TE,3,2,JAX,PHI,43,-7,25,NA,NA,NA,0,PENDING,rushing_tds,0.06113894656300545,0,0.8574686562553049,0.05242473035424517
2026_05_PHI_JAX,2026,5,2026-10-11,00-0036590,Quintin Morris,TE,35,3,JAX,PHI,43,-7,25,NA,NA,NA,0,PENDING,rushing_tds,0.06469999253749847,0,0.8574686562553049,0.05547821566085707
2026_05_PHI_JAX,2026,5,2026-10-11,00-0038606,Parker Washington,WR,42,1,JAX,PHI,43,-7,25,NA,NA,NA,0,PENDING,rushing_tds,0.047777559608221054,0,0.8574686562553049,0.04096775983641904
2026_05_PHI_JAX,2026,5,2026-10-11,00-0034960,Jakobi Meyers,WR,81,2,JAX,PHI,43,-7,25,NA,NA,NA,0,PENDING,rushing_tds,0.047777559608221054,0,0.8574686562553049,0.04096775983641904
2026_05_PHI_JAX,2026,5,2026-10-11,00-0039893,Brian Thomas Jr.,WR,35,3,JAX,PHI,43,-7,25,NA,NA,NA,0,PENDING,rushing_tds,0.047777559608221054,0,0.8574686562553049,0.04096775983641904
2026_05_PHI_JAX,2026,5,2026-10-11,00-0041100,Josh Cameron,WR,4,4,JAX,PHI,43,-7,25,NA,NA,NA,0,PENDING,rushing_tds,0.04951457679271698,0,0.8574686562553049,0.04245719762750113
2026_05_PHI_JAX,2026,5,2026-10-11,00-0040718,Travis Hunter,WR,0,5,JAX,PHI,43,-7,25,NA,NA,NA,0,PENDING,rushing_tds,0.07703808695077896,0,0.8574686562553049,0.06605774489816377
2026_05_DEN_LAC,2026,5,2026-10-11,00-0036355,Justin Herbert,QB,84,1,LAC,DEN,42.5,3.5,19.5,70,0,0,1,VERIFIED_DOME,rushing_tds,0.18454588949680328,0,0.8574686562553049,0.1582423158842639
2026_05_DEN_LAC,2026,5,2026-10-11,00-0040666,Omarion Hampton,RB,13,1,LAC,DEN,42.5,3.5,19.5,70,0,0,1,VERIFIED_DOME,rushing_tds,0.4456411302089691,0.75,0.8574686562553049,0.48902180890090147
2026_05_DEN_LAC,2026,5,2026-10-11,00-0038454,Keaton Mitchell,RB,28,2,LAC,DEN,42.5,3.5,19.5,70,0,0,1,VERIFIED_DOME,rushing_tds,0.18444493412971497,0,0.8574686562553049,0.15815574982130493
2026_05_DEN_LAC,2026,5,2026-10-11,00-0039391,Kimani Vidal,RB,25,3,LAC,DEN,42.5,3.5,19.5,70,0,0,1,VERIFIED_DOME,rushing_tds,0.06970600038766861,0,0.8574686562553049,0.05977071048534596
2026_05_DEN_LAC,2026,5,2026-10-11,00-0035125,Alec Ingold,RB,52,4,LAC,DEN,42.5,3.5,19.5,70,0,0,1,VERIFIED_DOME,rushing_tds,0.056789834052324295,0,0.8574686562553049,0.04869550269380827
2026_05_DEN_LAC,2026,5,2026-10-11,00-0040189,Oronde Gadsden II,TE,19,1,LAC,DEN,42.5,3.5,19.5,70,0,0,1,VERIFIED_DOME,rushing_tds,0.05372870713472366,0,0.8574686562553049,0.046070682309146314
2026_05_DEN_LAC,2026,5,2026-10-11,00-0039489,Hayden Rucci,TE,2,2,LAC,DEN,42.5,3.5,19.5,70,0,0,1,VERIFIED_DOME,rushing_tds,0.0648583471775055,0,0.8574686562553049,0.05561399980123568
2026_05_DEN_LAC,2026,5,2026-10-11,00-0040331,Patrick Herbert,TE,1,3,LAC,DEN,42.5,3.5,19.5,70,0,0,1,VERIFIED_DOME,rushing_tds,0.07104748487472534,0,0.8574686562553049,0.06092099138584984
2026_05_DEN_LAC,2026,5,2026-10-11,00-0040727,Tre Harris,WR,20,1,LAC,DEN,42.5,3.5,19.5,70,0,0,1,VERIFIED_DOME,rushing_tds,0.046872083097696304,0,0.8574686562553049,0.04019134210966864
2026_05_DEN_LAC,2026,5,2026-10-11,00-0038544,Quentin Johnston,WR,49,2,LAC,DEN,42.5,3.5,19.5,70,0,0,1,VERIFIED_DOME,rushing_tds,0.0468294695019722,0,0.8574686562553049,0.04015480228700488
2026_05_DEN_LAC,2026,5,2026-10-11,00-0039915,Ladd McConkey,WR,36,3,LAC,DEN,42.5,3.5,19.5,70,0,0,1,VERIFIED_DOME,rushing_tds,0.0468294695019722,0,0.8574686562553049,0.04015480228700488
2026_05_DEN_LAC,2026,5,2026-10-11,00-0034272,Marquez Valdes-Scantling,WR,68,4,LAC,DEN,42.5,3.5,19.5,70,0,0,1,VERIFIED_DOME,rushing_tds,0.04715815559029579,0,0.8574686562553049,0.040436640305489525
2026_05_DEN_LAC,2026,5,2026-10-11,00-0038573,Derius Davis,WR,47,5,LAC,DEN,42.5,3.5,19.5,70,0,0,1,VERIFIED_DOME,rushing_tds,0.048464905470609665,0,0.8574686562553049,0.04155713736942404
2026_05_BUF_LA,2026,5,2026-10-12,00-0026498,Matthew Stafford,QB,78,1,LAR,BUF,54.5,-3,28.75,70,0,0,1,VERIFIED_DOME,rushing_tds,0.10601752251386642,0,0.8574686562553049,0.09090670256948158
2026_05_BUF_LA,2026,5,2026-10-12,00-0037840,Kyren Williams,RB,57,1,LAR,BUF,54.5,-3,28.75,70,0,0,1,VERIFIED_DOME,rushing_tds,0.7322694063186646,0.75,0.8574686562553049,0.7347965716614564
2026_05_BUF_LA,2026,5,2026-10-12,00-0039738,Blake Corum,RB,36,2,LAR,BUF,54.5,-3,28.75,70,0,0,1,VERIFIED_DOME,rushing_tds,0.2731105387210846,0,0.8574686562553049,0.23418372664633083
2026_05_BUF_LA,2026,5,2026-10-12,00-0041415,Dean Connors,RB,2,3,LAR,BUF,54.5,-3,28.75,70,0,0,1,VERIFIED_DOME,rushing_tds,0.07220908999443054,0,0.8574686562553049,0.06191703136694274
2026_05_BUF_LA,2026,5,2026-10-12,00-0033110,Tyler Higbee,TE,62,1,LAR,BUF,54.5,-3,28.75,70,0,0,1,VERIFIED_DOME,rushing_tds,0.05565984174609184,0,0.8574686562553049,0.047726569709404296
2026_05_BUF_LA,2026,5,2026-10-12,00-0039074,Davis Allen,TE,33,2,LAR,BUF,54.5,-3,28.75,70,0,0,1,VERIFIED_DOME,rushing_tds,0.05565984174609184,0,0.8574686562553049,0.047726569709404296
2026_05_BUF_LA,2026,5,2026-10-12,00-0041510,Max Klare,TE,0,3,LAR,BUF,54.5,-3,28.75,70,0,0,1,VERIFIED_DOME,rushing_tds,0.0779644027352333,0,0.8574686562553049,0.06685203164912792
2026_05_BUF_LA,2026,5,2026-10-12,00-0039075,Puka Nacua,WR,46,1,LAR,BUF,54.5,-3,28.75,70,0,0,1,VERIFIED_DOME,rushing_tds,0.05102703347802162,0.35416666666666663,0.8574686562553049,0.09423393273867317
2026_05_BUF_LA,2026,5,2026-10-12,00-0031381,Davante Adams,WR,82,2,LAR,BUF,54.5,-3,28.75,70,0,0,1,VERIFIED_DOME,rushing_tds,0.04899806156754494,0,0.8574686562553049,0.04201430201143745
2026_05_BUF_LA,2026,5,2026-10-12,00-0040590,Konata Mumpfield,WR,14,3,LAR,BUF,54.5,-3,28.75,70,0,0,1,VERIFIED_DOME,rushing_tds,0.04830241575837135,0,0.8574686562553049,0.04141780753421575
2026_05_BUF_LA,2026,5,2026-10-12,00-0036849,Tutu Atwell,WR,57,4,LAR,BUF,54.5,-3,28.75,70,0,0,1,VERIFIED_DOME,rushing_tds,0.047777559608221054,0,0.8574686562553049,0.04096775983641904
2026_05_BUF_LA,2026,5,2026-10-12,00-0039751,Jordan Whittington,WR,31,5,LAR,BUF,54.5,-3,28.75,70,0,0,1,VERIFIED_DOME,rushing_tds,0.047777559608221054,0,0.8574686562553049,0.04096775983641904
2026_05_LV_NE,2026,5,2026-10-11,00-0029604,Kirk Cousins,QB,69,1,LV,NE,45,3.5,20.75,NA,NA,NA,0,PENDING,rushing_tds,0.10266062617301941,0,0.8574686562553049,0.08802826917490714
2026_05_LV_NE,2026,5,2026-10-11,00-0040122,Ashton Jeanty,RB,21,1,LV,NE,45,3.5,20.75,NA,NA,NA,0,PENDING,rushing_tds,0.3843841254711151,0,0.8574686562553049,0.3295973395535876
2026_05_LV_NE,2026,5,2026-10-11,00-0040878,Mike Washington Jr.,RB,4,2,LV,NE,45,3.5,20.75,NA,NA,NA,0,PENDING,rushing_tds,0.17975707352161407,0.25,0.8574686562553049,0.18976889222113824
2026_05_LV_NE,2026,5,2026-10-11,00-0037304,Connor Heyward,RB,59,3,LV,NE,45,3.5,20.75,NA,NA,NA,0,PENDING,rushing_tds,0.07425069063901901,0,0.8574686562553049,0.06366763992826797
2026_05_LV_NE,2026,5,2026-10-11,00-0039407,Dylan Laube,RB,27,4,LV,NE,45,3.5,20.75,NA,NA,NA,0,PENDING,rushing_tds,0.06750328093767166,0,0.8574686562553049,0.057881947598449654
2026_05_LV_NE,2026,5,2026-10-11,00-0039338,Brock Bowers,TE,31,1,LV,NE,45,3.5,20.75,NA,NA,NA,0,PENDING,rushing_tds,0.05828799679875374,0,0.8574686562553049,0.049980130290840884
2026_05_LV_NE,2026,5,2026-10-11,00-0039066,Michael Mayer,TE,41,2,LV,NE,45,3.5,20.75,NA,NA,NA,0,PENDING,rushing_tds,0.05670179799199104,0,0.8574686562553049,0.0486200145314523
2026_05_LV_NE,2026,5,2026-10-11,00-0034365,Ian Thomas,TE,49,3,LV,NE,45,3.5,20.75,NA,NA,NA,0,PENDING,rushing_tds,0.05670179799199104,0,0.8574686562553049,0.0486200145314523
2026_05_LV_NE,2026,5,2026-10-11,00-0038563,Tre Tucker,WR,51,1,LV,NE,45,3.5,20.75,NA,NA,NA,0,PENDING,rushing_tds,0.0468294695019722,0,0.8574686562553049,0.04015480228700488
2026_05_LV_NE,2026,5,2026-10-11,00-0037291,Jalen Nailor,WR,46,2,LV,NE,45,3.5,20.75,NA,NA,NA,0,PENDING,rushing_tds,0.0468294695019722,0,0.8574686562553049,0.04015480228700488
2026_05_LV_NE,2026,5,2026-10-11,00-0035891,Cody White,WR,21,3,LV,NE,45,3.5,20.75,NA,NA,NA,0,PENDING,rushing_tds,0.046872083097696304,0,0.8574686562553049,0.04019134210966864
2026_05_LV_NE,2026,5,2026-10-11,00-0040894,Malik Benson,WR,4,4,LV,NE,45,3.5,20.75,NA,NA,NA,0,PENDING,rushing_tds,0.04973529279232025,0,0.8574686562553049,0.042646454679094996
2026_05_LV_NE,2026,5,2026-10-11,00-0037093,Dareke Young,WR,26,5,LV,NE,45,3.5,20.75,NA,NA,NA,0,PENDING,rushing_tds,0.04812879115343094,0,0.8574686562553049,0.04126892987752463
2026_05_CIN_MIA,2026,5,2026-10-11,00-0038128,Malik Willis,QB,23,1,MIA,CIN,42.5,7,17.75,NA,NA,NA,0,PENDING,rushing_tds,0.20050828158855438,0.25,0.8574686562553049,0.2075624027179718
2026_05_CIN_MIA,2026,5,2026-10-11,00-0040198,Ollie Gordon II,RB,20,1,MIA,CIN,42.5,7,17.75,NA,NA,NA,0,PENDING,rushing_tds,0.3225172460079193,0.6666666666666666,0.8574686562553049,0.3715693253833689
2026_05_CIN_MIA,2026,5,2026-10-11,00-0039874,Jaylen Wright,RB,25,2,MIA,CIN,42.5,7,17.75,NA,NA,NA,0,PENDING,rushing_tds,0.07659851014614105,0,0.8574686562553049,0.0656808215661699
2026_05_CIN_MIA,2026,5,2026-10-11,00-0041436,DJ Herman,RB,2,3,MIA,CIN,42.5,7,17.75,NA,NA,NA,0,PENDING,rushing_tds,0.059834644198417664,0,0.8574686562553049,0.051306331958331466
2026_05_CIN_MIA,2026,5,2026-10-11,00-0038930,Carlos Washington,RB,0,4,MIA,CIN,42.5,7,17.75,NA,NA,NA,0,PENDING,rushing_tds,0.07591523975133896,0,0.8574686562553049,0.06509493861887992
2026_05_CIN_MIA,2026,5,2026-10-11,00-0037252,Greg Dulcich,TE,28,1,MIA,CIN,42.5,7,17.75,NA,NA,NA,0,PENDING,rushing_tds,0.05338750034570694,0,0.8574686562553049,0.04577810818226295
2026_05_CIN_MIA,2026,5,2026-10-11,00-0041524,Will Kacmarek,TE,4,2,MIA,CIN,42.5,7,17.75,NA,NA,NA,0,PENDING,rushing_tds,0.055924225598573685,0,0.8574686562553049,0.0479532705761275
2026_05_CIN_MIA,2026,5,2026-10-11,00-0041579,Seydou Traore,TE,0,3,MIA,CIN,42.5,7,17.75,NA,NA,NA,0,PENDING,rushing_tds,0.07591523975133896,0,0.8574686562553049,0.06509493861887992
2026_05_CIN_MIA,2026,5,2026-10-11,00-0039880,Malik Washington,WR,35,1,MIA,CIN,42.5,7,17.75,NA,NA,NA,0,PENDING,rushing_tds,0.04795130342245102,0,0.8574686562553049,0.04111673971133948
2026_05_CIN_MIA,2026,5,2026-10-11,00-0041529,Kevin Coleman Jr.,WR,3,2,MIA,CIN,42.5,7,17.75,NA,NA,NA,0,PENDING,rushing_tds,0.04929722473025322,0,0.8574686562553049,0.04227082504656601
2026_05_CIN_MIA,2026,5,2026-10-11,00-0041525,Chris Bell,WR,4,3,MIA,CIN,42.5,7,17.75,NA,NA,NA,0,PENDING,rushing_tds,0.048532016575336456,0,0.8574686562553049,0.04161468303821393
2026_05_CIN_MIA,2026,5,2026-10-11,00-0037666,Jalen Tolbert,WR,47,4,MIA,CIN,42.5,7,17.75,NA,NA,NA,0,PENDING,rushing_tds,0.0468294695019722,0,0.8574686562553049,0.04015480228700488
2026_05_CIN_MIA,2026,5,2026-10-11,00-0038824,Ryan Miller,WR,21,5,MIA,CIN,42.5,7,17.75,NA,NA,NA,0,PENDING,rushing_tds,0.046872083097696304,0,0.8574686562553049,0.04019134210966864
2026_05_LV_NE,2026,5,2026-10-11,00-0039851,Drake Maye,QB,34,1,NE,LV,45,-3.5,24.25,NA,NA,NA,0,PENDING,rushing_tds,0.3154289126396179,0,0.8574686562553049,0.27047040586516513
2026_05_LV_NE,2026,5,2026-10-11,00-0036875,Rhamondre Stevenson,RB,74,1,NE,LV,45,-3.5,24.25,NA,NA,NA,0,PENDING,rushing_tds,0.3846650719642639,0.25,0.8574686562553049,0.3654710783017213
2026_05_LV_NE,2026,5,2026-10-11,00-0040734,TreVeyon Henderson,RB,20,2,NE,LV,45,-3.5,24.25,NA,NA,NA,0,PENDING,rushing_tds,0.3149178624153137,0.3333333333333333,0.8574686562553049,0.3175426442309504
2026_05_LV_NE,2026,5,2026-10-11,00-0040556,Corey Kiner,RB,8,3,NE,LV,45,-3.5,24.25,NA,NA,NA,0,PENDING,rushing_tds,0.0942969024181366,0,0.8574686562553049,0.0808566382055172
2026_05_LV_NE,2026,5,2026-10-11,00-0036187,Reggie Gilliam,RB,39,4,NE,LV,45,-3.5,24.25,NA,NA,NA,0,PENDING,rushing_tds,0.06985508650541306,0,0.8574686562553049,0.05989854715839461
2026_05_LV_NE,2026,5,2026-10-11,00-0033090,Hunter Henry,TE,82,1,NE,LV,45,-3.5,24.25,NA,NA,NA,0,PENDING,rushing_tds,0.05513988435268402,0,0.8574686562553049,0.04728072254196888
2026_05_LV_NE,2026,5,2026-10-11,00-0041395,Eli Raridon,TE,3,2,NE,LV,45,-3.5,24.25,NA,NA,NA,0,PENDING,rushing_tds,0.05767526105046272,0,0.8574686562553049,0.049454728592114194
2026_05_LV_NE,2026,5,2026-10-11,00-0038564,Cameron Latu,TE,13,3,NE,LV,45,-3.5,24.25,NA,NA,NA,0,PENDING,rushing_tds,0.06449363380670547,0,0.8574686562553049,0.055301269517257445
2026_05_LV_NE,2026,5,2026-10-11,00-0033555,Mack Hollins,WR,79,1,NE,LV,45,-3.5,24.25,NA,NA,NA,0,PENDING,rushing_tds,0.047777559608221054,0,0.8574686562553049,0.04096775983641904
2026_05_LV_NE,2026,5,2026-10-11,00-0037816,Romeo Doubs,WR,63,2,NE,LV,45,-3.5,24.25,NA,NA,NA,0,PENDING,rushing_tds,0.047777559608221054,0,0.8574686562553049,0.04096775983641904
2026_05_LV_NE,2026,5,2026-10-11,00-0038621,DeMario Douglas,WR,50,3,NE,LV,45,-3.5,24.25,NA,NA,NA,0,PENDING,rushing_tds,0.047777559608221054,0,0.8574686562553049,0.04096775983641904
2026_05_LV_NE,2026,5,2026-10-11,00-0040563,Efton Chism III,WR,11,4,NE,LV,45,-3.5,24.25,NA,NA,NA,0,PENDING,rushing_tds,0.04830241575837135,0,0.8574686562553049,0.04141780753421575
2026_05_LV_NE,2026,5,2026-10-11,00-0040131,Kyle Williams,WR,18,5,NE,LV,45,-3.5,24.25,NA,NA,NA,0,PENDING,rushing_tds,0.04815668240189552,0,0.8574686562553049,0.041292845748866845
2026_05_NYG_WAS,2026,5,2026-10-11,00-0031503,Jameis Winston,QB,33,1,NYG,WAS,43.5,3.5,20,NA,NA,NA,0,PENDING,rushing_tds,0.0873710885643959,0,0.8574686562553049,0.0749179699068758
2026_05_NYG_WAS,2026,5,2026-10-11,00-0040715,Cam Skattebo,RB,12,1,NYG,WAS,43.5,3.5,20,NA,NA,NA,0,PENDING,rushing_tds,0.37284746766090393,0.25,0.8574686562553049,0.35533785301956233
2026_05_NYG_WAS,2026,5,2026-10-11,00-0036893,Najee Harris,RB,74,2,NYG,WAS,43.5,3.5,20,NA,NA,NA,0,PENDING,rushing_tds,0.1692175716161728,0,0.8574686562553049,0.1450987637485055
2026_05_NYG_WAS,2026,5,2026-10-11,00-0033376,Patrick Ricard,RB,44,3,NYG,WAS,43.5,3.5,20,NA,NA,NA,0,PENDING,rushing_tds,0.06500092148780823,0,0.8574686562553049,0.0557362528035075
2026_05_NYG_WAS,2026,5,2026-10-11,00-0039384,Tyrone Tracy Jr.,RB,36,4,NYG,WAS,43.5,3.5,20,NA,NA,NA,0,PENDING,rushing_tds,0.06633222848176956,0,0.8574686562553049,0.05687780682268281
2026_05_NYG_WAS,2026,5,2026-10-11,00-0037838,Isaiah Likely,TE,59,1,NYG,WAS,43.5,3.5,20,NA,NA,NA,0,PENDING,rushing_tds,0.05537748709321022,0,0.8574686562553049,0.04748445944461046
2026_05_NYG_WAS,2026,5,2026-10-11,00-0039847,Theo Johnson,TE,29,2,NYG,WAS,43.5,3.5,20,NA,NA,NA,0,PENDING,rushing_tds,0.053998079150915146,0,0.8574686562553049,0.046301660369902804
2026_05_NYG_WAS,2026,5,2026-10-11,00-0031484,Chris Manhertz,TE,37,3,NYG,WAS,43.5,3.5,20,NA,NA,NA,0,PENDING,rushing_tds,0.06063288077712059,0,0.8574686562553049,0.0519907948048457
2026_05_NYG_WAS,2026,5,2026-10-11,00-0039337,Malik Nabers,WR,23,1,NYG,WAS,43.5,3.5,20,NA,NA,NA,0,PENDING,rushing_tds,0.046872083097696304,0,0.8574686562553049,0.04019134210966864
2026_05_NYG_WAS,2026,5,2026-10-11,00-0041042,Malachi Fields,WR,4,2,NYG,WAS,43.5,3.5,20,NA,NA,NA,0,PENDING,rushing_tds,0.048532016575336456,0,0.8574686562553049,0.04161468303821393
2026_05_NYG_WAS,2026,5,2026-10-11,00-0036309,Darnell Mooney,WR,77,3,NYG,WAS,43.5,3.5,20,NA,NA,NA,0,PENDING,rushing_tds,0.045950934290885925,0,0.8574686562553049,0.039401485880081764
2026_05_NYG_WAS,2026,5,2026-10-11,00-0034419,Braxton Berrios,WR,63,4,NYG,WAS,43.5,3.5,20,NA,NA,NA,0,PENDING,rushing_tds,0.053770534694194794,0,0.8574686562553049,0.04610654813036046
2026_05_NYG_WAS,2026,5,2026-10-11,00-0038576,Charlie Jones,WR,33,5,NYG,WAS,43.5,3.5,20,NA,NA,NA,0,PENDING,rushing_tds,0.052583467215299606,0,0.8574686562553049,0.045088674974347834
2026_05_CLE_NYJ,2026,5,2026-10-11,00-0030565,Geno Smith,QB,72,1,NYJ,CLE,40,-2,21,NA,NA,NA,0,PENDING,rushing_tds,0.11112432926893234,0,0.8574686562553049,0.09528562929550347
2026_05_CLE_NYJ,2026,5,2026-10-11,00-0039794,Braelon Allen,RB,25,1,NYJ,CLE,40,-2,21,NA,NA,NA,0,PENDING,rushing_tds,0.27896028757095337,0.25,0.8574686562553049,0.27483253886823256
2026_05_CLE_NYJ,2026,5,2026-10-11,00-0036842,Kene Nwangwu,RB,44,2,NYJ,CLE,40,-2,21,NA,NA,NA,0,PENDING,rushing_tds,0.06705384701490402,0,0.8574686562553049,0.057496572096618535
2026_05_CLE_NYJ,2026,5,2026-10-11,00-0034959,Andrew Beck,RB,37,3,NYJ,CLE,40,-2,21,NA,NA,NA,0,PENDING,rushing_tds,0.06584767997264862,0,0.8574686562553049,0.05646232166367637
2026_05_CLE_NYJ,2026,5,2026-10-11,00-0039798,Isaiah Davis,RB,32,4,NYJ,CLE,40,-2,21,NA,NA,NA,0,PENDING,rushing_tds,0.06676139682531357,0,0.8574686562553049,0.0572458052255288
2026_05_CLE_NYJ,2026,5,2026-10-11,00-0041032,Kenyon Sadiq,TE,4,1,NYJ,CLE,40,-2,21,NA,NA,NA,0,PENDING,rushing_tds,0.05628577992320061,0.25,0.8574686562553049,0.08389612801320243
2026_05_CLE_NYJ,2026,5,2026-10-11,00-0037805,Jeremy Ruckert,TE,43,2,NYJ,CLE,40,-2,21,NA,NA,NA,0,PENDING,rushing_tds,0.05781419947743416,0,0.8574686562553049,0.04957386393839162
2026_05_CLE_NYJ,2026,5,2026-10-11,00-0037755,Jelani Woods,TE,16,3,NYJ,CLE,40,-2,21,NA,NA,NA,0,PENDING,rushing_tds,0.05372869223356247,0,0.8574686562553049,0.04607066953186765
2026_05_CLE_NYJ,2026,5,2026-10-11,00-0037740,Garrett Wilson,WR,62,1,NYJ,CLE,40,-2,21,NA,NA,NA,0,PENDING,rushing_tds,0.04731079563498497,0,0.8574686562553049,0.0405675243594999
2026_05_CLE_NYJ,2026,5,2026-10-11,00-0039451,Isaiah Williams,WR,27,2,NYJ,CLE,40,-2,21,NA,NA,NA,0,PENDING,rushing_tds,0.04651881009340286,0,0.8574686562553049,0.03988842158138586
2026_05_CLE_NYJ,2026,5,2026-10-11,00-0032385,Sterling Shepard,WR,48,3,NYJ,CLE,40,-2,21,NA,NA,NA,0,PENDING,rushing_tds,0.04708590358495712,0,0.8574686562553049,0.04037468647556003
2026_05_CLE_NYJ,2026,5,2026-10-11,00-0040405,Jamaal Pritchett,WR,1,4,NYJ,CLE,40,-2,21,NA,NA,NA,0,PENDING,rushing_tds,0.07019418478012085,0,0.8574686562553049,0.0601893133003468
2026_05_CLE_NYJ,2026,5,2026-10-11,00-0041267,Malik McClain,WR,1,5,NYJ,CLE,40,-2,21,NA,NA,NA,0,PENDING,rushing_tds,0.06354337930679321,0,0.8574686562553049,0.054486456068117126
2026_05_PHI_JAX,2026,5,2026-10-11,00-0036389,Jalen Hurts,QB,82,1,PHI,JAX,43,7,18,NA,NA,NA,0,PENDING,rushing_tds,0.2253255397081375,0.25,0.8574686562553049,0.2288424236897118
2026_05_PHI_JAX,2026,5,2026-10-11,00-0034844,Saquon Barkley,RB,79,1,PHI,JAX,43,7,18,NA,NA,NA,0,PENDING,rushing_tds,0.24833935499191284,0,0.8574686562553049,0.21294321302022465
2026_05_PHI_JAX,2026,5,2026-10-11,00-0038555,Tank Bigsby,RB,48,2,PHI,JAX,43,7,18,NA,NA,NA,0,PENDING,rushing_tds,0.19738008081912994,0.25,0.8574686562553049,0.2048800686077166
2026_05_PHI_JAX,2026,5,2026-10-11,00-0039746,Will Shipley,RB,31,3,PHI,JAX,43,7,18,NA,NA,NA,0,PENDING,rushing_tds,0.08162151277065277,0,0.8574686562553049,0.06998788887697684
2026_05_PHI_JAX,2026,5,2026-10-11,00-0030061,Zach Ertz,TE,66,1,PHI,JAX,43,7,18,NA,NA,NA,0,PENDING,rushing_tds,0.05670179799199104,0,0.8574686562553049,0.0486200145314523
2026_05_PHI_JAX,2026,5,2026-10-11,00-0033246,Johnny Mundt,TE,55,2,PHI,JAX,43,7,18,NA,NA,NA,0,PENDING,rushing_tds,0.06358916312456131,0,0.8574686562553049,0.05452571425681697
2026_05_PHI_JAX,2026,5,2026-10-11,00-0036332,Josiah Deguara,TE,46,3,PHI,JAX,43,7,18,NA,NA,NA,0,PENDING,rushing_tds,0.058229800313711166,0,0.8574686562553049,0.04993022862901265
2026_05_PHI_JAX,2026,5,2026-10-11,00-0038393,Dontayvion Wicks,WR,49,1,PHI,JAX,43,7,18,NA,NA,NA,0,PENDING,rushing_tds,0.0468294695019722,0,0.8574686562553049,0.04015480228700488
2026_05_PHI_JAX,2026,5,2026-10-11,00-0040867,Makai Lemon,WR,4,2,PHI,JAX,43,7,18,NA,NA,NA,0,PENDING,rushing_tds,0.048532016575336456,0,0.8574686562553049,0.04161468303821393
2026_05_PHI_JAX,2026,5,2026-10-11,00-0036980,Elijah Moore,WR,67,3,PHI,JAX,43,7,18,NA,NA,NA,0,PENDING,rushing_tds,0.047106653451919556,0.1111111111111111,0.8574686562553049,0.05622929480773457
2026_05_PHI_JAX,2026,5,2026-10-11,00-0040024,Darius Cooper,WR,10,4,PHI,JAX,43,7,18,NA,NA,NA,0,PENDING,rushing_tds,0.047343913465738297,0,0.8574686562553049,0.04059592186133405
2026_05_PHI_JAX,2026,5,2026-10-11,00-0037132,Britain Covey,WR,47,5,PHI,JAX,43,7,18,NA,NA,NA,0,PENDING,rushing_tds,0.05453164130449295,0,0.8574686562553049,0.04675917319275985
2026_05_IND_PIT,2026,5,2026-10-11,00-0023459,Aaron Rodgers,QB,71,1,PIT,IND,44.5,-2.5,23.5,NA,NA,NA,0,PENDING,rushing_tds,0.07753578573465347,0,0.8574686562553049,0.06648450600559255
2026_05_IND_PIT,2026,5,2026-10-11,00-0037228,Jaylen Warren,RB,68,1,PIT,IND,44.5,-2.5,23.5,NA,NA,NA,0,PENDING,rushing_tds,0.4822438359260559,0,0.8574686562553049,0.4135089739789189
2026_05_IND_PIT,2026,5,2026-10-11,00-0035594,Travis Homer,RB,50,2,PIT,IND,44.5,-2.5,23.5,NA,NA,NA,0,PENDING,rushing_tds,0.07369725406169891,0,0.8574686562553049,0.06319308540999077
2026_05_IND_PIT,2026,5,2026-10-11,00-0038409,Lew Nichols III,RB,3,3,PIT,IND,44.5,-2.5,23.5,NA,NA,NA,0,PENDING,rushing_tds,0.08692153543233871,0,0.8574686562553049,0.07453249218681535
2026_05_IND_PIT,2026,5,2026-10-11,00-0041398,Riley Nowakowski,RB,1,4,PIT,IND,44.5,-2.5,23.5,NA,NA,NA,0,PENDING,rushing_tds,0.08180700242519379,0,0.8574686562553049,0.07014694044180539
2026_05_IND_PIT,2026,5,2026-10-11,00-0036894,Pat Freiermuth,TE,78,1,PIT,IND,44.5,-2.5,23.5,NA,NA,NA,0,PENDING,rushing_tds,0.0549764521420002,0,0.8574686562553049,0.047140584543884985
2026_05_IND_PIT,2026,5,2026-10-11,00-0038558,Darnell Washington,TE,38,2,PIT,IND,44.5,-2.5,23.5,NA,NA,NA,0,PENDING,rushing_tds,0.05397380515933037,0,0.8574686562553049,0.04628084618295665
2026_05_IND_PIT,2026,5,2026-10-11,00-0033757,Robert Tonyan,TE,40,3,PIT,IND,44.5,-2.5,23.5,NA,NA,NA,0,PENDING,rushing_tds,0.061888013035058975,0,0.8574686562553049,0.05306703137548281
2026_05_IND_PIT,2026,5,2026-10-11,00-0035640,DK Metcalf,WR,84,1,PIT,IND,44.5,-2.5,23.5,NA,NA,NA,0,PENDING,rushing_tds,0.047598227858543396,0,0.8574686562553049,0.040813988481999026
2026_05_IND_PIT,2026,5,2026-10-11,00-0039739,Roman Wilson,WR,13,2,PIT,IND,44.5,-2.5,23.5,NA,NA,NA,0,PENDING,rushing_tds,0.04760316386818886,0,0.8574686562553049,0.04081822095555698
2026_05_IND_PIT,2026,5,2026-10-11,00-0036252,Michael Pittman,WR,85,3,PIT,IND,44.5,-2.5,23.5,NA,NA,NA,0,PENDING,rushing_tds,0.04708590358495712,0,0.8574686562553049,0.04037468647556003
2026_05_IND_PIT,2026,5,2026-10-11,00-0041489,Germie Bernard,WR,3,4,PIT,IND,44.5,-2.5,23.5,NA,NA,NA,0,PENDING,rushing_tds,0.04888876900076866,0,0.8574686562553049,0.04192058706106511
2026_05_IND_PIT,2026,5,2026-10-11,00-0036862,Ben Skowronek,WR,67,5,PIT,IND,44.5,-2.5,23.5,NA,NA,NA,0,PENDING,rushing_tds,0.04708590358495712,0,0.8574686562553049,0.04037468647556003
2026_05_SF_SEA,2026,5,2026-10-11,00-0034869,Sam Darnold,QB,65,1,SEA,SF,47,-3,25,NA,NA,NA,0,PENDING,rushing_tds,0.07999097555875778,0,0.8574686562553049,0.06858975432491897
2026_05_SF_SEA,2026,5,2026-10-11,00-0038797,Emanuel Wilson,RB,43,1,SEA,SF,47,-3,25,NA,NA,NA,0,PENDING,rushing_tds,0.34709930419921875,0.25,0.8574686562553049,0.3332596098950292
2026_05_SF_SEA,2026,5,2026-10-11,00-0039299,George Holani,RB,17,2,SEA,SF,47,-3,25,NA,NA,NA,0,PENDING,rushing_tds,0.14155669510364532,0,0.8574686562553049,0.12138042913446466
2026_05_SF_SEA,2026,5,2026-10-11,00-0038488,Brady Russell,RB,27,3,SEA,SF,47,-3,25,NA,NA,NA,0,PENDING,rushing_tds,0.059819553047418594,0,0.8574686562553049,0.05129339176936295
2026_05_SF_SEA,2026,5,2026-10-11,00-0037745,Velus Jones Jr.,RB,31,4,SEA,SF,47,-3,25,NA,NA,NA,0,PENDING,rushing_tds,0.07050254195928574,0,0.8574686562553049,0.06045371991641199
2026_05_SF_SEA,2026,5,2026-10-11,00-0039793,AJ Barner,TE,36,1,SEA,SF,47,-3,25,NA,NA,NA,0,PENDING,rushing_tds,0.0566566102206707,0.25,0.8574686562553049,0.08421410337007286
2026_05_SF_SEA,2026,5,2026-10-11,00-0040739,Elijah Arroyo,TE,14,2,SEA,SF,47,-3,25,NA,NA,NA,0,PENDING,rushing_tds,0.05627128854393959,0,0.8574686562553049,0.04825086617352641
2026_05_SF_SEA,2026,5,2026-10-11,00-0033576,Eric Saubert,TE,52,3,SEA,SF,47,-3,25,NA,NA,NA,0,PENDING,rushing_tds,0.0626620203256607,0,0.8574686562553049,0.053730718366886886
2026_05_SF_SEA,2026,5,2026-10-11,00-0038543,Jaxon Smith-Njigba,WR,55,1,SEA,SF,47,-3,25,NA,NA,NA,0,PENDING,rushing_tds,0.050085507333278656,0,0.8574686562553049,0.04294675267093167
2026_05_SF_SEA,2026,5,2026-10-11,00-0037545,Rashid Shaheed,WR,55,2,SEA,SF,47,-3,25,NA,NA,NA,0,PENDING,rushing_tds,0.056800395250320435,0.25,0.8574686562553049,0.08433739452623625
2026_05_SF_SEA,2026,5,2026-10-11,00-0033908,Cooper Kupp,WR,70,3,SEA,SF,47,-3,25,NA,NA,NA,0,PENDING,rushing_tds,0.047777559608221054,0,0.8574686562553049,0.04096775983641904
2026_05_SF_SEA,2026,5,2026-10-11,00-0040648,Tory Horton,WR,10,4,SEA,SF,47,-3,25,NA,NA,NA,0,PENDING,rushing_tds,0.04830241575837135,0,0.8574686562553049,0.04141780753421575
2026_05_SF_SEA,2026,5,2026-10-11,00-0037834,Brock Purdy,QB,53,1,SF,SEA,47,3,22,NA,NA,NA,0,PENDING,rushing_tds,0.28237029910087585,0.25,0.8574686562553049,0.2777565168726103
2026_05_SF_SEA,2026,5,2026-10-11,00-0033280,Christian McCaffrey,RB,65,1,SF,SEA,47,3,22,NA,NA,NA,0,PENDING,rushing_tds,0.47879186272621155,1,0.8574686562553049,0.5530803589025142
2026_05_SF_SEA,2026,5,2026-10-11,00-0041052,Kaelon Black,RB,4,2,SF,SEA,47,3,22,NA,NA,NA,0,PENDING,rushing_tds,0.2013940066099167,0,0.8574686562553049,0.17268904822567724
2026_05_SF_SEA,2026,5,2026-10-11,00-0029892,Kyle Juszczyk,RB,72,3,SF,SEA,47,3,22,NA,NA,NA,0,PENDING,rushing_tds,0.05593644082546234,0,0.8574686562553049,0.04796374475031357
2026_05_SF_SEA,2026,5,2026-10-11,00-0033288,George Kittle,TE,75,1,SF,SEA,47,3,22,NA,NA,NA,0,PENDING,rushing_tds,0.05517764016985893,0,0.8574686562553049,0.04731309697178767
2026_05_SF_SEA,2026,5,2026-10-11,00-0036887,Luke Farrell,TE,51,2,SF,SEA,47,3,22,NA,NA,NA,0,PENDING,rushing_tds,0.05661016330122948,0,0.8574686562553049,0.04854144065629861
2026_05_SF_SEA,2026,5,2026-10-11,00-0038643,Brayden Willis,TE,15,3,SF,SEA,47,3,22,NA,NA,NA,0,PENDING,rushing_tds,0.06444636732339859,0,0.8574686562553049,0.05526073998933038
2026_05_SF_SEA,2026,5,2026-10-11,00-0031408,Mike Evans,WR,74,1,SF,SEA,47,3,22,NA,NA,NA,0,PENDING,rushing_tds,0.0468294695019722,0,0.8574686562553049,0.04015480228700488
2026_05_SF_SEA,2026,5,2026-10-11,00-0035719,Deebo Samuel Sr.,WR,79,2,SF,SEA,47,3,22,NA,NA,NA,0,PENDING,rushing_tds,0.09061416238546371,0,0.8574686562553049,0.07769880405836356
2026_05_SF_SEA,2026,5,2026-10-11,00-0031236,Brandin Cooks,WR,69,3,SF,SEA,47,3,22,NA,NA,NA,0,PENDING,rushing_tds,0.0468294695019722,0,0.8574686562553049,0.04015480228700488
2026_05_SF_SEA,2026,5,2026-10-11,00-0040172,Jordan Watkins,WR,3,4,SF,SEA,47,3,22,NA,NA,NA,0,PENDING,rushing_tds,0.04862251877784729,0,0.8574686562553049,0.041692285840189046
2026_05_SF_SEA,2026,5,2026-10-11,00-0039365,Jacob Cowing,WR,19,5,SF,SEA,47,3,22,NA,NA,NA,0,PENDING,rushing_tds,0.04785605147480965,0,0.8574686562553049,0.04103506415178973
2026_05_TB_DAL,2026,5,2026-10-08,00-0035282,Easton Stick,QB,5,1,TB,DAL,47.5,8.5,19.5,NA,NA,NA,0,PENDING,rushing_tds,0.22368206083774567,0.2,0.8574686562553049,0.22030662488389816
2026_05_TB_DAL,2026,5,2026-10-08,00-0039361,Bucky Irving,RB,31,1,TB,DAL,47.5,8.5,19.5,NA,NA,NA,0,PENDING,rushing_tds,0.36948493123054504,0.25,0.8574686562553049,0.35245458342501296
2026_05_TB_DAL,2026,5,2026-10-08,00-0036919,Kenny Gainwell,RB,87,2,TB,DAL,47.5,8.5,19.5,NA,NA,NA,0,PENDING,rushing_tds,0.09854885935783386,0,0.8574686562553049,0.08450255800905483
2026_05_TB_DAL,2026,5,2026-10-08,00-0038951,Sean Tucker,RB,38,3,TB,DAL,47.5,8.5,19.5,NA,NA,NA,0,PENDING,rushing_tds,0.17481666803359985,0.607843137254902,0.8574686562553049,0.23653651256873293
2026_05_TB_DAL,2026,5,2026-10-08,00-0038129,Cade Otton,TE,66,1,TB,DAL,47.5,8.5,19.5,NA,NA,NA,0,PENDING,rushing_tds,0.05496181547641754,0,0.8574686562553049,0.04712803406191577
2026_05_TB_DAL,2026,5,2026-10-08,00-0039050,Payne Durham,TE,23,2,TB,DAL,47.5,8.5,19.5,NA,NA,NA,0,PENDING,rushing_tds,0.056945644319057465,0,0.8574686562553049,0.04882910511385474
2026_05_TB_DAL,2026,5,2026-10-08,00-0041094,Bauer Sharp,TE,3,3,TB,DAL,47.5,8.5,19.5,NA,NA,NA,0,PENDING,rushing_tds,0.06661739200353622,0,0.8574686562553049,0.0571223256045051
2026_05_TB_DAL,2026,5,2026-10-08,00-0040129,Emeka Egbuka,WR,21,1,TB,DAL,47.5,8.5,19.5,NA,NA,NA,0,PENDING,rushing_tds,0.046872083097696304,0,0.8574686562553049,0.04019134210966864
2026_05_TB_DAL,2026,5,2026-10-08,00-0033921,Chris Godwin Jr.,WR,66,2,TB,DAL,47.5,8.5,19.5,NA,NA,NA,0,PENDING,rushing_tds,0.045950934290885925,0,0.8574686562553049,0.039401485880081764
2026_05_TB_DAL,2026,5,2026-10-08,00-0041048,Ted Hurst III,WR,4,3,TB,DAL,47.5,8.5,19.5,NA,NA,NA,0,PENDING,rushing_tds,0.048532016575336456,0,0.8574686562553049,0.04161468303821393
2026_05_TB_DAL,2026,5,2026-10-08,00-0040237,Tez Johnson,WR,19,4,TB,DAL,47.5,8.5,19.5,NA,NA,NA,0,PENDING,rushing_tds,0.046872083097696304,0,0.8574686562553049,0.04019134210966864
2026_05_TB_DAL,2026,5,2026-10-08,00-0039589,Kameron Johnson,WR,25,5,TB,DAL,47.5,8.5,19.5,NA,NA,NA,0,PENDING,rushing_tds,0.05393161252140999,0,0.8574686562553049,0.0462446673184152
2026_05_HOU_TEN,2026,5,2026-10-11,00-0040676,Cam Ward,QB,21,1,TEN,HOU,39.5,7,16.25,NA,NA,NA,0,PENDING,rushing_tds,0.15952984988689423,0.5,0.8574686562553049,0.20805751788747326
2026_05_HOU_TEN,2026,5,2026-10-11,00-0035261,Tony Pollard,RB,85,1,TEN,HOU,39.5,7,16.25,NA,NA,NA,0,PENDING,rushing_tds,0.3307826519012451,0.25,0.8574686562553049,0.3192685919745007
2026_05_HOU_TEN,2026,5,2026-10-11,00-0039032,Tyjae Spears,RB,46,2,TEN,HOU,39.5,7,16.25,NA,NA,NA,0,PENDING,rushing_tds,0.10485303401947021,0,0.8574686562553049,0.08990819018496689
2026_05_HOU_TEN,2026,5,2026-10-11,00-0040886,Nicholas Singleton,RB,2,3,TEN,HOU,39.5,7,16.25,NA,NA,NA,0,PENDING,rushing_tds,0.0820654109120369,0,0.8574686562553049,0.07036851761978372
2026_05_HOU_TEN,2026,5,2026-10-11,00-0037594,Julius Chestnut,RB,38,4,TEN,HOU,39.5,7,16.25,NA,NA,NA,0,PENDING,rushing_tds,0.06746338307857513,0,0.8574686562553049,0.057847736434822696
2026_05_HOU_TEN,2026,5,2026-10-11,00-0040584,Gunnar Helm,TE,20,1,TEN,HOU,39.5,7,16.25,NA,NA,NA,0,PENDING,rushing_tds,0.05343608185648918,0,0.8574686562553049,0.045819765305032255
2026_05_HOU_TEN,2026,5,2026-10-11,00-0038115,Daniel Bellinger,TE,54,2,TEN,HOU,39.5,7,16.25,NA,NA,NA,0,PENDING,rushing_tds,0.05958133935928345,0,0.8574686562553049,0.05108913099829609
2026_05_HOU_TEN,2026,5,2026-10-11,00-0039648,David Martin-Robinson,TE,15,3,TEN,HOU,39.5,7,16.25,NA,NA,NA,0,PENDING,rushing_tds,0.05576238036155701,0,0.8574686562553049,0.04781449335822149
2026_05_HOU_TEN,2026,5,2026-10-11,00-0041438,Carnell Tate,WR,4,1,TEN,HOU,39.5,7,16.25,NA,NA,NA,0,PENDING,rushing_tds,0.04876381531357765,0,0.8574686562553049,0.041813443190815286
2026_05_HOU_TEN,2026,5,2026-10-11,00-0038117,Wan'Dale Robinson,WR,58,2,TEN,HOU,39.5,7,16.25,NA,NA,NA,0,PENDING,rushing_tds,0.0468294695019722,0,0.8574686562553049,0.04015480228700488
2026_05_HOU_TEN,2026,5,2026-10-11,00-0040170,Elic Ayomanor,WR,20,3,TEN,HOU,39.5,7,16.25,NA,NA,NA,0,PENDING,rushing_tds,0.046872083097696304,0,0.8574686562553049,0.04019134210966864
2026_05_HOU_TEN,2026,5,2026-10-11,00-0034837,Calvin Ridley,WR,49,4,TEN,HOU,39.5,7,16.25,NA,NA,NA,0,PENDING,rushing_tds,0.0468294695019722,0,0.8574686562553049,0.04015480228700488
2026_05_HOU_TEN,2026,5,2026-10-11,00-0040705,Chimere Dike,WR,21,5,TEN,HOU,39.5,7,16.25,NA,NA,NA,0,PENDING,rushing_tds,0.052057597786188126,0,0.8574686562553049,0.044637758421601864
2026_05_NYG_WAS,2026,5,2026-10-11,00-0041117,Athan Kaliakmanis,QB,1,1,WAS,NYG,43.5,-3.5,23.5,NA,NA,NA,0,PENDING,rushing_tds,0.12996062636375427,0,0.8574686562553049,0.11143716365422612
2026_05_NYG_WAS,2026,5,2026-10-11,00-0040242,Jacory Croskey-Merritt,RB,21,1,WAS,NYG,43.5,-3.5,23.5,NA,NA,NA,0,PENDING,rushing_tds,0.38408249616622925,0.25,0.8574686562553049,0.3649715378150137
2026_05_NYG_WAS,2026,5,2026-10-11,00-0033699,Austin Ekeler,RB,62,2,WAS,NYG,43.5,-3.5,23.5,NA,NA,NA,0,PENDING,rushing_tds,0.21887396275997162,0,0.8574686562553049,0.1876775627370665
2026_05_NYG_WAS,2026,5,2026-10-11,00-0041096,Kaytron Allen,RB,3,3,WAS,NYG,43.5,-3.5,23.5,NA,NA,NA,0,PENDING,rushing_tds,0.10157503187656403,0,0.8574686562553049,0.08709740609228711
2026_05_NYG_WAS,2026,5,2026-10-11,00-0035567,Craig Reynolds,RB,37,4,WAS,NYG,43.5,-3.5,23.5,NA,NA,NA,0,PENDING,rushing_tds,0.06868492811918259,0,0.8574686562553049,0.0588951730193477
2026_05_NYG_WAS,2026,5,2026-10-11,00-0037809,Chig Okonkwo,TE,68,1,WAS,NYG,43.5,-3.5,23.5,NA,NA,NA,0,PENDING,rushing_tds,0.05513988435268402,0,0.8574686562553049,0.04728072254196888
2026_05_NYG_WAS,2026,5,2026-10-11,00-0036628,John Bates,TE,61,2,WAS,NYG,43.5,-3.5,23.5,NA,NA,NA,0,PENDING,rushing_tds,0.05513988435268402,0,0.8574686562553049,0.04728072254196888
2026_05_NYG_WAS,2026,5,2026-10-11,00-0039912,Ben Sinnott,TE,18,3,WAS,NYG,43.5,-3.5,23.5,NA,NA,NA,0,PENDING,rushing_tds,0.05557742714881897,0,0.8574686562553049,0.047655901775424905
2026_05_NYG_WAS,2026,5,2026-10-11,00-0031588,Stefon Diggs,WR,79,1,WAS,NYG,43.5,-3.5,23.5,NA,NA,NA,0,PENDING,rushing_tds,0.04800575226545334,0,0.8574686562553049,0.041163427887583336
2026_05_NYG_WAS,2026,5,2026-10-11,00-0041040,Antonio Williams,WR,4,2,WAS,NYG,43.5,-3.5,23.5,NA,NA,NA,0,PENDING,rushing_tds,0.04951457679271698,0,0.8574686562553049,0.04245719762750113
2026_05_NYG_WAS,2026,5,2026-10-11,00-0036626,Dyami Brown,WR,65,3,WAS,NYG,43.5,-3.5,23.5,NA,NA,NA,0,PENDING,rushing_tds,0.047777559608221054,0,0.8574686562553049,0.04096775983641904
2026_05_NYG_WAS,2026,5,2026-10-11,00-0037742,Treylon Burks,WR,36,4,WAS,NYG,43.5,-3.5,23.5,NA,NA,NA,0,PENDING,rushing_tds,0.047777559608221054,0,0.8574686562553049,0.04096775983641904
2026_05_NYG_WAS,2026,5,2026-10-11,00-0040164,Jaylin Lane,WR,19,5,WAS,NYG,43.5,-3.5,23.5,NA,NA,NA,0,PENDING,rushing_tds,0.054109297692775726,0,0.8574686562553049,0.04639702678354267
2026_05_DET_ARI,2026,5,2026-10-11,00-0041027,Jeremiyah Love,RB,4,1,ARI,DET,54.5,4.5,25,NA,NA,NA,0,PENDING,receiving_tds,0.10737919807434082,0.25,0.9126464425670208,0.11983763248649144
2026_05_DET_ARI,2026,5,2026-10-11,00-0037263,Tyler Allgeier,RB,71,2,ARI,DET,54.5,4.5,25,NA,NA,NA,0,PENDING,receiving_tds,0.0802207887172699,0,0.9126464425670208,0.07321321744273697
2026_05_DET_ARI,2026,5,2026-10-11,00-0037157,Bam Knight,RB,22,3,ARI,DET,54.5,4.5,25,NA,NA,NA,0,PENDING,receiving_tds,0.06750920414924622,0.05555555555555556,0.9126464425670208,0.0664650104202836
2026_05_DET_ARI,2026,5,2026-10-11,00-0037744,Trey McBride,TE,66,1,ARI,DET,54.5,4.5,25,NA,NA,NA,0,PENDING,receiving_tds,0.4885334372520447,0.5,0.9126464425670208,0.48953508229960707
2026_05_DET_ARI,2026,5,2026-10-11,00-0039041,Elijah Higgins,TE,46,2,ARI,DET,54.5,4.5,25,NA,NA,NA,0,PENDING,receiving_tds,0.09874115139245987,0.3333333333333333,0.9126464425670208,0.11923361303095988
2026_05_DET_ARI,2026,5,2026-10-11,00-0037004,Hunter Long,TE,27,3,ARI,DET,54.5,4.5,25,NA,NA,NA,0,PENDING,receiving_tds,0.08151493966579437,0,0.9126464425670208,0.07439431970205257
2026_05_DET_ARI,2026,5,2026-10-11,00-0038559,Michael Wilson,WR,50,1,ARI,DET,54.5,4.5,25,NA,NA,NA,0,PENDING,receiving_tds,0.49760061502456665,0.25,0.9126464425670208,0.4759718204795772
2026_05_DET_ARI,2026,5,2026-10-11,00-0033307,Kendrick Bourne,WR,70,2,ARI,DET,54.5,4.5,25,NA,NA,NA,0,PENDING,receiving_tds,0.2634280323982239,0,0.9126464425670208,0.2404166566406689
2026_05_DET_ARI,2026,5,2026-10-11,00-0039849,Marvin Harrison Jr.,WR,33,3,ARI,DET,54.5,4.5,25,NA,NA,NA,0,PENDING,receiving_tds,0.19684825837612152,0.25,0.9126464425670208,0.20149125209072585
2026_05_DET_ARI,2026,5,2026-10-11,00-0038640,Jalen Brooks,WR,23,4,ARI,DET,54.5,4.5,25,NA,NA,NA,0,PENDING,receiving_tds,0.07536232471466064,0,0.9126464425670208,0.0687791575544157
2026_05_DET_ARI,2026,5,2026-10-11,00-0036331,Devin Duvernay,WR,77,5,ARI,DET,54.5,4.5,25,NA,NA,NA,0,PENDING,receiving_tds,0.07061119377613068,0,0.9126464425670208,0.06444305480519621
2026_05_BUF_LA,2026,5,2026-10-12,00-0037248,James Cook,RB,70,1,BUF,LAR,54.5,3,25.75,70,0,0,1,VERIFIED_DOME,receiving_tds,0.10251946747303009,0,0.9126464425670208,0.09356402728312631
2026_05_BUF_LA,2026,5,2026-10-12,00-0035537,Ty Johnson,RB,72,2,BUF,LAR,54.5,3,25.75,70,0,0,1,VERIFIED_DOME,receiving_tds,0.11346777528524399,0.03921568627450981,0.9126464425670208,0.10698159116332615
2026_05_BUF_LA,2026,5,2026-10-12,00-0039875,Ray Davis,RB,37,3,BUF,LAR,54.5,3,25.75,70,0,0,1,VERIFIED_DOME,receiving_tds,0.06245677173137665,0,0.9126464425670208,0.057000950534861365
2026_05_BUF_LA,2026,5,2026-10-12,00-0038933,Dalton Kincaid,TE,45,1,BUF,LAR,54.5,3,25.75,70,0,0,1,VERIFIED_DOME,receiving_tds,0.35558441281318665,0.25,0.9126464425670208,0.34636123874448255
2026_05_BUF_LA,2026,5,2026-10-12,00-0035689,Dawson Knox,TE,74,2,BUF,LAR,54.5,3,25.75,70,0,0,1,VERIFIED_DOME,receiving_tds,0.12722672522068024,0.25,0.9126464425670208,0.13795140753035048
2026_05_BUF_LA,2026,5,2026-10-12,00-0040194,Jackson Hawes,TE,14,3,BUF,LAR,54.5,3,25.75,70,0,0,1,VERIFIED_DOME,receiving_tds,0.1298217624425888,0.15384615384615388,0.9126464425670208,0.1319203784968525
2026_05_BUF_LA,2026,5,2026-10-12,00-0037261,Khalil Shakir,WR,61,1,BUF,LAR,54.5,3,25.75,70,0,0,1,VERIFIED_DOME,receiving_tds,0.2876558005809784,0,0.9126464425670208,0.2625280430839983
2026_05_BUF_LA,2026,5,2026-10-12,00-0034827,DJ Moore,WR,89,2,BUF,LAR,54.5,3,25.75,70,0,0,1,VERIFIED_DOME,receiving_tds,0.28038913011550903,0.25,0.9126464425670208,0.2777345314926256
2026_05_BUF_LA,2026,5,2026-10-12,00-0039901,Keon Coleman,WR,29,3,BUF,LAR,54.5,3,25.75,70,0,0,1,VERIFIED_DOME,receiving_tds,0.3451809585094452,0.25,0.9126464425670208,0.3368665631837644
2026_05_BUF_LA,2026,5,2026-10-12,00-0036988,Josh Palmer,WR,71,4,BUF,LAR,54.5,3,25.75,70,0,0,1,VERIFIED_DOME,receiving_tds,0.14578945934772491,0.6666666666666666,0.9126464425670208,0.19128993639278993
2026_05_BUF_LA,2026,5,2026-10-12,00-0035500,Greg Dortch,WR,70,5,BUF,LAR,54.5,3,25.75,70,0,0,1,VERIFIED_DOME,receiving_tds,0.07338836044073105,0,0.9126464425670208,0.06697762608205947
2026_05_CHI_GB,2026,5,2026-10-11,00-0036275,D'Andre Swift,RB,80,1,CHI,GB,45,-3,24,NA,NA,NA,0,PENDING,receiving_tds,0.11445997655391693,0,0.9126464425670208,0.1044614904182369
2026_05_CHI_GB,2026,5,2026-10-11,00-0040236,Kyle Monangai,RB,21,2,CHI,GB,45,-3,24,NA,NA,NA,0,PENDING,receiving_tds,0.05853898823261261,0,0.9126464425670208,0.05342539936196659
2026_05_CHI_GB,2026,5,2026-10-11,00-0039021,Roschon Johnson,RB,36,3,CHI,GB,45,-3,24,NA,NA,NA,0,PENDING,receiving_tds,0.058574922382831573,0,0.9126464425670208,0.05345819453633059
2026_05_CHI_GB,2026,5,2026-10-11,00-0040126,Colston Loveland,TE,20,1,CHI,GB,45,-3,24,NA,NA,NA,0,PENDING,receiving_tds,0.25844496488571167,0,0.9126464425670208,0.23586887780230337
2026_05_CHI_GB,2026,5,2026-10-11,00-0036290,Cole Kmet,TE,86,2,CHI,GB,45,-3,24,NA,NA,NA,0,PENDING,receiving_tds,0.14125150442123413,0.25,0.9126464425670208,0.15075107237552393
2026_05_CHI_GB,2026,5,2026-10-11,00-0041558,Sam Roush,TE,3,3,CHI,GB,45,-3,24,NA,NA,NA,0,PENDING,receiving_tds,0.09852048009634018,0,0.9126464425670208,0.08991436567991984
2026_05_CHI_GB,2026,5,2026-10-11,00-0040735,Luther Burden III,WR,19,1,CHI,GB,45,-3,24,NA,NA,NA,0,PENDING,receiving_tds,0.3371351957321167,0.25,0.9126464425670208,0.3295236264072974
2026_05_CHI_GB,2026,5,2026-10-11,00-0032464,Kalif Raymond,WR,81,2,CHI,GB,45,-3,24,NA,NA,NA,0,PENDING,receiving_tds,0.25890666246414185,0.25,0.9126464425670208,0.2581286338130443
2026_05_CHI_GB,2026,5,2026-10-11,00-0039919,Rome Odunze,WR,33,3,CHI,GB,45,-3,24,NA,NA,NA,0,PENDING,receiving_tds,0.338905930519104,0,0.9126464425670208,0.30930129185312616
2026_05_CHI_GB,2026,5,2026-10-11,00-0040277,Jahdae Walker,WR,7,4,CHI,GB,45,-3,24,NA,NA,NA,0,PENDING,receiving_tds,0.1088622584939003,0.5555555555555556,0.9126464425670208,0.14788250707370246
2026_05_CHI_GB,2026,5,2026-10-11,00-0041051,Zavion Thomas,WR,3,5,CHI,GB,45,-3,24,NA,NA,NA,0,PENDING,receiving_tds,0.06927935034036636,0,0.9126464425670208,0.06322755263148969
2026_05_CIN_MIA,2026,5,2026-10-11,00-0038597,Chase Brown,RB,49,1,CIN,MIA,42.5,-7,24.75,NA,NA,NA,0,PENDING,receiving_tds,0.1327112317085266,0,0.9126464425670208,0.12111843350747442
2026_05_CIN_MIA,2026,5,2026-10-11,00-0033526,Samaje Perine,RB,84,2,CIN,MIA,42.5,-7,24.75,NA,NA,NA,0,PENDING,receiving_tds,0.0797313004732132,0,0.9126464425670208,0.07276648773812024
2026_05_CIN_MIA,2026,5,2026-10-11,00-0040208,Tahj Brooks,RB,14,3,CIN,MIA,42.5,-7,24.75,NA,NA,NA,0,PENDING,receiving_tds,0.06063205748796463,0,0.9126464425670208,0.055335631571910016
2026_05_CIN_MIA,2026,5,2026-10-11,00-0034829,Mike Gesicki,TE,80,1,CIN,MIA,42.5,-7,24.75,NA,NA,NA,0,PENDING,receiving_tds,0.2968255579471588,1,0.9126464425670208,0.3582503469564248
2026_05_CIN_MIA,2026,5,2026-10-11,00-0039814,Erick All,TE,9,2,CIN,MIA,42.5,-7,24.75,NA,NA,NA,0,PENDING,receiving_tds,0.12234983593225479,0,0.9126464425670208,0.11166214251223099
2026_05_CIN_MIA,2026,5,2026-10-11,00-0035631,Drew Sample,TE,51,3,CIN,MIA,42.5,-7,24.75,NA,NA,NA,0,PENDING,receiving_tds,0.11337940394878387,0.02777777777777778,0.9126464425670208,0.10590179738069848
2026_05_CIN_MIA,2026,5,2026-10-11,00-0036410,Tee Higgins,WR,71,1,CIN,MIA,42.5,-7,24.75,NA,NA,NA,0,PENDING,receiving_tds,0.49934303760528564,0.25,0.9126464425670208,0.4775620362493188
2026_05_CIN_MIA,2026,5,2026-10-11,00-0036900,Ja'Marr Chase,WR,82,2,CIN,MIA,42.5,-7,24.75,NA,NA,NA,0,PENDING,receiving_tds,0.4386565685272217,0.75,0.9126464425670208,0.46585352484975984
2026_05_CIN_MIA,2026,5,2026-10-11,00-0038839,Mitchell Tinsley,WR,9,3,CIN,MIA,42.5,-7,24.75,NA,NA,NA,0,PENDING,receiving_tds,0.14993813633918762,0.16666666666666669,0.9126464425670208,0.1513994329739184
2026_05_CIN_MIA,2026,5,2026-10-11,00-0040785,Dohnte Meyers,WR,4,4,CIN,MIA,42.5,-7,24.75,NA,NA,NA,0,PENDING,receiving_tds,0.16649584472179413,0,0.9126464425670208,0.15195184038753648
2026_05_CLE_NYJ,2026,5,2026-10-11,00-0040784,Quinshon Judkins,RB,18,1,CLE,NYJ,40,2,19,NA,NA,NA,0,PENDING,receiving_tds,0.13054989278316498,0,0.9126464425670208,0.11914589522606149
2026_05_CLE_NYJ,2026,5,2026-10-11,00-0040466,Raheim Sanders,RB,8,2,CLE,NYJ,40,2,19,NA,NA,NA,0,PENDING,receiving_tds,0.0859634056687355,0,0.9126464425670208,0.07845419637451713
2026_05_CLE_NYJ,2026,5,2026-10-11,00-0038794,Jaleel McLaughlin,RB,43,3,CLE,NYJ,40,2,19,NA,NA,NA,0,PENDING,receiving_tds,0.05396011471748352,0,0.9126464425670208,0.049246506737419676
2026_05_CLE_NYJ,2026,5,2026-10-11,00-0031595,Michael Burton,RB,46,4,CLE,NYJ,40,2,19,NA,NA,NA,0,PENDING,receiving_tds,0.0686512142419815,0.05555555555555556,0.9126464425670208,0.0675072618687941
2026_05_CLE_NYJ,2026,5,2026-10-11,00-0040663,Harold Fannin Jr.,TE,20,1,CLE,NYJ,40,2,19,NA,NA,NA,0,PENDING,receiving_tds,0.2846449017524719,0.75,0.9126464425670208,0.3252953250539671
2026_05_CLE_NYJ,2026,5,2026-10-11,00-0038710,Blake Whiteheart,TE,19,2,CLE,NYJ,40,2,19,NA,NA,NA,0,PENDING,receiving_tds,0.08858587592840195,0.3333333333333333,0.9126464425670208,0.10996543700539926
2026_05_CLE_NYJ,2026,5,2026-10-11,00-0041131,Carsen Ryan,TE,2,3,CLE,NYJ,40,2,19,NA,NA,NA,0,PENDING,receiving_tds,0.07095282524824142,0,0.9126464425670208,0.06475484355288703
2026_05_CLE_NYJ,2026,5,2026-10-11,00-0041547,KC Concepcion,WR,4,1,CLE,NYJ,40,2,19,NA,NA,NA,0,PENDING,receiving_tds,0.23634874820709229,0,0.9126464425670208,0.2157028442563713
2026_05_CLE_NYJ,2026,5,2026-10-11,00-0041037,Denzel Boston,WR,4,2,CLE,NYJ,40,2,19,NA,NA,NA,0,PENDING,receiving_tds,0.3357747197151184,0.5,0.9126464425670208,0.35012038216843094
2026_05_CLE_NYJ,2026,5,2026-10-11,00-0036407,Jerry Jeudy,WR,78,3,CLE,NYJ,40,2,19,NA,NA,NA,0,PENDING,receiving_tds,0.14511872828006744,0,0.9126464425670208,0.13244209111465366
2026_05_CLE_NYJ,2026,5,2026-10-11,00-0040782,Isaiah Bond,WR,17,4,CLE,NYJ,40,2,19,NA,NA,NA,0,PENDING,receiving_tds,0.10621912032365799,0,0.9126464425670208,0.0969405022959848
2026_05_CLE_NYJ,2026,5,2026-10-11,00-0039920,Malachi Corley,WR,21,5,CLE,NYJ,40,2,19,NA,NA,NA,0,PENDING,receiving_tds,0.07134339958429337,0,0.9126464425670208,0.06511129983124281
2026_05_TB_DAL,2026,5,2026-10-08,00-0036997,Javonte Williams,RB,74,1,DAL,TB,47.5,-8.5,28,NA,NA,NA,0,PENDING,receiving_tds,0.16784900426864624,0.25,0.9126464425670208,0.1750251859924415
2026_05_TB_DAL,2026,5,2026-10-08,00-0037120,Tyler Goodson,RB,32,2,DAL,TB,47.5,-8.5,28,NA,NA,NA,0,PENDING,receiving_tds,0.0587070994079113,0,0.9126464425670208,0.0535788254280587
2026_05_TB_DAL,2026,5,2026-10-08,00-0038738,Hunter Luepke,RB,41,3,DAL,TB,47.5,-8.5,28,NA,NA,NA,0,PENDING,receiving_tds,0.06461204588413239,0,0.9126464425670208,0.05896795382313054
2026_05_TB_DAL,2026,5,2026-10-08,00-0038041,Jake Ferguson,TE,63,1,DAL,TB,47.5,-8.5,28,NA,NA,NA,0,PENDING,receiving_tds,0.20073986053466797,0.75,0.9126464425670208,0.24871968767309904
2026_05_TB_DAL,2026,5,2026-10-08,00-0038547,Luke Schoonmaker,TE,40,2,DAL,TB,47.5,-8.5,28,NA,NA,NA,0,PENDING,receiving_tds,0.09463737905025482,0,0.9126464425670208,0.08637046732408177
2026_05_TB_DAL,2026,5,2026-10-08,00-0039530,Brevyn Spann-Ford,TE,31,3,DAL,TB,47.5,-8.5,28,NA,NA,NA,0,PENDING,receiving_tds,0.0844089463353157,0,0.9126464425670208,0.07703552459375644
2026_05_TB_DAL,2026,5,2026-10-08,00-0036358,CeeDee Lamb,WR,82,1,DAL,TB,47.5,-8.5,28,NA,NA,NA,0,PENDING,receiving_tds,0.5857228636741638,1,0.9126464425670208,0.6219114452953729
2026_05_TB_DAL,2026,5,2026-10-08,00-0037247,George Pickens,WR,69,2,DAL,TB,47.5,-8.5,28,NA,NA,NA,0,PENDING,receiving_tds,0.3896389901638031,0,0.9126464425670208,0.35560263825840127
2026_05_TB_DAL,2026,5,2026-10-08,00-0039410,Ryan Flournoy,WR,28,3,DAL,TB,47.5,-8.5,28,NA,NA,NA,0,PENDING,receiving_tds,0.23617097735404968,0,0.9126464425670208,0.21554060231974986
2026_05_TB_DAL,2026,5,2026-10-08,00-0039062,Jonathan Mingo,WR,36,4,DAL,TB,47.5,-8.5,28,NA,NA,NA,0,PENDING,receiving_tds,0.10611958801746368,0,0.9126464425670208,0.09684966449081607
2026_05_TB_DAL,2026,5,2026-10-08,00-0037801,KaVontae Turpin,WR,69,5,DAL,TB,47.5,-8.5,28,NA,NA,NA,0,PENDING,receiving_tds,0.07974059879779816,0,0.9126464425670208,0.07277497382097455
2026_05_DEN_LAC,2026,5,2026-10-11,00-0036158,J.K. Dobbins,RB,36,1,DEN,LAC,42.5,-3.5,23,70,0,0,1,VERIFIED_DOME,receiving_tds,0.06058448553085327,0,0.9126464425670208,0.055292215194486384
2026_05_DEN_LAC,2026,5,2026-10-11,00-0040730,RJ Harvey,RB,20,2,DEN,LAC,42.5,-3.5,23,70,0,0,1,VERIFIED_DOME,receiving_tds,0.16915348172187805,0,0.9126464425670208,0.15437732334129758
2026_05_DEN_LAC,2026,5,2026-10-11,00-0037085,Tyler Badie,RB,23,3,DEN,LAC,42.5,-3.5,23,70,0,0,1,VERIFIED_DOME,receiving_tds,0.09177504479885101,0,0.9126464425670208,0.08375816815210034
2026_05_DEN_LAC,2026,5,2026-10-11,00-0036727,Adam Prentice,RB,42,4,DEN,LAC,42.5,-3.5,23,70,0,0,1,VERIFIED_DOME,receiving_tds,0.06094808503985405,0,0.9126464425670208,0.05562405299289506
2026_05_DEN_LAC,2026,5,2026-10-11,00-0033881,Evan Engram,TE,78,1,DEN,LAC,42.5,-3.5,23,70,0,0,1,VERIFIED_DOME,receiving_tds,0.1463405191898346,0.25,0.9126464425670208,0.15539554360025817
2026_05_DEN_LAC,2026,5,2026-10-11,00-0038783,Nate Adkins,TE,29,2,DEN,LAC,42.5,-3.5,23,70,0,0,1,VERIFIED_DOME,receiving_tds,0.11439540237188339,0.6666666666666666,0.9126464425670208,0.1626382619760418
2026_05_DEN_LAC,2026,5,2026-10-11,00-0036422,Adam Trautman,TE,67,3,DEN,LAC,42.5,-3.5,23,70,0,0,1,VERIFIED_DOME,receiving_tds,0.10327691584825516,0.025641025641025644,0.9126464425670208,0.09649514465417747
2026_05_DEN_LAC,2026,5,2026-10-11,00-0036613,Jaylen Waddle,WR,82,1,DEN,LAC,42.5,-3.5,23,70,0,0,1,VERIFIED_DOME,receiving_tds,0.3163311183452606,0.25,0.9126464425670208,0.3105368591892942
2026_05_DEN_LAC,2026,5,2026-10-11,00-0034348,Courtland Sutton,WR,85,2,DEN,LAC,42.5,-3.5,23,70,0,0,1,VERIFIED_DOME,receiving_tds,0.2371009737253189,0,0.9126464425670208,0.21638936019958896
2026_05_DEN_LAC,2026,5,2026-10-11,00-0040134,Pat Bryant,WR,17,3,DEN,LAC,42.5,-3.5,23,70,0,0,1,VERIFIED_DOME,receiving_tds,0.18057096004486084,0.25,0.9126464425670208,0.1866358336740987
2026_05_DEN_LAC,2026,5,2026-10-11,00-0038976,Marvin Mims Jr.,WR,50,4,DEN,LAC,42.5,-3.5,23,70,0,0,1,VERIFIED_DOME,receiving_tds,0.10802005976438522,0.022222222222222223,0.9126464425670208,0.10052531343502046
2026_05_DEN_LAC,2026,5,2026-10-11,00-0039868,Troy Franklin,WR,36,5,DEN,LAC,42.5,-3.5,23,70,0,0,1,VERIFIED_DOME,receiving_tds,0.11263671517372131,0,0.9126464425670208,0.10279749740573152
2026_05_DET_ARI,2026,5,2026-10-11,00-0039139,Jahmyr Gibbs,RB,53,1,DET,ARI,54.5,-4.5,29.5,NA,NA,NA,0,PENDING,receiving_tds,0.3635161221027374,0.5,0.9126464425670208,0.37543847436931166
2026_05_DET_ARI,2026,5,2026-10-11,00-0039364,Sione Vaki,RB,21,2,DET,ARI,54.5,-4.5,29.5,NA,NA,NA,0,PENDING,receiving_tds,0.073017917573452,0,0.9126464425670208,0.06663954271706292
2026_05_DET_ARI,2026,5,2026-10-11,00-0038896,Jacob Saylors,RB,15,3,DET,ARI,54.5,-4.5,29.5,NA,NA,NA,0,PENDING,receiving_tds,0.06878344714641571,0,0.9126464425670208,0.06277496834567299
2026_05_DET_ARI,2026,5,2026-10-11,00-0039065,Sam LaPorta,TE,46,1,DET,ARI,54.5,-4.5,29.5,NA,NA,NA,0,PENDING,receiving_tds,0.4422775208950043,0.5,0.9126464425670208,0.44731978478867646
2026_05_DET_ARI,2026,5,2026-10-11,00-0036754,Brock Wright,TE,54,2,DET,ARI,54.5,-4.5,29.5,NA,NA,NA,0,PENDING,receiving_tds,0.10828836262226105,0,0.9126464425670208,0.09882898891861408
2026_05_DET_ARI,2026,5,2026-10-11,00-0040390,Jackson Meeks,TE,1,3,DET,ARI,54.5,-4.5,29.5,NA,NA,NA,0,PENDING,receiving_tds,0.09542141109704971,0,0.9126464425670208,0.08708601138244766
2026_05_DET_ARI,2026,5,2026-10-11,00-0036963,Amon-Ra St. Brown,WR,86,1,DET,ARI,54.5,-4.5,29.5,NA,NA,NA,0,PENDING,receiving_tds,0.5535407066345215,1.25,0.9126464425670208,0.6143789035172549
2026_05_DET_ARI,2026,5,2026-10-11,00-0037240,Jameson Williams,WR,54,2,DET,ARI,54.5,-4.5,29.5,NA,NA,NA,0,PENDING,receiving_tds,0.4034649729728699,0,0.9126464425670208,0.3682208722840889
2026_05_DET_ARI,2026,5,2026-10-11,00-0040669,Isaac TeSlaa,WR,18,3,DET,ARI,54.5,-4.5,29.5,NA,NA,NA,0,PENDING,receiving_tds,0.27670198678970337,0,0.9126464425670208,0.2525310838948496
2026_05_DET_ARI,2026,5,2026-10-11,00-0035544,Tom Kennedy,WR,24,4,DET,ARI,54.5,-4.5,29.5,NA,NA,NA,0,PENDING,receiving_tds,0.07551515102386475,0,0.9126464425670208,0.06891863394184147
2026_05_DET_ARI,2026,5,2026-10-11,00-0037524,Tay Martin,WR,7,5,DET,ARI,54.5,-4.5,29.5,NA,NA,NA,0,PENDING,receiving_tds,0.07551515102386475,0,0.9126464425670208,0.06891863394184147
2026_05_CHI_GB,2026,5,2026-10-11,00-0039811,MarShawn Lloyd,RB,5,1,GB,CHI,45,3,21,NA,NA,NA,0,PENDING,receiving_tds,0.08363709598779678,0.25,0.9126464425670208,0.09816948747814398
2026_05_CHI_GB,2026,5,2026-10-11,00-0040142,Kaleb Johnson,RB,14,2,GB,CHI,45,3,21,NA,NA,NA,0,PENDING,receiving_tds,0.05632967874407768,0,0.9126464425670208,0.05140908091672562
2026_05_CHI_GB,2026,5,2026-10-11,00-0038685,Chris Brooks,RB,35,3,GB,CHI,45,3,21,NA,NA,NA,0,PENDING,receiving_tds,0.06773591786623001,0,0.9126464425670208,0.06181894447462672
2026_05_CHI_GB,2026,5,2026-10-11,00-0038996,Tucker Kraft,TE,43,1,GB,CHI,45,3,21,NA,NA,NA,0,PENDING,receiving_tds,0.2609804570674896,0.25,0.9126464425670208,0.2600212750804043
2026_05_CHI_GB,2026,5,2026-10-11,00-0033858,Jonnu Smith,TE,82,2,GB,CHI,45,3,21,NA,NA,NA,0,PENDING,receiving_tds,0.10977691411972046,0,0.9126464425670208,0.10018751014734822
2026_05_CHI_GB,2026,5,2026-10-11,00-0040598,Mark Redman,TE,1,3,GB,CHI,45,3,21,NA,NA,NA,0,PENDING,receiving_tds,0.11671730130910873,0,0.9126464425670208,0.10652162982578116
2026_05_CHI_GB,2026,5,2026-10-11,00-0040667,Matthew Golden,WR,18,1,GB,CHI,45,3,21,NA,NA,NA,0,PENDING,receiving_tds,0.398997962474823,0.5,0.9126464425670208,0.4078208497606265
2026_05_CHI_GB,2026,5,2026-10-11,00-0038124,Christian Watson,WR,51,2,GB,CHI,45,3,21,NA,NA,NA,0,PENDING,receiving_tds,0.3914288878440857,1,0.9126464425670208,0.4445897394418494
2026_05_CHI_GB,2026,5,2026-10-11,00-0038090,Skyy Moore,WR,53,3,GB,CHI,45,3,21,NA,NA,NA,0,PENDING,receiving_tds,0.12534329295158386,0,0.9126464425670208,0.11439411041189894
2026_05_CHI_GB,2026,5,2026-10-11,00-0040948,J. Michael Sturdivant,WR,3,4,GB,CHI,45,3,21,NA,NA,NA,0,PENDING,receiving_tds,0.10172970592975616,0,0.9126464425670208,0.09284325422018112
2026_05_CHI_GB,2026,5,2026-10-11,00-0037091,Bo Melton,WR,4,5,GB,CHI,45,3,21,NA,NA,NA,0,PENDING,receiving_tds,0.09824423491954803,0,0.9126464425670208,0.0896622515020442
2026_05_HOU_TEN,2026,5,2026-10-11,00-0035685,David Montgomery,RB,78,1,HOU,TEN,39.5,-7,23.25,NA,NA,NA,0,PENDING,receiving_tds,0.09340191632509232,0.25,0.9126464425670208,0.10708131602128285
2026_05_HOU_TEN,2026,5,2026-10-11,00-0040583,Woody Marks,RB,20,2,HOU,TEN,39.5,-7,23.25,NA,NA,NA,0,PENDING,receiving_tds,0.08555871993303299,0,0.9126464425670208,0.0780848613774706
2026_05_HOU_TEN,2026,5,2026-10-11,00-0033854,Dare Ogunbowale,RB,67,3,HOU,TEN,39.5,-7,23.25,NA,NA,NA,0,PENDING,receiving_tds,0.06737557053565979,0,0.9126464425670208,0.061490074765293286
2026_05_HOU_TEN,2026,5,2026-10-11,00-0034383,Dalton Schultz,TE,85,1,HOU,TEN,39.5,-7,23.25,NA,NA,NA,0,PENDING,receiving_tds,0.2650303840637207,0,0.9126464425670208,0.24187903718792594
2026_05_HOU_TEN,2026,5,2026-10-11,00-0034981,Foster Moreau,TE,69,2,HOU,TEN,39.5,-7,23.25,NA,NA,NA,0,PENDING,receiving_tds,0.11468011140823364,0.25,0.9126464425670208,0.12650078506815887
2026_05_HOU_TEN,2026,5,2026-10-11,00-0039359,Cade Stover,TE,22,3,HOU,TEN,39.5,-7,23.25,NA,NA,NA,0,PENDING,receiving_tds,0.08561881631612778,0,0.9126464425670208,0.0781397081277132
2026_05_HOU_TEN,2026,5,2026-10-11,00-0036554,Nico Collins,WR,68,1,HOU,TEN,39.5,-7,23.25,NA,NA,NA,0,PENDING,receiving_tds,0.46613946557044983,1.1333333333333333,0.9126464425670208,0.5244212234170065
2026_05_HOU_TEN,2026,5,2026-10-11,00-0038618,Xavier Hutchinson,WR,46,2,HOU,TEN,39.5,-7,23.25,NA,NA,NA,0,PENDING,receiving_tds,0.2666163146495819,0,0.9126464425670208,0.24332643109527038
2026_05_HOU_TEN,2026,5,2026-10-11,00-0038728,Jared Wayne,WR,4,3,HOU,TEN,39.5,-7,23.25,NA,NA,NA,0,PENDING,receiving_tds,0.1547774374485016,0,0.9126464425670208,0.14125707767701456
2026_05_HOU_TEN,2026,5,2026-10-11,00-0040138,Jaylin Noel,WR,21,4,HOU,TEN,39.5,-7,23.25,NA,NA,NA,0,PENDING,receiving_tds,0.1509496122598648,0,0.9126464425670208,0.13776362663583677
2026_05_HOU_TEN,2026,5,2026-10-11,00-0038608,Kayshon Boutte,WR,36,5,HOU,TEN,39.5,-7,23.25,NA,NA,NA,0,PENDING,receiving_tds,0.14934971928596497,0,0.9126464425670208,0.13630349000471909
2026_05_IND_PIT,2026,5,2026-10-11,00-0036223,Jonathan Taylor,RB,73,1,IND,PIT,44.5,2.5,21,NA,NA,NA,0,PENDING,receiving_tds,0.14541344344615936,0,0.9126464425670208,0.13271106186255802
2026_05_IND_PIT,2026,5,2026-10-11,00-0041125,Seth McGowan,RB,4,2,IND,PIT,44.5,2.5,21,NA,NA,NA,0,PENDING,receiving_tds,0.05681977793574333,0,0.9126464425670208,0.05185636820050425
2026_05_IND_PIT,2026,5,2026-10-11,00-0040128,Tyler Warren,TE,21,1,IND,PIT,44.5,2.5,21,NA,NA,NA,0,PENDING,receiving_tds,0.2514117658138275,0.5,0.9126464425670208,0.27312683240597224
2026_05_IND_PIT,2026,5,2026-10-11,00-0033217,Mo Alie-Cox,TE,69,2,IND,PIT,44.5,2.5,21,NA,NA,NA,0,PENDING,receiving_tds,0.0973021537065506,0.060606060606060615,0.9126464425670208,0.09409661943033099
2026_05_IND_PIT,2026,5,2026-10-11,00-0037292,Andrew Ogletree,TE,37,3,IND,PIT,44.5,2.5,21,NA,NA,NA,0,PENDING,receiving_tds,0.07967334240674973,0,0.9126464425670208,0.07271359251494429
2026_05_IND_PIT,2026,5,2026-10-11,00-0038997,Josh Downs,WR,51,1,IND,PIT,44.5,2.5,21,NA,NA,NA,0,PENDING,receiving_tds,0.33073896169662476,0,0.9126464425670208,0.30184773681073473
2026_05_IND_PIT,2026,5,2026-10-11,00-0032951,Laquon Treadwell,WR,28,2,IND,PIT,44.5,2.5,21,NA,NA,NA,0,PENDING,receiving_tds,0.17348650097846985,0,0.9126464425670208,0.15833183795140046
2026_05_IND_PIT,2026,5,2026-10-11,00-0035021,Ashton Dulin,WR,53,3,IND,PIT,44.5,2.5,21,NA,NA,NA,0,PENDING,receiving_tds,0.1108648031949997,0,0.9126464425670208,0.10118036824180934
2026_05_IND_PIT,2026,5,2026-10-11,00-0041132,Deion Burks,WR,2,4,IND,PIT,44.5,2.5,21,NA,NA,NA,0,PENDING,receiving_tds,0.09719584882259369,0,0.9126464425670208,0.08870544566022208
2026_05_IND_PIT,2026,5,2026-10-11,00-0036182,Nick Westbrook-Ikhine,WR,72,5,IND,PIT,44.5,2.5,21,NA,NA,NA,0,PENDING,receiving_tds,0.08421014994382858,0,0.9126464425670208,0.07685409377427056
2026_05_PHI_JAX,2026,5,2026-10-11,00-0040719,Bhayshul Tuten,RB,19,1,JAX,PHI,43,-7,25,NA,NA,NA,0,PENDING,receiving_tds,0.09005749970674515,0,0.9126464425670208,0.08219065673384147
2026_05_PHI_JAX,2026,5,2026-10-11,00-0038611,Chris Rodriguez Jr.,RB,32,2,JAX,PHI,43,-7,25,NA,NA,NA,0,PENDING,receiving_tds,0.05723341181874275,0,0.9126464425670208,0.052233869692348854
2026_05_PHI_JAX,2026,5,2026-10-11,00-0032104,Ameer Abdullah,RB,81,3,JAX,PHI,43,-7,25,NA,NA,NA,0,PENDING,receiving_tds,0.05697007477283478,0,0.9126464425670208,0.05199353607420484
2026_05_PHI_JAX,2026,5,2026-10-11,00-0040238,LeQuint Allen Jr.,RB,19,4,JAX,PHI,43,-7,25,NA,NA,NA,0,PENDING,receiving_tds,0.07087177783250809,0,0.9126464425670208,0.06468087591723874
2026_05_PHI_JAX,2026,5,2026-10-11,00-0038935,Brenton Strange,TE,37,1,JAX,PHI,43,-7,25,NA,NA,NA,0,PENDING,receiving_tds,0.34729793667793274,0.25,0.9126464425670208,0.33879861577822656
2026_05_PHI_JAX,2026,5,2026-10-11,00-0041503,Nate Boerkircher,TE,3,2,JAX,PHI,43,-7,25,NA,NA,NA,0,PENDING,receiving_tds,0.11941656470298767,0,0.9126464425670208,0.10898510295975615
2026_05_PHI_JAX,2026,5,2026-10-11,00-0036590,Quintin Morris,TE,35,3,JAX,PHI,43,-7,25,NA,NA,NA,0,PENDING,receiving_tds,0.08477120101451874,0,0.9126464425670208,0.07736613503803434
2026_05_PHI_JAX,2026,5,2026-10-11,00-0038606,Parker Washington,WR,42,1,JAX,PHI,43,-7,25,NA,NA,NA,0,PENDING,receiving_tds,0.38973626494407654,0.5,0.9126464425670208,0.39936819445705896
2026_05_PHI_JAX,2026,5,2026-10-11,00-0034960,Jakobi Meyers,WR,81,2,JAX,PHI,43,-7,25,NA,NA,NA,0,PENDING,receiving_tds,0.3798385560512543,0.5,0.9126464425670208,0.39033508564646074
2026_05_PHI_JAX,2026,5,2026-10-11,00-0039893,Brian Thomas Jr.,WR,35,3,JAX,PHI,43,-7,25,NA,NA,NA,0,PENDING,receiving_tds,0.22570860385894775,0.25,0.9126464425670208,0.2278305437268824
2026_05_PHI_JAX,2026,5,2026-10-11,00-0041100,Josh Cameron,WR,4,4,JAX,PHI,43,-7,25,NA,NA,NA,0,PENDING,receiving_tds,0.12476448714733124,0.5,0.9126464425670208,0.15754264407020024
2026_05_PHI_JAX,2026,5,2026-10-11,00-0040718,Travis Hunter,WR,0,5,JAX,PHI,43,-7,25,NA,NA,NA,0,PENDING,receiving_tds,0.0743059441447258,0,0.9126464425670208,0.06781505558526775
2026_05_DEN_LAC,2026,5,2026-10-11,00-0040666,Omarion Hampton,RB,13,1,LAC,DEN,42.5,3.5,19.5,70,0,0,1,VERIFIED_DOME,receiving_tds,0.07298444956541061,0,0.9126464425670208,0.06660899825858414
2026_05_DEN_LAC,2026,5,2026-10-11,00-0038454,Keaton Mitchell,RB,28,2,LAC,DEN,42.5,3.5,19.5,70,0,0,1,VERIFIED_DOME,receiving_tds,0.08321621268987656,0.25,0.9126464425670208,0.09778536983356122
2026_05_DEN_LAC,2026,5,2026-10-11,00-0039391,Kimani Vidal,RB,25,3,LAC,DEN,42.5,3.5,19.5,70,0,0,1,VERIFIED_DOME,receiving_tds,0.08040621876716614,0.3333333333333333,0.9126464425670208,0.10250030199577954
2026_05_DEN_LAC,2026,5,2026-10-11,00-0035125,Alec Ingold,RB,52,4,LAC,DEN,42.5,3.5,19.5,70,0,0,1,VERIFIED_DOME,receiving_tds,0.09308552742004395,0,0.9126464425670208,0.08495417545437797
2026_05_DEN_LAC,2026,5,2026-10-11,00-0040189,Oronde Gadsden II,TE,19,1,LAC,DEN,42.5,3.5,19.5,70,0,0,1,VERIFIED_DOME,receiving_tds,0.16338148713111877,0.25,0.9126464425670208,0.17094792236976983
2026_05_DEN_LAC,2026,5,2026-10-11,00-0039489,Hayden Rucci,TE,2,2,LAC,DEN,42.5,3.5,19.5,70,0,0,1,VERIFIED_DOME,receiving_tds,0.07603027671575546,0,0.9126464425670208,0.06938876157202041
2026_05_DEN_LAC,2026,5,2026-10-11,00-0040331,Patrick Herbert,TE,1,3,LAC,DEN,42.5,3.5,19.5,70,0,0,1,VERIFIED_DOME,receiving_tds,0.0754442885518074,0,0.9126464425670208,0.06885396155880684
2026_05_DEN_LAC,2026,5,2026-10-11,00-0040727,Tre Harris,WR,20,1,LAC,DEN,42.5,3.5,19.5,70,0,0,1,VERIFIED_DOME,receiving_tds,0.2546681761741638,0,0.9126464425670208,0.23242200502038193
2026_05_DEN_LAC,2026,5,2026-10-11,00-0038544,Quentin Johnston,WR,49,2,LAC,DEN,42.5,3.5,19.5,70,0,0,1,VERIFIED_DOME,receiving_tds,0.23202745616436005,0,0.9126464425670208,0.21175903244627856
2026_05_DEN_LAC,2026,5,2026-10-11,00-0039915,Ladd McConkey,WR,36,3,LAC,DEN,42.5,3.5,19.5,70,0,0,1,VERIFIED_DOME,receiving_tds,0.23808974027633667,0.25,0.9126464425670208,0.2391301438331494
2026_05_DEN_LAC,2026,5,2026-10-11,00-0034272,Marquez Valdes-Scantling,WR,68,4,LAC,DEN,42.5,3.5,19.5,70,0,0,1,VERIFIED_DOME,receiving_tds,0.11216078698635101,0.03703703703703704,0.9126464425670208,0.10559846018057284
2026_05_DEN_LAC,2026,5,2026-10-11,00-0038573,Derius Davis,WR,47,5,LAC,DEN,42.5,3.5,19.5,70,0,0,1,VERIFIED_DOME,receiving_tds,0.0928630381822586,0,0.9126464425670208,0.08475112144300373
2026_05_BUF_LA,2026,5,2026-10-12,00-0037840,Kyren Williams,RB,57,1,LAR,BUF,54.5,-3,28.75,70,0,0,1,VERIFIED_DOME,receiving_tds,0.3125923275947571,0.25,0.9126464425670208,0.3071246651113446
2026_05_BUF_LA,2026,5,2026-10-12,00-0039738,Blake Corum,RB,36,2,LAR,BUF,54.5,-3,28.75,70,0,0,1,VERIFIED_DOME,receiving_tds,0.06489599496126175,0,0.9126464425670208,0.05922709893824284
2026_05_BUF_LA,2026,5,2026-10-12,00-0041415,Dean Connors,RB,2,3,LAR,BUF,54.5,-3,28.75,70,0,0,1,VERIFIED_DOME,receiving_tds,0.0654713362455368,0,0.9126464425670208,0.05975218211459841
2026_05_BUF_LA,2026,5,2026-10-12,00-0033110,Tyler Higbee,TE,62,1,LAR,BUF,54.5,-3,28.75,70,0,0,1,VERIFIED_DOME,receiving_tds,0.3440510034561157,0.3333333333333333,0.9126464425670208,0.3431147768434975
2026_05_BUF_LA,2026,5,2026-10-12,00-0039074,Davis Allen,TE,33,2,LAR,BUF,54.5,-3,28.75,70,0,0,1,VERIFIED_DOME,receiving_tds,0.11173230409622192,0,0.9126464425670208,0.1019720898532335
2026_05_BUF_LA,2026,5,2026-10-12,00-0041510,Max Klare,TE,0,3,LAR,BUF,54.5,-3,28.75,70,0,0,1,VERIFIED_DOME,receiving_tds,0.07847600430250168,0,0.9126464425670208,0.07162084615355237
2026_05_BUF_LA,2026,5,2026-10-12,00-0039075,Puka Nacua,WR,46,1,LAR,BUF,54.5,-3,28.75,70,0,0,1,VERIFIED_DOME,receiving_tds,0.49415117502212524,0.20833333333333337,0.9126464425670208,0.4691839697727932
2026_05_BUF_LA,2026,5,2026-10-12,00-0031381,Davante Adams,WR,82,2,LAR,BUF,54.5,-3,28.75,70,0,0,1,VERIFIED_DOME,receiving_tds,0.5172659754753113,0.5,0.9126464425670208,0.5157577310949923
2026_05_BUF_LA,2026,5,2026-10-12,00-0040590,Konata Mumpfield,WR,14,3,LAR,BUF,54.5,-3,28.75,70,0,0,1,VERIFIED_DOME,receiving_tds,0.20671150088310242,0.25,0.9126464425670208,0.2104929052768978
2026_05_BUF_LA,2026,5,2026-10-12,00-0036849,Tutu Atwell,WR,57,4,LAR,BUF,54.5,-3,28.75,70,0,0,1,VERIFIED_DOME,receiving_tds,0.11539926379919052,0.04166666666666667,0.9126464425670208,0.10895845914089188
2026_05_BUF_LA,2026,5,2026-10-12,00-0039751,Jordan Whittington,WR,31,5,LAR,BUF,54.5,-3,28.75,70,0,0,1,VERIFIED_DOME,receiving_tds,0.10687591135501862,0,0.9126464425670208,0.097539920294266
2026_05_LV_NE,2026,5,2026-10-11,00-0040122,Ashton Jeanty,RB,21,1,LV,NE,45,3.5,20.75,NA,NA,NA,0,PENDING,receiving_tds,0.21322467923164368,0.5,0.9126464425670208,0.23827552368474333
2026_05_LV_NE,2026,5,2026-10-11,00-0040878,Mike Washington Jr.,RB,4,2,LV,NE,45,3.5,20.75,NA,NA,NA,0,PENDING,receiving_tds,0.058447420597076416,0,0.9126464425670208,0.053341830485140206
2026_05_LV_NE,2026,5,2026-10-11,00-0037304,Connor Heyward,RB,59,3,LV,NE,45,3.5,20.75,NA,NA,NA,0,PENDING,receiving_tds,0.059942733496427536,0,0.9126464425670208,0.05470652248325759
2026_05_LV_NE,2026,5,2026-10-11,00-0039407,Dylan Laube,RB,27,4,LV,NE,45,3.5,20.75,NA,NA,NA,0,PENDING,receiving_tds,0.06073879078030586,0,0.9126464425670208,0.0554330413314687
2026_05_LV_NE,2026,5,2026-10-11,00-0039338,Brock Bowers,TE,31,1,LV,NE,45,3.5,20.75,NA,NA,NA,0,PENDING,receiving_tds,0.3739217221736908,0.8611111111111112,0.9126464425670208,0.4164794484409738
2026_05_LV_NE,2026,5,2026-10-11,00-0039066,Michael Mayer,TE,41,2,LV,NE,45,3.5,20.75,NA,NA,NA,0,PENDING,receiving_tds,0.26158612966537476,0.25,0.9126464425670208,0.2605740400222245
2026_05_LV_NE,2026,5,2026-10-11,00-0034365,Ian Thomas,TE,49,3,LV,NE,45,3.5,20.75,NA,NA,NA,0,PENDING,receiving_tds,0.10657133162021637,0.3333333333333333,0.9126464425670208,0.12637979916048048
2026_05_LV_NE,2026,5,2026-10-11,00-0038563,Tre Tucker,WR,51,1,LV,NE,45,3.5,20.75,NA,NA,NA,0,PENDING,receiving_tds,0.2726294696331024,0.25,0.9126464425670208,0.27065270495782934
2026_05_LV_NE,2026,5,2026-10-11,00-0037291,Jalen Nailor,WR,46,2,LV,NE,45,3.5,20.75,NA,NA,NA,0,PENDING,receiving_tds,0.18647359311580658,0,0.9126464425670208,0.17018446138983098
2026_05_LV_NE,2026,5,2026-10-11,00-0035891,Cody White,WR,21,3,LV,NE,45,3.5,20.75,NA,NA,NA,0,PENDING,receiving_tds,0.12392352521419525,0.75,0.9126464425670208,0.1786135325118342
2026_05_LV_NE,2026,5,2026-10-11,00-0040894,Malik Benson,WR,4,4,LV,NE,45,3.5,20.75,NA,NA,NA,0,PENDING,receiving_tds,0.09722764790058136,0,0.9126464425670208,0.08873446697562444
2026_05_LV_NE,2026,5,2026-10-11,00-0037093,Dareke Young,WR,26,5,LV,NE,45,3.5,20.75,NA,NA,NA,0,PENDING,receiving_tds,0.07877563685178757,0,0.9126464425670208,0.07189430473373543
2026_05_CIN_MIA,2026,5,2026-10-11,00-0040198,Ollie Gordon II,RB,20,1,MIA,CIN,42.5,7,17.75,NA,NA,NA,0,PENDING,receiving_tds,0.06947053968906403,0,0.9126464425670208,0.0634020409104353
2026_05_CIN_MIA,2026,5,2026-10-11,00-0039874,Jaylen Wright,RB,25,2,MIA,CIN,42.5,7,17.75,NA,NA,NA,0,PENDING,receiving_tds,0.05572819709777832,0,0.9126464425670208,0.05086014083196116
2026_05_CIN_MIA,2026,5,2026-10-11,00-0041436,DJ Herman,RB,2,3,MIA,CIN,42.5,7,17.75,NA,NA,NA,0,PENDING,receiving_tds,0.10072137415409088,0,0.9126464425670208,0.09192300381219291
2026_05_CIN_MIA,2026,5,2026-10-11,00-0038930,Carlos Washington,RB,0,4,MIA,CIN,42.5,7,17.75,NA,NA,NA,0,PENDING,receiving_tds,0.07228580862283707,0,0.9126464425670208,0.06597138608771272
2026_05_CIN_MIA,2026,5,2026-10-11,00-0037252,Greg Dulcich,TE,28,1,MIA,CIN,42.5,7,17.75,NA,NA,NA,0,PENDING,receiving_tds,0.16619126498699188,0,0.9126464425670208,0.1516738667760912
2026_05_CIN_MIA,2026,5,2026-10-11,00-0041524,Will Kacmarek,TE,4,2,MIA,CIN,42.5,7,17.75,NA,NA,NA,0,PENDING,receiving_tds,0.1004876047372818,0,0.9126464425670208,0.09170965498556113
2026_05_CIN_MIA,2026,5,2026-10-11,00-0041579,Seydou Traore,TE,0,3,MIA,CIN,42.5,7,17.75,NA,NA,NA,0,PENDING,receiving_tds,0.07277455180883408,0,0.9126464425670208,0.06641743581774176
2026_05_CIN_MIA,2026,5,2026-10-11,00-0039880,Malik Washington,WR,35,1,MIA,CIN,42.5,7,17.75,NA,NA,NA,0,PENDING,receiving_tds,0.26904958486557007,0,0.9126464425670208,0.24554714650169626
2026_05_CIN_MIA,2026,5,2026-10-11,00-0041529,Kevin Coleman Jr.,WR,3,2,MIA,CIN,42.5,7,17.75,NA,NA,NA,0,PENDING,receiving_tds,0.13826854526996613,0,0.9126464425670208,0.12619029595955164
2026_05_CIN_MIA,2026,5,2026-10-11,00-0041525,Chris Bell,WR,4,3,MIA,CIN,42.5,7,17.75,NA,NA,NA,0,PENDING,receiving_tds,0.15650522708892822,0,0.9126464425670208,0.14283393874585407
2026_05_CIN_MIA,2026,5,2026-10-11,00-0037666,Jalen Tolbert,WR,47,4,MIA,CIN,42.5,7,17.75,NA,NA,NA,0,PENDING,receiving_tds,0.1127142682671547,0.05555555555555556,0.9126464425670208,0.10772125137350685
2026_05_CIN_MIA,2026,5,2026-10-11,00-0038824,Ryan Miller,WR,21,5,MIA,CIN,42.5,7,17.75,NA,NA,NA,0,PENDING,receiving_tds,0.10307628661394119,0.3333333333333333,0.9126464425670208,0.1231900587688918
2026_05_LV_NE,2026,5,2026-10-11,00-0036875,Rhamondre Stevenson,RB,74,1,NE,LV,45,-3.5,24.25,NA,NA,NA,0,PENDING,receiving_tds,0.12268011271953583,0,0.9126464425670208,0.1119635684472055
2026_05_LV_NE,2026,5,2026-10-11,00-0040734,TreVeyon Henderson,RB,20,2,NE,LV,45,-3.5,24.25,NA,NA,NA,0,PENDING,receiving_tds,0.06314404308795929,0,0.9126464425670208,0.05762818629352472
2026_05_LV_NE,2026,5,2026-10-11,00-0040556,Corey Kiner,RB,8,3,NE,LV,45,-3.5,24.25,NA,NA,NA,0,PENDING,receiving_tds,0.05611330643296242,0,0.9126464425670208,0.05121160949671627
2026_05_LV_NE,2026,5,2026-10-11,00-0036187,Reggie Gilliam,RB,39,4,NE,LV,45,-3.5,24.25,NA,NA,NA,0,PENDING,receiving_tds,0.06602878868579865,0,0.9126464425670208,0.06026093910110368
2026_05_LV_NE,2026,5,2026-10-11,00-0033090,Hunter Henry,TE,82,1,NE,LV,45,-3.5,24.25,NA,NA,NA,0,PENDING,receiving_tds,0.2540777623653412,0,0.9126464425670208,0.2318831659581175
2026_05_LV_NE,2026,5,2026-10-11,00-0041395,Eli Raridon,TE,3,2,NE,LV,45,-3.5,24.25,NA,NA,NA,0,PENDING,receiving_tds,0.11133640259504318,0.3333333333333333,0.9126464425670208,0.13072862423423554
2026_05_LV_NE,2026,5,2026-10-11,00-0038564,Cameron Latu,TE,13,3,NE,LV,45,-3.5,24.25,NA,NA,NA,0,PENDING,receiving_tds,0.07698724418878555,0,0.9126464425670208,0.07026213453193368
2026_05_LV_NE,2026,5,2026-10-11,00-0033555,Mack Hollins,WR,79,1,NE,LV,45,-3.5,24.25,NA,NA,NA,0,PENDING,receiving_tds,0.29313555359840393,0,0.9126464425670208,0.2675291201814976
2026_05_LV_NE,2026,5,2026-10-11,00-0037816,Romeo Doubs,WR,63,2,NE,LV,45,-3.5,24.25,NA,NA,NA,0,PENDING,receiving_tds,0.33075276017189026,0.5,0.9126464425670208,0.34553710865658827
2026_05_LV_NE,2026,5,2026-10-11,00-0038621,DeMario Douglas,WR,50,3,NE,LV,45,-3.5,24.25,NA,NA,NA,0,PENDING,receiving_tds,0.1686936616897583,0,0.9126464425670208,0.15395767022476242
2026_05_LV_NE,2026,5,2026-10-11,00-0040563,Efton Chism III,WR,11,4,NE,LV,45,-3.5,24.25,NA,NA,NA,0,PENDING,receiving_tds,0.12163515388965607,0.3333333333333333,0.9126464425670208,0.14012774296614647
2026_05_LV_NE,2026,5,2026-10-11,00-0040131,Kyle Williams,WR,18,5,NE,LV,45,-3.5,24.25,NA,NA,NA,0,PENDING,receiving_tds,0.11549092084169388,0,0.9126464425670208,0.10540237805496132
2026_05_NYG_WAS,2026,5,2026-10-11,00-0040715,Cam Skattebo,RB,12,1,NYG,WAS,43.5,3.5,20,NA,NA,NA,0,PENDING,receiving_tds,0.113283671438694,0,0.9126464425670208,0.1033879397394553
2026_05_NYG_WAS,2026,5,2026-10-11,00-0036893,Najee Harris,RB,74,2,NYG,WAS,43.5,3.5,20,NA,NA,NA,0,PENDING,receiving_tds,0.05621376261115074,0,0.9126464425670208,0.05130329047037373
2026_05_NYG_WAS,2026,5,2026-10-11,00-0033376,Patrick Ricard,RB,44,3,NYG,WAS,43.5,3.5,20,NA,NA,NA,0,PENDING,receiving_tds,0.07376714795827866,0,0.9126464425670208,0.06732332516243808
2026_05_NYG_WAS,2026,5,2026-10-11,00-0039384,Tyrone Tracy Jr.,RB,36,4,NYG,WAS,43.5,3.5,20,NA,NA,NA,0,PENDING,receiving_tds,0.06696286052465439,0,0.9126464425670208,0.061113416441937414
2026_05_NYG_WAS,2026,5,2026-10-11,00-0037838,Isaiah Likely,TE,59,1,NYG,WAS,43.5,3.5,20,NA,NA,NA,0,PENDING,receiving_tds,0.3087190091609955,0.5,0.9126464425670208,0.3254280841800876
2026_05_NYG_WAS,2026,5,2026-10-11,00-0039847,Theo Johnson,TE,29,2,NYG,WAS,43.5,3.5,20,NA,NA,NA,0,PENDING,receiving_tds,0.11703421920537949,0.3333333333333333,0.9126464425670208,0.13592871629405823
2026_05_NYG_WAS,2026,5,2026-10-11,00-0031484,Chris Manhertz,TE,37,3,NYG,WAS,43.5,3.5,20,NA,NA,NA,0,PENDING,receiving_tds,0.07888516783714294,0,0.9126464425670208,0.07199426779787087
2026_05_NYG_WAS,2026,5,2026-10-11,00-0039337,Malik Nabers,WR,23,1,NYG,WAS,43.5,3.5,20,NA,NA,NA,0,PENDING,receiving_tds,0.29113051295280457,0.25,0.9126464425670208,0.2875376163273339
2026_05_NYG_WAS,2026,5,2026-10-11,00-0041042,Malachi Fields,WR,4,2,NYG,WAS,43.5,3.5,20,NA,NA,NA,0,PENDING,receiving_tds,0.2076646238565445,0.25,0.9126464425670208,0.21136276956793862
2026_05_NYG_WAS,2026,5,2026-10-11,00-0036309,Darnell Mooney,WR,77,3,NYG,WAS,43.5,3.5,20,NA,NA,NA,0,PENDING,receiving_tds,0.13453970849514008,0,0.9126464425670208,0.12278718634209357
2026_05_NYG_WAS,2026,5,2026-10-11,00-0034419,Braxton Berrios,WR,63,4,NYG,WAS,43.5,3.5,20,NA,NA,NA,0,PENDING,receiving_tds,0.07256452739238739,0,0.9126464425670208,0.06622575778121949
2026_05_NYG_WAS,2026,5,2026-10-11,00-0038576,Charlie Jones,WR,33,5,NYG,WAS,43.5,3.5,20,NA,NA,NA,0,PENDING,receiving_tds,0.07619599252939224,0,0.9126464425670208,0.06954000151981313
2026_05_CLE_NYJ,2026,5,2026-10-11,00-0039794,Braelon Allen,RB,25,1,NYJ,CLE,40,-2,21,NA,NA,NA,0,PENDING,receiving_tds,0.07360892742872238,0,0.9126464425670208,0.06717892575899748
2026_05_CLE_NYJ,2026,5,2026-10-11,00-0036842,Kene Nwangwu,RB,44,2,NYJ,CLE,40,-2,21,NA,NA,NA,0,PENDING,receiving_tds,0.058602623641490936,0,0.9126464425670208,0.05348347599150069
2026_05_CLE_NYJ,2026,5,2026-10-11,00-0034959,Andrew Beck,RB,37,3,NYJ,CLE,40,-2,21,NA,NA,NA,0,PENDING,receiving_tds,0.060467902570962906,0.060606060606060615,0.9126464425670208,0.06047997116681664
2026_05_CLE_NYJ,2026,5,2026-10-11,00-0039798,Isaiah Davis,RB,32,4,NYJ,CLE,40,-2,21,NA,NA,NA,0,PENDING,receiving_tds,0.06225467100739479,0,0.9126464425670208,0.056816504028079105
2026_05_CLE_NYJ,2026,5,2026-10-11,00-0041032,Kenyon Sadiq,TE,4,1,NYJ,CLE,40,-2,21,NA,NA,NA,0,PENDING,receiving_tds,0.1871420294046402,0.25,0.9126464425670208,0.19263289674916248
2026_05_CLE_NYJ,2026,5,2026-10-11,00-0037805,Jeremy Ruckert,TE,43,2,NYJ,CLE,40,-2,21,NA,NA,NA,0,PENDING,receiving_tds,0.10673549771308899,0.3333333333333333,0.9126464425670208,0.12652962476113078
2026_05_CLE_NYJ,2026,5,2026-10-11,00-0037755,Jelani Woods,TE,16,3,NYJ,CLE,40,-2,21,NA,NA,NA,0,PENDING,receiving_tds,0.09783767908811569,0,0.9126464425670208,0.08929120976878259
2026_05_CLE_NYJ,2026,5,2026-10-11,00-0037740,Garrett Wilson,WR,62,1,NYJ,CLE,40,-2,21,NA,NA,NA,0,PENDING,receiving_tds,0.3833842873573303,0.5,0.9126464425670208,0.39357108470924956
2026_05_CLE_NYJ,2026,5,2026-10-11,00-0039451,Isaiah Williams,WR,27,2,NYJ,CLE,40,-2,21,NA,NA,NA,0,PENDING,receiving_tds,0.19636854529380798,0.25,0.9126464425670208,0.20105344365269956
2026_05_CLE_NYJ,2026,5,2026-10-11,00-0032385,Sterling Shepard,WR,48,3,NYJ,CLE,40,-2,21,NA,NA,NA,0,PENDING,receiving_tds,0.12618882954120636,0.025641025641025644,0.9126464425670208,0.11740562117845199
2026_05_CLE_NYJ,2026,5,2026-10-11,00-0040405,Jamaal Pritchett,WR,1,4,NYJ,CLE,40,-2,21,NA,NA,NA,0,PENDING,receiving_tds,0.0726599171757698,0,0.9126464425670208,0.06631281492768068
2026_05_CLE_NYJ,2026,5,2026-10-11,00-0041267,Malik McClain,WR,1,5,NYJ,CLE,40,-2,21,NA,NA,NA,0,PENDING,receiving_tds,0.07527481764554977,0,0.9126464425670208,0.06869929453909221
2026_05_PHI_JAX,2026,5,2026-10-11,00-0034844,Saquon Barkley,RB,79,1,PHI,JAX,43,7,18,NA,NA,NA,0,PENDING,receiving_tds,0.08041513711214066,0,0.9126464425670208,0.07339058881393437
2026_05_PHI_JAX,2026,5,2026-10-11,00-0038555,Tank Bigsby,RB,48,2,PHI,JAX,43,7,18,NA,NA,NA,0,PENDING,receiving_tds,0.05990441516041756,0,0.9126464425670208,0.05467155139021299
2026_05_PHI_JAX,2026,5,2026-10-11,00-0039746,Will Shipley,RB,31,3,PHI,JAX,43,7,18,NA,NA,NA,0,PENDING,receiving_tds,0.07426387816667557,0,0.9126464425670208,0.0677766642200471
2026_05_PHI_JAX,2026,5,2026-10-11,00-0030061,Zach Ertz,TE,66,1,PHI,JAX,43,7,18,NA,NA,NA,0,PENDING,receiving_tds,0.15911886096000671,0.10256410256410257,0.9126464425670208,0.15417860162436184
2026_05_PHI_JAX,2026,5,2026-10-11,00-0033246,Johnny Mundt,TE,55,2,PHI,JAX,43,7,18,NA,NA,NA,0,PENDING,receiving_tds,0.09126003831624985,0,0.9126464425670208,0.08328814931785543
2026_05_PHI_JAX,2026,5,2026-10-11,00-0036332,Josiah Deguara,TE,46,3,PHI,JAX,43,7,18,NA,NA,NA,0,PENDING,receiving_tds,0.07863505184650421,0.14285714285714285,0.9126464425670208,0.08424507996206805
2026_05_PHI_JAX,2026,5,2026-10-11,00-0038393,Dontayvion Wicks,WR,49,1,PHI,JAX,43,7,18,NA,NA,NA,0,PENDING,receiving_tds,0.26648929715156555,0.25,0.9126464425670208,0.2650488983858068
2026_05_PHI_JAX,2026,5,2026-10-11,00-0040867,Makai Lemon,WR,4,2,PHI,JAX,43,7,18,NA,NA,NA,0,PENDING,receiving_tds,0.16918332874774933,0,0.9126464425670208,0.15440456312328021
2026_05_PHI_JAX,2026,5,2026-10-11,00-0036980,Elijah Moore,WR,67,3,PHI,JAX,43,7,18,NA,NA,NA,0,PENDING,receiving_tds,0.10841189324855804,0,0.9126464425670208,0.09894172870525211
2026_05_PHI_JAX,2026,5,2026-10-11,00-0040024,Darius Cooper,WR,10,4,PHI,JAX,43,7,18,NA,NA,NA,0,PENDING,receiving_tds,0.13385240733623505,0.75,0.9126464425670208,0.18767509145918115
2026_05_PHI_JAX,2026,5,2026-10-11,00-0037132,Britain Covey,WR,47,5,PHI,JAX,43,7,18,NA,NA,NA,0,PENDING,receiving_tds,0.06853696703910828,0,0.9126464425670208,0.06255001915257533
2026_05_IND_PIT,2026,5,2026-10-11,00-0037228,Jaylen Warren,RB,68,1,PIT,IND,44.5,-2.5,23.5,NA,NA,NA,0,PENDING,receiving_tds,0.17510753870010376,0,0.9126464425670208,0.1598112722613166
2026_05_IND_PIT,2026,5,2026-10-11,00-0035594,Travis Homer,RB,50,2,PIT,IND,44.5,-2.5,23.5,NA,NA,NA,0,PENDING,receiving_tds,0.05539543554186821,0,0.9126464425670208,0.05055644718173673
2026_05_IND_PIT,2026,5,2026-10-11,00-0038409,Lew Nichols III,RB,3,3,PIT,IND,44.5,-2.5,23.5,NA,NA,NA,0,PENDING,receiving_tds,0.06230800971388817,0,0.9126464425670208,0.05686518340881141
2026_05_IND_PIT,2026,5,2026-10-11,00-0041398,Riley Nowakowski,RB,1,4,PIT,IND,44.5,-2.5,23.5,NA,NA,NA,0,PENDING,receiving_tds,0.06150999292731285,0,0.9126464425670208,0.056136876227434684
2026_05_IND_PIT,2026,5,2026-10-11,00-0036894,Pat Freiermuth,TE,78,1,PIT,IND,44.5,-2.5,23.5,NA,NA,NA,0,PENDING,receiving_tds,0.22403909265995026,0.5,0.9126464425670208,0.24814525962853634
2026_05_IND_PIT,2026,5,2026-10-11,00-0038558,Darnell Washington,TE,38,2,PIT,IND,44.5,-2.5,23.5,NA,NA,NA,0,PENDING,receiving_tds,0.1660354733467102,0.25,0.9126464425670208,0.17337007344805128
2026_05_IND_PIT,2026,5,2026-10-11,00-0033757,Robert Tonyan,TE,40,3,PIT,IND,44.5,-2.5,23.5,NA,NA,NA,0,PENDING,receiving_tds,0.07426513731479645,0,0.9126464425670208,0.06777781337710029
2026_05_IND_PIT,2026,5,2026-10-11,00-0035640,DK Metcalf,WR,84,1,PIT,IND,44.5,-2.5,23.5,NA,NA,NA,0,PENDING,receiving_tds,0.42304009199142456,0.25,0.9126464425670208,0.4079244243774437
2026_05_IND_PIT,2026,5,2026-10-11,00-0039739,Roman Wilson,WR,13,2,PIT,IND,44.5,-2.5,23.5,NA,NA,NA,0,PENDING,receiving_tds,0.2780286967754364,0.5,0.9126464425670208,0.2974186797601366
2026_05_IND_PIT,2026,5,2026-10-11,00-0036252,Michael Pittman,WR,85,3,PIT,IND,44.5,-2.5,23.5,NA,NA,NA,0,PENDING,receiving_tds,0.17808331549167633,0,0.9126464425670208,0.16252710436401882
2026_05_IND_PIT,2026,5,2026-10-11,00-0041489,Germie Bernard,WR,3,4,PIT,IND,44.5,-2.5,23.5,NA,NA,NA,0,PENDING,receiving_tds,0.14652970433235168,0,0.9126464425670208,0.13372981338931814
2026_05_IND_PIT,2026,5,2026-10-11,00-0036862,Ben Skowronek,WR,67,5,PIT,IND,44.5,-2.5,23.5,NA,NA,NA,0,PENDING,receiving_tds,0.08906245231628418,0.3333333333333333,0.9126464425670208,0.11040038275041142
2026_05_SF_SEA,2026,5,2026-10-11,00-0038797,Emanuel Wilson,RB,43,1,SEA,SF,47,-3,25,NA,NA,NA,0,PENDING,receiving_tds,0.06379384547472,0.25,0.9126464425670208,0.08005961548841825
2026_05_SF_SEA,2026,5,2026-10-11,00-0039299,George Holani,RB,17,2,SEA,SF,47,-3,25,NA,NA,NA,0,PENDING,receiving_tds,0.08166918158531189,0,0.9126464425670208,0.07453508804119494
2026_05_SF_SEA,2026,5,2026-10-11,00-0038488,Brady Russell,RB,27,3,SEA,SF,47,-3,25,NA,NA,NA,0,PENDING,receiving_tds,0.0724504142999649,0,0.9126464425670208,0.06612161287336978
2026_05_SF_SEA,2026,5,2026-10-11,00-0037745,Velus Jones Jr.,RB,31,4,SEA,SF,47,-3,25,NA,NA,NA,0,PENDING,receiving_tds,0.05740499123930931,0,0.9126464425670208,0.052390461040146635
2026_05_SF_SEA,2026,5,2026-10-11,00-0039793,AJ Barner,TE,36,1,SEA,SF,47,-3,25,NA,NA,NA,0,PENDING,receiving_tds,0.20347091555595398,0,0.9126464425670208,0.1856970072479961
2026_05_SF_SEA,2026,5,2026-10-11,00-0040739,Elijah Arroyo,TE,14,2,SEA,SF,47,-3,25,NA,NA,NA,0,PENDING,receiving_tds,0.11645088344812393,0.05128205128205129,0.9126464425670208,0.11075815412466472
2026_05_SF_SEA,2026,5,2026-10-11,00-0033576,Eric Saubert,TE,52,3,SEA,SF,47,-3,25,NA,NA,NA,0,PENDING,receiving_tds,0.08158723264932632,0.25,0.9126464425670208,0.09629868699454036
2026_05_SF_SEA,2026,5,2026-10-11,00-0038543,Jaxon Smith-Njigba,WR,55,1,SEA,SF,47,-3,25,NA,NA,NA,0,PENDING,receiving_tds,0.5344710946083069,1.5,0.9126464425670208,0.6188134792986417
2026_05_SF_SEA,2026,5,2026-10-11,00-0037545,Rashid Shaheed,WR,55,2,SEA,SF,47,-3,25,NA,NA,NA,0,PENDING,receiving_tds,0.17272107303142548,0,0.9126464425670208,0.15763327285848905
2026_05_SF_SEA,2026,5,2026-10-11,00-0033908,Cooper Kupp,WR,70,3,SEA,SF,47,-3,25,NA,NA,NA,0,PENDING,receiving_tds,0.22472505271434784,0.25,0.9126464425670208,0.22693290927368057
2026_05_SF_SEA,2026,5,2026-10-11,00-0040648,Tory Horton,WR,10,4,SEA,SF,47,-3,25,NA,NA,NA,0,PENDING,receiving_tds,0.14317001402378082,0.5416666666666667,0.9126464425670208,0.17798011425727114
2026_05_SF_SEA,2026,5,2026-10-11,00-0033280,Christian McCaffrey,RB,65,1,SF,SEA,47,3,22,NA,NA,NA,0,PENDING,receiving_tds,0.1946887969970703,0,0.9126464425670208,0.17768203798702908
2026_05_SF_SEA,2026,5,2026-10-11,00-0041052,Kaelon Black,RB,4,2,SF,SEA,47,3,22,NA,NA,NA,0,PENDING,receiving_tds,0.05640001595020294,0,0.9126464425670208,0.05147327391767594
2026_05_SF_SEA,2026,5,2026-10-11,00-0029892,Kyle Juszczyk,RB,72,3,SF,SEA,47,3,22,NA,NA,NA,0,PENDING,receiving_tds,0.13052642345428467,0.3333333333333333,0.9126464425670208,0.1482423285042092
2026_05_SF_SEA,2026,5,2026-10-11,00-0033288,George Kittle,TE,75,1,SF,SEA,47,3,22,NA,NA,NA,0,PENDING,receiving_tds,0.3177862763404846,1,0.9126464425670208,0.37738007203174273
2026_05_SF_SEA,2026,5,2026-10-11,00-0036887,Luke Farrell,TE,51,2,SF,SEA,47,3,22,NA,NA,NA,0,PENDING,receiving_tds,0.09340913593769073,0,0.9126464425670208,0.0852495156167927
2026_05_SF_SEA,2026,5,2026-10-11,00-0038643,Brayden Willis,TE,15,3,SF,SEA,47,3,22,NA,NA,NA,0,PENDING,receiving_tds,0.07256452739238739,0,0.9126464425670208,0.06622575778121949
2026_05_SF_SEA,2026,5,2026-10-11,00-0031408,Mike Evans,WR,74,1,SF,SEA,47,3,22,NA,NA,NA,0,PENDING,receiving_tds,0.2854364514350891,0.5,0.9126464425670208,0.3041793406976779
2026_05_SF_SEA,2026,5,2026-10-11,00-0035719,Deebo Samuel Sr.,WR,79,2,SF,SEA,47,3,22,NA,NA,NA,0,PENDING,receiving_tds,0.1875876486301422,0.75,0.9126464425670208,0.236716368266546
2026_05_SF_SEA,2026,5,2026-10-11,00-0031236,Brandin Cooks,WR,69,3,SF,SEA,47,3,22,NA,NA,NA,0,PENDING,receiving_tds,0.11709307879209518,0,0.9126464425670208,0.10686458180882553
2026_05_SF_SEA,2026,5,2026-10-11,00-0040172,Jordan Watkins,WR,3,4,SF,SEA,47,3,22,NA,NA,NA,0,PENDING,receiving_tds,0.11137165874242783,0,0.9126464425670208,0.101642948154065
2026_05_SF_SEA,2026,5,2026-10-11,00-0039365,Jacob Cowing,WR,19,5,SF,SEA,47,3,22,NA,NA,NA,0,PENDING,receiving_tds,0.08873814344406128,0,0.9126464425670208,0.08098655093422452
2026_05_TB_DAL,2026,5,2026-10-08,00-0039361,Bucky Irving,RB,31,1,TB,DAL,47.5,8.5,19.5,NA,NA,NA,0,PENDING,receiving_tds,0.11862197518348694,0,0.9126464425670208,0.10825992366148278
2026_05_TB_DAL,2026,5,2026-10-08,00-0036919,Kenny Gainwell,RB,87,2,TB,DAL,47.5,8.5,19.5,NA,NA,NA,0,PENDING,receiving_tds,0.10069748014211655,0.25,0.9126464425670208,0.1137395863854107
2026_05_TB_DAL,2026,5,2026-10-08,00-0038951,Sean Tucker,RB,38,3,TB,DAL,47.5,8.5,19.5,NA,NA,NA,0,PENDING,receiving_tds,0.055541474372148514,0.03921568627450981,0.9126464425670208,0.054115358703922783
2026_05_TB_DAL,2026,5,2026-10-08,00-0038129,Cade Otton,TE,66,1,TB,DAL,47.5,8.5,19.5,NA,NA,NA,0,PENDING,receiving_tds,0.28889375925064087,0,0.9126464425670208,0.26365786165991073
2026_05_TB_DAL,2026,5,2026-10-08,00-0039050,Payne Durham,TE,23,2,TB,DAL,47.5,8.5,19.5,NA,NA,NA,0,PENDING,receiving_tds,0.07965555042028427,0,0.9126464425670208,0.0726973547217904
2026_05_TB_DAL,2026,5,2026-10-08,00-0041094,Bauer Sharp,TE,3,3,TB,DAL,47.5,8.5,19.5,NA,NA,NA,0,PENDING,receiving_tds,0.07223330438137054,0,0.9126464425670208,0.06592346827851862
2026_05_TB_DAL,2026,5,2026-10-08,00-0040129,Emeka Egbuka,WR,21,1,TB,DAL,47.5,8.5,19.5,NA,NA,NA,0,PENDING,receiving_tds,0.29186561703681946,0.25,0.9126464425670208,0.28820850645452656
2026_05_TB_DAL,2026,5,2026-10-08,00-0033921,Chris Godwin Jr.,WR,66,2,TB,DAL,47.5,8.5,19.5,NA,NA,NA,0,PENDING,receiving_tds,0.2226361483335495,0,0.9126464425670208,0.2031880887634375
2026_05_TB_DAL,2026,5,2026-10-08,00-0041048,Ted Hurst III,WR,4,3,TB,DAL,47.5,8.5,19.5,NA,NA,NA,0,PENDING,receiving_tds,0.21244287490844727,0.25,0.9126464425670208,0.21572362339214982
2026_05_TB_DAL,2026,5,2026-10-08,00-0040237,Tez Johnson,WR,19,4,TB,DAL,47.5,8.5,19.5,NA,NA,NA,0,PENDING,receiving_tds,0.11723747104406357,0,0.9126464425670208,0.10699636088391871
2026_05_TB_DAL,2026,5,2026-10-08,00-0039589,Kameron Johnson,WR,25,5,TB,DAL,47.5,8.5,19.5,NA,NA,NA,0,PENDING,receiving_tds,0.07226492464542389,0,0.9126464425670208,0.06595232640001994
2026_05_HOU_TEN,2026,5,2026-10-11,00-0035261,Tony Pollard,RB,85,1,TEN,HOU,39.5,7,16.25,NA,NA,NA,0,PENDING,receiving_tds,0.09777868539094925,0,0.9126464425670208,0.08923736938092976
2026_05_HOU_TEN,2026,5,2026-10-11,00-0039032,Tyjae Spears,RB,46,2,TEN,HOU,39.5,7,16.25,NA,NA,NA,0,PENDING,receiving_tds,0.07849926501512527,0,0.9126464425670208,0.07164207496017987
2026_05_HOU_TEN,2026,5,2026-10-11,00-0040886,Nicholas Singleton,RB,2,3,TEN,HOU,39.5,7,16.25,NA,NA,NA,0,PENDING,receiving_tds,0.05825835093855858,0,0.9126464425670208,0.05316927673389654
2026_05_HOU_TEN,2026,5,2026-10-11,00-0037594,Julius Chestnut,RB,38,4,TEN,HOU,39.5,7,16.25,NA,NA,NA,0,PENDING,receiving_tds,0.06157383322715759,0,0.9126464425670208,0.0561951398499804
2026_05_HOU_TEN,2026,5,2026-10-11,00-0040584,Gunnar Helm,TE,20,1,TEN,HOU,39.5,7,16.25,NA,NA,NA,0,PENDING,receiving_tds,0.1558932363986969,0,0.9126464425670208,0.1422754076195303
2026_05_HOU_TEN,2026,5,2026-10-11,00-0038115,Daniel Bellinger,TE,54,2,TEN,HOU,39.5,7,16.25,NA,NA,NA,0,PENDING,receiving_tds,0.08276364207267761,0,0.9126464425670208,0.07553394351151943
2026_05_HOU_TEN,2026,5,2026-10-11,00-0039648,David Martin-Robinson,TE,15,3,TEN,HOU,39.5,7,16.25,NA,NA,NA,0,PENDING,receiving_tds,0.07574841380119324,0.09090909090909091,0.9126464425670208,0.07707275287966082
2026_05_HOU_TEN,2026,5,2026-10-11,00-0041438,Carnell Tate,WR,4,1,TEN,HOU,39.5,7,16.25,NA,NA,NA,0,PENDING,receiving_tds,0.3379940688610077,0,0.9126464425670208,0.3084690845547513
2026_05_HOU_TEN,2026,5,2026-10-11,00-0038117,Wan'Dale Robinson,WR,58,2,TEN,HOU,39.5,7,16.25,NA,NA,NA,0,PENDING,receiving_tds,0.20988886058330536,0.5,0.9126464425670208,0.23523110066228864
2026_05_HOU_TEN,2026,5,2026-10-11,00-0040170,Elic Ayomanor,WR,20,3,TEN,HOU,39.5,7,16.25,NA,NA,NA,0,PENDING,receiving_tds,0.1546172797679901,0.25,0.9126464425670208,0.16294929969789076
2026_05_HOU_TEN,2026,5,2026-10-11,00-0034837,Calvin Ridley,WR,49,4,TEN,HOU,39.5,7,16.25,NA,NA,NA,0,PENDING,receiving_tds,0.12340407818555832,0,0.9126464425670208,0.1126242929543123
2026_05_HOU_TEN,2026,5,2026-10-11,00-0040705,Chimere Dike,WR,21,5,TEN,HOU,39.5,7,16.25,NA,NA,NA,0,PENDING,receiving_tds,0.07962659001350403,0,0.9126464425670208,0.07267092410956712
2026_05_NYG_WAS,2026,5,2026-10-11,00-0040242,Jacory Croskey-Merritt,RB,21,1,WAS,NYG,43.5,-3.5,23.5,NA,NA,NA,0,PENDING,receiving_tds,0.06810767948627472,0,0.9126464425670208,0.06215823139464348
2026_05_NYG_WAS,2026,5,2026-10-11,00-0033699,Austin Ekeler,RB,62,2,WAS,NYG,43.5,-3.5,23.5,NA,NA,NA,0,PENDING,receiving_tds,0.09448975324630737,0,0.9126464425670208,0.08623573715927803
2026_05_NYG_WAS,2026,5,2026-10-11,00-0041096,Kaytron Allen,RB,3,3,WAS,NYG,43.5,-3.5,23.5,NA,NA,NA,0,PENDING,receiving_tds,0.0555882528424263,0,0.9126464425670208,0.05073242120515644
2026_05_NYG_WAS,2026,5,2026-10-11,00-0035567,Craig Reynolds,RB,37,4,WAS,NYG,43.5,-3.5,23.5,NA,NA,NA,0,PENDING,receiving_tds,0.060744598507881165,0,0.9126464425670208,0.0554383417333797
2026_05_NYG_WAS,2026,5,2026-10-11,00-0037809,Chig Okonkwo,TE,68,1,WAS,NYG,43.5,-3.5,23.5,NA,NA,NA,0,PENDING,receiving_tds,0.15147073566913605,0.03921568627450981,0.9126464425670208,0.14166485776470064
2026_05_NYG_WAS,2026,5,2026-10-11,00-0036628,John Bates,TE,61,2,WAS,NYG,43.5,-3.5,23.5,NA,NA,NA,0,PENDING,receiving_tds,0.11228067427873611,0.03333333333333334,0.9126464425670208,0.10538434319728088
2026_05_NYG_WAS,2026,5,2026-10-11,00-0039912,Ben Sinnott,TE,18,3,WAS,NYG,43.5,-3.5,23.5,NA,NA,NA,0,PENDING,receiving_tds,0.11215276271104813,0.03703703703703704,0.9126464425670208,0.10559113685426348
2026_05_NYG_WAS,2026,5,2026-10-11,00-0031588,Stefon Diggs,WR,79,1,WAS,NYG,43.5,-3.5,23.5,NA,NA,NA,0,PENDING,receiving_tds,0.3107678294181824,0.75,0.9126464425670208,0.3491363220575133
2026_05_NYG_WAS,2026,5,2026-10-11,00-0041040,Antonio Williams,WR,4,2,WAS,NYG,43.5,-3.5,23.5,NA,NA,NA,0,PENDING,receiving_tds,0.17394743859767914,0.25,0.9126464425670208,0.18059090038806194
2026_05_NYG_WAS,2026,5,2026-10-11,00-0036626,Dyami Brown,WR,65,3,WAS,NYG,43.5,-3.5,23.5,NA,NA,NA,0,PENDING,receiving_tds,0.15737906098365784,0,0.9126464425670208,0.14363144014127355
2026_05_NYG_WAS,2026,5,2026-10-11,00-0037742,Treylon Burks,WR,36,4,WAS,NYG,43.5,-3.5,23.5,NA,NA,NA,0,PENDING,receiving_tds,0.12161296606063843,0.6666666666666666,0.9126464425670208,0.169225345800585
2026_05_NYG_WAS,2026,5,2026-10-11,00-0040164,Jaylin Lane,WR,19,5,WAS,NYG,43.5,-3.5,23.5,NA,NA,NA,0,PENDING,receiving_tds,0.07407117635011673,0,0.9126464425670208,0.06760079559268847
2026_05_DET_ARI,2026,5,2026-10-11,00-0033119,Jacoby Brissett,QB,51,1,ARI,DET,54.5,4.5,25,NA,NA,NA,0,PENDING,fumbles_lost,0.20501594245433807,0,0.9353334272718354,0.1917582641011814
2026_05_DET_ARI,2026,5,2026-10-11,00-0041027,Jeremiyah Love,RB,4,1,ARI,DET,54.5,4.5,25,NA,NA,NA,0,PENDING,fumbles_lost,0.08757033199071884,0,0.9353334272718354,0.08190745874821151
2026_05_DET_ARI,2026,5,2026-10-11,00-0037263,Tyler Allgeier,RB,71,2,ARI,DET,54.5,4.5,25,NA,NA,NA,0,PENDING,fumbles_lost,0.057859886437654495,0,0.9353334272718354,0.05411828588329057
2026_05_DET_ARI,2026,5,2026-10-11,00-0037157,Bam Knight,RB,22,3,ARI,DET,54.5,4.5,25,NA,NA,NA,0,PENDING,fumbles_lost,0.046957630664110184,0.05555555555555556,0.9353334272718354,0.04751362899941413
2026_05_DET_ARI,2026,5,2026-10-11,00-0037744,Trey McBride,TE,66,1,ARI,DET,54.5,4.5,25,NA,NA,NA,0,PENDING,fumbles_lost,0.06213502213358879,0,0.9353334272718354,0.05811696320582096
2026_05_DET_ARI,2026,5,2026-10-11,00-0039041,Elijah Higgins,TE,46,2,ARI,DET,54.5,4.5,25,NA,NA,NA,0,PENDING,fumbles_lost,0.036470480263233185,0,0.9353334272718354,0.03411205929885973
2026_05_DET_ARI,2026,5,2026-10-11,00-0037004,Hunter Long,TE,27,3,ARI,DET,54.5,4.5,25,NA,NA,NA,0,PENDING,fumbles_lost,0.036470480263233185,0,0.9353334272718354,0.03411205929885973
2026_05_DET_ARI,2026,5,2026-10-11,00-0038559,Michael Wilson,WR,50,1,ARI,DET,54.5,4.5,25,NA,NA,NA,0,PENDING,fumbles_lost,0.06077971309423447,0,0.9353334272718354,0.05684929735702918
2026_05_DET_ARI,2026,5,2026-10-11,00-0033307,Kendrick Bourne,WR,70,2,ARI,DET,54.5,4.5,25,NA,NA,NA,0,PENDING,fumbles_lost,0.03952866792678833,0,0.9353334272718354,0.036972484447453206
2026_05_DET_ARI,2026,5,2026-10-11,00-0039849,Marvin Harrison Jr.,WR,33,3,ARI,DET,54.5,4.5,25,NA,NA,NA,0,PENDING,fumbles_lost,0.03689512982964516,0,0.9353334272718354,0.03450924823320133
2026_05_DET_ARI,2026,5,2026-10-11,00-0038640,Jalen Brooks,WR,23,4,ARI,DET,54.5,4.5,25,NA,NA,NA,0,PENDING,fumbles_lost,0.03679903969168663,0,0.9353334272718354,0.03441937191513756
2026_05_DET_ARI,2026,5,2026-10-11,00-0036331,Devin Duvernay,WR,77,5,ARI,DET,54.5,4.5,25,NA,NA,NA,0,PENDING,fumbles_lost,0.03679903969168663,0,0.9353334272718354,0.03441937191513756
2026_05_BUF_LA,2026,5,2026-10-12,00-0034857,Josh Allen,QB,86,1,BUF,LAR,54.5,3,25.75,70,0,0,1,VERIFIED_DOME,fumbles_lost,0.16472597420215607,0.25,0.9353334272718354,0.17024035319323572
2026_05_BUF_LA,2026,5,2026-10-12,00-0037248,James Cook,RB,70,1,BUF,LAR,54.5,3,25.75,70,0,0,1,VERIFIED_DOME,fumbles_lost,0.10597678273916245,0.25,0.9353334272718354,0.11529027059270464
2026_05_BUF_LA,2026,5,2026-10-12,00-0035537,Ty Johnson,RB,72,2,BUF,LAR,54.5,3,25.75,70,0,0,1,VERIFIED_DOME,fumbles_lost,0.043730687350034714,0,0.9353334272718354,0.040902773676061065
2026_05_BUF_LA,2026,5,2026-10-12,00-0039875,Ray Davis,RB,37,3,BUF,LAR,54.5,3,25.75,70,0,0,1,VERIFIED_DOME,fumbles_lost,0.043581586331129074,0,0.9353334272718354,0.040763314509038334
2026_05_BUF_LA,2026,5,2026-10-12,00-0038933,Dalton Kincaid,TE,45,1,BUF,LAR,54.5,3,25.75,70,0,0,1,VERIFIED_DOME,fumbles_lost,0.03962618112564087,0.25,0.9353334272718354,0.05323033498398133
2026_05_BUF_LA,2026,5,2026-10-12,00-0035689,Dawson Knox,TE,74,2,BUF,LAR,54.5,3,25.75,70,0,0,1,VERIFIED_DOME,fumbles_lost,0.036896124482154846,0,0.9353334272718354,0.034510178564942165
2026_05_BUF_LA,2026,5,2026-10-12,00-0040194,Jackson Hawes,TE,14,3,BUF,LAR,54.5,3,25.75,70,0,0,1,VERIFIED_DOME,fumbles_lost,0.036470480263233185,0,0.9353334272718354,0.03411205929885973
2026_05_BUF_LA,2026,5,2026-10-12,00-0037261,Khalil Shakir,WR,61,1,BUF,LAR,54.5,3,25.75,70,0,0,1,VERIFIED_DOME,fumbles_lost,0.04272744432091713,0.25,0.9353334272718354,0.05613105011729108
2026_05_BUF_LA,2026,5,2026-10-12,00-0034827,DJ Moore,WR,89,2,BUF,LAR,54.5,3,25.75,70,0,0,1,VERIFIED_DOME,fumbles_lost,0.04555696249008179,0,0.9353334272718354,0.04261094986194265
2026_05_BUF_LA,2026,5,2026-10-12,00-0039901,Keon Coleman,WR,29,3,BUF,LAR,54.5,3,25.75,70,0,0,1,VERIFIED_DOME,fumbles_lost,0.03992217779159546,0,0.9353334272718354,0.03734054737796853
2026_05_BUF_LA,2026,5,2026-10-12,00-0036988,Josh Palmer,WR,71,4,BUF,LAR,54.5,3,25.75,70,0,0,1,VERIFIED_DOME,fumbles_lost,0.03688813000917435,0,0.9353334272718354,0.03450270106713008
2026_05_BUF_LA,2026,5,2026-10-12,00-0035500,Greg Dortch,WR,70,5,BUF,LAR,54.5,3,25.75,70,0,0,1,VERIFIED_DOME,fumbles_lost,0.036470480263233185,0,0.9353334272718354,0.03411205929885973
2026_05_CHI_GB,2026,5,2026-10-11,00-0028986,Case Keenum,QB,10,1,CHI,GB,45,-3,24,NA,NA,NA,0,PENDING,fumbles_lost,0.16269317269325256,0,0.9353334272718354,0.1521723628089085
2026_05_CHI_GB,2026,5,2026-10-11,00-0036275,D'Andre Swift,RB,80,1,CHI,GB,45,-3,24,NA,NA,NA,0,PENDING,fumbles_lost,0.1078035831451416,0.5,0.9353334272718354,0.13316558125941186
2026_05_CHI_GB,2026,5,2026-10-11,00-0040236,Kyle Monangai,RB,21,2,CHI,GB,45,-3,24,NA,NA,NA,0,PENDING,fumbles_lost,0.08294007927179337,0,0.9353334272718354,0.0775766286034842
2026_05_CHI_GB,2026,5,2026-10-11,00-0039021,Roschon Johnson,RB,36,3,CHI,GB,45,-3,24,NA,NA,NA,0,PENDING,fumbles_lost,0.043776337057352066,0,0.9353334272718354,0.04094547137326016
2026_05_CHI_GB,2026,5,2026-10-11,00-0040126,Colston Loveland,TE,20,1,CHI,GB,45,-3,24,NA,NA,NA,0,PENDING,fumbles_lost,0.03996343910694122,0,0.9353334272718354,0.03737914046546463
2026_05_CHI_GB,2026,5,2026-10-11,00-0036290,Cole Kmet,TE,86,2,CHI,GB,45,-3,24,NA,NA,NA,0,PENDING,fumbles_lost,0.036470480263233185,0,0.9353334272718354,0.03411205929885973
2026_05_CHI_GB,2026,5,2026-10-11,00-0041558,Sam Roush,TE,3,3,CHI,GB,45,-3,24,NA,NA,NA,0,PENDING,fumbles_lost,0.036470480263233185,0,0.9353334272718354,0.03411205929885973
2026_05_CHI_GB,2026,5,2026-10-11,00-0040735,Luther Burden III,WR,19,1,CHI,GB,45,-3,24,NA,NA,NA,0,PENDING,fumbles_lost,0.050132088363170624,0.25,0.9353334272718354,0.06305686120706003
2026_05_CHI_GB,2026,5,2026-10-11,00-0032464,Kalif Raymond,WR,81,2,CHI,GB,45,-3,24,NA,NA,NA,0,PENDING,fumbles_lost,0.040762122720479965,0,0.9353334272718354,0.03812617594702168
2026_05_CHI_GB,2026,5,2026-10-11,00-0039919,Rome Odunze,WR,33,3,CHI,GB,45,-3,24,NA,NA,NA,0,PENDING,fumbles_lost,0.04047319293022156,0,0.9353334272718354,0.03785593025605835
2026_05_CHI_GB,2026,5,2026-10-11,00-0040277,Jahdae Walker,WR,7,4,CHI,GB,45,-3,24,NA,NA,NA,0,PENDING,fumbles_lost,0.036470480263233185,0,0.9353334272718354,0.03411205929885973
2026_05_CHI_GB,2026,5,2026-10-11,00-0041051,Zavion Thomas,WR,3,5,CHI,GB,45,-3,24,NA,NA,NA,0,PENDING,fumbles_lost,0.036470480263233185,0,0.9353334272718354,0.03411205929885973
2026_05_CIN_MIA,2026,5,2026-10-11,00-0036442,Joe Burrow,QB,71,1,CIN,MIA,42.5,-7,24.75,NA,NA,NA,0,PENDING,fumbles_lost,0.20040999352931976,0.25,0.9353334272718354,0.20361680928934617
2026_05_CIN_MIA,2026,5,2026-10-11,00-0038597,Chase Brown,RB,49,1,CIN,MIA,42.5,-7,24.75,NA,NA,NA,0,PENDING,fumbles_lost,0.08185739815235138,0,0.9353334272718354,0.07656396076139403
2026_05_CIN_MIA,2026,5,2026-10-11,00-0033526,Samaje Perine,RB,84,2,CIN,MIA,42.5,-7,24.75,NA,NA,NA,0,PENDING,fumbles_lost,0.04394721984863281,0,0.9353334272718354,0.04110530376009056
2026_05_CIN_MIA,2026,5,2026-10-11,00-0040208,Tahj Brooks,RB,14,3,CIN,MIA,42.5,-7,24.75,NA,NA,NA,0,PENDING,fumbles_lost,0.043776337057352066,0,0.9353334272718354,0.04094547137326016
2026_05_CIN_MIA,2026,5,2026-10-11,00-0034829,Mike Gesicki,TE,80,1,CIN,MIA,42.5,-7,24.75,NA,NA,NA,0,PENDING,fumbles_lost,0.03987972065806389,0,0.9353334272718354,0.037300835801750316
2026_05_CIN_MIA,2026,5,2026-10-11,00-0039814,Erick All,TE,9,2,CIN,MIA,42.5,-7,24.75,NA,NA,NA,0,PENDING,fumbles_lost,0.036565713584423065,0,0.9353334272718354,0.034201134207558735
2026_05_CIN_MIA,2026,5,2026-10-11,00-0035631,Drew Sample,TE,51,3,CIN,MIA,42.5,-7,24.75,NA,NA,NA,0,PENDING,fumbles_lost,0.03651142120361328,0,0.9353334272718354,0.03415035272894117
2026_05_CIN_MIA,2026,5,2026-10-11,00-0036410,Tee Higgins,WR,71,1,CIN,MIA,42.5,-7,24.75,NA,NA,NA,0,PENDING,fumbles_lost,0.056558020412921906,0,0.9353334272718354,0.05290060707252867
2026_05_CIN_MIA,2026,5,2026-10-11,00-0036900,Ja'Marr Chase,WR,82,2,CIN,MIA,42.5,-7,24.75,NA,NA,NA,0,PENDING,fumbles_lost,0.04276902973651886,0,0.9353334272718354,0.04000330316454923
2026_05_CIN_MIA,2026,5,2026-10-11,00-0038839,Mitchell Tinsley,WR,9,3,CIN,MIA,42.5,-7,24.75,NA,NA,NA,0,PENDING,fumbles_lost,0.036690808832645416,0,0.9353334272718354,0.03431813997481397
2026_05_CIN_MIA,2026,5,2026-10-11,00-0040785,Dohnte Meyers,WR,4,4,CIN,MIA,42.5,-7,24.75,NA,NA,NA,0,PENDING,fumbles_lost,0.045885827392339706,0,0.9353334272718354,0.04291854819808096
2026_05_CLE_NYJ,2026,5,2026-10-11,00-0033537,Deshaun Watson,QB,23,1,CLE,NYJ,40,2,19,NA,NA,NA,0,PENDING,fumbles_lost,0.20903180539608002,0.25,0.9353334272718354,0.211681078131976
2026_05_CLE_NYJ,2026,5,2026-10-11,00-0040784,Quinshon Judkins,RB,18,1,CLE,NYJ,40,2,19,NA,NA,NA,0,PENDING,fumbles_lost,0.09861791878938675,0,0.9353334272718354,0.09224063597169264
2026_05_CLE_NYJ,2026,5,2026-10-11,00-0040466,Raheim Sanders,RB,8,2,CLE,NYJ,40,2,19,NA,NA,NA,0,PENDING,fumbles_lost,0.04392610490322113,0,0.9353334272718354,0.041085554245832
2026_05_CLE_NYJ,2026,5,2026-10-11,00-0038794,Jaleel McLaughlin,RB,43,3,CLE,NYJ,40,2,19,NA,NA,NA,0,PENDING,fumbles_lost,0.043581586331129074,0,0.9353334272718354,0.040763314509038334
2026_05_CLE_NYJ,2026,5,2026-10-11,00-0031595,Michael Burton,RB,46,4,CLE,NYJ,40,2,19,NA,NA,NA,0,PENDING,fumbles_lost,0.043784040957689285,0,0.9353334272718354,0.04095267708876593
2026_05_CLE_NYJ,2026,5,2026-10-11,00-0040663,Harold Fannin Jr.,TE,20,1,CLE,NYJ,40,2,19,NA,NA,NA,0,PENDING,fumbles_lost,0.042576730251312256,0,0.9353334272718354,0.03982343902798833
2026_05_CLE_NYJ,2026,5,2026-10-11,00-0038710,Blake Whiteheart,TE,19,2,CLE,NYJ,40,2,19,NA,NA,NA,0,PENDING,fumbles_lost,0.036470480263233185,0,0.9353334272718354,0.03411205929885973
2026_05_CLE_NYJ,2026,5,2026-10-11,00-0041131,Carsen Ryan,TE,2,3,CLE,NYJ,40,2,19,NA,NA,NA,0,PENDING,fumbles_lost,0.043139055371284485,0,0.9353334272718354,0.040349400509693
2026_05_CLE_NYJ,2026,5,2026-10-11,00-0041547,KC Concepcion,WR,4,1,CLE,NYJ,40,2,19,NA,NA,NA,0,PENDING,fumbles_lost,0.050102755427360535,0.25,0.9353334272718354,0.06302942513167682
2026_05_CLE_NYJ,2026,5,2026-10-11,00-0041037,Denzel Boston,WR,4,2,CLE,NYJ,40,2,19,NA,NA,NA,0,PENDING,fumbles_lost,0.04150529205799103,0,0.9353334272718354,0.03882128707051924
2026_05_CLE_NYJ,2026,5,2026-10-11,00-0036407,Jerry Jeudy,WR,78,3,CLE,NYJ,40,2,19,NA,NA,NA,0,PENDING,fumbles_lost,0.04481124505400658,0,0.9353334272718354,0.04191345541668206
2026_05_CLE_NYJ,2026,5,2026-10-11,00-0040782,Isaiah Bond,WR,17,4,CLE,NYJ,40,2,19,NA,NA,NA,0,PENDING,fumbles_lost,0.044837430119514465,0,0.9353334272718354,0.04193794718374689
2026_05_CLE_NYJ,2026,5,2026-10-11,00-0039920,Malachi Corley,WR,21,5,CLE,NYJ,40,2,19,NA,NA,NA,0,PENDING,fumbles_lost,0.043331827968358994,0.25,0.9353334272718354,0.05669635034563993
2026_05_TB_DAL,2026,5,2026-10-08,00-0033077,Dak Prescott,QB,74,1,DAL,TB,47.5,-8.5,28,NA,NA,NA,0,PENDING,fumbles_lost,0.19203443825244904,0,0.9353334272718354,0.17961622928488483
2026_05_TB_DAL,2026,5,2026-10-08,00-0036997,Javonte Williams,RB,74,1,DAL,TB,47.5,-8.5,28,NA,NA,NA,0,PENDING,fumbles_lost,0.11388746649026871,0,0.9353334272718354,0.10652275435564934
2026_05_TB_DAL,2026,5,2026-10-08,00-0037120,Tyler Goodson,RB,32,2,DAL,TB,47.5,-8.5,28,NA,NA,NA,0,PENDING,fumbles_lost,0.043776337057352066,0,0.9353334272718354,0.04094547137326016
2026_05_TB_DAL,2026,5,2026-10-08,00-0038738,Hunter Luepke,RB,41,3,DAL,TB,47.5,-8.5,28,NA,NA,NA,0,PENDING,fumbles_lost,0.043581586331129074,0,0.9353334272718354,0.040763314509038334
2026_05_TB_DAL,2026,5,2026-10-08,00-0038041,Jake Ferguson,TE,63,1,DAL,TB,47.5,-8.5,28,NA,NA,NA,0,PENDING,fumbles_lost,0.03724750131368637,0.25,0.9353334272718354,0.05100547624308361
2026_05_TB_DAL,2026,5,2026-10-08,00-0038547,Luke Schoonmaker,TE,40,2,DAL,TB,47.5,-8.5,28,NA,NA,NA,0,PENDING,fumbles_lost,0.036470480263233185,0,0.9353334272718354,0.03411205929885973
2026_05_TB_DAL,2026,5,2026-10-08,00-0039530,Brevyn Spann-Ford,TE,31,3,DAL,TB,47.5,-8.5,28,NA,NA,NA,0,PENDING,fumbles_lost,0.036470480263233185,0,0.9353334272718354,0.03411205929885973
2026_05_TB_DAL,2026,5,2026-10-08,00-0036358,CeeDee Lamb,WR,82,1,DAL,TB,47.5,-8.5,28,NA,NA,NA,0,PENDING,fumbles_lost,0.06324387341737747,0,0.9353334272718354,0.0591541088774218
2026_05_TB_DAL,2026,5,2026-10-08,00-0037247,George Pickens,WR,69,2,DAL,TB,47.5,-8.5,28,NA,NA,NA,0,PENDING,fumbles_lost,0.04266665130853653,0,0.9353334272718354,0.03990754519862581
2026_05_TB_DAL,2026,5,2026-10-08,00-0039410,Ryan Flournoy,WR,28,3,DAL,TB,47.5,-8.5,28,NA,NA,NA,0,PENDING,fumbles_lost,0.040525857359170914,0,0.9353334272718354,0.037905189056882865
2026_05_TB_DAL,2026,5,2026-10-08,00-0039062,Jonathan Mingo,WR,36,4,DAL,TB,47.5,-8.5,28,NA,NA,NA,0,PENDING,fumbles_lost,0.036470480263233185,0,0.9353334272718354,0.03411205929885973
2026_05_TB_DAL,2026,5,2026-10-08,00-0037801,KaVontae Turpin,WR,69,5,DAL,TB,47.5,-8.5,28,NA,NA,NA,0,PENDING,fumbles_lost,0.044837430119514465,0,0.9353334272718354,0.04193794718374689
2026_05_DEN_LAC,2026,5,2026-10-11,00-0039732,Bo Nix,QB,38,1,DEN,LAC,42.5,-3.5,23,70,0,0,1,VERIFIED_DOME,fumbles_lost,0.18424959480762482,0.25,0.9353334272718354,0.18850144816690384
2026_05_DEN_LAC,2026,5,2026-10-11,00-0036158,J.K. Dobbins,RB,36,1,DEN,LAC,42.5,-3.5,23,70,0,0,1,VERIFIED_DOME,fumbles_lost,0.07738252729177475,0,0.9353334272718354,0.07237846446277202
2026_05_DEN_LAC,2026,5,2026-10-11,00-0040730,RJ Harvey,RB,20,2,DEN,LAC,42.5,-3.5,23,70,0,0,1,VERIFIED_DOME,fumbles_lost,0.06615336239337921,0,0.9353334272718354,0.06187545117295513
2026_05_DEN_LAC,2026,5,2026-10-11,00-0037085,Tyler Badie,RB,23,3,DEN,LAC,42.5,-3.5,23,70,0,0,1,VERIFIED_DOME,fumbles_lost,0.044837430119514465,0,0.9353334272718354,0.04193794718374689
2026_05_DEN_LAC,2026,5,2026-10-11,00-0036727,Adam Prentice,RB,42,4,DEN,LAC,42.5,-3.5,23,70,0,0,1,VERIFIED_DOME,fumbles_lost,0.04110836610198021,0,0.9353334272718354,0.038450028955710494
2026_05_DEN_LAC,2026,5,2026-10-11,00-0033881,Evan Engram,TE,78,1,DEN,LAC,42.5,-3.5,23,70,0,0,1,VERIFIED_DOME,fumbles_lost,0.036690808832645416,0,0.9353334272718354,0.03431813997481397
2026_05_DEN_LAC,2026,5,2026-10-11,00-0038783,Nate Adkins,TE,29,2,DEN,LAC,42.5,-3.5,23,70,0,0,1,VERIFIED_DOME,fumbles_lost,0.04507856070995331,0,0.9353334272718354,0.04216348468532213
2026_05_DEN_LAC,2026,5,2026-10-11,00-0036422,Adam Trautman,TE,67,3,DEN,LAC,42.5,-3.5,23,70,0,0,1,VERIFIED_DOME,fumbles_lost,0.036470480263233185,0,0.9353334272718354,0.03411205929885973
2026_05_DEN_LAC,2026,5,2026-10-11,00-0036613,Jaylen Waddle,WR,82,1,DEN,LAC,42.5,-3.5,23,70,0,0,1,VERIFIED_DOME,fumbles_lost,0.04920472204685211,0,0.9353334272718354,0.04602282131004023
2026_05_DEN_LAC,2026,5,2026-10-11,00-0034348,Courtland Sutton,WR,85,2,DEN,LAC,42.5,-3.5,23,70,0,0,1,VERIFIED_DOME,fumbles_lost,0.03933605179190636,0,0.9353334272718354,0.0367923241378662
2026_05_DEN_LAC,2026,5,2026-10-11,00-0040134,Pat Bryant,WR,17,3,DEN,LAC,42.5,-3.5,23,70,0,0,1,VERIFIED_DOME,fumbles_lost,0.0454191192984581,0,0.9353334272718354,0.042482020517095175
2026_05_DEN_LAC,2026,5,2026-10-11,00-0038976,Marvin Mims Jr.,WR,50,4,DEN,LAC,42.5,-3.5,23,70,0,0,1,VERIFIED_DOME,fumbles_lost,0.041530076414346695,0.3555555555555555,0.9353334272718354,0.0618370278997284
2026_05_DEN_LAC,2026,5,2026-10-11,00-0039868,Troy Franklin,WR,36,5,DEN,LAC,42.5,-3.5,23,70,0,0,1,VERIFIED_DOME,fumbles_lost,0.044837430119514465,0,0.9353334272718354,0.04193794718374689
2026_05_DET_ARI,2026,5,2026-10-11,00-0033106,Jared Goff,QB,86,1,DET,ARI,54.5,-4.5,29.5,NA,NA,NA,0,PENDING,fumbles_lost,0.19985735416412354,0,0.9353334272718354,0.1869332640358107
2026_05_DET_ARI,2026,5,2026-10-11,00-0039139,Jahmyr Gibbs,RB,53,1,DET,ARI,54.5,-4.5,29.5,NA,NA,NA,0,PENDING,fumbles_lost,0.12511061131954193,0.25,0.9353334272718354,0.1331867800556228
2026_05_DET_ARI,2026,5,2026-10-11,00-0039364,Sione Vaki,RB,21,2,DET,ARI,54.5,-4.5,29.5,NA,NA,NA,0,PENDING,fumbles_lost,0.043581586331129074,0,0.9353334272718354,0.040763314509038334
2026_05_DET_ARI,2026,5,2026-10-11,00-0038896,Jacob Saylors,RB,15,3,DET,ARI,54.5,-4.5,29.5,NA,NA,NA,0,PENDING,fumbles_lost,0.036470480263233185,0,0.9353334272718354,0.03411205929885973
2026_05_DET_ARI,2026,5,2026-10-11,00-0039065,Sam LaPorta,TE,46,1,DET,ARI,54.5,-4.5,29.5,NA,NA,NA,0,PENDING,fumbles_lost,0.04326556250452995,0,0.9353334272718354,0.04046772686020582
2026_05_DET_ARI,2026,5,2026-10-11,00-0036754,Brock Wright,TE,54,2,DET,ARI,54.5,-4.5,29.5,NA,NA,NA,0,PENDING,fumbles_lost,0.036470480263233185,0,0.9353334272718354,0.03411205929885973
2026_05_DET_ARI,2026,5,2026-10-11,00-0040390,Jackson Meeks,TE,1,3,DET,ARI,54.5,-4.5,29.5,NA,NA,NA,0,PENDING,fumbles_lost,0.036470480263233185,0,0.9353334272718354,0.03411205929885973
2026_05_DET_ARI,2026,5,2026-10-11,00-0036963,Amon-Ra St. Brown,WR,86,1,DET,ARI,54.5,-4.5,29.5,NA,NA,NA,0,PENDING,fumbles_lost,0.06195196881890297,0,0.9353334272718354,0.057945747321622394
2026_05_DET_ARI,2026,5,2026-10-11,00-0037240,Jameson Williams,WR,54,2,DET,ARI,54.5,-4.5,29.5,NA,NA,NA,0,PENDING,fumbles_lost,0.04122075065970421,0,0.9353334272718354,0.03855514598925891
2026_05_DET_ARI,2026,5,2026-10-11,00-0040669,Isaac TeSlaa,WR,18,3,DET,ARI,54.5,-4.5,29.5,NA,NA,NA,0,PENDING,fumbles_lost,0.03900408372282982,0,0.9353334272718354,0.036481823306072025
2026_05_DET_ARI,2026,5,2026-10-11,00-0035544,Tom Kennedy,WR,24,4,DET,ARI,54.5,-4.5,29.5,NA,NA,NA,0,PENDING,fumbles_lost,0.036470480263233185,0,0.9353334272718354,0.03411205929885973
2026_05_DET_ARI,2026,5,2026-10-11,00-0037524,Tay Martin,WR,7,5,DET,ARI,54.5,-4.5,29.5,NA,NA,NA,0,PENDING,fumbles_lost,0.036470480263233185,0,0.9353334272718354,0.03411205929885973
2026_05_CHI_GB,2026,5,2026-10-11,00-0036264,Jordan Love,QB,61,1,GB,CHI,45,3,21,NA,NA,NA,0,PENDING,fumbles_lost,0.20981398224830627,0.25,0.9353334272718354,0.21241267428790148
2026_05_CHI_GB,2026,5,2026-10-11,00-0039811,MarShawn Lloyd,RB,5,1,GB,CHI,45,3,21,NA,NA,NA,0,PENDING,fumbles_lost,0.05587229132652283,0.25,0.9353334272718354,0.06842586491800817
2026_05_CHI_GB,2026,5,2026-10-11,00-0040142,Kaleb Johnson,RB,14,2,GB,CHI,45,3,21,NA,NA,NA,0,PENDING,fumbles_lost,0.04599151015281677,0.25,0.9353334272718354,0.059184039998682665
2026_05_CHI_GB,2026,5,2026-10-11,00-0038685,Chris Brooks,RB,35,3,GB,CHI,45,3,21,NA,NA,NA,0,PENDING,fumbles_lost,0.04394721984863281,0,0.9353334272718354,0.04110530376009056
2026_05_CHI_GB,2026,5,2026-10-11,00-0038996,Tucker Kraft,TE,43,1,GB,CHI,45,3,21,NA,NA,NA,0,PENDING,fumbles_lost,0.04631763696670532,0,0.9353334272718354,0.04332243412720115
2026_05_CHI_GB,2026,5,2026-10-11,00-0033858,Jonnu Smith,TE,82,2,GB,CHI,45,3,21,NA,NA,NA,0,PENDING,fumbles_lost,0.04438214749097824,0,0.9353334272718354,0.04151210612242077
2026_05_CHI_GB,2026,5,2026-10-11,00-0040598,Mark Redman,TE,1,3,GB,CHI,45,3,21,NA,NA,NA,0,PENDING,fumbles_lost,0.036470480263233185,0,0.9353334272718354,0.03411205929885973
2026_05_CHI_GB,2026,5,2026-10-11,00-0040667,Matthew Golden,WR,18,1,GB,CHI,45,3,21,NA,NA,NA,0,PENDING,fumbles_lost,0.05142907053232193,0,0.9353334272718354,0.04810332880240163
2026_05_CHI_GB,2026,5,2026-10-11,00-0038124,Christian Watson,WR,51,2,GB,CHI,45,3,21,NA,NA,NA,0,PENDING,fumbles_lost,0.04417159780859947,0,0.9353334272718354,0.04131517196639044
2026_05_CHI_GB,2026,5,2026-10-11,00-0038090,Skyy Moore,WR,53,3,GB,CHI,45,3,21,NA,NA,NA,0,PENDING,fumbles_lost,0.036565713584423065,0,0.9353334272718354,0.034201134207558735
2026_05_CHI_GB,2026,5,2026-10-11,00-0040948,J. Michael Sturdivant,WR,3,4,GB,CHI,45,3,21,NA,NA,NA,0,PENDING,fumbles_lost,0.036470480263233185,0,0.9353334272718354,0.03411205929885973
2026_05_CHI_GB,2026,5,2026-10-11,00-0037091,Bo Melton,WR,4,5,GB,CHI,45,3,21,NA,NA,NA,0,PENDING,fumbles_lost,0.036470480263233185,0,0.9353334272718354,0.03411205929885973
2026_05_HOU_TEN,2026,5,2026-10-11,00-0039163,C.J. Stroud,QB,50,1,HOU,TEN,39.5,-7,23.25,NA,NA,NA,0,PENDING,fumbles_lost,0.2121611386537552,0.5,0.9353334272718354,0.2307746913149942
2026_05_HOU_TEN,2026,5,2026-10-11,00-0035685,David Montgomery,RB,78,1,HOU,TEN,39.5,-7,23.25,NA,NA,NA,0,PENDING,fumbles_lost,0.07586336135864258,0,0.9353334272718354,0.07095753778394089
2026_05_HOU_TEN,2026,5,2026-10-11,00-0040583,Woody Marks,RB,20,2,HOU,TEN,39.5,-7,23.25,NA,NA,NA,0,PENDING,fumbles_lost,0.05104725807905197,0,0.9353334272718354,0.04774620685190957
2026_05_HOU_TEN,2026,5,2026-10-11,00-0033854,Dare Ogunbowale,RB,67,3,HOU,TEN,39.5,-7,23.25,NA,NA,NA,0,PENDING,fumbles_lost,0.043776337057352066,0.07142857142857142,0.9353334272718354,0.045564512282414774
2026_05_HOU_TEN,2026,5,2026-10-11,00-0034383,Dalton Schultz,TE,85,1,HOU,TEN,39.5,-7,23.25,NA,NA,NA,0,PENDING,fumbles_lost,0.042042627930641174,0,0.9353334272718354,0.039323875273881204
2026_05_HOU_TEN,2026,5,2026-10-11,00-0034981,Foster Moreau,TE,69,2,HOU,TEN,39.5,-7,23.25,NA,NA,NA,0,PENDING,fumbles_lost,0.036470480263233185,0,0.9353334272718354,0.03411205929885973
2026_05_HOU_TEN,2026,5,2026-10-11,00-0039359,Cade Stover,TE,22,3,HOU,TEN,39.5,-7,23.25,NA,NA,NA,0,PENDING,fumbles_lost,0.03668265789747238,0,0.9353334272718354,0.03431051613268311
2026_05_HOU_TEN,2026,5,2026-10-11,00-0036554,Nico Collins,WR,68,1,HOU,TEN,39.5,-7,23.25,NA,NA,NA,0,PENDING,fumbles_lost,0.05444566532969475,0.022222222222222223,0.9353334272718354,0.052361885702433504
2026_05_HOU_TEN,2026,5,2026-10-11,00-0038618,Xavier Hutchinson,WR,46,2,HOU,TEN,39.5,-7,23.25,NA,NA,NA,0,PENDING,fumbles_lost,0.04909001663327217,0,0.9353334272718354,0.04591553350242987
2026_05_HOU_TEN,2026,5,2026-10-11,00-0038728,Jared Wayne,WR,4,3,HOU,TEN,39.5,-7,23.25,NA,NA,NA,0,PENDING,fumbles_lost,0.03702298924326897,0,0.9353334272718354,0.03462883941675506
2026_05_HOU_TEN,2026,5,2026-10-11,00-0040138,Jaylin Noel,WR,21,4,HOU,TEN,39.5,-7,23.25,NA,NA,NA,0,PENDING,fumbles_lost,0.045280322432518005,0,0.9353334272718354,0.04235219916878084
2026_05_HOU_TEN,2026,5,2026-10-11,00-0038608,Kayshon Boutte,WR,36,5,HOU,TEN,39.5,-7,23.25,NA,NA,NA,0,PENDING,fumbles_lost,0.03702298924326897,0,0.9353334272718354,0.03462883941675506
2026_05_IND_PIT,2026,5,2026-10-11,00-0035710,Daniel Jones,QB,60,1,IND,PIT,44.5,2.5,21,NA,NA,NA,0,PENDING,fumbles_lost,0.19816848635673523,0.75,0.9353334272718354,0.23385353906744055
2026_05_IND_PIT,2026,5,2026-10-11,00-0036223,Jonathan Taylor,RB,73,1,IND,PIT,44.5,2.5,21,NA,NA,NA,0,PENDING,fumbles_lost,0.12425298243761063,0.25,0.9353334272718354,0.13238461109415867
2026_05_IND_PIT,2026,5,2026-10-11,00-0041125,Seth McGowan,RB,4,2,IND,PIT,44.5,2.5,21,NA,NA,NA,0,PENDING,fumbles_lost,0.043581586331129074,0,0.9353334272718354,0.040763314509038334
2026_05_IND_PIT,2026,5,2026-10-11,00-0040128,Tyler Warren,TE,21,1,IND,PIT,44.5,2.5,21,NA,NA,NA,0,PENDING,fumbles_lost,0.05433576554059982,0,0.9353334272718354,0.050822057806528126
2026_05_IND_PIT,2026,5,2026-10-11,00-0033217,Mo Alie-Cox,TE,69,2,IND,PIT,44.5,2.5,21,NA,NA,NA,0,PENDING,fumbles_lost,0.036470480263233185,0,0.9353334272718354,0.03411205929885973
2026_05_IND_PIT,2026,5,2026-10-11,00-0037292,Andrew Ogletree,TE,37,3,IND,PIT,44.5,2.5,21,NA,NA,NA,0,PENDING,fumbles_lost,0.036470480263233185,0,0.9353334272718354,0.03411205929885973
2026_05_IND_PIT,2026,5,2026-10-11,00-0038997,Josh Downs,WR,51,1,IND,PIT,44.5,2.5,21,NA,NA,NA,0,PENDING,fumbles_lost,0.049228060990571976,0,0.9353334272718354,0.046044651004258634
2026_05_IND_PIT,2026,5,2026-10-11,00-0032951,Laquon Treadwell,WR,28,2,IND,PIT,44.5,2.5,21,NA,NA,NA,0,PENDING,fumbles_lost,0.03739120438694954,0,0.9353334272718354,0.0349732433490672
2026_05_IND_PIT,2026,5,2026-10-11,00-0035021,Ashton Dulin,WR,53,3,IND,PIT,44.5,2.5,21,NA,NA,NA,0,PENDING,fumbles_lost,0.03684459254145622,0,0.9353334272718354,0.034461979018234556
2026_05_IND_PIT,2026,5,2026-10-11,00-0041132,Deion Burks,WR,2,4,IND,PIT,44.5,2.5,21,NA,NA,NA,0,PENDING,fumbles_lost,0.044837430119514465,0,0.9353334272718354,0.04193794718374689
2026_05_IND_PIT,2026,5,2026-10-11,00-0036182,Nick Westbrook-Ikhine,WR,72,5,IND,PIT,44.5,2.5,21,NA,NA,NA,0,PENDING,fumbles_lost,0.036470480263233185,0,0.9353334272718354,0.03411205929885973
2026_05_PHI_JAX,2026,5,2026-10-11,00-0036971,Trevor Lawrence,QB,81,1,JAX,PHI,43,-7,25,NA,NA,NA,0,PENDING,fumbles_lost,0.15938438475131989,0,0.9353334272718354,0.1490775428430649
2026_05_PHI_JAX,2026,5,2026-10-11,00-0040719,Bhayshul Tuten,RB,19,1,JAX,PHI,43,-7,25,NA,NA,NA,0,PENDING,fumbles_lost,0.08579108864068985,0,0.9353334272718354,0.08024327296767826
2026_05_PHI_JAX,2026,5,2026-10-11,00-0038611,Chris Rodriguez Jr.,RB,32,2,JAX,PHI,43,-7,25,NA,NA,NA,0,PENDING,fumbles_lost,0.046642884612083435,0,0.9353334272718354,0.04362664912206475
2026_05_PHI_JAX,2026,5,2026-10-11,00-0032104,Ameer Abdullah,RB,81,3,JAX,PHI,43,-7,25,NA,NA,NA,0,PENDING,fumbles_lost,0.043581586331129074,0,0.9353334272718354,0.040763314509038334
2026_05_PHI_JAX,2026,5,2026-10-11,00-0040238,LeQuint Allen Jr.,RB,19,4,JAX,PHI,43,-7,25,NA,NA,NA,0,PENDING,fumbles_lost,0.043331827968358994,0,0.9353334272718354,0.04052970716359879
2026_05_PHI_JAX,2026,5,2026-10-11,00-0038935,Brenton Strange,TE,37,1,JAX,PHI,43,-7,25,NA,NA,NA,0,PENDING,fumbles_lost,0.039856165647506714,0,0.9353334272718354,0.03727880401299645
2026_05_PHI_JAX,2026,5,2026-10-11,00-0041503,Nate Boerkircher,TE,3,2,JAX,PHI,43,-7,25,NA,NA,NA,0,PENDING,fumbles_lost,0.043139055371284485,0,0.9353334272718354,0.040349400509693
2026_05_PHI_JAX,2026,5,2026-10-11,00-0036590,Quintin Morris,TE,35,3,JAX,PHI,43,-7,25,NA,NA,NA,0,PENDING,fumbles_lost,0.036470480263233185,0,0.9353334272718354,0.03411205929885973
2026_05_PHI_JAX,2026,5,2026-10-11,00-0038606,Parker Washington,WR,42,1,JAX,PHI,43,-7,25,NA,NA,NA,0,PENDING,fumbles_lost,0.04783858731389046,0,0.9353334272718354,0.04474502982814411
2026_05_PHI_JAX,2026,5,2026-10-11,00-0034960,Jakobi Meyers,WR,81,2,JAX,PHI,43,-7,25,NA,NA,NA,0,PENDING,fumbles_lost,0.042554598301649094,0,0.9353334272718354,0.039802738275657674
2026_05_PHI_JAX,2026,5,2026-10-11,00-0039893,Brian Thomas Jr.,WR,35,3,JAX,PHI,43,-7,25,NA,NA,NA,0,PENDING,fumbles_lost,0.03685801848769188,0,0.9353334272718354,0.03447453675454152
2026_05_PHI_JAX,2026,5,2026-10-11,00-0041100,Josh Cameron,WR,4,4,JAX,PHI,43,-7,25,NA,NA,NA,0,PENDING,fumbles_lost,0.036470480263233185,0,0.9353334272718354,0.03411205929885973
2026_05_PHI_JAX,2026,5,2026-10-11,00-0040718,Travis Hunter,WR,0,5,JAX,PHI,43,-7,25,NA,NA,NA,0,PENDING,fumbles_lost,0.03861004114151001,0,0.9353334272718354,0.03611326210799513
2026_05_DEN_LAC,2026,5,2026-10-11,00-0036355,Justin Herbert,QB,84,1,LAC,DEN,42.5,3.5,19.5,70,0,0,1,VERIFIED_DOME,fumbles_lost,0.22346937656402588,0.25,0.9353334272718354,0.22518502105397184
2026_05_DEN_LAC,2026,5,2026-10-11,00-0040666,Omarion Hampton,RB,13,1,LAC,DEN,42.5,3.5,19.5,70,0,0,1,VERIFIED_DOME,fumbles_lost,0.08759117126464844,0.5,0.9353334272718354,0.11426023678180021
2026_05_DEN_LAC,2026,5,2026-10-11,00-0038454,Keaton Mitchell,RB,28,2,LAC,DEN,42.5,3.5,19.5,70,0,0,1,VERIFIED_DOME,fumbles_lost,0.05708350986242294,0,0.9353334272718354,0.053392114920325674
2026_05_DEN_LAC,2026,5,2026-10-11,00-0039391,Kimani Vidal,RB,25,3,LAC,DEN,42.5,3.5,19.5,70,0,0,1,VERIFIED_DOME,fumbles_lost,0.043776337057352066,0,0.9353334272718354,0.04094547137326016
2026_05_DEN_LAC,2026,5,2026-10-11,00-0035125,Alec Ingold,RB,52,4,LAC,DEN,42.5,3.5,19.5,70,0,0,1,VERIFIED_DOME,fumbles_lost,0.036470480263233185,0,0.9353334272718354,0.03411205929885973
2026_05_DEN_LAC,2026,5,2026-10-11,00-0040189,Oronde Gadsden II,TE,19,1,LAC,DEN,42.5,3.5,19.5,70,0,0,1,VERIFIED_DOME,fumbles_lost,0.0414278507232666,0,0.9353334272718354,0.038748853601498934
2026_05_DEN_LAC,2026,5,2026-10-11,00-0039489,Hayden Rucci,TE,2,2,LAC,DEN,42.5,3.5,19.5,70,0,0,1,VERIFIED_DOME,fumbles_lost,0.04110836610198021,0,0.9353334272718354,0.038450028955710494
2026_05_DEN_LAC,2026,5,2026-10-11,00-0040331,Patrick Herbert,TE,1,3,LAC,DEN,42.5,3.5,19.5,70,0,0,1,VERIFIED_DOME,fumbles_lost,0.036470480263233185,0,0.9353334272718354,0.03411205929885973
2026_05_DEN_LAC,2026,5,2026-10-11,00-0040727,Tre Harris,WR,20,1,LAC,DEN,42.5,3.5,19.5,70,0,0,1,VERIFIED_DOME,fumbles_lost,0.041969578713178635,0,0.9353334272718354,0.03925554989895244
2026_05_DEN_LAC,2026,5,2026-10-11,00-0038544,Quentin Johnston,WR,49,2,LAC,DEN,42.5,3.5,19.5,70,0,0,1,VERIFIED_DOME,fumbles_lost,0.046340037137269974,0,0.9353334272718354,0.04334338575550686
2026_05_DEN_LAC,2026,5,2026-10-11,00-0039915,Ladd McConkey,WR,36,3,LAC,DEN,42.5,3.5,19.5,70,0,0,1,VERIFIED_DOME,fumbles_lost,0.03764014691114426,0,0.9353334272718354,0.03520608761341595
2026_05_DEN_LAC,2026,5,2026-10-11,00-0034272,Marquez Valdes-Scantling,WR,68,4,LAC,DEN,42.5,3.5,19.5,70,0,0,1,VERIFIED_DOME,fumbles_lost,0.03675670549273491,0,0.9353334272718354,0.034379775323741243
2026_05_DEN_LAC,2026,5,2026-10-11,00-0038573,Derius Davis,WR,47,5,LAC,DEN,42.5,3.5,19.5,70,0,0,1,VERIFIED_DOME,fumbles_lost,0.036470480263233185,0.25,0.9353334272718354,0.05027870248090087
2026_05_BUF_LA,2026,5,2026-10-12,00-0026498,Matthew Stafford,QB,78,1,LAR,BUF,54.5,-3,28.75,70,0,0,1,VERIFIED_DOME,fumbles_lost,0.22115355730056763,0,0.9353334272718354,0.20685231470329815
2026_05_BUF_LA,2026,5,2026-10-12,00-0037840,Kyren Williams,RB,57,1,LAR,BUF,54.5,-3,28.75,70,0,0,1,VERIFIED_DOME,fumbles_lost,0.10346407443284988,0.25,0.9353334272718354,0.11294005052082691
2026_05_BUF_LA,2026,5,2026-10-12,00-0039738,Blake Corum,RB,36,2,LAR,BUF,54.5,-3,28.75,70,0,0,1,VERIFIED_DOME,fumbles_lost,0.05534334480762482,0,0.9353334272718354,0.051764480375602655
2026_05_BUF_LA,2026,5,2026-10-12,00-0041415,Dean Connors,RB,2,3,LAR,BUF,54.5,-3,28.75,70,0,0,1,VERIFIED_DOME,fumbles_lost,0.036470480263233185,0,0.9353334272718354,0.03411205929885973
2026_05_BUF_LA,2026,5,2026-10-12,00-0033110,Tyler Higbee,TE,62,1,LAR,BUF,54.5,-3,28.75,70,0,0,1,VERIFIED_DOME,fumbles_lost,0.04135355353355408,0.3333333333333333,0.9353334272718354,0.06023488519912998
2026_05_BUF_LA,2026,5,2026-10-12,00-0039074,Davis Allen,TE,33,2,LAR,BUF,54.5,-3,28.75,70,0,0,1,VERIFIED_DOME,fumbles_lost,0.036470480263233185,0,0.9353334272718354,0.03411205929885973
2026_05_BUF_LA,2026,5,2026-10-12,00-0041510,Max Klare,TE,0,3,LAR,BUF,54.5,-3,28.75,70,0,0,1,VERIFIED_DOME,fumbles_lost,0.03861004114151001,0,0.9353334272718354,0.03611326210799513
2026_05_BUF_LA,2026,5,2026-10-12,00-0039075,Puka Nacua,WR,46,1,LAR,BUF,54.5,-3,28.75,70,0,0,1,VERIFIED_DOME,fumbles_lost,0.06426087021827698,0.020833333333333336,0.9353334272718354,0.061452560245901726
2026_05_BUF_LA,2026,5,2026-10-12,00-0031381,Davante Adams,WR,82,2,LAR,BUF,54.5,-3,28.75,70,0,0,1,VERIFIED_DOME,fumbles_lost,0.05019072815775871,0,0.9353334272718354,0.04694506578506547
2026_05_BUF_LA,2026,5,2026-10-12,00-0040590,Konata Mumpfield,WR,14,3,LAR,BUF,54.5,-3,28.75,70,0,0,1,VERIFIED_DOME,fumbles_lost,0.036762356758117676,0,0.9353334272718354,0.03438506114116013
2026_05_BUF_LA,2026,5,2026-10-12,00-0036849,Tutu Atwell,WR,57,4,LAR,BUF,54.5,-3,28.75,70,0,0,1,VERIFIED_DOME,fumbles_lost,0.036470480263233185,0,0.9353334272718354,0.03411205929885973
2026_05_BUF_LA,2026,5,2026-10-12,00-0039751,Jordan Whittington,WR,31,5,LAR,BUF,54.5,-3,28.75,70,0,0,1,VERIFIED_DOME,fumbles_lost,0.03668265789747238,0,0.9353334272718354,0.03431051613268311
2026_05_LV_NE,2026,5,2026-10-11,00-0029604,Kirk Cousins,QB,69,1,LV,NE,45,3.5,20.75,NA,NA,NA,0,PENDING,fumbles_lost,0.24158036708831787,0,0.9353334272718354,0.22595819271030448
2026_05_LV_NE,2026,5,2026-10-11,00-0040122,Ashton Jeanty,RB,21,1,LV,NE,45,3.5,20.75,NA,NA,NA,0,PENDING,fumbles_lost,0.09761537611484528,0,0.9353334272718354,0.0913029242959275
2026_05_LV_NE,2026,5,2026-10-11,00-0040878,Mike Washington Jr.,RB,4,2,LV,NE,45,3.5,20.75,NA,NA,NA,0,PENDING,fumbles_lost,0.04646048694849014,0,0.9353334272718354,0.043456046490249665
2026_05_LV_NE,2026,5,2026-10-11,00-0037304,Connor Heyward,RB,59,3,LV,NE,45,3.5,20.75,NA,NA,NA,0,PENDING,fumbles_lost,0.04504133388400078,0,0.9353334272718354,0.0421286651906175
2026_05_LV_NE,2026,5,2026-10-11,00-0039407,Dylan Laube,RB,27,4,LV,NE,45,3.5,20.75,NA,NA,NA,0,PENDING,fumbles_lost,0.036470480263233185,0.25,0.9353334272718354,0.05027870248090087
2026_05_LV_NE,2026,5,2026-10-11,00-0039338,Brock Bowers,TE,31,1,LV,NE,45,3.5,20.75,NA,NA,NA,0,PENDING,fumbles_lost,0.061983346939086914,0,0.9353334272718354,0.057975096326315395
2026_05_LV_NE,2026,5,2026-10-11,00-0039066,Michael Mayer,TE,41,2,LV,NE,45,3.5,20.75,NA,NA,NA,0,PENDING,fumbles_lost,0.04161824658513069,0,0.9353334272718354,0.03892693721551465
2026_05_LV_NE,2026,5,2026-10-11,00-0034365,Ian Thomas,TE,49,3,LV,NE,45,3.5,20.75,NA,NA,NA,0,PENDING,fumbles_lost,0.036470480263233185,0,0.9353334272718354,0.03411205929885973
2026_05_LV_NE,2026,5,2026-10-11,00-0038563,Tre Tucker,WR,51,1,LV,NE,45,3.5,20.75,NA,NA,NA,0,PENDING,fumbles_lost,0.04743553325533867,0,0.9353334272718354,0.044368039894183045
2026_05_LV_NE,2026,5,2026-10-11,00-0037291,Jalen Nailor,WR,46,2,LV,NE,45,3.5,20.75,NA,NA,NA,0,PENDING,fumbles_lost,0.03685801848769188,0,0.9353334272718354,0.03447453675454152
2026_05_LV_NE,2026,5,2026-10-11,00-0035891,Cody White,WR,21,3,LV,NE,45,3.5,20.75,NA,NA,NA,0,PENDING,fumbles_lost,0.036762356758117676,0,0.9353334272718354,0.03438506114116013
2026_05_LV_NE,2026,5,2026-10-11,00-0040894,Malik Benson,WR,4,4,LV,NE,45,3.5,20.75,NA,NA,NA,0,PENDING,fumbles_lost,0.044909507036209106,0,0.9353334272718354,0.04200536313326607
2026_05_LV_NE,2026,5,2026-10-11,00-0037093,Dareke Young,WR,26,5,LV,NE,45,3.5,20.75,NA,NA,NA,0,PENDING,fumbles_lost,0.036470480263233185,0.25,0.9353334272718354,0.05027870248090087
2026_05_CIN_MIA,2026,5,2026-10-11,00-0038128,Malik Willis,QB,23,1,MIA,CIN,42.5,7,17.75,NA,NA,NA,0,PENDING,fumbles_lost,0.24011176824569702,0.5,0.9353334272718354,0.25691784948563073
2026_05_CIN_MIA,2026,5,2026-10-11,00-0040198,Ollie Gordon II,RB,20,1,MIA,CIN,42.5,7,17.75,NA,NA,NA,0,PENDING,fumbles_lost,0.07498310506343842,0,0.9353334272718354,0.07013420464646997
2026_05_CIN_MIA,2026,5,2026-10-11,00-0039874,Jaylen Wright,RB,25,2,MIA,CIN,42.5,7,17.75,NA,NA,NA,0,PENDING,fumbles_lost,0.043581586331129074,0,0.9353334272718354,0.040763314509038334
2026_05_CIN_MIA,2026,5,2026-10-11,00-0041436,DJ Herman,RB,2,3,MIA,CIN,42.5,7,17.75,NA,NA,NA,0,PENDING,fumbles_lost,0.036470480263233185,0,0.9353334272718354,0.03411205929885973
2026_05_CIN_MIA,2026,5,2026-10-11,00-0038930,Carlos Washington,RB,0,4,MIA,CIN,42.5,7,17.75,NA,NA,NA,0,PENDING,fumbles_lost,0.04033851623535156,0,0.9353334272718354,0.03772996264147195
2026_05_CIN_MIA,2026,5,2026-10-11,00-0037252,Greg Dulcich,TE,28,1,MIA,CIN,42.5,7,17.75,NA,NA,NA,0,PENDING,fumbles_lost,0.04465027526021004,0,0.9353334272718354,0.041762894987763095
2026_05_CIN_MIA,2026,5,2026-10-11,00-0041524,Will Kacmarek,TE,4,2,MIA,CIN,42.5,7,17.75,NA,NA,NA,0,PENDING,fumbles_lost,0.036470480263233185,0,0.9353334272718354,0.03411205929885973
2026_05_CIN_MIA,2026,5,2026-10-11,00-0041579,Seydou Traore,TE,0,3,MIA,CIN,42.5,7,17.75,NA,NA,NA,0,PENDING,fumbles_lost,0.04033851623535156,0,0.9353334272718354,0.03772996264147195
2026_05_CIN_MIA,2026,5,2026-10-11,00-0039880,Malik Washington,WR,35,1,MIA,CIN,42.5,7,17.75,NA,NA,NA,0,PENDING,fumbles_lost,0.05072047933936119,0.25,0.9353334272718354,0.06360720295539615
2026_05_CIN_MIA,2026,5,2026-10-11,00-0041529,Kevin Coleman Jr.,WR,3,2,MIA,CIN,42.5,7,17.75,NA,NA,NA,0,PENDING,fumbles_lost,0.03685801848769188,0,0.9353334272718354,0.03447453675454152
2026_05_CIN_MIA,2026,5,2026-10-11,00-0041525,Chris Bell,WR,4,3,MIA,CIN,42.5,7,17.75,NA,NA,NA,0,PENDING,fumbles_lost,0.03701384365558624,0,0.9353334272718354,0.03462028524288336
2026_05_CIN_MIA,2026,5,2026-10-11,00-0037666,Jalen Tolbert,WR,47,4,MIA,CIN,42.5,7,17.75,NA,NA,NA,0,PENDING,fumbles_lost,0.03675670549273491,0,0.9353334272718354,0.034379775323741243
2026_05_CIN_MIA,2026,5,2026-10-11,00-0038824,Ryan Miller,WR,21,5,MIA,CIN,42.5,7,17.75,NA,NA,NA,0,PENDING,fumbles_lost,0.036470480263233185,0,0.9353334272718354,0.03411205929885973
2026_05_LV_NE,2026,5,2026-10-11,00-0039851,Drake Maye,QB,34,1,NE,LV,45,-3.5,24.25,NA,NA,NA,0,PENDING,fumbles_lost,0.16477814316749573,0.5,0.9353334272718354,0.18645579175242524
2026_05_LV_NE,2026,5,2026-10-11,00-0036875,Rhamondre Stevenson,RB,74,1,NE,LV,45,-3.5,24.25,NA,NA,NA,0,PENDING,fumbles_lost,0.0840744897723198,0.25,0.9353334272718354,0.0948043238469159
2026_05_LV_NE,2026,5,2026-10-11,00-0040734,TreVeyon Henderson,RB,20,2,NE,LV,45,-3.5,24.25,NA,NA,NA,0,PENDING,fumbles_lost,0.0775320902466774,0,0.9353334272718354,0.07251835569397401
2026_05_LV_NE,2026,5,2026-10-11,00-0040556,Corey Kiner,RB,8,3,NE,LV,45,-3.5,24.25,NA,NA,NA,0,PENDING,fumbles_lost,0.043776337057352066,0,0.9353334272718354,0.04094547137326016
2026_05_LV_NE,2026,5,2026-10-11,00-0036187,Reggie Gilliam,RB,39,4,NE,LV,45,-3.5,24.25,NA,NA,NA,0,PENDING,fumbles_lost,0.04464036598801613,0,0.9353334272718354,0.0417536265142402
2026_05_LV_NE,2026,5,2026-10-11,00-0033090,Hunter Henry,TE,82,1,NE,LV,45,-3.5,24.25,NA,NA,NA,0,PENDING,fumbles_lost,0.03722696751356125,0,0.9353334272718354,0.03481962711139652
2026_05_LV_NE,2026,5,2026-10-11,00-0041395,Eli Raridon,TE,3,2,NE,LV,45,-3.5,24.25,NA,NA,NA,0,PENDING,fumbles_lost,0.04438214749097824,0,0.9353334272718354,0.04151210612242077
2026_05_LV_NE,2026,5,2026-10-11,00-0038564,Cameron Latu,TE,13,3,NE,LV,45,-3.5,24.25,NA,NA,NA,0,PENDING,fumbles_lost,0.036470480263233185,0,0.9353334272718354,0.03411205929885973
2026_05_LV_NE,2026,5,2026-10-11,00-0033555,Mack Hollins,WR,79,1,NE,LV,45,-3.5,24.25,NA,NA,NA,0,PENDING,fumbles_lost,0.03968830034136772,0,0.9353334272718354,0.03712179398088543
2026_05_LV_NE,2026,5,2026-10-11,00-0037816,Romeo Doubs,WR,63,2,NE,LV,45,-3.5,24.25,NA,NA,NA,0,PENDING,fumbles_lost,0.03994648531079292,0,0.9353334272718354,0.037363283013207974
2026_05_LV_NE,2026,5,2026-10-11,00-0038621,DeMario Douglas,WR,50,3,NE,LV,45,-3.5,24.25,NA,NA,NA,0,PENDING,fumbles_lost,0.03685801848769188,0,0.9353334272718354,0.03447453675454152
2026_05_LV_NE,2026,5,2026-10-11,00-0040563,Efton Chism III,WR,11,4,NE,LV,45,-3.5,24.25,NA,NA,NA,0,PENDING,fumbles_lost,0.04026981070637703,0,0.9353334272718354,0.037665700063583676
2026_05_LV_NE,2026,5,2026-10-11,00-0040131,Kyle Williams,WR,18,5,NE,LV,45,-3.5,24.25,NA,NA,NA,0,PENDING,fumbles_lost,0.04438214749097824,0,0.9353334272718354,0.04151210612242077
2026_05_NYG_WAS,2026,5,2026-10-11,00-0031503,Jameis Winston,QB,33,1,NYG,WAS,43.5,3.5,20,NA,NA,NA,0,PENDING,fumbles_lost,0.2193639725446701,0,0.9353334272718354,0.2051784562601711
2026_05_NYG_WAS,2026,5,2026-10-11,00-0040715,Cam Skattebo,RB,12,1,NYG,WAS,43.5,3.5,20,NA,NA,NA,0,PENDING,fumbles_lost,0.10199422389268875,0,0.9353334272718354,0.0953986069954795
2026_05_NYG_WAS,2026,5,2026-10-11,00-0036893,Najee Harris,RB,74,2,NYG,WAS,43.5,3.5,20,NA,NA,NA,0,PENDING,fumbles_lost,0.04778733476996422,0.3333333333333333,0.9353334272718354,0.0662526158532987
2026_05_NYG_WAS,2026,5,2026-10-11,00-0033376,Patrick Ricard,RB,44,3,NYG,WAS,43.5,3.5,20,NA,NA,NA,0,PENDING,fumbles_lost,0.03668265789747238,0,0.9353334272718354,0.03431051613268311
2026_05_NYG_WAS,2026,5,2026-10-11,00-0039384,Tyrone Tracy Jr.,RB,36,4,NYG,WAS,43.5,3.5,20,NA,NA,NA,0,PENDING,fumbles_lost,0.0437387079000473,0.25,0.9353334272718354,0.057076918746634085
2026_05_NYG_WAS,2026,5,2026-10-11,00-0037838,Isaiah Likely,TE,59,1,NYG,WAS,43.5,3.5,20,NA,NA,NA,0,PENDING,fumbles_lost,0.04520336166024208,0,0.9353334272718354,0.042280215185882514
2026_05_NYG_WAS,2026,5,2026-10-11,00-0039847,Theo Johnson,TE,29,2,NYG,WAS,43.5,3.5,20,NA,NA,NA,0,PENDING,fumbles_lost,0.036470480263233185,0,0.9353334272718354,0.03411205929885973
2026_05_NYG_WAS,2026,5,2026-10-11,00-0031484,Chris Manhertz,TE,37,3,NYG,WAS,43.5,3.5,20,NA,NA,NA,0,PENDING,fumbles_lost,0.036470480263233185,0,0.9353334272718354,0.03411205929885973
2026_05_NYG_WAS,2026,5,2026-10-11,00-0039337,Malik Nabers,WR,23,1,NYG,WAS,43.5,3.5,20,NA,NA,NA,0,PENDING,fumbles_lost,0.04425689950585365,0,0.9353334272718354,0.0413949574952353
2026_05_NYG_WAS,2026,5,2026-10-11,00-0041042,Malachi Fields,WR,4,2,NYG,WAS,43.5,3.5,20,NA,NA,NA,0,PENDING,fumbles_lost,0.037390075623989105,0,0.9353334272718354,0.03497218757933884
2026_05_NYG_WAS,2026,5,2026-10-11,00-0036309,Darnell Mooney,WR,77,3,NYG,WAS,43.5,3.5,20,NA,NA,NA,0,PENDING,fumbles_lost,0.04636804014444351,0,0.9353334272718354,0.043369577904180404
2026_05_NYG_WAS,2026,5,2026-10-11,00-0034419,Braxton Berrios,WR,63,4,NYG,WAS,43.5,3.5,20,NA,NA,NA,0,PENDING,fumbles_lost,0.03679903969168663,0,0.9353334272718354,0.03441937191513756
2026_05_NYG_WAS,2026,5,2026-10-11,00-0038576,Charlie Jones,WR,33,5,NYG,WAS,43.5,3.5,20,NA,NA,NA,0,PENDING,fumbles_lost,0.03679903969168663,0,0.9353334272718354,0.03441937191513756
2026_05_CLE_NYJ,2026,5,2026-10-11,00-0030565,Geno Smith,QB,72,1,NYJ,CLE,40,-2,21,NA,NA,NA,0,PENDING,fumbles_lost,0.19911415874958038,0.25,0.9353334272718354,0.20240477170363447
2026_05_CLE_NYJ,2026,5,2026-10-11,00-0039794,Braelon Allen,RB,25,1,NYJ,CLE,40,-2,21,NA,NA,NA,0,PENDING,fumbles_lost,0.05570831149816513,0,0.9353334272718354,0.05210584592110579
2026_05_CLE_NYJ,2026,5,2026-10-11,00-0036842,Kene Nwangwu,RB,44,2,NYJ,CLE,40,-2,21,NA,NA,NA,0,PENDING,fumbles_lost,0.043581586331129074,0,0.9353334272718354,0.040763314509038334
2026_05_CLE_NYJ,2026,5,2026-10-11,00-0034959,Andrew Beck,RB,37,3,NYJ,CLE,40,-2,21,NA,NA,NA,0,PENDING,fumbles_lost,0.044431980699300766,0,0.9353334272718354,0.04155871678795303
2026_05_CLE_NYJ,2026,5,2026-10-11,00-0039798,Isaiah Davis,RB,32,4,NYJ,CLE,40,-2,21,NA,NA,NA,0,PENDING,fumbles_lost,0.043331827968358994,0,0.9353334272718354,0.04052970716359879
2026_05_CLE_NYJ,2026,5,2026-10-11,00-0041032,Kenyon Sadiq,TE,4,1,NYJ,CLE,40,-2,21,NA,NA,NA,0,PENDING,fumbles_lost,0.04322089999914169,0,0.9353334272718354,0.04042595252597047
2026_05_CLE_NYJ,2026,5,2026-10-11,00-0037805,Jeremy Ruckert,TE,43,2,NYJ,CLE,40,-2,21,NA,NA,NA,0,PENDING,fumbles_lost,0.036565713584423065,0,0.9353334272718354,0.034201134207558735
2026_05_CLE_NYJ,2026,5,2026-10-11,00-0037755,Jelani Woods,TE,16,3,NYJ,CLE,40,-2,21,NA,NA,NA,0,PENDING,fumbles_lost,0.036470480263233185,0,0.9353334272718354,0.03411205929885973
2026_05_CLE_NYJ,2026,5,2026-10-11,00-0037740,Garrett Wilson,WR,62,1,NYJ,CLE,40,-2,21,NA,NA,NA,0,PENDING,fumbles_lost,0.05103934556245804,0,0.9353334272718354,0.047738806010645424
2026_05_CLE_NYJ,2026,5,2026-10-11,00-0039451,Isaiah Williams,WR,27,2,NYJ,CLE,40,-2,21,NA,NA,NA,0,PENDING,fumbles_lost,0.045582860708236694,0,0.9353334272718354,0.04263517333108971
2026_05_CLE_NYJ,2026,5,2026-10-11,00-0032385,Sterling Shepard,WR,48,3,NYJ,CLE,40,-2,21,NA,NA,NA,0,PENDING,fumbles_lost,0.03668265789747238,0.025641025641025644,0.9353334272718354,0.03596863338212322
2026_05_CLE_NYJ,2026,5,2026-10-11,00-0040405,Jamaal Pritchett,WR,1,4,NYJ,CLE,40,-2,21,NA,NA,NA,0,PENDING,fumbles_lost,0.043139055371284485,0,0.9353334272718354,0.040349400509693
2026_05_CLE_NYJ,2026,5,2026-10-11,00-0041267,Malik McClain,WR,1,5,NYJ,CLE,40,-2,21,NA,NA,NA,0,PENDING,fumbles_lost,0.043139055371284485,0,0.9353334272718354,0.040349400509693
2026_05_PHI_JAX,2026,5,2026-10-11,00-0036389,Jalen Hurts,QB,82,1,PHI,JAX,43,7,18,NA,NA,NA,0,PENDING,fumbles_lost,0.202464759349823,0,0.9353334272718354,0.18937205726443734
2026_05_PHI_JAX,2026,5,2026-10-11,00-0034844,Saquon Barkley,RB,79,1,PHI,JAX,43,7,18,NA,NA,NA,0,PENDING,fumbles_lost,0.058169133961200714,0,0.9353334272718354,0.054407535429364384
2026_05_PHI_JAX,2026,5,2026-10-11,00-0038555,Tank Bigsby,RB,48,2,PHI,JAX,43,7,18,NA,NA,NA,0,PENDING,fumbles_lost,0.0618438683450222,0.25,0.9353334272718354,0.07401128051693892
2026_05_PHI_JAX,2026,5,2026-10-11,00-0039746,Will Shipley,RB,31,3,PHI,JAX,43,7,18,NA,NA,NA,0,PENDING,fumbles_lost,0.04587763175368309,0,0.9353334272718354,0.04291088254328759
2026_05_PHI_JAX,2026,5,2026-10-11,00-0030061,Zach Ertz,TE,66,1,PHI,JAX,43,7,18,NA,NA,NA,0,PENDING,fumbles_lost,0.03714728727936745,0,0.9353334272718354,0.03474509952486221
2026_05_PHI_JAX,2026,5,2026-10-11,00-0033246,Johnny Mundt,TE,55,2,PHI,JAX,43,7,18,NA,NA,NA,0,PENDING,fumbles_lost,0.036470480263233185,0,0.9353334272718354,0.03411205929885973
2026_05_PHI_JAX,2026,5,2026-10-11,00-0036332,Josiah Deguara,TE,46,3,PHI,JAX,43,7,18,NA,NA,NA,0,PENDING,fumbles_lost,0.036470480263233185,0,0.9353334272718354,0.03411205929885973
2026_05_PHI_JAX,2026,5,2026-10-11,00-0038393,Dontayvion Wicks,WR,49,1,PHI,JAX,43,7,18,NA,NA,NA,0,PENDING,fumbles_lost,0.04000278189778328,0,0.9353334272718354,0.037415939092861374
2026_05_PHI_JAX,2026,5,2026-10-11,00-0040867,Makai Lemon,WR,4,2,PHI,JAX,43,7,18,NA,NA,NA,0,PENDING,fumbles_lost,0.04628356918692589,0,0.9353334272718354,0.04329056939398051
2026_05_PHI_JAX,2026,5,2026-10-11,00-0036980,Elijah Moore,WR,67,3,PHI,JAX,43,7,18,NA,NA,NA,0,PENDING,fumbles_lost,0.03856583684682846,0,0.9353334272718354,0.0360719163535505
2026_05_PHI_JAX,2026,5,2026-10-11,00-0040024,Darius Cooper,WR,10,4,PHI,JAX,43,7,18,NA,NA,NA,0,PENDING,fumbles_lost,0.0369298942387104,0,0.9353334272718354,0.03454176454707941
2026_05_PHI_JAX,2026,5,2026-10-11,00-0037132,Britain Covey,WR,47,5,PHI,JAX,43,7,18,NA,NA,NA,0,PENDING,fumbles_lost,0.036470480263233185,0,0.9353334272718354,0.03411205929885973
2026_05_IND_PIT,2026,5,2026-10-11,00-0023459,Aaron Rodgers,QB,71,1,PIT,IND,44.5,-2.5,23.5,NA,NA,NA,0,PENDING,fumbles_lost,0.21184124052524567,0.25,0.9353334272718354,0.2143088367200364
2026_05_IND_PIT,2026,5,2026-10-11,00-0037228,Jaylen Warren,RB,68,1,PIT,IND,44.5,-2.5,23.5,NA,NA,NA,0,PENDING,fumbles_lost,0.1055622398853302,0.25,0.9353334272718354,0.11490253480447868
2026_05_IND_PIT,2026,5,2026-10-11,00-0035594,Travis Homer,RB,50,2,PIT,IND,44.5,-2.5,23.5,NA,NA,NA,0,PENDING,fumbles_lost,0.044837430119514465,0,0.9353334272718354,0.04193794718374689
2026_05_IND_PIT,2026,5,2026-10-11,00-0038409,Lew Nichols III,RB,3,3,PIT,IND,44.5,-2.5,23.5,NA,NA,NA,0,PENDING,fumbles_lost,0.041301172226667404,0,0.9353334272718354,0.038630366969113164
2026_05_IND_PIT,2026,5,2026-10-11,00-0041398,Riley Nowakowski,RB,1,4,PIT,IND,44.5,-2.5,23.5,NA,NA,NA,0,PENDING,fumbles_lost,0.036470480263233185,0,0.9353334272718354,0.03411205929885973
2026_05_IND_PIT,2026,5,2026-10-11,00-0036894,Pat Freiermuth,TE,78,1,PIT,IND,44.5,-2.5,23.5,NA,NA,NA,0,PENDING,fumbles_lost,0.04444599896669388,0,0.9353334272718354,0.04157182854203824
2026_05_IND_PIT,2026,5,2026-10-11,00-0038558,Darnell Washington,TE,38,2,PIT,IND,44.5,-2.5,23.5,NA,NA,NA,0,PENDING,fumbles_lost,0.036762356758117676,0,0.9353334272718354,0.03438506114116013
2026_05_IND_PIT,2026,5,2026-10-11,00-0033757,Robert Tonyan,TE,40,3,PIT,IND,44.5,-2.5,23.5,NA,NA,NA,0,PENDING,fumbles_lost,0.036470480263233185,0,0.9353334272718354,0.03411205929885973
2026_05_IND_PIT,2026,5,2026-10-11,00-0035640,DK Metcalf,WR,84,1,PIT,IND,44.5,-2.5,23.5,NA,NA,NA,0,PENDING,fumbles_lost,0.04338278993964195,0,0.9353334272718354,0.04057737359885941
2026_05_IND_PIT,2026,5,2026-10-11,00-0039739,Roman Wilson,WR,13,2,PIT,IND,44.5,-2.5,23.5,NA,NA,NA,0,PENDING,fumbles_lost,0.0406007282435894,0,0.9353334272718354,0.03797521829780888
2026_05_IND_PIT,2026,5,2026-10-11,00-0036252,Michael Pittman,WR,85,3,PIT,IND,44.5,-2.5,23.5,NA,NA,NA,0,PENDING,fumbles_lost,0.03685801848769188,0,0.9353334272718354,0.03447453675454152
2026_05_IND_PIT,2026,5,2026-10-11,00-0041489,Germie Bernard,WR,3,4,PIT,IND,44.5,-2.5,23.5,NA,NA,NA,0,PENDING,fumbles_lost,0.036690808832645416,0,0.9353334272718354,0.03431813997481397
2026_05_IND_PIT,2026,5,2026-10-11,00-0036862,Ben Skowronek,WR,67,5,PIT,IND,44.5,-2.5,23.5,NA,NA,NA,0,PENDING,fumbles_lost,0.036470480263233185,0,0.9353334272718354,0.03411205929885973
2026_05_SF_SEA,2026,5,2026-10-11,00-0034869,Sam Darnold,QB,65,1,SEA,SF,47,-3,25,NA,NA,NA,0,PENDING,fumbles_lost,0.14916010200977325,0,0.9353334272718354,0.1395144294250178
2026_05_SF_SEA,2026,5,2026-10-11,00-0038797,Emanuel Wilson,RB,43,1,SEA,SF,47,-3,25,NA,NA,NA,0,PENDING,fumbles_lost,0.0880410224199295,0,0.9353334272718354,0.08234771124054917
2026_05_SF_SEA,2026,5,2026-10-11,00-0039299,George Holani,RB,17,2,SEA,SF,47,-3,25,NA,NA,NA,0,PENDING,fumbles_lost,0.047482434660196304,0,0.9353334272718354,0.0444119083459324
2026_05_SF_SEA,2026,5,2026-10-11,00-0038488,Brady Russell,RB,27,3,SEA,SF,47,-3,25,NA,NA,NA,0,PENDING,fumbles_lost,0.036470480263233185,0,0.9353334272718354,0.03411205929885973
2026_05_SF_SEA,2026,5,2026-10-11,00-0037745,Velus Jones Jr.,RB,31,4,SEA,SF,47,-3,25,NA,NA,NA,0,PENDING,fumbles_lost,0.043581586331129074,0,0.9353334272718354,0.040763314509038334
2026_05_SF_SEA,2026,5,2026-10-11,00-0039793,AJ Barner,TE,36,1,SEA,SF,47,-3,25,NA,NA,NA,0,PENDING,fumbles_lost,0.03901302441954613,0,0.9353334272718354,0.036490185838573885
2026_05_SF_SEA,2026,5,2026-10-11,00-0040739,Elijah Arroyo,TE,14,2,SEA,SF,47,-3,25,NA,NA,NA,0,PENDING,fumbles_lost,0.036470480263233185,0.05128205128205129,0.9353334272718354,0.037428293797739966
2026_05_SF_SEA,2026,5,2026-10-11,00-0033576,Eric Saubert,TE,52,3,SEA,SF,47,-3,25,NA,NA,NA,0,PENDING,fumbles_lost,0.036470480263233185,0,0.9353334272718354,0.03411205929885973
2026_05_SF_SEA,2026,5,2026-10-11,00-0038543,Jaxon Smith-Njigba,WR,55,1,SEA,SF,47,-3,25,NA,NA,NA,0,PENDING,fumbles_lost,0.0663367286324501,0,0.9353334272718354,0.062046959745791254
2026_05_SF_SEA,2026,5,2026-10-11,00-0037545,Rashid Shaheed,WR,55,2,SEA,SF,47,-3,25,NA,NA,NA,0,PENDING,fumbles_lost,0.04580738767981529,0,0.9353334272718354,0.04284518091293129
2026_05_SF_SEA,2026,5,2026-10-11,00-0033908,Cooper Kupp,WR,70,3,SEA,SF,47,-3,25,NA,NA,NA,0,PENDING,fumbles_lost,0.03688813000917435,0,0.9353334272718354,0.03450270106713008
2026_05_SF_SEA,2026,5,2026-10-11,00-0040648,Tory Horton,WR,10,4,SEA,SF,47,-3,25,NA,NA,NA,0,PENDING,fumbles_lost,0.036954376846551895,0,0.9353334272718354,0.03456466394858035
2026_05_SF_SEA,2026,5,2026-10-11,00-0037834,Brock Purdy,QB,53,1,SF,SEA,47,3,22,NA,NA,NA,0,PENDING,fumbles_lost,0.17084947228431702,0,0.9353334272718354,0.1598012224592747
2026_05_SF_SEA,2026,5,2026-10-11,00-0033280,Christian McCaffrey,RB,65,1,SF,SEA,47,3,22,NA,NA,NA,0,PENDING,fumbles_lost,0.09682370722293854,0,0.9353334272718354,0.09056244991799588
2026_05_SF_SEA,2026,5,2026-10-11,00-0041052,Kaelon Black,RB,4,2,SF,SEA,47,3,22,NA,NA,NA,0,PENDING,fumbles_lost,0.04898888245224953,0,0.9353334272718354,0.04582093932227963
2026_05_SF_SEA,2026,5,2026-10-11,00-0029892,Kyle Juszczyk,RB,72,3,SF,SEA,47,3,22,NA,NA,NA,0,PENDING,fumbles_lost,0.036470480263233185,0,0.9353334272718354,0.03411205929885973
2026_05_SF_SEA,2026,5,2026-10-11,00-0033288,George Kittle,TE,75,1,SF,SEA,47,3,22,NA,NA,NA,0,PENDING,fumbles_lost,0.042388055473566055,0,0.9353334272718354,0.03964696520147922
2026_05_SF_SEA,2026,5,2026-10-11,00-0036887,Luke Farrell,TE,51,2,SF,SEA,47,3,22,NA,NA,NA,0,PENDING,fumbles_lost,0.036470480263233185,0,0.9353334272718354,0.03411205929885973
2026_05_SF_SEA,2026,5,2026-10-11,00-0038643,Brayden Willis,TE,15,3,SF,SEA,47,3,22,NA,NA,NA,0,PENDING,fumbles_lost,0.036470480263233185,0,0.9353334272718354,0.03411205929885973
2026_05_SF_SEA,2026,5,2026-10-11,00-0031408,Mike Evans,WR,74,1,SF,SEA,47,3,22,NA,NA,NA,0,PENDING,fumbles_lost,0.0416841134428978,0,0.9353334272718354,0.03898854468933358
2026_05_SF_SEA,2026,5,2026-10-11,00-0035719,Deebo Samuel Sr.,WR,79,2,SF,SEA,47,3,22,NA,NA,NA,0,PENDING,fumbles_lost,0.04825836420059204,0,0.9353334272718354,0.0451376611822722
2026_05_SF_SEA,2026,5,2026-10-11,00-0031236,Brandin Cooks,WR,69,3,SF,SEA,47,3,22,NA,NA,NA,0,PENDING,fumbles_lost,0.036624666303396225,0,0.9353334272718354,0.0342562746562429
2026_05_SF_SEA,2026,5,2026-10-11,00-0040172,Jordan Watkins,WR,3,4,SF,SEA,47,3,22,NA,NA,NA,0,PENDING,fumbles_lost,0.036470480263233185,0,0.9353334272718354,0.03411205929885973
2026_05_SF_SEA,2026,5,2026-10-11,00-0039365,Jacob Cowing,WR,19,5,SF,SEA,47,3,22,NA,NA,NA,0,PENDING,fumbles_lost,0.04495944082736969,0,0.9353334272718354,0.042052067877288976
2026_05_TB_DAL,2026,5,2026-10-08,00-0035282,Easton Stick,QB,5,1,TB,DAL,47.5,8.5,19.5,NA,NA,NA,0,PENDING,fumbles_lost,0.2528713047504425,0.8,0.9353334272718354,0.2882522423134638
2026_05_TB_DAL,2026,5,2026-10-08,00-0039361,Bucky Irving,RB,31,1,TB,DAL,47.5,8.5,19.5,NA,NA,NA,0,PENDING,fumbles_lost,0.10419416427612305,0.25,0.9353334272718354,0.11362292795615195
2026_05_TB_DAL,2026,5,2026-10-08,00-0036919,Kenny Gainwell,RB,87,2,TB,DAL,47.5,8.5,19.5,NA,NA,NA,0,PENDING,fumbles_lost,0.04688853770494461,0,0.9353334272718354,0.04385641667133052
2026_05_TB_DAL,2026,5,2026-10-08,00-0038951,Sean Tucker,RB,38,3,TB,DAL,47.5,8.5,19.5,NA,NA,NA,0,PENDING,fumbles_lost,0.045992571860551834,0,0.9353334272718354,0.043018389867376126
2026_05_TB_DAL,2026,5,2026-10-08,00-0038129,Cade Otton,TE,66,1,TB,DAL,47.5,8.5,19.5,NA,NA,NA,0,PENDING,fumbles_lost,0.04232228547334671,0,0.9353334272718354,0.03958544832176239
2026_05_TB_DAL,2026,5,2026-10-08,00-0039050,Payne Durham,TE,23,2,TB,DAL,47.5,8.5,19.5,NA,NA,NA,0,PENDING,fumbles_lost,0.036470480263233185,0,0.9353334272718354,0.03411205929885973
2026_05_TB_DAL,2026,5,2026-10-08,00-0041094,Bauer Sharp,TE,3,3,TB,DAL,47.5,8.5,19.5,NA,NA,NA,0,PENDING,fumbles_lost,0.036470480263233185,0,0.9353334272718354,0.03411205929885973
2026_05_TB_DAL,2026,5,2026-10-08,00-0040129,Emeka Egbuka,WR,21,1,TB,DAL,47.5,8.5,19.5,NA,NA,NA,0,PENDING,fumbles_lost,0.046233586966991425,0,0.9353334272718354,0.043243819352906554
2026_05_TB_DAL,2026,5,2026-10-08,00-0033921,Chris Godwin Jr.,WR,66,2,TB,DAL,47.5,8.5,19.5,NA,NA,NA,0,PENDING,fumbles_lost,0.047957729548215866,0,0.9353334272718354,0.04485646754250852
2026_05_TB_DAL,2026,5,2026-10-08,00-0041048,Ted Hurst III,WR,4,3,TB,DAL,47.5,8.5,19.5,NA,NA,NA,0,PENDING,fumbles_lost,0.03705623745918274,0,0.9353334272718354,0.03465993758449636
2026_05_TB_DAL,2026,5,2026-10-08,00-0040237,Tez Johnson,WR,19,4,TB,DAL,47.5,8.5,19.5,NA,NA,NA,0,PENDING,fumbles_lost,0.045157913118600845,0,0.9353334272718354,0.04223770564566471
2026_05_TB_DAL,2026,5,2026-10-08,00-0039589,Kameron Johnson,WR,25,5,TB,DAL,47.5,8.5,19.5,NA,NA,NA,0,PENDING,fumbles_lost,0.036470480263233185,0,0.9353334272718354,0.03411205929885973
2026_05_HOU_TEN,2026,5,2026-10-11,00-0040676,Cam Ward,QB,21,1,TEN,HOU,39.5,7,16.25,NA,NA,NA,0,PENDING,fumbles_lost,0.21470394730567932,0,0.9353334272718354,0.20081977888221259
2026_05_HOU_TEN,2026,5,2026-10-11,00-0035261,Tony Pollard,RB,85,1,TEN,HOU,39.5,7,16.25,NA,NA,NA,0,PENDING,fumbles_lost,0.09253053367137909,0,0.9353334272718354,0.08654690118614297
2026_05_HOU_TEN,2026,5,2026-10-11,00-0039032,Tyjae Spears,RB,46,2,TEN,HOU,39.5,7,16.25,NA,NA,NA,0,PENDING,fumbles_lost,0.04486554116010666,0,0.9353334272718354,0.04196424037968816
2026_05_HOU_TEN,2026,5,2026-10-11,00-0040886,Nicholas Singleton,RB,2,3,TEN,HOU,39.5,7,16.25,NA,NA,NA,0,PENDING,fumbles_lost,0.043776337057352066,0,0.9353334272718354,0.04094547137326016
2026_05_HOU_TEN,2026,5,2026-10-11,00-0037594,Julius Chestnut,RB,38,4,TEN,HOU,39.5,7,16.25,NA,NA,NA,0,PENDING,fumbles_lost,0.036470480263233185,0,0.9353334272718354,0.03411205929885973
2026_05_HOU_TEN,2026,5,2026-10-11,00-0040584,Gunnar Helm,TE,20,1,TEN,HOU,39.5,7,16.25,NA,NA,NA,0,PENDING,fumbles_lost,0.036690808832645416,0,0.9353334272718354,0.03431813997481397
2026_05_HOU_TEN,2026,5,2026-10-11,00-0038115,Daniel Bellinger,TE,54,2,TEN,HOU,39.5,7,16.25,NA,NA,NA,0,PENDING,fumbles_lost,0.036470480263233185,0,0.9353334272718354,0.03411205929885973
2026_05_HOU_TEN,2026,5,2026-10-11,00-0039648,David Martin-Robinson,TE,15,3,TEN,HOU,39.5,7,16.25,NA,NA,NA,0,PENDING,fumbles_lost,0.036470480263233185,0,0.9353334272718354,0.03411205929885973
2026_05_HOU_TEN,2026,5,2026-10-11,00-0041438,Carnell Tate,WR,4,1,TEN,HOU,39.5,7,16.25,NA,NA,NA,0,PENDING,fumbles_lost,0.04537901654839516,0.25,0.9353334272718354,0.05861115425647692
2026_05_HOU_TEN,2026,5,2026-10-11,00-0038117,Wan'Dale Robinson,WR,58,2,TEN,HOU,39.5,7,16.25,NA,NA,NA,0,PENDING,fumbles_lost,0.04452037811279297,0,0.9353334272718354,0.04164139784367666
2026_05_HOU_TEN,2026,5,2026-10-11,00-0040170,Elic Ayomanor,WR,20,3,TEN,HOU,39.5,7,16.25,NA,NA,NA,0,PENDING,fumbles_lost,0.03702135384082794,0,0.9353334272718354,0.034627309770184925
2026_05_HOU_TEN,2026,5,2026-10-11,00-0034837,Calvin Ridley,WR,49,4,TEN,HOU,39.5,7,16.25,NA,NA,NA,0,PENDING,fumbles_lost,0.03679903969168663,0,0.9353334272718354,0.03441937191513756
2026_05_HOU_TEN,2026,5,2026-10-11,00-0040705,Chimere Dike,WR,21,5,TEN,HOU,39.5,7,16.25,NA,NA,NA,0,PENDING,fumbles_lost,0.03679903969168663,0.5,0.9353334272718354,0.06675265827921983
2026_05_NYG_WAS,2026,5,2026-10-11,00-0041117,Athan Kaliakmanis,QB,1,1,WAS,NYG,43.5,-3.5,23.5,NA,NA,NA,0,PENDING,fumbles_lost,0.17351877689361572,0,0.9353334272718354,0.16229791228792256
2026_05_NYG_WAS,2026,5,2026-10-11,00-0040242,Jacory Croskey-Merritt,RB,21,1,WAS,NYG,43.5,-3.5,23.5,NA,NA,NA,0,PENDING,fumbles_lost,0.08475106954574585,0,0.9353334272718354,0.07927050834317614
2026_05_NYG_WAS,2026,5,2026-10-11,00-0033699,Austin Ekeler,RB,62,2,WAS,NYG,43.5,-3.5,23.5,NA,NA,NA,0,PENDING,fumbles_lost,0.050579458475112915,0,0.9353334272718354,0.04730865824508085
2026_05_NYG_WAS,2026,5,2026-10-11,00-0041096,Kaytron Allen,RB,3,3,WAS,NYG,43.5,-3.5,23.5,NA,NA,NA,0,PENDING,fumbles_lost,0.043581586331129074,0,0.9353334272718354,0.040763314509038334
2026_05_NYG_WAS,2026,5,2026-10-11,00-0035567,Craig Reynolds,RB,37,4,WAS,NYG,43.5,-3.5,23.5,NA,NA,NA,0,PENDING,fumbles_lost,0.043776337057352066,0,0.9353334272718354,0.04094547137326016
2026_05_NYG_WAS,2026,5,2026-10-11,00-0037809,Chig Okonkwo,TE,68,1,WAS,NYG,43.5,-3.5,23.5,NA,NA,NA,0,PENDING,fumbles_lost,0.03701384365558624,0,0.9353334272718354,0.03462028524288336
2026_05_NYG_WAS,2026,5,2026-10-11,00-0036628,John Bates,TE,61,2,WAS,NYG,43.5,-3.5,23.5,NA,NA,NA,0,PENDING,fumbles_lost,0.036470480263233185,0,0.9353334272718354,0.03411205929885973
2026_05_NYG_WAS,2026,5,2026-10-11,00-0039912,Ben Sinnott,TE,18,3,WAS,NYG,43.5,-3.5,23.5,NA,NA,NA,0,PENDING,fumbles_lost,0.036470480263233185,0,0.9353334272718354,0.03411205929885973
2026_05_NYG_WAS,2026,5,2026-10-11,00-0031588,Stefon Diggs,WR,79,1,WAS,NYG,43.5,-3.5,23.5,NA,NA,NA,0,PENDING,fumbles_lost,0.044055379927158356,0,0.9353334272718354,0.04120646949703185
2026_05_NYG_WAS,2026,5,2026-10-11,00-0041040,Antonio Williams,WR,4,2,WAS,NYG,43.5,-3.5,23.5,NA,NA,NA,0,PENDING,fumbles_lost,0.040261488407850266,0,0.9353334272718354,0.03765791593957986
2026_05_NYG_WAS,2026,5,2026-10-11,00-0036626,Dyami Brown,WR,65,3,WAS,NYG,43.5,-3.5,23.5,NA,NA,NA,0,PENDING,fumbles_lost,0.03954578563570976,0.25,0.9353334272718354,0.053155138394846875
2026_05_NYG_WAS,2026,5,2026-10-11,00-0037742,Treylon Burks,WR,36,4,WAS,NYG,43.5,-3.5,23.5,NA,NA,NA,0,PENDING,fumbles_lost,0.036666613072156906,0,0.9353334272718354,0.034295508871230805
2026_05_NYG_WAS,2026,5,2026-10-11,00-0040164,Jaylin Lane,WR,19,5,WAS,NYG,43.5,-3.5,23.5,NA,NA,NA,0,PENDING,fumbles_lost,0.036470480263233185,0,0.9353334272718354,0.03411205929885973
