overall_rank,game_id,season,week,game_date,player_id,player,position,position_rank,prior_games,preseason_role_rank,team,opponent_team,total_line,team_spread,implied_team_total,temperature,wind_speed,precip_probability,is_dome,weather_status,projected_receptions,projected_receiving_yards,projected_rushing_yards,projected_passing_yards,projected_passing_tds,projected_interceptions,projected_rushing_tds,projected_receiving_tds,projected_fumbles_lost,low_receptions,low_receiving_yards,low_rushing_yards,low_passing_yards,low_passing_tds,low_interceptions,low_rushing_tds,low_receiving_tds,low_fumbles_lost,high_receptions,high_receiving_yards,high_rushing_yards,high_passing_yards,high_passing_tds,high_interceptions,high_rushing_tds,high_receiving_tds,high_fumbles_lost,projected_two_point_conversions,projected_ppr,ppr_low,ppr_high,projection_status,role_status,ppr_residual_p10,ppr_residual_p90,salary_join_key,salary,projected_ppr_model,salary_stack_applied,fantasy_points_ppr_sd5,opportunity_r5,sim_sd,proj_scale,injury_status,p_zero
1,2026_05_DET_ARI,2026,5,2026-10-11,00-0039139,Jahmyr Gibbs,RB,1,53,1,DET,ARI,54.5,-4.5,29.5,NA,NA,NA,0,PENDING,4.672398564045332,40.78204907558874,76.22299124251101,0,0,0,0.7605528990196313,0.37543847436931166,0.1331867800556228,2.837878878412636,16.804261901297597,51.98543781310703,0,0,0,0.37806552309653013,0.07743923368961547,0.013609506871535892,7.071246340105196,71.5428425994863,104.46044368646793,0,0,0,1.439575856229368,1.0938887150415892,0.09832141686021817,0.011587366694011485,25.71449037951729,0.7435224302649956,54.2130413557981,PRELIMINARY_WEATHER_PENDING,PRESEASON_ROLE_ESTIMATE,-6.1688262018290105,7.69353032482483,DET|RB|jahmyrgibbs,9800,22.94565200946574,TRUE,NA,NA,20.862083076680882,17.3753565287894,NA,0.03
2,2026_05_BUF_LA,2026,5,2026-10-12,00-0034857,Josh Allen,QB,1,86,1,BUF,LAR,54.5,3,25.75,70,0,0,1,VERIFIED_DOME,0,0,36.34739618132002,236.47292344067685,1.3677487335546648,0.6512266494114873,0.7786915661647595,0,0.17024035319323572,0,0,12.109842751916041,124.78717241669182,0.1644981179493583,0,0.39620419024165837,0,0.05066308000914882,0,0,64.58484862527692,334.3005828187572,2.846574081203073,1.9657785218673764,1.457714523374496,0,0.1353749899978311,0.06834884860362567,22.63429852926167,0,46.05471053915565,PRELIMINARY_DEPTH_CHART_PENDING,PRESEASON_ROLE_ESTIMATE,-9.530032875963698,10.272825239656692,BUF|QB|joshallen,7400,21.730564578964096,TRUE,NA,NA,17.969063807708018,15.016310879198587,NA,0.03
3,2026_05_SF_SEA,2026,5,2026-10-11,00-0038543,Jaxon Smith-Njigba,WR,1,55,1,SEA,SF,47,-3,25,NA,NA,NA,0,PENDING,6.251061443818241,78.6560233942615,2.554921147942821,0,0,0,0.04294675267093167,0.6188134792986417,0.062046959745791254,4.416541758185545,54.67823621997036,0,0,0,0,0,0.32081423861894554,0,8.649909219878104,109.41681691815907,30.792373591899725,0,0,0,0.7219697098806681,1.3372637199709192,0.027181596550386627,0.01054115751309252,20.191148673194242,4.325390830643631,39.598392597242125,PRELIMINARY_WEATHER_PENDING,PRESEASON_ROLE_ESTIMATE,-6.3266834797858325,8.415152130530581,SEA|WR|jaxonsmithnjigba,8800,18.239705685390717,TRUE,NA,NA,13.762388516035308,11.763100311790105,NA,0.03
4,2026_05_TB_DAL,2026,5,2026-10-08,00-0033077,Dak Prescott,QB,2,74,1,DAL,TB,47.5,-8.5,28,NA,NA,NA,0,PENDING,0,0,16.094528400457968,267.99052170285734,1.95314418222508,0.5963871111548824,0.1189530145108655,0,0.17961622928488483,0,0,0,156.3047706788723,0.7498935666197735,0,0,0,0.06003895610079793,0,0,44.33198084441487,365.81818108093773,3.4319695298734887,1.9109389836107715,0.797975971720602,0,0.1447508660894802,0.06834884860362567,19.69917892699004,1.4586103984489505,38.20557821389667,PRELIMINARY_WEATHER_PENDING,PRESEASON_ROLE_ESTIMATE,-9.530032875963698,10.272825239656692,DAL|QB|dakprescott,6700,19.44005954045332,TRUE,NA,NA,14.337482565527786,11.865625798101705,NA,0.03
5,2026_05_TB_DAL,2026,5,2026-10-08,00-0036358,CeeDee Lamb,WR,2,82,1,DAL,TB,47.5,-8.5,28,NA,NA,NA,0,PENDING,6.836855646736437,78.86409405848815,0.3858965863680064,0,0,0,0.04294675267093167,0.6219114452953729,0.0591541088774218,5.002335961103741,54.88630688419701,0,0,0,0,0,0.3239122046156767,0,9.235703422796302,109.62488758238572,28.62334903032491,0,0,0,0.7219697098806681,1.3403616859676504,0.024288745682017172,0.01054115751309252,19.69913251946087,4.4474838178908005,38.355188506993464,PRELIMINARY_WEATHER_PENDING,PRESEASON_ROLE_ESTIMATE,-6.3266834797858325,8.415152130530581,DAL|WR|ceedeelamb,8300,18.653777996291222,TRUE,NA,NA,13.229693596996746,11.307790990960333,NA,0.03
6,2026_05_BUF_LA,2026,5,2026-10-12,00-0039075,Puka Nacua,WR,3,46,1,LAR,BUF,54.5,-3,28.75,70,0,0,1,VERIFIED_DOME,6.316005920325345,95.58820576607027,2.7239926834646555,0,0,0,0.09423393273867317,0.4691839697727932,0.061452560245901726,4.48148623469265,71.61041859177914,0,0,0,0,0,0.171184729093097,0,8.714853696385209,126.34899928996785,30.96144512742156,0,0,0,0.7732568899484097,1.1876342104450708,0.0265871970504971,0.01054115751309252,19.413836093763038,4.507332166592002,37.64770557798797,PRELIMINARY_DEPTH_CHART_PENDING,PRESEASON_ROLE_ESTIMATE,-6.3266834797858325,8.415152130530581,LAR|WR|pukanacua,7800,19.42591037488202,TRUE,NA,NA,12.930305661879036,11.051895707316364,NA,0.03
7,2026_05_DET_ARI,2026,5,2026-10-11,00-0033106,Jared Goff,QB,3,86,1,DET,ARI,54.5,-4.5,29.5,NA,NA,NA,0,PENDING,0,0,5.4788064834113355,275.58549924264076,2.0165280660915963,0.5939327560286806,0.07674398357824568,0,0.1869332640358107,0,0,0,163.89974821865573,0.8132774504862899,0,0,0,0.06735599085172381,0,0,33.71625892736824,373.41315862072116,3.4953534137400046,1.9084846284845698,0.7557669407879821,0,0.15206790084040608,0.06834884860362567,18.95267686005414,1.7725279820967579,36.38320236404236,PRELIMINARY_WEATHER_PENDING,PRESEASON_ROLE_ESTIMATE,-9.530032875963698,10.272825239656692,DET|QB|jaredgoff,6600,18.672842440960896,TRUE,NA,NA,13.503969715936636,11.175814910733141,NA,0.03
8,2026_05_DET_ARI,2026,5,2026-10-11,00-0036963,Amon-Ra St. Brown,WR,4,86,1,DET,ARI,54.5,-4.5,29.5,NA,NA,NA,0,PENDING,6.208250085222758,77.93208516770443,1.9962376392244798,0,0,0,0.04294675267093167,0.6143789035172549,0.057945747321622394,4.3737303995900625,53.95429799341329,0,0,0,0,0,0.3163796628375587,0,8.607097861282622,108.692878691602,30.233690083181383,0,0,0,0.7219697098806681,1.3328291441895324,0.023080384126217768,0.01054115751309252,18.765824103654744,4.6145291478395976,36.07591012501694,PRELIMINARY_WEATHER_PENDING,PRESEASON_ROLE_ESTIMATE,-6.3266834797858325,8.415152130530581,DET|WR|amonrastbrown,7900,18.05022712342771,TRUE,NA,NA,12.275216924376645,10.491972949476326,NA,0.03
9,2026_05_SF_SEA,2026,5,2026-10-11,00-0033280,Christian McCaffrey,RB,2,65,1,SF,SEA,47,3,22,NA,NA,NA,0,PENDING,3.8003912158568567,33.71884264977441,52.1319491184902,0,0,0,0.5530803589025142,0.17768203798702908,0.09056244991799588,1.9658715302241612,9.741055475483268,27.894395689086217,0,0,0,0.170592982979413,0,0,6.199238991916721,64.47963617367198,80.36940156244711,0,0,0,1.2321033161122505,0.8961322786593066,0.05569708672259125,0.011587366694011485,18.699936263830438,4.4760864546142685,34.93315196018259,PRELIMINARY_WEATHER_PENDING,PRESEASON_ROLE_ESTIMATE,-6.1688262018290105,7.69353032482483,SF|RB|christianmccaffrey,8200,16.612094607572605,TRUE,NA,NA,11.883365394291191,9.89727198999045,NA,0.03
10,2026_05_BUF_LA,2026,5,2026-10-12,00-0037840,Kyren Williams,RB,3,57,1,LAR,BUF,54.5,-3,28.75,70,0,0,1,VERIFIED_DOME,4.07270611735791,37.49156611194266,64.19943588563201,0,0,0,0.7347965716614564,0.3071246651113446,0.11294005052082691,2.2381864317252145,13.51377893765152,39.96188245622803,0,0,0,0.35230919573835523,0.009125424431648432,0,6.4715538934177745,68.25235963584024,92.43688832958892,0,0,0,1.4138195288711928,1.025574905783622,0.07807468732542228,0.011587366694011485,18.577221809709464,4.4927280633540345,34.65139497838061,PRELIMINARY_DEPTH_CHART_PENDING,PRESEASON_ROLE_ESTIMATE,-6.1688262018290105,7.69353032482483,LAR|RB|kyrenwilliams,6400,20.29062837009855,TRUE,NA,NA,11.766939881009197,9.80030493282332,NA,0.03
11,2026_05_CIN_MIA,2026,5,2026-10-11,00-0036442,Joe Burrow,QB,4,71,1,CIN,MIA,42.5,-7,24.75,NA,NA,NA,0,PENDING,0,0,10.374054720821242,252.78356904942768,1.6348462705954292,0.6107871941908971,0.16762009296381405,0,0.20361680928934617,0,0,0,141.09781802544265,0.43159565499012276,0,0,0,0.08403953610525927,0,0,38.611507164778146,350.6112284275081,3.1136716182438375,1.9253390666467862,0.8466430501735506,0,0.16875144609394155,0.06834884860362567,18.386648479967487,1.9692635760552442,35.04329379248801,PRELIMINARY_WEATHER_PENDING,PRESEASON_ROLE_ESTIMATE,-9.530032875963698,10.272825239656692,CIN|QB|joeburrow,6900,17.201743564470597,TRUE,NA,NA,12.904420685303457,10.679631259761356,NA,0.03
12,2026_05_SF_SEA,2026,5,2026-10-11,00-0037834,Brock Purdy,QB,5,53,1,SF,SEA,47,3,22,NA,NA,NA,0,PENDING,0,0,25.391289678756525,238.83001507291976,1.4530121754879692,0.6661487197689554,0.2777565168726103,0,0.1598012224592747,0,0,1.1537362493525443,127.14426404893473,0.2497615598826628,0,0,0,0.0402239492751878,0,0,53.62874212271343,336.65767445100016,2.9318375231363776,1.9807005922248444,0.9567794740823468,0,0.12493585926387007,0.06834884860362567,18.317786278532346,1.9908568576420755,34.8826578459596,PRELIMINARY_WEATHER_PENDING,PRESEASON_ROLE_ESTIMATE,-9.530032875963698,10.272825239656692,SF|QB|brockpurdy,6500,18.055715186730772,TRUE,NA,NA,12.833320713350576,10.620789293775161,NA,0.03
13,2026_05_IND_PIT,2026,5,2026-10-11,00-0036223,Jonathan Taylor,RB,4,73,1,IND,PIT,44.5,2.5,21,NA,NA,NA,0,PENDING,2.642965610208055,21.429497319884074,70.1014841757208,0,0,0,0.6790375110564459,0.13271106186255802,0.13238461109415867,0.8084459245753595,0,45.86393074631682,0,0,0,0.29655013513334477,0,0.01280733791007177,5.041813386267919,52.19029084378164,98.3389366196777,0,0,0,1.3580604682661823,0.8511613025348355,0.09751924789875405,0.011587366694011485,17.95030064059251,4.556725348777844,33.235951120147284,PRELIMINARY_WEATHER_PENDING,PRESEASON_ROLE_ESTIMATE,-6.1688262018290105,7.69353032482483,IND|RB|jonathantaylor,7800,16.42496070848227,TRUE,NA,NA,11.189709625973249,9.319548459771765,NA,0.03
14,2026_05_BUF_LA,2026,5,2026-10-12,00-0037248,James Cook,RB,5,70,1,BUF,LAR,54.5,3,25.75,70,0,0,1,VERIFIED_DOME,1.8629242293463713,17.058318882501137,96.93097381688192,0,0,0,0.7135406486372797,0.09356402728312631,0.11529027059270464,0.028404543713675734,0,72.69342038747794,0,0,0,0.33105327271417856,0,0,4.261772005406236,47.8191124063987,125.16842626083883,0,0,0,1.392563605847016,0.8120142679554038,0.08042490739730002,0.011587366694011485,17.932472988679088,4.55804154777659,33.19627521580683,PRELIMINARY_DEPTH_CHART_PENDING,PRESEASON_ROLE_ESTIMATE,-6.1688262018290105,7.69353032482483,BUF|RB|jamescook,7100,17.897075747009723,TRUE,NA,NA,11.173715828337977,9.30622774126342,NA,0.03
15,2026_05_TB_DAL,2026,5,2026-10-08,00-0036997,Javonte Williams,RB,6,74,1,DAL,TB,47.5,-8.5,28,NA,NA,NA,0,PENDING,3.2812088927055525,22.352275586115887,60.82541911636971,0,0,0,0.7669923408123716,0.1750251859924415,0.10652275435564934,1.446689207072857,0,36.58786568696573,0,0,0,0.3845049648892704,0,0,5.680056668765417,53.113069110013456,89.06287156032661,0,0,0,1.446015298022108,0.8934754266647189,0.07165739116024472,0.011587366694011485,17.638967272828324,4.5758060714528295,32.547526931602796,PRELIMINARY_WEATHER_PENDING,PRESEASON_ROLE_ESTIMATE,-6.1688262018290105,7.69353032482483,DAL|RB|javontewilliams,7300,17.06121274845971,TRUE,NA,NA,10.913664010983208,9.089638965066408,NA,0.03
16,2026_05_LV_NE,2026,5,2026-10-11,00-0040122,Ashton Jeanty,RB,7,21,1,LV,NE,45,3.5,20.75,NA,NA,NA,0,PENDING,4.220058108645879,36.16782262777252,60.59539207972178,0,0,0,0.3295973395535876,0.23827552368474333,0.0913029242959275,2.385538423013183,12.190035453481382,36.3578386503178,0,0,0,0,0,0,6.618905884705743,66.9286161516701,88.83284452367869,0,0,0,1.0086202967633242,0.9567257643570208,0.05643756110052287,0.011587366694011485,17.544862047456416,4.5799599341695725,32.34128181495923,PRELIMINARY_WEATHER_PENDING,PRESEASON_ROLE_ESTIMATE,-6.1688262018290105,7.69353032482483,LV|RB|ashtonjeanty,7200,17.144185643621462,TRUE,NA,NA,10.831573109945243,9.021268099699727,NA,0.03
17,2026_05_LV_NE,2026,5,2026-10-11,00-0039338,Brock Bowers,TE,1,31,1,LV,NE,45,3.5,20.75,NA,NA,NA,0,PENDING,5.91809274004205,72.7255600915031,2.1606218077148047,0,0,0,0.049980130290840884,0.4164794484409738,0.057975096326315395,4.083573054409355,48.74777291721196,0,0,0,0,0,0.1184802077612776,0,8.316940516101916,103.48635361540067,30.39807425167171,0,0,0,0.7290030875005774,1.1349296891132512,0.02310973313091077,0.007612179487179487,17.52324184388984,5.209395765002393,33.18960593202556,PRELIMINARY_WEATHER_PENDING,PRESEASON_ROLE_ESTIMATE,-4.62876953571906,6.884203292465299,LV|TE|brockbowers,7000,16.104742568676457,TRUE,NA,NA,10.916976264932956,8.737519653715614,NA,0.03
18,2026_05_HOU_TEN,2026,5,2026-10-11,00-0036554,Nico Collins,WR,5,68,1,HOU,TEN,39.5,-7,23.25,NA,NA,NA,0,PENDING,5.460935992188128,75.62278806110133,2.490588857793065,0,0,0,0.04530842219876543,0.5244212234170065,0.052361885702433504,3.6264163065554325,51.645000886810195,0,0,0,0,0,0.2264219827373103,0,7.8597837682479925,106.3835815849989,30.72804130174997,0,0,0,0.7243313794085019,1.242871464089284,0.017496522507028878,0.01054115751309252,17.34774909793851,4.7183074189585295,32.79628031345706,PRELIMINARY_WEATHER_PENDING,PRESEASON_ROLE_ESTIMATE,-6.3266834797858325,8.415152130530581,HOU|WR|nicocollins,7500,16.607010101393517,TRUE,NA,NA,10.955120130510545,9.363649113143236,NA,0.03
19,2026_05_DET_ARI,2026,5,2026-10-11,00-0037744,Trey McBride,TE,2,66,1,ARI,DET,54.5,4.5,25,NA,NA,NA,0,PENDING,6.250385019754008,65.60844728452254,1.7383318496756577,0,0,0,0.043154332340131905,0.48953508229960707,0.05811696320582096,4.415865334121312,41.6306601102314,0,0,0,0,0,0.19153584161991088,0,8.649232795813873,96.3692408084201,29.97578429363256,0,0,0,0.7221772895498684,1.2079853229718847,0.023251600010416332,0.007612179487179487,17.287454325360265,5.20436916602131,32.66023145782029,PRELIMINARY_WEATHER_PENDING,PRESEASON_ROLE_ESTIMATE,-4.62876953571906,6.884203292465299,ARI|TE|treymcbride,6700,16.08018985357498,TRUE,NA,NA,10.712392622629332,8.573778929903789,NA,0.03
20,2026_05_CIN_MIA,2026,5,2026-10-11,00-0036410,Tee Higgins,WR,6,71,1,CIN,MIA,42.5,-7,24.75,NA,NA,NA,0,PENDING,5.6431160849150634,86.17484906687528,1.890748442913429,0,0,0,0.04395842565247185,0.4775620362493188,0.05290060707252867,3.8085963992823677,62.197061892584145,0,0,0,0,0,0.17956279556962262,0,8.041963860974928,116.93564259077286,30.12820088687033,0,0,0,0.7229813828622084,1.1960122769215964,0.018035243877124046,0.01054115751309252,17.27502438850975,4.71905928907924,32.633677899088354,PRELIMINARY_WEATHER_PENDING,PRESEASON_ROLE_ESTIMATE,-6.3266834797858325,8.415152130530581,CIN|WR|teehiggins,7100,17.494079708185804,TRUE,NA,NA,10.891384553261457,9.309172523724376,NA,0.03
21,2026_05_BUF_LA,2026,5,2026-10-12,00-0026498,Matthew Stafford,QB,6,78,1,LAR,BUF,54.5,-3,28.75,70,0,0,1,VERIFIED_DOME,0,0,8.648667999030707,270.57872903039606,1.8649916770702983,0.8497923292917638,0.09090670256948158,0,0.20685231470329815,0,0,0,158.89297800641103,0.6617410614649919,0.11033497185155783,0,0,0.08727504151921125,0,0,36.88612044298761,368.40638840847646,3.3438170247187067,2.164344201747653,0.769929659779218,0,0.17198695150789353,0.06834884860362567,17.185904022443573,2.2763480242404786,32.31274593318247,PRELIMINARY_DEPTH_CHART_PENDING,PRESEASON_ROLE_ESTIMATE,-9.530032875963698,10.272825239656692,LAR|QB|mattstafford,6000,17.716831294034122,TRUE,NA,NA,11.719234455303157,9.698777316820307,NA,0.03
22,2026_05_CIN_MIA,2026,5,2026-10-11,00-0036900,Ja'Marr Chase,WR,7,82,2,CIN,MIA,42.5,-7,24.75,NA,NA,NA,0,PENDING,4.691403043907721,57.15860460661777,1.8517683022173426,0,0,0,0.04286345759131106,0.46585352484975984,0.04000330316454923,2.8568833582750255,33.180817432326634,0,0,0,0,0,0.16785428417006365,0,7.0902508199675855,87.91939813051533,30.08922074617425,0,0,0,0.7218864148010475,1.1843037655220372,0.005137939969144606,0.01054115751309252,16.480804842003838,4.699972823661714,30.89130340608903,PRELIMINARY_WEATHER_PENDING,PRESEASON_ROLE_ESTIMATE,-6.3266834797858325,8.415152130530581,CIN|WR|jamarrchase,8100,13.585817938134744,TRUE,NA,NA,10.219013102780849,8.73447774530188,NA,0.03
23,2026_05_BUF_LA,2026,5,2026-10-12,00-0031381,Davante Adams,WR,8,82,2,LAR,BUF,54.5,-3,28.75,70,0,0,1,VERIFIED_DOME,4.881075627611305,82.45129156248461,2.0253045942782077,0,0,0,0.04201430201143745,0.5157577310949923,0.04694506578506547,3.0465559419786095,58.473504388193476,0,0,0,0,0,0.21775849041529616,0,7.2799234036711695,113.21208508638219,30.26275703823511,0,0,0,0.7210372592211739,1.2342079717672698,0.012079702589660846,0.01054115751309252,16.321676692014417,4.690297026151834,30.549362793664663,PRELIMINARY_DEPTH_CHART_PENDING,PRESEASON_ROLE_ESTIMATE,-6.3266834797858325,8.415152130530581,LAR|WR|davanteadams,6800,16.60255962538222,TRUE,NA,NA,10.089374080184482,8.623671628664011,NA,0.03
24,2026_05_PHI_JAX,2026,5,2026-10-11,00-0036971,Trevor Lawrence,QB,7,81,1,JAX,PHI,43,-7,25,NA,NA,NA,0,PENDING,0,0,10.060753327686063,243.45894949993027,1.5600953117574452,0.5827283207827622,0.12369585091056041,0,0.1490775428430649,0,0,0,131.77319847594524,0.35684469615213876,0,0,0,0.029500269658978007,0,0,38.29820577164297,341.28660887801067,3.0389206594058535,1.8972801932386512,0.802718808120297,0,0.11421217964766028,0.06834884860362567,16.03074796035136,2.4409204999371905,29.818628136842122,PRELIMINARY_WEATHER_PENDING,PRESEASON_ROLE_ESTIMATE,-9.530032875963698,10.272825239656692,JAX|QB|trevorlawrence,5900,16.400075635214556,TRUE,NA,NA,10.681899195046793,8.840284065363972,NA,0.03
25,2026_05_PHI_JAX,2026,5,2026-10-11,00-0036389,Jalen Hurts,QB,8,82,1,PHI,JAX,43,7,18,NA,NA,NA,0,PENDING,0,0,23.28083623787314,200.88159957753476,1.246734499899896,0.6808356029158681,0.2288424236897118,0,0.18937205726443734,0,0,0,89.19584855354972,0.04348388429458949,0,0,0,0.06979478408035045,0,0,51.51828868183004,298.70925895561516,2.7255598475483045,1.995387475371757,0.9078653808994483,0,0.15450669406903272,0.06834884860362567,15.958440766365907,2.447224700873413,29.66656389687179,PRELIMINARY_WEATHER_PENDING,PRESEASON_ROLE_ESTIMATE,-9.530032875963698,10.272825239656692,PHI|QB|jalenhurts,6400,15.119622525473199,TRUE,NA,NA,10.620108933280676,8.789146766976158,NA,0.03
26,2026_05_IND_PIT,2026,5,2026-10-11,00-0037228,Jaylen Warren,RB,8,68,1,PIT,IND,44.5,-2.5,23.5,NA,NA,NA,0,PENDING,3.1314113642186183,25.53774263245424,69.0151778471537,0,0,0,0.4135089739789189,0.1598112722613166,0.11490253480447868,1.2968916785859228,1.559955458163099,44.77762441774971,0,0,0,0.031021598055817723,0,0,5.530259140278483,56.29853615635181,97.25263029111059,0,0,0,1.0925319311886554,0.8782615129335941,0.08003717160907406,0.011587366694011485,15.82383635068605,4.531051262097439,28.7119235151631,PRELIMINARY_WEATHER_PENDING,PRESEASON_ROLE_ESTIMATE,-6.1688262018290105,7.69353032482483,PIT|RB|jaylenwarren,6700,15.819994553399892,TRUE,NA,NA,9.434597055429442,7.857771773845035,NA,0.03
27,2026_05_HOU_TEN,2026,5,2026-10-11,00-0039163,C.J. Stroud,QB,9,50,1,HOU,TEN,39.5,-7,23.25,NA,NA,NA,0,PENDING,0,0,12.63430015720223,234.94925895771846,1.5161407265123554,0.5231218033180902,0.12234090994903138,0,0.2307746913149942,0,0,0,123.26350793373342,0.312890110907049,0,0,0,0.1111974181309073,0,0,40.87175260115913,332.7769183357989,2.994966074160764,1.8376736757739793,0.8013638671587678,0,0.19590932811958958,0.06834884860362567,15.79935806258056,2.4594974665572558,29.33362845746418,PRELIMINARY_WEATHER_PENDING,PRESEASON_ROLE_ESTIMATE,-9.530032875963698,10.272825239656692,HOU|QB|cjstroud,5900,16.088913447713654,TRUE,NA,NA,10.485419816974998,8.677678756754982,NA,0.03
28,2026_05_DET_ARI,2026,5,2026-10-11,00-0033119,Jacoby Brissett,QB,10,51,1,ARI,DET,54.5,4.5,25,NA,NA,NA,0,PENDING,0,0,13.087154127370315,252.26994900910537,1.4913368172347266,0.6837807321400348,0.17498230982177906,0,0.1917582641011814,0,0,0,140.58419798512034,0.2880862016294201,0,0,0,0.07218099091709451,0,0,41.32460657132722,350.0976083871858,2.970162164883135,1.998332604595924,0.8540052670315156,0,0.1568929009057768,0.06834884860362567,15.62452034213586,2.470480030520605,28.970262382024345,PRELIMINARY_WEATHER_PENDING,PRESEASON_ROLE_ESTIMATE,-9.530032875963698,10.272825239656692,ARI|QB|jacobybrissett,5500,16.800374205695643,TRUE,NA,NA,10.339361042334662,8.556801276591315,NA,0.03
29,2026_05_DET_ARI,2026,5,2026-10-11,00-0038559,Michael Wilson,WR,9,50,1,ARI,DET,54.5,4.5,25,NA,NA,NA,0,PENDING,5.580072799384427,76.01097572031425,1.9074625994661005,0,0,0,0.04118057818987214,0.4759718204795772,0.05684929735702918,3.745553113751731,52.03318854602311,0,0,0,0,0,0.17797257979988101,0,7.978920575444291,106.77176924421181,30.144915043423005,0,0,0,0.7202035353996086,1.1944220611518546,0.02198393416162455,0.01054115751309252,15.317176135151055,4.586428747478767,28.443194703351786,PRELIMINARY_WEATHER_PENDING,PRESEASON_ROLE_ESTIMATE,-6.3266834797858325,8.415152130530581,ARI|WR|michaelwilson,6200,16.382214743691282,TRUE,NA,NA,9.30814122351659,7.955929946386744,NA,0.03
30,2026_05_LV_NE,2026,5,2026-10-11,00-0039851,Drake Maye,QB,11,34,1,NE,LV,45,-3.5,24.25,NA,NA,NA,0,PENDING,0,0,27.01499376859664,183.1113308935448,1.0578925843283475,0.7052487559553723,0.27047040586516513,0,0.18645579175242524,0,0,2.7774403391926583,71.42557986955975,0,0,0,0,0.06687851856833835,0,0,55.252446212553544,280.9389902716252,2.536717931976756,2.0198006284112613,0.9494933630749016,0,0.15159042855702062,0.06834884860362567,15.123616556664855,2.4877376322493276,27.943645732309488,PRELIMINARY_WEATHER_PENDING,PRESEASON_ROLE_ESTIMATE,-9.530032875963698,10.272825239656692,NE|QB|drakemaye,6300,14.233633986897493,TRUE,NA,NA,9.9320749512525,8.21973343169838,NA,0.03
31,2026_05_CHI_GB,2026,5,2026-10-11,00-0036275,D'Andre Swift,RB,9,80,1,CHI,GB,45,-3,24,NA,NA,NA,0,PENDING,2.477041623936219,18.725153349536924,73.45244610694512,0,0,0,0.6384183764331814,0.1044614904182369,0.13316558125941186,0.6425219383035234,0,49.21489267754114,0,0,0,0.2559310005100803,0,0.013588308075324962,4.875889399996083,49.48594687343449,101.68989855090203,0,0,0,1.3174413336429178,0.8229117310905144,0.09830021806400724,0.011587366694011485,15.118940951974327,4.447099195098234,27.298365751894508,PRELIMINARY_WEATHER_PENDING,PRESEASON_ROLE_ESTIMATE,-6.1688262018290105,7.69353032482483,CHI|RB|dandreswift,6200,15.908924341562132,TRUE,NA,NA,8.915827763088675,7.425705552198933,NA,0.03
32,2026_05_CLE_NYJ,2026,5,2026-10-11,00-0037740,Garrett Wilson,WR,10,62,1,NYJ,CLE,40,-2,21,NA,NA,NA,0,PENDING,5.130190423476121,65.70168034350603,1.9291101834296855,0,0,0,0.0405675243594999,0.39357108470924956,0.047738806010645424,3.295670737843425,41.72389316921489,0,0,0,0,0,0.09557184402955338,0,7.529038199535985,96.46247386740359,30.16656262738659,0,0,0,0.7195904815692364,1.112021325381527,0.012873442815240797,0.01054115751309252,14.771324071090515,4.50038717269725,27.334895234456834,PRELIMINARY_WEATHER_PENDING,PRESEASON_ROLE_ESTIMATE,-6.3266834797858325,8.415152130530581,NYJ|WR|garrettwilson,6600,14.423705833587082,TRUE,NA,NA,8.909289138415756,7.615019857913282,NA,0.03
33,2026_05_CLE_NYJ,2026,5,2026-10-11,00-0033537,Deshaun Watson,QB,12,23,1,CLE,NYJ,40,2,19,NA,NA,NA,0,PENDING,0,0,35.95062766990214,201.74381297908377,1.2007774067908041,0.6217804650785123,0.25809361822212534,0,0.211681078131976,0,0,11.713074240498159,90.05806195509874,0,0,0,0,0.09210380494788911,0,0,64.18808011385904,299.57147235716417,2.6796027544392125,1.9363323375344015,0.9371165754318618,0,0.1768157149365714,0.06834884860362567,14.687034041209685,2.4861027326286305,27.0657768482345,PRELIMINARY_WEATHER_PENDING,PRESEASON_ROLE_ESTIMATE,-9.530032875963698,10.272825239656692,CLE|QB|deshaunwatson,5100,16.48626123343581,TRUE,NA,NA,9.590196689662843,7.936796765377205,NA,0.03
34,2026_05_CIN_MIA,2026,5,2026-10-11,00-0038597,Chase Brown,RB,10,49,1,CIN,MIA,42.5,-7,24.75,NA,NA,NA,0,PENDING,3.440890612575039,19.31306167908939,55.63625069216415,0,0,0,0.3636749251305928,0.12111843350747442,0.07656396076139403,1.6063709269423436,0,31.398697262760166,0,0,0,0,0,0,5.8397383886349035,50.07385520298696,83.87370313612105,0,0,0,1.0426978823403292,0.8395686741797519,0.041698597565989405,0.011587366694011485,14.617471573169489,4.3664781115947395,26.316595944956475,PRELIMINARY_WEATHER_PENDING,PRESEASON_ROLE_ESTIMATE,-6.1688262018290105,7.69353032482483,CIN|RB|chasebrown,6900,13.71462881339403,TRUE,NA,NA,8.564228573297594,7.132869920426275,NA,0.03
35,2026_05_IND_PIT,2026,5,2026-10-11,00-0023459,Aaron Rodgers,QB,13,71,1,PIT,IND,44.5,-2.5,23.5,NA,NA,NA,0,PENDING,0,0,5.362468285961027,245.9768936428186,1.5976851834994652,0.678508961285375,0.06648450600559255,0,0.2143088367200364,0,0,0,134.29114261883356,0.39443456789415876,0,0,0,0.0947315635359495,0,0,33.59992072991793,343.804553020899,3.076510531147874,1.993060833741264,0.745507463215329,0,0.17944347352463177,0.06834884860362567,14.317492738117984,2.472998478585705,26.334603924942915,PRELIMINARY_WEATHER_PENDING,PRESEASON_ROLE_ESTIMATE,-9.530032875963698,10.272825239656692,PIT|QB|aaronrodgers,5300,15.516032445536695,TRUE,NA,NA,9.310029436737109,7.704931807989791,NA,0.03
36,2026_05_LV_NE,2026,5,2026-10-11,00-0029604,Kirk Cousins,QB,14,69,1,LV,NE,45,3.5,20.75,NA,NA,NA,0,PENDING,0,0,6.746813648468029,246.9773160569097,1.5302040318141903,0.8423832721145417,0.08802826917490714,0,0.22595819271030448,0,0,0,135.29156503292467,0.32695341620888385,0.10292591467433565,0,0,0.10638091952621759,0,0,34.98426609242493,344.80497543499007,3.009029379462599,2.156935144570431,0.7670512263846436,0,0.19109282951489986,0.06834884860362567,14.260519908921612,2.4700439960511407,26.22282550728159,PRELIMINARY_WEATHER_PENDING,PRESEASON_ROLE_ESTIMATE,-9.530032875963698,10.272825239656692,LV|QB|kirkcousins,5400,15.202774516986954,TRUE,NA,NA,9.267569844412973,7.669792470818462,NA,0.03
37,2026_05_DET_ARI,2026,5,2026-10-11,00-0039065,Sam LaPorta,TE,3,46,1,DET,ARI,54.5,-4.5,29.5,NA,NA,NA,0,PENDING,4.8522867915362955,59.53530134694483,1.938013214077685,0,0,0,0.0469279834041692,0.44731978478867646,0.04046772686020582,3.0177671059035998,35.55751417265368,0,0,0,0,0,0.14932054410898027,0,7.25113456759616,90.2960948708424,30.17546565803459,0,0,0,0.7259509406139056,1.165770025460954,0.005602363664801192,0.007612179487179487,14.118898561801709,4.748214817291187,26.040806823102677,PRELIMINARY_WEATHER_PENDING,PRESEASON_ROLE_ESTIMATE,-4.62876953571906,6.884203292465299,DET|TE|samlaporta,4900,13.899393762049568,TRUE,NA,NA,8.307683186036478,6.649143806238939,NA,0.03
38,2026_05_CHI_GB,2026,5,2026-10-11,00-0038124,Christian Watson,WR,11,51,2,GB,CHI,45,3,21,NA,NA,NA,0,PENDING,4.56274643593985,61.567965152461326,1.9615541007613508,0,0,0,0.04034658923977452,0.4445897394418494,0.04131517196639044,2.7282267503071544,37.59017797817019,0,0,0,0,0,0.1465904987621532,0,6.9615942119997145,92.32875867635889,30.199006544718255,0,0,0,0.719369546449511,1.163039980114127,0.006449808770985811,0.01054115751309252,14.097891232788204,4.36717808785953,26.000652224897898,PRELIMINARY_WEATHER_PENDING,PRESEASON_ROLE_ESTIMATE,-6.3266834797858325,8.415152130530581,GB|WR|christianwatson,6400,13.763768304445264,TRUE,NA,NA,8.440684407740292,7.214490222589278,NA,0.03
39,2026_05_CHI_GB,2026,5,2026-10-11,00-0036264,Jordan Love,QB,15,61,1,GB,CHI,45,3,21,NA,NA,NA,0,PENDING,0,0,2.8269509566932736,234.65213278871818,1.4899010351980542,0.9629724005072815,0.07179547771251102,0,0.21241267428790148,0,0,0,122.96638176473314,0.28665041959274773,0.22351504306707548,0,0,0.09283540110381458,0,0,31.06440340065018,332.4797921667986,2.9687263828464627,2.277524272963171,0.7508184349222475,0,0.17754731109249686,0.06834884860362567,13.778826233822898,2.4353285060501637,25.287639565589735,PRELIMINARY_WEATHER_PENDING,PRESEASON_ROLE_ESTIMATE,-9.530032875963698,10.272825239656692,GB|QB|jordanlove,5700,13.845084961902225,TRUE,NA,NA,8.916235294397024,7.379029829512314,NA,0.03
40,2026_05_DEN_LAC,2026,5,2026-10-11,00-0039732,Bo Nix,QB,16,38,1,DEN,LAC,42.5,-3.5,23,70,0,0,1,VERIFIED_DOME,0,0,9.831202845516263,216.09730825013133,1.227214846684114,0.6266168440954881,0.15270259456724783,0,0.18850144816690384,0,0,0,104.4115572261463,0.02396423107880752,0,0,0,0.06892417498281694,0,0,38.06865528947317,313.92496762821173,2.7060401943325223,1.9411687165513771,0.8317255517769844,0,0.15363608497149922,0.06834884860362567,13.687225863994598,2.4267893944206715,25.11176743596981,PRELIMINARY_DEPTH_CHART_PENDING,PRESEASON_ROLE_ESTIMATE,-9.530032875963698,10.272825239656692,DEN|QB|bonix,5600,13.958548681379291,TRUE,NA,NA,8.850947343561895,7.324997861892203,NA,0.03
41,2026_05_CLE_NYJ,2026,5,2026-10-11,00-0030565,Geno Smith,QB,17,72,1,NYJ,CLE,40,-2,21,NA,NA,NA,0,PENDING,0,0,10.541046808330904,226.6203175236109,1.4138007101444952,0.5767248559721266,0.09528562929550347,0,0.20240477170363447,0,0,0,114.93456649962587,0.21055009453918871,0,0,0,0.08282749851954757,0,0,38.77849925228781,324.4479769016913,2.8926260577929037,1.8912767284280156,0.7743085865052399,0,0.16753940850822985,0.06834884860362567,13.349514979267617,2.390087238061845,24.46866104192475,PRELIMINARY_WEATHER_PENDING,PRESEASON_ROLE_ESTIMATE,-9.530032875963698,10.272825239656692,NYJ|QB|genosmith,5000,14.924272439984257,TRUE,NA,NA,8.614347953126376,7.129189440285695,NA,0.03
42,2026_05_PHI_JAX,2026,5,2026-10-11,00-0038606,Parker Washington,WR,12,42,1,JAX,PHI,43,-7,25,NA,NA,NA,0,PENDING,4.014712081754732,59.8006602723363,2.0376959287557628,0,0,0,0.04096775983641904,0.39936819445705896,0.04474502982814411,2.1801923961220364,35.822873098045164,0,0,0,0,0,0.10136895377736277,0,6.4135598578145965,90.56145379623388,30.275148372712668,0,0,0,0.7199907170461555,1.1178184351293363,0.009879666632739481,0.01054115751309252,13.232971571281887,4.154619367400667,24.337754424870212,PRELIMINARY_WEATHER_PENDING,PRESEASON_ROLE_ESTIMATE,-6.3266834797858325,8.415152130530581,JAX|WR|parkerwashington,6200,12.772155682994702,TRUE,NA,NA,7.874808840214414,6.730820468822173,NA,0.03
43,2026_05_DEN_LAC,2026,5,2026-10-11,00-0036355,Justin Herbert,QB,18,84,1,LAC,DEN,42.5,3.5,19.5,70,0,0,1,VERIFIED_DOME,0,0,20.513705846295167,210.14234154987975,1.2493724431882518,0.8137158494062418,0.1582423158842639,0,0.22518502105397184,0,0,0,98.45659052589471,0.04612182758294536,0.07425849196603573,0,0,0.10560774786988494,0,0,48.75115829025207,307.97000092796014,2.7281977908366604,2.128267721862131,0.8372652730940005,0,0.19031965785856722,0.06834884860362567,13.182402463012625,2.3689360586764874,24.153460006590237,PRELIMINARY_DEPTH_CHART_PENDING,PRESEASON_ROLE_ESTIMATE,-9.530032875963698,10.272825239656692,LAC|QB|justinherbert,5100,14.462903870970122,TRUE,NA,NA,8.499619175932011,7.0342405026154795,NA,0.03
44,2026_05_TB_DAL,2026,5,2026-10-08,00-0037247,George Pickens,WR,13,69,2,DAL,TB,47.5,-8.5,28,NA,NA,NA,0,PENDING,4.231307307594562,55.23069179929635,1.8734158861809276,0,0,0,0.04096775983641904,0.35560263825840127,0.03990754519862581,2.3967876219618667,31.25290462500521,0,0,0,0,0,0.057603397578705084,0,6.630155083654427,85.99148532319393,30.110868330137833,0,0,0,0.7199907170461555,1.0740528789306787,0.005042182003221186,0.01054115751309252,13.084892182268831,4.11375941436695,24.058522539512527,PRELIMINARY_WEATHER_PENDING,PRESEASON_ROLE_ESTIMATE,-6.3266834797858325,8.415152130530581,DAL|WR|georgepickens,6300,12.262407689340145,TRUE,NA,NA,7.7818037944383835,6.651326441917513,NA,0.03
45,2026_05_CHI_GB,2026,5,2026-10-11,00-0040667,Matthew Golden,WR,14,18,1,GB,CHI,45,3,21,NA,NA,NA,0,PENDING,4.4520068540211,62.25175057743312,2.280166833524565,0,0,0,0.04121805075387848,0.4078208497606265,0.04810332880240163,2.6174871683884042,38.27396340314198,0,0,0,0,0,0.1098216090809303,0,6.850854630080964,93.01254410133069,30.51761927748147,0,0,0,0.720241007963615,1.1262710904329039,0.013237965606997006,0.01054115751309252,12.936139807078483,4.0714388296642845,23.77958112830097,PRELIMINARY_WEATHER_PENDING,PRESEASON_ROLE_ESTIMATE,-6.3266834797858325,8.415152130530581,GB|WR|mattgolden,5700,13.524307655625282,TRUE,NA,NA,7.689481973717005,6.572416386671847,NA,0.03
46,2026_05_SF_SEA,2026,5,2026-10-11,00-0031408,Mike Evans,WR,15,74,1,SF,SEA,47,3,22,NA,NA,NA,0,PENDING,3.922846640922611,53.13947159542605,1.7784686509337284,0,0,0,0.04015480228700488,0.3041793406976779,0.03898854468933358,2.088326955289915,29.16168442113491,0,0,0,0,0,0.006180100017981693,0,6.321694416982475,83.90026511932362,30.015921094890633,0,0,0,0.7191777594967413,1.0226295813699553,0.004123181493928957,0.01054115751309252,12.893137670466489,4.058968628978688,23.69923184862293,PRELIMINARY_WEATHER_PENDING,PRESEASON_ROLE_ESTIMATE,-6.3266834797858325,8.415152130530581,SF|WR|mikeevans,6500,11.423750749114204,TRUE,NA,NA,7.66299774469147,6.549779571678229,NA,0.03
47,2026_05_SF_SEA,2026,5,2026-10-11,00-0033288,George Kittle,TE,4,75,1,SF,SEA,47,3,22,NA,NA,NA,0,PENDING,3.8172553915217655,54.76075271718983,2.201741303034405,0,0,0,0.04731309697178767,0.37738007203174273,0.03964696520147922,1.98273570588907,30.78296554289869,0,0,0,0,0,0.07938083135204654,0,6.21610316758163,85.5215462410874,30.439193746991307,0,0,0,0.7263360541815241,1.0958303127040203,0.004781602006074595,0.007612179487179487,12.693250542072626,4.335385153310925,23.32659461192143,PRELIMINARY_WEATHER_PENDING,PRESEASON_ROLE_ESTIMATE,-4.62876953571906,6.884203292465299,SF|TE|georgekittle,5200,11.997594236136772,TRUE,NA,NA,7.409757884748538,5.93047961047868,NA,0.03
48,2026_05_PHI_JAX,2026,5,2026-10-11,00-0040719,Bhayshul Tuten,RB,11,19,1,JAX,PHI,43,-7,25,NA,NA,NA,0,PENDING,1.7056314696237527,13.39916486495082,64.96848837715835,0,0,0,0.5629817619981415,0.08219065673384147,0.08024327296767826,0,0,40.73093494775437,0,0,0,0.18049438607504037,0,0,4.104479245683617,44.15995838884839,93.20594082111526,0,0,0,1.242004719207878,0.800640897406119,0.045377909772273635,0.011587366694011485,12.610701101621594,3.8841796510888056,22.56999530715771,PRELIMINARY_WEATHER_PENDING,PRESEASON_ROLE_ESTIMATE,-6.1688262018290105,7.69353032482483,JAX|RB|bhayshultuten,5800,13.276119493679236,TRUE,NA,NA,7.290603065184902,6.072108288604638,NA,0.03
49,2026_05_NYG_WAS,2026,5,2026-10-11,00-0037838,Isaiah Likely,TE,5,59,1,NYG,WAS,43.5,3.5,20,NA,NA,NA,0,PENDING,4.728716988184626,55.093851156546016,2.217819349943028,0,0,0,0.04748445944461046,0.3254280841800876,0.042280215185882514,2.8941973025519303,31.116063982254875,0,0,0,0,0,0.02742884350039143,0,7.12756476424449,85.85464468044358,30.455271793899932,0,0,0,0.7265074166543469,1.043878324852365,0.007414851990477887,0.007612179487179487,12.593147328146614,4.3021393780790564,23.141431623017517,PRELIMINARY_WEATHER_PENDING,PRESEASON_ROLE_ESTIMATE,-4.62876953571906,6.884203292465299,NYG|TE|isaiahlikely,4300,12.628023229184315,TRUE,NA,NA,7.350484683940095,5.883039665164703,NA,0.03
50,2026_05_NYG_WAS,2026,5,2026-10-11,00-0039337,Malik Nabers,WR,16,23,1,NYG,WAS,43.5,3.5,20,NA,NA,NA,0,PENDING,4.164134739402349,50.22227461437247,1.8970311883910065,0,0,0,0.04019134210966864,0.2875376163273339,0.0413949574952353,2.329615053769653,26.244487440081333,0,0,0,0,0,0,0,6.562982515462213,80.98306813827004,30.134483632347912,0,0,0,0.7192142993194052,1.0059878569996115,0.006529594299830674,0.01054115751309252,12.518138558162029,3.945804820229343,23.003951684858507,PRELIMINARY_WEATHER_PENDING,PRESEASON_ROLE_ESTIMATE,-6.3266834797858325,8.415152130530581,NYG|WR|maliknabers,6300,11.280731470336425,TRUE,NA,NA,7.435874703327805,6.355651124020561,NA,0.03
51,2026_05_HOU_TEN,2026,5,2026-10-11,00-0041438,Carnell Tate,WR,17,4,1,TEN,HOU,39.5,7,16.25,NA,NA,NA,0,PENDING,4.658080537391403,68.41381414775411,1.9459715610838901,0,0,0,0.041813443190815286,0.3084690845547513,0.05861115425647692,2.8235608517587076,44.43602697346297,0,0,0,0,0,0.010469843875055118,0,7.056928313451268,99.17460767165167,30.183424005040795,0,0,0,0.7208364004005517,1.0269193252270288,0.023745791061072295,0.01054115751309252,12.452491168490607,3.9251895622540847,22.883220285149857,PRELIMINARY_WEATHER_PENDING,PRESEASON_ROLE_ESTIMATE,-6.3266834797858325,8.415152130530581,TEN|WR|carnelltate,5300,13.699614281261834,TRUE,NA,NA,7.396812611352232,6.322263656012253,NA,0.03
52,2026_05_DEN_LAC,2026,5,2026-10-11,00-0036613,Jaylen Waddle,WR,18,82,1,DEN,LAC,42.5,-3.5,23,70,0,0,1,VERIFIED_DOME,3.862503286965069,54.47708658959131,2.810149824038204,0,0,0,0.04116423285613926,0.3105368591892942,0.04602282131004023,2.027983601332373,30.499299415300168,0,0,0,0,0,0.012537618509598003,0,6.261351063024933,85.23788011348887,31.04760226799511,0,0,0,0.7201871900658757,1.0289870998615718,0.011157458114635602,0.01054115751309252,12.427624650909808,3.9173188844988918,22.83756418963254,PRELIMINARY_DEPTH_CHART_PENDING,PRESEASON_ROLE_ESTIMATE,-6.3266834797858325,8.415152130530581,DEN|WR|jaylenwaddle,6100,11.630470153006724,TRUE,NA,NA,7.382069959084529,6.309662696717667,NA,0.03
53,2026_05_DET_ARI,2026,5,2026-10-11,00-0037240,Jameson Williams,WR,19,54,2,DET,ARI,54.5,-4.5,29.5,NA,NA,NA,0,PENDING,3.7253335705313306,58.20880642156326,1.794720393698474,0,0,0,0.04096775983641904,0.3682208722840889,0.03855514598925891,1.8908138848986351,34.231019247272116,0,0,0,0,0,0.07022163160439271,0,6.124181346591195,88.96959994546083,30.032172837655377,0,0,0,0.7199907170461555,1.0866711129563664,0.0036897827938542835,0.01054115751309252,12.420582193523895,3.915083668132729,22.824641439606477,PRELIMINARY_WEATHER_PENDING,PRESEASON_ROLE_ESTIMATE,-6.3266834797858325,8.415152130530581,DET|WR|jamesonwilliams,5900,12.124790067828219,TRUE,NA,NA,7.377900027886754,6.306098539310285,NA,0.03
54,2026_05_DET_ARI,2026,5,2026-10-11,00-0041027,Jeremiyah Love,RB,12,4,1,ARI,DET,54.5,4.5,25,NA,NA,NA,0,PENDING,2.3462616864191017,16.134543067353913,57.22697647115726,0,0,0,0.3457936091747697,0.11983763248649144,0.08190745874821151,0.5117420007864062,0,32.98942304175328,0,0,0,0,0,0,4.7451094624789665,46.89533659125148,85.46442891511415,0,0,0,1.0248165663845061,0.838287873158769,0.04704209555280688,0.011587366694011485,12.395680512606255,3.8184143242323962,22.18463455729003,PRELIMINARY_WEATHER_PENDING,PRESEASON_ROLE_ESTIMATE,-6.1688262018290105,7.69353032482483,ARI|RB|jeremiyahlove,6100,12.335560906129388,TRUE,NA,NA,7.165907231001807,5.968253147743469,NA,0.03
55,2026_05_IND_PIT,2026,5,2026-10-11,00-0038997,Josh Downs,WR,20,51,1,IND,PIT,44.5,2.5,21,NA,NA,NA,0,PENDING,4.1235611989845875,55.25152762708057,1.8517683022173426,0,0,0,0.04111877768728663,0.30184773681073473,0.046044651004258634,2.2890415133518918,31.27374045278943,0,0,0,0,0,0.003848496131038548,0,6.522408975044452,86.01232115097814,30.08922074617425,0,0,0,0.7201417348970232,1.020297977483012,0.011179287808854008,0.01054115751309252,12.391225939966237,3.905737007224932,22.770809138372407,PRELIMINARY_WEATHER_PENDING,PRESEASON_ROLE_ESTIMATE,-6.3266834797858325,8.415152130530581,IND|WR|joshdowns,6000,11.820682891920173,TRUE,NA,NA,7.360543164708339,6.29126314046743,NA,0.03
56,2026_05_TB_DAL,2026,5,2026-10-08,00-0039361,Bucky Irving,RB,13,31,1,TB,DAL,47.5,8.5,19.5,NA,NA,NA,0,PENDING,2.674114913347079,17.431170642455776,61.98666662338869,0,0,0,0.35245458342501296,0.10825992366148278,0.11362292795615195,0.8395952277143837,0,37.74911319398471,0,0,0,0,0,0,5.0729626894069435,48.191964166353344,90.2241190673456,0,0,0,1.0314775406347494,0.8267101643337602,0.07875756476074733,0.011587366694011485,12.385022336662654,3.815087689701624,22.165609132342993,PRELIMINARY_WEATHER_PENDING,PRESEASON_ROLE_ESTIMATE,-6.1688262018290105,7.69353032482483,TB|RB|buckyirving,5700,13.17611455992622,TRUE,NA,NA,7.159782068919769,5.963151697683049,NA,0.03
57,2026_05_NYG_WAS,2026,5,2026-10-11,00-0040715,Cam Skattebo,RB,14,12,1,NYG,WAS,43.5,3.5,20,NA,NA,NA,0,PENDING,2.1480668954516133,20.20921618688417,57.662288285372746,0,0,0,0.35533785301956233,0.1033879397394553,0.0953986069954795,0.3135472098189178,0,33.424734855968765,0,0,0,0,0,0,4.546914671511478,50.97000971078174,85.89974072932965,0,0,0,1.0343608102292987,0.8218381804117327,0.060533243800074875,0.011587366694011485,12.374500177295205,3.8117973614125713,22.14683352012348,PRELIMINARY_WEATHER_PENDING,PRESEASON_ROLE_ESTIMATE,-6.1688262018290105,7.69353032482483,NYG|RB|camskattebo,6000,12.519949618628477,TRUE,NA,NA,7.1537402101876335,5.958119628297573,NA,0.03
58,2026_05_TB_DAL,2026,5,2026-10-08,00-0035282,Easton Stick,QB,19,5,1,TB,DAL,47.5,8.5,19.5,NA,NA,NA,0,PENDING,0,0,24.639023784706257,222.02521579286363,1.164163357678808,0.48405441956316186,0.22030662488389816,0,0.2882522423134638,0,0,0.40147035530227626,110.3394647688786,0,0,0,0,0.1686749691293769,0,0,52.876476228663165,319.852875170944,2.6429887053272165,1.798606292019051,0.8993295820936347,0,0.2533868791180592,0.06834884860362567,12.326858903824423,2.2307506645729056,22.570103791014375,PRELIMINARY_WEATHER_PENDING,PRESEASON_ROLE_ESTIMATE,-9.530032875963698,10.272825239656692,TB|QB|eastonstick,4000,15.915488563657794,TRUE,NA,NA,7.935760096153519,6.567593668840075,NA,0.03
59,2026_05_CLE_NYJ,2026,5,2026-10-11,00-0040784,Quinshon Judkins,RB,15,18,1,CLE,NYJ,40,2,19,NA,NA,NA,0,PENDING,3.1877830947470507,20.04540957074954,53.006729723071594,0,0,0,0.3399957400983831,0.11914589522606149,0.09224063597169264,1.3532634091143552,0,28.769176293667613,0,0,0,0,0,0,5.586630870806915,50.80620309464711,81.2441821670285,0,0,0,1.0190186973081197,0.8375961358983389,0.05737527277628802,0.011587366694011485,12.32061233228933,3.7948508334028297,22.050785755338577,PRELIMINARY_WEATHER_PENDING,PRESEASON_ROLE_ESTIMATE,-6.1688262018290105,7.69353032482483,CLE|RB|quinshonjudkins,5700,13.086540297520472,TRUE,NA,NA,7.122877456861391,5.932415035878278,NA,0.03
60,2026_05_IND_PIT,2026,5,2026-10-11,00-0035640,DK Metcalf,WR,21,84,1,PIT,IND,44.5,-2.5,23.5,NA,NA,NA,0,PENDING,4.1097308647413495,62.766755680118905,1.6826375524268997,0,0,0,0.040813988481999026,0.4079244243774437,0.04057737359885941,2.275211179108654,38.78896850582777,0,0,0,0,0,0.10992518369774751,0,6.508578640801214,93.52754920401648,29.920089996383805,0,0,0,0.7198369456917355,1.1263746650497213,0.005712010403454787,0.01054115751309252,12.302773278194046,3.877290644480512,22.60895583014083,PRELIMINARY_WEATHER_PENDING,PRESEASON_ROLE_ESTIMATE,-6.3266834797858325,8.415152130530581,PIT|WR|dkmetcalf,5400,13.187028232981053,TRUE,NA,NA,7.308492073999344,6.2467736101337525,NA,0.03
61,2026_05_IND_PIT,2026,5,2026-10-11,00-0040128,Tyler Warren,TE,6,21,1,IND,PIT,44.5,2.5,21,NA,NA,NA,0,PENDING,5.032744362141355,44.80893390530173,2.0261365887887917,0,0,0,0.04929979131101595,0.27312683240597224,0.050822057806528126,3.1982246765086595,20.831146731010588,0,0,0,0,0,0,0,7.4315921382012196,75.5697274291993,30.263589032745696,0,0,0,0.7283227485207524,0.9915770730782497,0.0159566946111235,0.007612179487179487,12.176548588575157,4.158084634304675,22.378087159905384,PRELIMINARY_WEATHER_PENDING,PRESEASON_ROLE_ESTIMATE,-4.62876953571906,6.884203292465299,IND|TE|tylerwarren,5000,11.56439139721364,TRUE,NA,NA,7.108857793835625,5.6896509785981175,NA,0.03
62,2026_05_BUF_LA,2026,5,2026-10-12,00-0038933,Dalton Kincaid,TE,7,45,1,BUF,LAR,54.5,3,25.75,70,0,0,1,VERIFIED_DOME,3.6228788614679326,53.951193253014885,1.4975608611755644,0,0,0,0.04677948906583805,0.34636123874448255,0.05323033498398133,1.788359175835237,29.973406078723745,0,0,0,0,0,0.04836199806478636,0,6.021726637527797,84.71198677691245,29.73501330513247,0,0,0,0.7258024462755746,1.06481147941676,0.018364971788576705,0.007612179487179487,12.136801033025632,4.143867530180136,22.30585833531969,PRELIMINARY_DEPTH_CHART_PENDING,PRESEASON_ROLE_ESTIMATE,-4.62876953571906,6.884203292465299,BUF|TE|daltonkincaid,5100,11.435362328755298,TRUE,NA,NA,7.08622349010517,5.671535369578405,NA,0.03
63,2026_05_DEN_LAC,2026,5,2026-10-11,00-0040666,Omarion Hampton,RB,16,13,1,LAC,DEN,42.5,3.5,19.5,70,0,0,1,VERIFIED_DOME,1.3756478019071146,10.910384689789813,58.379614145006244,0,0,0,0.48902180890090147,0.06660899825858414,0.11426023678180021,0,0,34.14206071560226,0,0,0,0.1065344329778003,0,0,3.774495577966979,41.671178213687384,86.61706658896316,0,0,0,1.168044766110638,0.7850592389308616,0.07939487358639558,0.011587366694011485,11.592971669183637,3.5506961573355458,20.771358310241354,PRELIMINARY_DEPTH_CHART_PENDING,PRESEASON_ROLE_ESTIMATE,-6.1688262018290105,7.69353032482483,LAC|RB|omarionhampton,6000,11.433086788168056,TRUE,NA,NA,6.718947387009679,5.595994700930166,NA,0.03
64,2026_05_HOU_TEN,2026,5,2026-10-11,00-0040676,Cam Ward,QB,20,21,1,TEN,HOU,39.5,7,16.25,NA,NA,NA,0,PENDING,0,0,15.360625972491148,202.08573319503392,0.9255697392384126,0.7606279618446687,0.20805751788747326,0,0.20081977888221259,0,0,0,90.39998217104889,0,0.021170604404462723,0,0,0.08124250569812569,0,0,43.598078416448054,299.9133925731143,2.4043950868868214,2.075179834300558,0.8870804750972098,0,0.16595441568680797,0.06834884860362567,11.581905354438788,2.071555188836644,21.230855563832776,PRELIMINARY_WEATHER_PENDING,PRESEASON_ROLE_ESTIMATE,-9.530032875963698,10.272825239656692,TEN|QB|camward,4900,12.783918205082449,TRUE,NA,NA,7.475341543112029,6.18655367552709,NA,0.03
65,2026_05_CHI_GB,2026,5,2026-10-11,00-0040236,Kyle Monangai,RB,17,21,2,CHI,GB,45,-3,24,NA,NA,NA,0,PENDING,1.1906597954298077,9.082504775674332,68.55143300965346,0,0,0,0.6344340120723511,0.05342539936196659,0.0775766286034842,0,0,44.313879580249484,0,0,0,0.2519466361492499,0,0,3.589507571489672,39.8432982995719,96.78888545361036,0,0,0,1.3134569692820874,0.771875640034244,0.042711265408079575,0.011587366694011485,11.453035972616167,3.500549008226109,20.528949874050042,PRELIMINARY_WEATHER_PENDING,PRESEASON_ROLE_ESTIMATE,-6.1688262018290105,7.69353032482483,CHI|RB|kylemonangai,5200,12.949231518749547,TRUE,NA,NA,6.643933228959786,5.5335178266874046,NA,0.03
66,2026_05_IND_PIT,2026,5,2026-10-11,00-0035710,Daniel Jones,QB,21,60,1,IND,PIT,44.5,2.5,21,NA,NA,NA,0,PENDING,0,0,7.758979577857594,200.2252296952696,1.0686088700752023,0.6430643903600475,0.15011358570036568,0,0.23385353906744055,0,0,0,88.53947867128457,0,0,0,0,0.11427626588335366,0,0,35.9964320218145,298.05288907335,2.5474342177236107,1.9576162628159366,0.8291365429101022,0,0.19898817587203593,0.06834884860362567,11.429915576016906,2.0348350075882173,20.961916295180092,PRELIMINARY_WEATHER_PENDING,PRESEASON_ROLE_ESTIMATE,-9.530032875963698,10.272825239656692,IND|QB|danieljones,5000,12.342885978451823,TRUE,NA,NA,7.384737139130657,6.111569943314027,NA,0.03
67,2026_05_NYG_WAS,2026,5,2026-10-11,00-0031588,Stefon Diggs,WR,22,79,1,WAS,NYG,43.5,-3.5,23.5,NA,NA,NA,0,PENDING,4.077417729535025,47.85495023513087,1.6826375524268997,0,0,0,0.041163427887583336,0.3491363220575133,0.04120646949703185,2.242898043902329,23.87716306083973,0,0,0,0,0,0.05113708137781714,0,6.476265505594889,78.61574375902845,29.920089996383805,0,0,0,0.7201863850973198,1.0675865627297907,0.006341106301627222,0.01054115751309252,11.366267873314314,3.550659668433217,20.92644245508728,PRELIMINARY_WEATHER_PENDING,PRESEASON_ROLE_ESTIMATE,-6.3266834797858325,8.415152130530581,WAS|WR|stefondiggs,5500,11.311644383993503,TRUE,NA,NA,6.779470459092495,5.794603965598302,NA,0.03
68,2026_05_CLE_NYJ,2026,5,2026-10-11,00-0040663,Harold Fannin Jr.,TE,8,20,1,CLE,NYJ,40,2,19,NA,NA,NA,0,PENDING,4.062851307276734,45.38814182892397,2.0470312447386068,0,0,0,0.045819765305032255,0.3252953250539671,0.03982343902798833,2.2283316216440383,21.41035465463283,0,0,0,0,0,0.02729608437427089,0,6.461699083336598,76.14893535282154,30.28448368869551,0,0,0,0.7248427225147688,1.0437455657262444,0.004958075832583703,0.007612179487179487,11.233500783805422,3.799352706749426,20.691639996699976,PRELIMINARY_WEATHER_PENDING,PRESEASON_ROLE_ESTIMATE,-4.62876953571906,6.884203292465299,CLE|TE|haroldfannin,4400,10.96863663771537,TRUE,NA,NA,6.590826098302985,5.275038725981677,NA,0.03
69,2026_05_CIN_MIA,2026,5,2026-10-11,00-0038128,Malik Willis,QB,22,23,1,MIA,CIN,42.5,7,17.75,NA,NA,NA,0,PENDING,0,0,23.24897506179898,184.7084733374641,0.8423528553416335,0.5259087470559538,0.2075624027179718,0,0.25691784948563073,0,0,0,73.02272231347908,0,0,0,0,0.13734057630154384,0,0,51.486427505755884,282.5361327155445,2.3211782029900423,1.840460619511843,0.8865853599277083,0,0.22205248629022611,0.06834884860362567,11.139606842876525,1.9608289035671458,20.452152624819625,PRELIMINARY_WEATHER_PENDING,PRESEASON_ROLE_ESTIMATE,-9.530032875963698,10.272825239656692,MIA|QB|malikwillis,4600,12.89906678147691,TRUE,NA,NA,7.214718580277985,5.970863470691785,NA,0.03
70,2026_05_CLE_NYJ,2026,5,2026-10-11,00-0041037,Denzel Boston,WR,23,4,2,CLE,NYJ,40,2,19,NA,NA,NA,0,PENDING,3.51070478071731,56.01851265881448,2.116738379154554,0,0,0,0.04161468303821393,0.35012038216843094,0.03882128707051924,1.6761850950846144,32.040725484523335,0,0,0,0,0,0.05212114148873476,0,5.909552556777174,86.77930618271205,30.35419082311146,0,0,0,0.7206376402479504,1.0685706228407084,0.003955923875114613,0.01054115751309252,11.104538991767352,3.4513403899789097,20.466051598858357,PRELIMINARY_WEATHER_PENDING,PRESEASON_ROLE_ESTIMATE,-6.3266834797858325,8.415152130530581,CLE|WR|denzelboston,5200,11.61808001663923,TRUE,NA,NA,6.638591966008367,5.674191157604141,NA,0.03
71,2026_05_CHI_GB,2026,5,2026-10-11,00-0040735,Luther Burden III,WR,24,19,1,CHI,GB,45,-3,24,NA,NA,NA,0,PENDING,4.412494571460847,54.660215960131026,3.5089992431330304,0,0,0,0.04196760105791494,0.3295236264072974,0.06305686120706003,2.5779748858281515,30.682428785839885,0,0,0,0,0,0.03152438572760119,0,6.8113423475207115,85.42100948402859,31.746451687089934,0,0,0,0.7209905582676515,1.0479738670795749,0.0281914980116554,0.01054115751309252,11.090379771192318,3.4458704708434196,20.44126348842881,PRELIMINARY_WEATHER_PENDING,PRESEASON_ROLE_ESTIMATE,-6.3266834797858325,8.415152130530581,CHI|WR|lutherburden,4900,12.353332049190591,TRUE,NA,NA,6.631054630349351,5.667748784949326,NA,0.03
72,2026_05_LV_NE,2026,5,2026-10-11,00-0036875,Rhamondre Stevenson,RB,18,74,1,NE,LV,45,-3.5,24.25,NA,NA,NA,0,PENDING,2.5582780584941616,18.57211056651106,43.83156412157003,0,0,0,0.3654710783017213,0.1119635684472055,0.0948043238469159,0.723758372861466,0,19.59401069216605,0,0,0,0,0,0,4.9571258345540254,49.33290409040863,72.06901656552694,0,0,0,1.0444940355114578,0.8304138091194829,0.05993896065151127,0.011587366694011485,10.869957849260857,3.2809337066207656,19.53106349117212,PRELIMINARY_WEATHER_PENDING,PRESEASON_ROLE_ESTIMATE,-6.1688262018290105,7.69353032482483,NE|RB|rhamondrestevenson,5500,11.496819493490023,TRUE,NA,NA,6.340276935057102,5.280612287514879,NA,0.03
73,2026_05_HOU_TEN,2026,5,2026-10-11,00-0035261,Tony Pollard,RB,19,85,1,TEN,HOU,39.5,7,16.25,NA,NA,NA,0,PENDING,1.986544833035002,15.406105106141508,53.94267375625026,0,0,0,0.3192685919745007,0.08923736938092976,0.08654690118614297,0.15202514740230644,0,29.705120326846277,0,0,0,0,0,0,4.3853926090948665,46.16689863003908,82.18012620020716,0,0,0,0.9982915491842372,0.8076876100532072,0.051681537990738345,0.011587366694011485,10.826500163552764,3.2638906680918867,19.45745963048646,PRELIMINARY_WEATHER_PENDING,PRESEASON_ROLE_ESTIMATE,-6.1688262018290105,7.69353032482483,TEN|RB|tonypollard,5600,11.2225394184225,TRUE,NA,NA,6.318208725085671,5.262232386773595,NA,0.03
74,2026_05_CHI_GB,2026,5,2026-10-11,00-0038996,Tucker Kraft,TE,9,43,1,GB,CHI,45,3,21,NA,NA,NA,0,PENDING,3.6128890461690126,41.6337598127139,1.9582076247034492,0,0,0,0.0486200145314523,0.2600212750804043,0.04332243412720115,1.7783693605363171,17.655972638422757,0,0,0,0,0,0,0,6.011736822228877,72.39455333661147,30.195660068660352,0,0,0,0.7276429717411887,0.9784715157526818,0.008457070931796526,0.007612179487179487,10.399232831818146,3.446402898653659,19.245012166562322,PRELIMINARY_WEATHER_PENDING,PRESEASON_ROLE_ESTIMATE,-4.62876953571906,6.884203292465299,GB|TE|tuckerkraft,4700,9.752513018301844,TRUE,NA,NA,6.164108181002209,4.933510440261709,NA,0.03
75,2026_05_SF_SEA,2026,5,2026-10-11,00-0035719,Deebo Samuel Sr.,WR,25,79,2,SF,SEA,47,3,22,NA,NA,NA,0,PENDING,3.128603067492802,32.006154064043926,14.226934539406209,0,0,0,0.07769880405836356,0.236716368266546,0.0451376611822722,1.2940833818601065,8.028366889752785,0,0,0,0,0,0,0,5.527450843552666,62.766947587941495,42.46438698336311,0,0,0,0.7567217612681001,0.9551666089388234,0.010272297986867573,0.01054115751309252,10.360303779862928,3.150714516020612,19.179186484623227,PRELIMINARY_WEATHER_PENDING,PRESEASON_ROLE_ESTIMATE,-6.3266834797858325,8.415152130530581,SF|WR|deebosamuel,5500,9.569209954448914,TRUE,NA,NA,6.253793198830517,5.345292834984325,NA,0.03
76,2026_05_SF_SEA,2026,5,2026-10-11,00-0034869,Sam Darnold,QB,23,65,1,SEA,SF,47,-3,25,NA,NA,NA,0,PENDING,0,0,4.124891242073729,138.46280785018035,0.9841400307625561,0.5985920917291061,0.06858975432491897,0,0.1395144294250178,0,0,0,26.77705682619532,0,0,0,0,0.019937156240930898,0,0,32.362343686030634,236.29046722826075,2.4629653784109644,1.9131439641849952,0.7476127115346555,0,0.10464906622961317,0.06834884860362567,10.321791575616237,1.7259471423835357,19.042908411455418,PRELIMINARY_WEATHER_PENDING,PRESEASON_ROLE_ESTIMATE,-9.530032875963698,10.272825239656692,SEA|QB|samdarnold,5800,8.959584742113329,TRUE,NA,NA,6.756520198623441,5.591660879639951,NA,0.03
77,2026_05_HOU_TEN,2026,5,2026-10-11,00-0034383,Dalton Schultz,TE,10,85,1,HOU,TEN,39.5,-7,23.25,NA,NA,NA,0,PENDING,4.229435138948631,40.90378648777437,2.400392477492654,0,0,0,0.04800949699089518,0.24187903718792594,0.039323875273881204,2.394915453315935,16.925999313483228,0,0,0,0,0,0,0,6.628282915008495,71.66458001167194,30.63784492144956,0,0,0,0.7270324542006317,0.9603292778602034,0.004458512078476577,0.007612179487179487,10.315263406823304,3.4091176679424917,19.10164849706224,PRELIMINARY_WEATHER_PENDING,PRESEASON_ROLE_ESTIMATE,-4.62876953571906,6.884203292465299,HOU|TE|daltonschultz,4000,10.235760848974857,TRUE,NA,NA,6.122719792867634,4.900384797594236,NA,0.03
78,2026_05_BUF_LA,2026,5,2026-10-12,00-0034827,DJ Moore,WR,26,89,2,BUF,LAR,54.5,3,25.75,70,0,0,1,VERIFIED_DOME,3.0635586681230036,40.984624283629316,2.09060404728128,0,0,0,0.040347378236732116,0.2777345314926256,0.04261094986194265,1.229038982490308,17.006837109338175,0,0,0,0,0,0,0,5.462406444182868,71.74541780752688,30.328056491238186,0,0,0,0.7193703354464686,0.9961847721649031,0.007745586666538025,0.01054115751309252,10.302271763380606,3.126172621184142,19.080188825889387,PRELIMINARY_DEPTH_CHART_PENDING,PRESEASON_ROLE_ESTIMATE,-6.3266834797858325,8.415152130530581,BUF|WR|djmoore,5600,9.215433374892509,TRUE,NA,NA,6.224742959307547,5.3204627786905325,NA,0.03
79,2026_05_TB_DAL,2026,5,2026-10-08,00-0038129,Cade Otton,TE,11,66,1,TB,DAL,47.5,8.5,19.5,NA,NA,NA,0,PENDING,3.917726788358011,46.97460034266733,2.040279109017502,0,0,0,0.04712803406191577,0.26365786165991073,0.03958544832176239,2.083207102725315,22.99681316837619,0,0,0,0,0,0,0,6.316574564417875,77.73539386656489,30.277731552974405,0,0,0,0.7261509912716523,0.9821081023321883,0.004720085126357763,0.007612179487179487,10.217424166968122,3.365278525276219,18.935107311613745,PRELIMINARY_WEATHER_PENDING,PRESEASON_ROLE_ESTIMATE,-4.62876953571906,6.884203292465299,TB|TE|cadeotton,3400,10.619983570188289,TRUE,NA,NA,6.07484541019802,4.862068019272668,NA,0.03
80,2026_05_TB_DAL,2026,5,2026-10-08,00-0040129,Emeka Egbuka,WR,27,21,1,TB,DAL,47.5,8.5,19.5,NA,NA,NA,0,PENDING,3.6909952607590446,44.60560442710441,1.732751145816171,0,0,0,0.04019134210966864,0.28820850645452656,0.043243819352906554,1.856475575126349,20.62781725281327,0,0,0,0,0,0,0,6.089843036818909,75.36639795100197,29.970203589773075,0,0,0,0.7192142993194052,1.006658747126804,0.008378456157501928,0.01054115751309252,10.156839244442313,3.0639869614573376,18.832927442634553,PRELIMINARY_WEATHER_PENDING,PRESEASON_ROLE_ESTIMATE,-6.3266834797858325,8.415152130530581,TB|WR|emekaegbuka,5100,10.229824585756644,TRUE,NA,NA,6.152532376581043,5.258742363866101,NA,0.03
81,2026_05_NYG_WAS,2026,5,2026-10-11,00-0031503,Jameis Winston,QB,24,33,1,NYG,WAS,43.5,3.5,20,NA,NA,NA,0,PENDING,0,0,4.717115100612802,197.44287810921318,0.9797854140429955,0.713954917975966,0.0749179699068758,0,0.2051784562601711,0,0,0,85.75712708522815,0,0,0,0,0.08560118307608419,0,0,32.954567544569706,295.2705374872936,2.458610761691404,2.0285067904318552,0.7539409271166123,0,0.17031309306476647,0.06834884860362567,10.106500453553249,1.6578596139543684,18.678268409394942,PRELIMINARY_WEATHER_PENDING,PRESEASON_ROLE_ESTIMATE,-9.530032875963698,10.272825239656692,NYG|QB|jameiswinston,4800,11.036507058778023,TRUE,NA,NA,6.640814980663508,5.495903844684504,NA,0.03
82,2026_05_DEN_LAC,2026,5,2026-10-11,00-0040730,RJ Harvey,RB,20,20,2,DEN,LAC,42.5,-3.5,23,70,0,0,1,VERIFIED_DOME,4.90331110917262,27.6319492691374,17.79349809681515,0,0,0,0.12722620022856831,0.15437732334129758,0.06187545117295513,3.068791423539924,3.65416209484626,0,0,0,0,0,0,0,7.302158885232484,58.39274279303497,46.030950540772054,0,0,0,0.8062491574383048,0.8728275640135751,0.0270100879775505,0.011587366694011485,10.076501625797011,2.955544095828703,18.2034181145833,PRELIMINARY_DEPTH_CHART_PENDING,PRESEASON_ROLE_ESTIMATE,-6.1688262018290105,7.69353032482483,DEN|RB|rjharvey,5200,11.034900818229183,TRUE,NA,NA,5.949229035799687,4.954921097212481,NA,0.03
83,2026_05_LV_NE,2026,5,2026-10-11,00-0037816,Romeo Doubs,WR,28,63,2,NE,LV,45,-3.5,24.25,NA,NA,NA,0,PENDING,3.1324655972523052,47.07009002162387,1.9861580919485542,0,0,0,0.04096775983641904,0.34553710865658827,0.037363283013207974,1.2979459116196097,23.09230284733273,0,0,0,0,0,0.04753786797689208,0,5.5313133733121695,77.83088354552143,30.223610535905458,0,0,0,0.7199907170461555,1.0639873493288659,0.002497919817803347,0.01054115751309252,10.05314552341767,3.0190580382928465,18.657351698857696,PRELIMINARY_WEATHER_PENDING,PRESEASON_ROLE_ESTIMATE,-6.3266834797858325,8.415152130530581,NE|WR|romeodoubs,5000,10.30347536856736,TRUE,NA,NA,6.101558197645278,5.2151733002959295,NA,0.03
84,2026_05_PHI_JAX,2026,5,2026-10-11,00-0038935,Brenton Strange,TE,12,37,1,JAX,PHI,43,-7,25,NA,NA,NA,0,PENDING,3.530534085376726,42.646126536487166,2.0277093248589,0,0,0,0.0493356762981481,0.33879861577822656,0.03727880401299645,1.6960143997440305,18.668339362196026,0,0,0,0,0,0.04079937509853038,0,5.929381861436591,73.40692006038473,30.265161768815805,0,0,0,0.7283586335078845,1.057248856450504,0.0024134408175918234,0.007612179487179487,9.984857401232638,2.8373727032471603,20.184734424865532,PRELIMINARY_WEATHER_PENDING,PRESEASON_ROLE_ESTIMATE,-4.62876953571906,6.884203292465299,JAX|TE|brentonstrange,3500,10.26739017491795,TRUE,NA,NA,6.768381475465614,4.7721860976557595,NA,0.03
85,2026_05_CHI_GB,2026,5,2026-10-11,00-0039919,Rome Odunze,WR,29,33,3,CHI,GB,45,-3,24,NA,NA,NA,0,PENDING,3.431325528813935,52.251614931913366,2.101251899904218,0,0,0,0.04096775983641904,0.30930129185312616,0.03785593025605835,1.5968058431812395,28.273827757622225,0,0,0,0,0,0.011302051173429972,0,5.830173304873799,83.01240845581094,30.33870434386112,0,0,0,0.7199907170461555,1.0277515325254036,0.0029905670606537246,0.01054115751309252,9.966744437161783,2.3696198654038625,20.35588654023774,PRELIMINARY_WEATHER_PENDING,PRESEASON_ROLE_ESTIMATE,-6.3266834797858325,8.415152130530581,CHI|WR|romeodunze,4700,10.913596976647032,TRUE,NA,NA,7.017661597672211,5.179145917632553,NA,0.03
86,2026_05_LV_NE,2026,5,2026-10-11,00-0038563,Tre Tucker,WR,30,51,1,LV,NE,45,3.5,20.75,NA,NA,NA,0,PENDING,3.5309636080625113,50.8652470132818,1.97227941738908,0,0,0,0.04015480228700488,0.27065270495782934,0.044368039894183045,1.6964439224298158,26.88745983899066,0,0,0,0,0,0,0,5.929811384122376,81.62604053717936,30.209731861345986,0,0,0,0.7191777594967413,0.9891029456301068,0.009502676698778419,0.01054115751309252,9.938784017282842,2.358683189902856,20.304645983538844,PRELIMINARY_WEATHER_PENDING,PRESEASON_ROLE_ESTIMATE,-6.3266834797858325,8.415152130530581,LV|WR|tretucker,4800,10.611907529836422,TRUE,NA,NA,7.001936322136554,5.167540414081175,NA,0.03
87,2026_05_DEN_LAC,2026,5,2026-10-11,00-0039915,Ladd McConkey,WR,31,36,3,LAC,DEN,42.5,3.5,19.5,70,0,0,1,VERIFIED_DOME,2.802785100594237,39.51274233318879,1.9757266808734602,0,0,0,0.04015480228700488,0.2391301438331494,0.03520608761341595,0.9682654149615415,15.534955158897649,0,0,0,0,0,0,0,5.201632876654101,70.27353585708636,30.213179124830365,0,0,0,0.7191777594967413,0.9575803845054269,3.407244180113206e-4,0.01054115751309252,9.934267557753486,2.356913002794143,20.29637396963331,PRELIMINARY_DEPTH_CHART_PENDING,PRESEASON_ROLE_ESTIMATE,-6.3266834797858325,8.415152130530581,LAC|WR|laddmcconkey,5600,8.57801181852074,TRUE,NA,NA,6.999399518860384,5.165668212900092,NA,0.03
88,2026_05_PHI_JAX,2026,5,2026-10-11,00-0034844,Saquon Barkley,RB,21,79,1,PHI,JAX,43,7,18,NA,NA,NA,0,PENDING,1.3189276316793033,12.632558511495048,36.04799170297497,0,0,0,0.21294321302022465,0.07339058881393437,0.054407535429364384,0,0,11.810438273570988,0,0,0,0,0,0,3.7177754077391674,43.39335203539262,64.28544414693187,0,0,0,0.8919661702299612,0.7918408294862118,0.019542172233959758,0.011587366694011485,9.91705530614342,2.412171640994365,19.4771991495363,PRELIMINARY_WEATHER_PENDING,PRESEASON_ROLE_ESTIMATE,-6.1688262018290105,7.69353032482483,PHI|RB|saquonbarkley,6600,7.819345126660553,TRUE,NA,NA,6.658223764550111,4.891937785957308,NA,0.03
89,2026_05_LV_NE,2026,5,2026-10-11,00-0039066,Michael Mayer,TE,13,41,2,LV,NE,45,3.5,20.75,NA,NA,NA,0,PENDING,4.10770249389672,40.59202506362934,1.8576333547762325,0,0,0,0.0486200145314523,0.2605740400222245,0.03892693721551465,2.273182808264024,16.614237889338202,0,0,0,0,0,0,0,6.506550269956584,71.35281858752691,30.095085798733137,0,0,0,0.7276429717411887,0.979024280694502,0.004061574020110023,0.007612179487179487,9.879473834731373,2.792167531510546,19.99347278348681,PRELIMINARY_WEATHER_PENDING,PRESEASON_ROLE_ESTIMATE,-4.62876953571906,6.884203292465299,LV|TE|michaelmayer,3500,10.145203147602668,TRUE,NA,NA,6.711394948098424,4.732006578424882,NA,0.03
90,2026_05_CIN_MIA,2026,5,2026-10-11,00-0039880,Malik Washington,WR,32,35,1,MIA,CIN,42.5,7,17.75,NA,NA,NA,0,PENDING,4.084892641075224,49.676332599361075,3.0245077518766026,0,0,0,0.04111673971133948,0.24554714650169626,0.06360720295539615,2.2503729554425282,25.698545425069934,0,0,0,0,0,0,0,6.483740417135088,80.43712612325865,31.261960195833506,0,0,0,0.7201396969210759,0.9639973871739738,0.028741839759991526,0.01054115751309252,9.85241633340304,2.324660071894516,20.14669659423538,PRELIMINARY_WEATHER_PENDING,PRESEASON_ROLE_ESTIMATE,-6.3266834797858325,8.415152130530581,MIA|WR|malikwashington,4600,10.968827902592599,TRUE,NA,NA,6.9535842849554665,5.131855841308572,NA,0.03
91,2026_05_HOU_TEN,2026,5,2026-10-11,00-0035685,David Montgomery,RB,22,78,1,HOU,TEN,39.5,-7,23.25,NA,NA,NA,0,PENDING,1.6371853948480874,13.333714141486428,39.413153492535876,0,0,0,0.3311590464581851,0.10708131602128285,0.07095753778394089,0,0,15.175600063131895,0,0,0,0,0,0,4.0360331709079516,44.094507665384,67.65060593649278,0,0,0,1.0101820036679217,0.8255315566935604,0.03609217458853626,0.011587366694011485,9.839739041566276,2.3812660314292,19.340762376557272,PRELIMINARY_WEATHER_PENDING,PRESEASON_ROLE_ESTIMATE,-6.1688262018290105,7.69353032482483,HOU|RB|davidmontgomery,5800,9.422573990947267,TRUE,NA,NA,6.617048905629368,4.8616857464782095,NA,0.03
92,2026_05_SF_SEA,2026,5,2026-10-11,00-0038797,Emanuel Wilson,RB,23,43,1,SEA,SF,47,-3,25,NA,NA,NA,0,PENDING,1.1581946792592601,11.05802766131101,58.55902303845312,0,0,0,0.3332596098950292,0.08005961548841825,0.08234771124054917,0,0,34.32146960904914,0,0,0,0,0,0,3.5570424553191247,41.81882118520858,86.79647548241002,0,0,0,1.0122825671047657,0.7985098561606957,0.04748234804514454,0.011587366694011485,9.81565068715277,2.371578477856233,19.29832947029749,PRELIMINARY_WEATHER_PENDING,PRESEASON_ROLE_ESTIMATE,-6.1688262018290105,7.69353032482483,SEA|RB|emanuelwilson,5300,10.458294412443282,TRUE,NA,NA,6.604272724323549,4.852298815924306,NA,0.03
93,2026_05_BUF_LA,2026,5,2026-10-12,00-0037261,Khalil Shakir,WR,33,61,1,BUF,LAR,54.5,3,25.75,70,0,0,1,VERIFIED_DOME,3.6532197215803173,42.95761574426277,1.741723480398705,0,0,0,0.04111877768728663,0.2625280430839983,0.05613105011729108,1.8187000359476218,18.979828569971627,0,0,0,0,0,0,0,6.052067497640182,73.71840926816034,29.97917592435561,0,0,0,0.7201417348970232,0.9809782837562757,0.021265686921886455,0.01054115751309252,9.79356492938234,2.3012693146706003,20.03935240914218,PRELIMINARY_DEPTH_CHART_PENDING,PRESEASON_ROLE_ESTIMATE,-6.3266834797858325,8.415152130530581,BUF|WR|khalilshakir,5000,9.853854783465776,TRUE,NA,NA,6.920828363040021,5.107681449752994,NA,0.03
94,2026_05_CIN_MIA,2026,5,2026-10-11,00-0034829,Mike Gesicki,TE,14,80,1,CIN,MIA,42.5,-7,24.75,NA,NA,NA,0,PENDING,3.1379790688293134,38.409210676535494,1.8678415192720879,0,0,0,0.046704911284587,0.3582503469564248,0.037300835801750316,1.303459383196618,14.431423502244353,0,0,0,0,0,0.06025110627672864,0,5.536826844889178,69.17000420043306,30.10529396322899,0,0,0,0.7257278684943235,1.0767005876287024,0.00243547260634569,0.007612179487179487,9.783305737466511,2.7504731544820684,19.819567514208483,PRELIMINARY_WEATHER_PENDING,PRESEASON_ROLE_ESTIMATE,-4.62876953571906,6.884203292465299,CIN|TE|mikegesicki,4100,9.536038525227001,TRUE,NA,NA,6.659810518816392,4.695635919181228,NA,0.03
95,2026_05_BUF_LA,2026,5,2026-10-12,00-0033110,Tyler Higbee,TE,15,62,1,LAR,BUF,54.5,-3,28.75,70,0,0,1,VERIFIED_DOME,3.796639545270951,39.745280635754355,1.8062759085427467,0,0,0,0.047726569709404296,0.3431147768434975,0.06023488519912998,1.9621198596382554,15.767493461463214,0,0,0,0,0,0.04511553616380132,0,6.195487321330815,70.50607415965192,30.043728352499652,0,0,0,0.7267495269191407,1.061565017515775,0.025369522003725352,0.007612179487179487,9.776414003104268,2.74746907710393,19.807127866863773,PRELIMINARY_DEPTH_CHART_PENDING,PRESEASON_ROLE_ESTIMATE,-4.62876953571906,6.884203292465299,LAR|TE|tylerhigbee,3300,10.19159786759417,TRUE,NA,NA,6.656129063503645,4.693040233650453,NA,0.03
96,2026_05_PHI_JAX,2026,5,2026-10-11,00-0034960,Jakobi Meyers,WR,34,81,2,JAX,PHI,43,-7,25,NA,NA,NA,0,PENDING,3.2165789425163354,43.30099390725347,2.2587648148307253,0,0,0,0.04096775983641904,0.39033508564646074,0.039802738275657674,1.3820592568836398,19.32320673296233,0,0,0,0,0,0.09233584496676456,0,5.6154267185762,74.06178743115103,30.49621725878763,0,0,0,0.7199907170461555,1.1087853263187382,0.004937375080253048,0.01054115751309252,9.759776980844766,2.287764609187567,19.977826927487374,PRELIMINARY_WEATHER_PENDING,PRESEASON_ROLE_ESTIMATE,-6.3266834797858325,8.415152130530581,JAX|WR|jakobimeyers,4800,10.301848726096903,TRUE,NA,NA,6.9020922037845525,5.093853866109994,NA,0.03
97,2026_05_CIN_MIA,2026,5,2026-10-11,00-0040198,Ollie Gordon II,RB,24,20,1,MIA,CIN,42.5,7,17.75,NA,NA,NA,0,PENDING,1.6773848501877293,11.470141413227108,48.330648989994444,0,0,0,0.3715693253833689,0.0634020409104353,0.07013420464646997,0,0,24.093095560590463,0,0,0,0,0,0,4.076232626247593,42.23093493712467,76.56810143395134,0,0,0,1.0505922825931053,0.7818522815827128,0.03526884145106534,0.011587366694011485,9.594108648409817,2.2811845026990447,18.909723635684564,PRELIMINARY_WEATHER_PENDING,PRESEASON_ROLE_ESTIMATE,-6.1688262018290105,7.69353032482483,MIA|RB|olliegordon,5300,10.150198412367793,TRUE,NA,NA,6.487920067493374,4.766812058709184,NA,0.03
98,2026_05_PHI_JAX,2026,5,2026-10-11,00-0038393,Dontayvion Wicks,WR,35,49,1,PHI,JAX,43,7,18,NA,NA,NA,0,PENDING,3.155194280671802,44.56147338899887,1.8413368911422485,0,0,0,0.04015480228700488,0.2650488983858068,0.037415939092861374,1.3206745950391066,20.58368621470773,0,0,0,0,0,0,0,5.554042056731666,75.32226691289644,30.078789335099152,0,0,0,0.7191777594967413,0.9834991390580843,0.002550575897456747,0.01054115751309252,9.485173559237873,2.175984769113928,19.480560666762482,PRELIMINARY_WEATHER_PENDING,PRESEASON_ROLE_ESTIMATE,-6.3266834797858325,8.415152130530581,PHI|WR|dontayvionwicks,4900,9.572947949563247,TRUE,NA,NA,6.751687825848051,4.982853042097294,NA,0.03
99,2026_05_CHI_GB,2026,5,2026-10-11,00-0028986,Case Keenum,QB,25,10,1,CHI,GB,45,-3,24,NA,NA,NA,0,PENDING,0,0,4.885548451292446,186.83884042729144,1.0742181095457295,0.6601530080066051,0.12094433051613326,0,0.1521723628089085,0,0,0,75.15308940330641,0,0,0,0,0.032595089624821605,0,0,33.12300089524935,284.6664998053718,2.5530434571941383,1.9747048804624943,0.7999672877258698,0,0.11730699961350388,0.06834884860362567,9.392856520311884,0,22.456176325093963,PRELIMINARY_WEATHER_PENDING,PRESEASON_ROLE_ESTIMATE,-9.530032875963698,10.272825239656692,CHI|QB|casekeenum,4200,11.496693839076846,TRUE,NA,NA,8.761676287590308,5.190062665645227,NA,0.03
100,2026_05_BUF_LA,2026,5,2026-10-12,00-0039901,Keon Coleman,WR,36,29,3,BUF,LAR,54.5,3,25.75,70,0,0,1,VERIFIED_DOME,3.173561989195516,42.52014906702793,1.9861580919485542,0,0,0,0.04111877768728663,0.3368665631837644,0.03734054737796853,1.3390423035628205,18.54236189273679,0,0,0,0,0,0.038867322504068214,0,5.57240976525538,73.28094259092549,30.223610535905458,0,0,0,0.7201417348970232,1.0553168038560419,0.0024751841825639068,0.01054115751309252,9.199844702381789,2.0560814257440327,18.969010803412537,PRELIMINARY_DEPTH_CHART_PENDING,PRESEASON_ROLE_ESTIMATE,-6.3266834797858325,8.415152130530581,BUF|WR|keoncoleman,4600,9.838505970589718,TRUE,NA,NA,6.5988799756802585,4.870078417336071,NA,0.03
101,2026_05_DEN_LAC,2026,5,2026-10-11,00-0038544,Quentin Johnston,WR,37,49,2,LAC,DEN,42.5,3.5,19.5,70,0,0,1,VERIFIED_DOME,2.4771576549158065,40.0666494887944,2.2506064418124443,0,0,0,0.04015480228700488,0.21175903244627856,0.04334338575550686,0.642637969283111,16.088862314503256,0,0,0,0,0,0,0,4.87600543097567,70.82744301269196,30.488058885769348,0,0,0,0.7191777594967413,0.9302092731185561,0.00847802256010223,0.01054115751309252,8.95883797745446,1.9518832709903657,18.540917021661556,PRELIMINARY_DEPTH_CHART_PENDING,PRESEASON_ROLE_ESTIMATE,-6.3266834797858325,8.415152130530581,LAC|WR|quentinjohnston,5100,8.154761799891363,TRUE,NA,NA,6.472506340488175,4.776812663823737,NA,0.03
102,2026_05_CLE_NYJ,2026,5,2026-10-11,00-0041547,KC Concepcion,WR,38,4,1,CLE,NYJ,40,2,19,NA,NA,NA,0,PENDING,4.06766085348075,44.10197115824601,3.9513890128986002,0,0,0,0.04259155390698887,0.2157028442563713,0.06302942513167682,2.2331411678480544,20.124183983954868,0,0,0,0,0,0,0,6.4665086295406145,74.86276468214358,32.188841456855506,0,0,0,0.7216145111167254,0.9341530849286488,0.028164061936272196,0.01054115751309252,8.891690219002221,1.9223834064694652,18.422285400303053,PRELIMINARY_WEATHER_PENDING,PRESEASON_ROLE_ESTIMATE,-6.3266834797858325,8.415152130530581,CLE|WR|kcconcepcion,4200,10.317786724338204,TRUE,NA,NA,6.437730001495742,4.7511471723183325,NA,0.03
103,2026_05_CHI_GB,2026,5,2026-10-11,00-0040126,Colston Loveland,TE,16,20,1,CHI,GB,45,-3,24,NA,NA,NA,0,PENDING,2.9029146373474175,33.04282110800902,1.9720150276101422,0,0,0,0.04911279903206555,0.23586887780230337,0.03737914046546463,1.068394951714722,9.065033933717881,0,0,0,0,0,0,0,5.301762413407282,63.80361463190659,30.209467471567045,0,0,0,0.728135756241802,0.9543191184745808,0.002513777270060004,0.007612179487179487,8.863417032079564,2.3309493308079086,18.185628975059245,PRELIMINARY_WEATHER_PENDING,PRESEASON_ROLE_ESTIMATE,-4.62876953571906,6.884203292465299,CHI|TE|colstonloveland,4600,8.054754389958978,TRUE,NA,NA,6.185985034822995,4.3615555492102445,NA,0.03
104,2026_05_HOU_TEN,2026,5,2026-10-11,00-0038117,Wan'Dale Robinson,WR,39,58,2,TEN,HOU,39.5,7,16.25,NA,NA,NA,0,PENDING,3.747926062977392,39.136692188806336,2.341438531242,0,0,0,0.04015480228700488,0.23523110066228864,0.04164139784367666,1.9134063773446963,15.158905014515195,0,0,0,0,0,0,0,6.146773839037256,69.89748571270391,30.578890975198902,0,0,0,0.7191777594967413,0.9536813413345662,0.0067760346482720335,0.01054115751309252,8.850032571882162,1.903980309821078,18.34882692813249,PRELIMINARY_WEATHER_PENDING,PRESEASON_ROLE_ESTIMATE,-6.3266834797858325,8.415152130530581,TEN|WR|wandalerobinson,4500,9.485854072016817,TRUE,NA,NA,6.416249168283811,4.7352939756247485,NA,0.03
105,2026_05_CHI_GB,2026,5,2026-10-11,00-0032464,Kalif Raymond,WR,40,81,2,CHI,GB,45,-3,24,NA,NA,NA,0,PENDING,4.349031380536015,45.100885502087465,3.6410815850579286,0,0,0,0.04142893015529409,0.2581286338130443,0.03812617594702168,2.5145116949033195,21.123098327796324,0,0,0,0,0,0,0,6.74787915659588,75.86167902598504,31.878534029014833,0,0,0,0.7204518873650306,0.9765788744853218,0.003260812751617055,0.01054115751309252,8.82693627621307,1.8937436077856606,18.308145012484925,PRELIMINARY_WEATHER_PENDING,PRESEASON_ROLE_ESTIMATE,-6.3266834797858325,8.415152130530581,CHI|WR|kalifraymond,3900,10.965403436192727,TRUE,NA,NA,6.404370427116372,4.726527275639619,NA,0.03
106,2026_05_TB_DAL,2026,5,2026-10-08,00-0033921,Chris Godwin Jr.,WR,41,66,2,TB,DAL,47.5,8.5,19.5,NA,NA,NA,0,PENDING,3.479652313363334,34.79847885153769,2.815509317606381,0,0,0,0.039401485880081764,0.2031880887634375,0.04485646754250852,1.6451326277306386,10.820691677246547,0,0,0,0,0,0,0,5.8785000894231985,65.55927237543526,31.052961761563285,0,0,0,0.7184244430898182,0.921638329435715,0.009991104347103895,0.01054115751309252,8.647170659070847,1.813257801619562,17.992613283512473,PRELIMINARY_WEATHER_PENDING,PRESEASON_ROLE_ESTIMATE,-6.3266834797858325,8.415152130530581,TB|WR|chrisgodwin,4700,8.627957958080023,TRUE,NA,NA,6.312663083063953,4.658845796566366,NA,0.03
107,2026_05_LV_NE,2026,5,2026-10-11,00-0033555,Mack Hollins,WR,42,79,1,NE,LV,45,-3.5,24.25,NA,NA,NA,0,PENDING,3.526832424257904,43.45789737224714,1.8734158861809276,0,0,0,0.04096775983641904,0.2675291201814976,0.03712179398088543,1.6923127386252086,19.480110197955998,0,0,0,0,0,0,0,5.925680200317768,74.21869089614471,30.110868330137833,0,0,0,0.7199907170461555,0.985979360853775,0.002256430785480802,0.01054115751309252,8.62611553802555,1.8037374680766627,17.95578422782134,PRELIMINARY_WEATHER_PENDING,PRESEASON_ROLE_ESTIMATE,-6.3266834797858325,8.415152130530581,NE|WR|mackhollins,4200,9.857783757272625,TRUE,NA,NA,6.302008099783331,4.650982249373013,NA,0.03
108,2026_05_IND_PIT,2026,5,2026-10-11,00-0036894,Pat Freiermuth,TE,17,78,1,PIT,IND,44.5,-2.5,23.5,NA,NA,NA,0,PENDING,3.203560470731282,32.02040374867903,1.9797546761529863,0,0,0,0.047140584543884985,0.24814525962853634,0.04157182854203824,1.3690407850985864,8.042616574387889,0,0,0,0,0,0,0,5.602408246791146,62.7811972725766,30.21720712010989,0,0,0,0.7261635417536215,0.9665955003008138,0.0067064653466336124,0.007612179487179487,8.580534291311073,2.194659779012982,17.69354921419025,PRELIMINARY_WEATHER_PENDING,PRESEASON_ROLE_ESTIMATE,-4.62876953571906,6.884203292465299,PIT|TE|patfreiermuth,3900,8.307372080139297,TRUE,NA,NA,6.047167161598621,4.263679162202681,NA,0.03
109,2026_05_NYG_WAS,2026,5,2026-10-11,00-0041117,Athan Kaliakmanis,QB,26,1,1,WAS,NYG,43.5,-3.5,23.5,NA,NA,NA,0,PENDING,0,0,15.704870884382256,123.2603052084753,0.980510056549283,0.6681796269066071,0.11143716365422612,0,0.16229791228792256,0,0,0,11.574554184490268,0,0,0,0,0.04272063910383567,0,0,43.94232332833916,221.0879645865557,2.4593354041976916,1.9827314993624963,0.7904601208639626,0,0.12743254909251794,0.06834884860362567,8.486029536715925,0,20.63265609044695,PRELIMINARY_WEATHER_PENDING,PRESEASON_ROLE_ESTIMATE,-9.530032875963698,10.272825239656692,WAS|QB|athankaliakmanis,4500,9.567305123717919,TRUE,NA,NA,8.050197460182188,4.825860036510527,NA,0.03
110,2026_05_CLE_NYJ,2026,5,2026-10-11,00-0039794,Braelon Allen,RB,25,25,1,NYJ,CLE,40,-2,21,NA,NA,NA,0,PENDING,1.5458731122534597,12.248100886595942,34.784234297930574,0,0,0,0.27483253886823256,0.06717892575899748,0.05210584592110579,0,0,10.546680868526593,0,0,0,0,0,0,3.944720888313324,43.00889441049351,63.02168674188748,0,0,0,0.953855496077969,0.7856291664312749,0.01724048272570116,0.011587366694011485,8.36003229308774,1.7364891799768314,16.797474862425275,PRELIMINARY_WEATHER_PENDING,PRESEASON_ROLE_ESTIMATE,-6.1688262018290105,7.69353032482483,NYJ|RB|braelonallen,5400,8.220138460015303,TRUE,NA,NA,5.876311229983785,4.317450113505658,NA,0.03
111,2026_05_DEN_LAC,2026,5,2026-10-11,00-0040727,Tre Harris,WR,43,20,1,LAC,DEN,42.5,3.5,19.5,70,0,0,1,VERIFIED_DOME,3.3476485822909265,43.04977477254413,2.007630906755155,0,0,0,0.04019134210966864,0.23242200502038193,0.03925554989895244,1.513128896658231,19.071987598252992,0,0,0,0,0,0,0,5.746496358350791,73.8105682964417,30.245083350712058,0,0,0,0.7192142993194052,0.9508722456926594,0.0043901867035478145,0.01054115751309252,8.233874424915928,1.6228561115247429,17.274506581875002,PRELIMINARY_DEPTH_CHART_PENDING,PRESEASON_ROLE_ESTIMATE,-6.3266834797858325,8.415152130530581,LAC|WR|treharris,4100,9.43164044822944,TRUE,NA,NA,6.106769594362176,4.506893125917409,NA,0.03
112,2026_05_NYG_WAS,2026,5,2026-10-11,00-0040242,Jacory Croskey-Merritt,RB,26,21,1,WAS,NYG,43.5,-3.5,23.5,NA,NA,NA,0,PENDING,1.4332277580546802,11.683137470287367,40.718089540022184,0,0,0,0.3649715378150137,0.06215823139464348,0.07927050834317614,0,0,16.480536110618203,0,0,0,0,0,0,3.8320755341145443,42.44393099418494,68.95554198397909,0,0,0,1.0439944950247502,0.780608472066921,0.04440514514777152,0.011587366694011485,8.224419270796378,1.6725532565710655,16.570555511322254,PRELIMINARY_WEATHER_PENDING,PRESEASON_ROLE_ESTIMATE,-6.1688262018290105,7.69353032482483,WAS|RB|jacorycroskeymerritt,4900,9.10076279104525,TRUE,NA,NA,5.812720349103078,4.270728548712518,NA,0.03
113,2026_05_LV_NE,2026,5,2026-10-11,00-0033090,Hunter Henry,TE,18,82,1,NE,LV,45,-3.5,24.25,NA,NA,NA,0,PENDING,3.008821994984828,31.971347099108762,2.0507105200925957,0,0,0,0.04728072254196888,0.2318831659581175,0.03481962711139652,1.1743023093521325,7.993559924817621,0,0,0,0,0,0,0,5.407669771044692,62.73214062300633,30.2881629640495,0,0,0,0.7263036797517054,0.950333406630395,0,0.007612179487179487,8.199609547316003,2.005950845069128,17.038321312180308,PRELIMINARY_WEATHER_PENDING,PRESEASON_ROLE_ESTIMATE,-4.62876953571906,6.884203292465299,NE|TE|hunterhenry,3700,8.03159619265705,TRUE,NA,NA,5.8651464951662815,4.135341760272378,NA,0.03
114,2026_05_DEN_LAC,2026,5,2026-10-11,00-0034348,Courtland Sutton,WR,44,85,2,DEN,LAC,42.5,-3.5,23,70,0,0,1,VERIFIED_DOME,2.7606803743281407,36.03655335494732,1.7613330449093534,0,0,0,0.041951252529862385,0.21638936019958896,0.0367923241378662,0.9261606886954452,12.058766180656182,0,0,0,0,0,0,0,5.159528150388005,66.79734687884489,29.998785488866258,0,0,0,0.7209742097395989,0.9348396008718665,0.0019269609424615725,0.01054115751309252,8.160359998376155,1.5882202272996508,17.14782536873689,PRELIMINARY_DEPTH_CHART_PENDING,PRESEASON_ROLE_ESTIMATE,-6.3266834797858325,8.415152130530581,DEN|WR|courtlandsutton,4600,8.03801035744097,TRUE,NA,NA,6.0708564734441035,4.480388671263456,NA,0.03
115,2026_05_HOU_TEN,2026,5,2026-10-11,00-0038618,Xavier Hutchinson,WR,45,46,2,HOU,TEN,39.5,-7,23.25,NA,NA,NA,0,PENDING,3.2624358578618917,42.6720408983363,2.0673254380596697,0,0,0,0.04096775983641904,0.24332643109527038,0.04591553350242987,1.4279161722291962,18.694253724045158,0,0,0,0,0,0,0,5.661283633921756,73.43283442223387,30.304777882016573,0,0,0,0.7199907170461555,0.9617766717675479,0.011050170307025244,0.01054115751309252,8.052874522523602,1.5371679256927866,16.96316697554853,PRELIMINARY_WEATHER_PENDING,PRESEASON_ROLE_ESTIMATE,-6.3266834797858325,8.415152130530581,HOU|WR|xavierhutchinson,4000,9.37138888511295,TRUE,NA,NA,6.018727682347148,4.441916794008721,NA,0.03
116,2026_05_LV_NE,2026,5,2026-10-11,00-0040734,TreVeyon Henderson,RB,27,20,2,NE,LV,45,-3.5,24.25,NA,NA,NA,0,PENDING,0.9548899534681184,9.065739004610839,46.51694878310475,0,0,0,0.3175426442309504,0.05762818629352472,0.07251835569397401,0,0,22.27939535370077,0,0,0,0,0,0,3.3537377295279827,39.82653252850841,74.75440122706166,0,0,0,0.996565601440687,0.7760784269658022,0.03765299249856938,0.011587366694011485,8.048537280183389,1.5884780813486152,16.27772482435396,PRELIMINARY_WEATHER_PENDING,PRESEASON_ROLE_ESTIMATE,-6.1688262018290105,7.69353032482483,NE|RB|treveyonhenderson,5000,8.642321737386602,TRUE,NA,NA,5.7312706761628345,4.210885751774444,NA,0.03
117,2026_05_DET_ARI,2026,5,2026-10-11,00-0037263,Tyler Allgeier,RB,28,71,2,ARI,DET,54.5,4.5,25,NA,NA,NA,0,PENDING,2.1310982313043367,12.563596466011687,30.472880892208284,0,0,0,0.25118340599544425,0.07321321744273697,0.05411828588329057,0.2965785456716412,0,6.235327462804303,0,0,0,0,0,0,4.529946007364201,43.32438998990926,58.71033333616519,0,0,0,0.9302063632051807,0.7916634581150145,0.01925292268788594,0.011587366694011485,7.953322651870623,1.5424256830527696,16.11988457629891,PRELIMINARY_WEATHER_PENDING,PRESEASON_ROLE_ESTIMATE,-6.1688262018290105,7.69353032482483,ARI|RB|tylerallgeier,5100,8.296063869376864,TRUE,NA,NA,5.687654659869739,4.1788401423563375,NA,0.03
118,2026_05_CLE_NYJ,2026,5,2026-10-11,00-0041032,Kenyon Sadiq,TE,19,4,1,NYJ,CLE,40,-2,21,NA,NA,NA,0,PENDING,2.923427143679411,29.253772867597498,2.1032136121414484,0,0,0,0.08389612801320243,0.19263289674916248,0.04042595252597047,1.0889074580467153,5.275985693306357,0,0,0,0,0,0,0,5.322274919739275,60.014566391495066,30.340666056098353,0,0,0,0.7629190852229389,0.91108313742144,0.005560589330565843,0.007612179487179487,7.944333400220824,1.876239181447625,16.60385733270985,PRELIMINARY_WEATHER_PENDING,PRESEASON_ROLE_ESTIMATE,-4.62876953571906,6.884203292465299,NYJ|TE|kenyonsadiq,3800,7.652672394149913,TRUE,NA,NA,5.746241963036373,4.051505682587414,NA,0.03
119,2026_05_TB_DAL,2026,5,2026-10-08,00-0038041,Jake Ferguson,TE,20,63,1,DAL,TB,47.5,-8.5,28,NA,NA,NA,0,PENDING,2.9028880585371413,24.308375855828963,1.6410011709815238,0,0,0,0.046704911284587,0.24871968767309904,0.05100547624308361,1.0683683729044458,0.3305886815378223,0,0,0,0,0,0,0,5.301735834597006,55.06916937972653,29.87845361493843,0,0,0,0.7257278684943235,0.9671699283453765,0.016140113047678983,0.007612179487179487,7.897443167354949,1.8521349029607066,16.524450215603988,PRELIMINARY_WEATHER_PENDING,PRESEASON_ROLE_ESTIMATE,-4.62876953571906,6.884203292465299,DAL|TE|jakeferguson,4300,7.1835867614524975,TRUE,NA,NA,5.72466457769929,4.036292104761955,NA,0.03
120,2026_05_IND_PIT,2026,5,2026-10-11,00-0039739,Roman Wilson,WR,46,13,2,PIT,IND,44.5,-2.5,23.5,NA,NA,NA,0,PENDING,3.233317507102213,42.487097142282735,1.794720393698474,0,0,0,0.04081822095555698,0.2974186797601366,0.03797521829780888,1.3987978214695176,18.509309967991594,0,0,0,0,0,0,0,5.632165283162077,73.2478906661803,30.032172837655377,0,0,0,0.7198411781652935,1.015868920432414,0.0031098551024042534,0.01054115751309252,7.767029320970745,1.3990535344110953,16.475298447089166,PRELIMINARY_WEATHER_PENDING,PRESEASON_ROLE_ESTIMATE,-6.3266834797858325,8.415152130530581,PIT|WR|romanwilson,3700,9.636052543425063,TRUE,NA,NA,5.8822648898470815,4.341205081873742,NA,0.03
121,2026_05_DEN_LAC,2026,5,2026-10-11,00-0036158,J.K. Dobbins,RB,29,36,1,DEN,LAC,42.5,-3.5,23,70,0,0,1,VERIFIED_DOME,1.1323744780258946,9.24317308472599,42.221908413057875,0,0,0,0.2842693557327933,0.055292215194486384,0.07237846446277202,0,0,17.984354983653894,0,0,0,0,0,0,3.531222254085759,40.00396660862356,70.45936085701479,0,0,0,0.9632923129425298,0.7737424558667638,0.03751310126736739,0.011587366694011485,7.726645045231661,1.4312883438040567,15.746025264354603,PRELIMINARY_DEPTH_CHART_PENDING,PRESEASON_ROLE_ESTIMATE,-6.1688262018290105,7.69353032482483,DEN|RB|jkdobbins,5000,8.19466985783044,TRUE,NA,NA,5.5851490130903425,4.103527076216391,NA,0.03
122,2026_05_BUF_LA,2026,5,2026-10-12,00-0039738,Blake Corum,RB,30,36,2,LAR,BUF,54.5,-3,28.75,70,0,0,1,VERIFIED_DOME,1.3033649612497455,10.569188246289348,38.3069544016638,0,0,0,0.23418372664633083,0.05922709893824284,0.051764480375602655,0,0,14.069400972259821,0,0,0,0,0,0,3.70221273730961,41.32998177018692,66.5444068456207,0,0,0,0.9132066838560673,0.7776773396105203,0.01689911718019803,0.011587366694011485,7.340200625827832,1.2370385561101314,15.114752489568385,PRELIMINARY_DEPTH_CHART_PENDING,PRESEASON_ROLE_ESTIMATE,-6.1688262018290105,7.69353032482483,LAR|RB|blakecorum,4900,7.87108995218932,TRUE,NA,NA,5.41463672784169,3.9782480948131327,NA,0.03
123,2026_05_NYG_WAS,2026,5,2026-10-11,00-0041042,Malachi Fields,WR,47,4,2,NYG,WAS,43.5,3.5,20,NA,NA,NA,0,PENDING,2.3219400792262346,32.84555984732653,2.1309478092629157,0,0,0,0.04161468303821393,0.21136276956793862,0.03497218757933884,0.48742039359353906,8.867772673035386,0,0,0,0,0,0,0,4.720787855286099,63.606353371224095,30.36840025321982,0,0,0,0.7206376402479504,0.9298130102402161,1.0682438393421617e-4,0.01054115751309252,7.289053118020864,1.160660375126196,15.66969009034047,PRELIMINARY_WEATHER_PENDING,PRESEASON_ROLE_ESTIMATE,-6.3266834797858325,8.415152130530581,NYG|WR|malachifields,4300,7.288593500389602,TRUE,NA,NA,5.660955799927536,4.177875452247259,NA,0.03
124,2026_05_HOU_TEN,2026,5,2026-10-11,00-0040583,Woody Marks,RB,31,20,2,HOU,TEN,39.5,-7,23.25,NA,NA,NA,0,PENDING,1.7025633704353922,12.96774963186907,24.34513558462989,0,0,0,0.35506290715844946,0.0780848613774706,0.04774620685190957,0,0,0.1075821552259093,0,0,0,0,0,0,4.1014111464952565,43.72854315576664,52.5825880285868,0,0,0,1.034085864368186,0.7965351020497481,0.012880843656504944,0.011587366694011485,7.250667218603109,1.191189940892479,14.969570931887223,PRELIMINARY_WEATHER_PENDING,PRESEASON_ROLE_ESTIMATE,-6.1688262018290105,7.69353032482483,HOU|RB|woodymarks,4800,7.9604208229850135,TRUE,NA,NA,5.375880214980391,3.949772865319108,NA,0.03
125,2026_05_SF_SEA,2026,5,2026-10-11,00-0039793,AJ Barner,TE,21,36,1,SEA,SF,47,-3,25,NA,NA,NA,0,PENDING,2.6300257022276847,28.29467571684468,2.0377695184344735,0,0,0,0.08421410337007286,0.1856970072479961,0.036490185838573885,0.7955060165949892,4.316888542553539,0,0,0,0,0,0,0,5.028873478287549,59.05546924074225,30.275221962391377,0,0,0,0.7632370605798093,0.9041472479202736,0.001624822643169259,0.007612179487179487,7.146236366743469,1.4545223557168825,15.268643817650258,PRELIMINARY_WEATHER_PENDING,PRESEASON_ROLE_ESTIMATE,-4.62876953571906,6.884203292465299,SEA|TE|ajbarner,3200,7.224980876761224,TRUE,NA,NA,5.389824994901824,3.8002065933641216,NA,0.03
126,2026_05_TB_DAL,2026,5,2026-10-08,00-0039410,Ryan Flournoy,WR,48,28,3,DAL,TB,47.5,-8.5,28,NA,NA,NA,0,PENDING,3.172755348865015,33.88250604189728,1.9304637946997962,0,0,0,0.04096775983641904,0.21554060231974986,0.037905189056882865,1.3382356632323196,9.904718867606139,0,0,0,0,0,0,0,5.571603124924879,64.64329956579485,30.1679162386567,0,0,0,0.7199907170461555,0.9339908429920274,0.003039825861478239,0.01054115751309252,7.106318988497383,1.0671202594376927,15.364982275151744,PRELIMINARY_WEATHER_PENDING,PRESEASON_ROLE_ESTIMATE,-6.3266834797858325,8.415152130530581,DAL|WR|ryanflournoy,3800,8.238374442374155,TRUE,NA,NA,5.578564969065178,4.117069708144028,NA,0.03
127,2026_05_IND_PIT,2026,5,2026-10-11,00-0036252,Michael Pittman,WR,49,85,3,PIT,IND,44.5,-2.5,23.5,NA,NA,NA,0,PENDING,2.4732788338119414,28.713385210934444,1.8678415192720879,0,0,0,0.04037468647556003,0.16252710436401882,0.03447453675454152,0.6387591481792458,4.735598036643303,0,0,0,0,0,0,0,4.872126609871806,59.47417873483201,30.10529396322899,0,0,0,0.7193976436852965,0.8809773450362963,0,0.01054115751309252,7.095999516504543,1.0617989021219811,15.347827832488395,PRELIMINARY_WEATHER_PENDING,PRESEASON_ROLE_ESTIMATE,-6.3266834797858325,8.415152130530581,PIT|WR|michaelpittman,4400,6.70094549338717,TRUE,NA,NA,5.573948080517523,4.113662370936193,NA,0.03
128,2026_05_PHI_JAX,2026,5,2026-10-11,00-0040867,Makai Lemon,WR,50,4,2,PHI,JAX,43,7,18,NA,NA,NA,0,PENDING,2.4184489142392613,27.559848231422627,1.75414210056001,0,0,0,0.04161468303821393,0.15440456312328021,0.04329056939398051,0.5839292286065658,3.5820610571314866,0,0,0,0,0,0,0,4.817296690299125,58.320641755320196,29.991594544516914,0,0,0,0.7206376402479504,0.8728548037955577,0.008425206198575882,0.01054115751309252,6.95716207208876,0.9898049203003234,15.117581299674406,PRELIMINARY_WEATHER_PENDING,PRESEASON_ROLE_ESTIMATE,-6.3266834797858325,8.415152130530581,PHI|WR|makailemon,4400,6.460464600644715,TRUE,NA,NA,5.512203035261054,4.0680935451067795,NA,0.03
129,2026_05_PHI_JAX,2026,5,2026-10-11,00-0039893,Brian Thomas Jr.,WR,51,35,3,JAX,PHI,43,-7,25,NA,NA,NA,0,PENDING,2.307165642606022,28.56964093487481,1.7383318496756577,0,0,0,0.04096775983641904,0.2278305437268824,0.03447453675454152,0.47264595697332656,4.591853760583668,0,0,0,0,0,0,0,4.706013418665886,59.33043445877237,29.97578429363256,0,0,0,0.7199907170461555,0.9462807843991599,0,0.01054115751309252,6.920156903730829,0.9704906165067353,15.056383701121442,PRELIMINARY_WEATHER_PENDING,PRESEASON_ROLE_ESTIMATE,-6.3266834797858325,8.415152130530581,JAX|WR|brianthomas,4200,6.90288598395798,TRUE,NA,NA,5.4958615234548205,4.056033249382735,NA,0.03
130,2026_05_PHI_JAX,2026,5,2026-10-11,00-0038555,Tank Bigsby,RB,32,48,2,PHI,JAX,43,7,18,NA,NA,NA,0,PENDING,0.9381310651763217,7.399606979399854,26.736859052806512,0,0,0,0.2048800686077166,0.05467155139021299,0.07401128051693892,0,0,2.499305623402531,0,0,0,0,0,0,3.336978841236186,38.160400503297424,54.97431149676342,0,0,0,0.8839030258174531,0.7731217920624904,0.039145917321534295,0.011587366694011485,6.915991628967484,1.0170570828518573,14.43038696137066,PRELIMINARY_WEATHER_PENDING,PRESEASON_ROLE_ESTIMATE,-6.1688262018290105,7.69353032482483,PHI|RB|tankbigsby,5600,5.784239560738681,TRUE,NA,NA,5.233449035707687,3.8451256662429323,NA,0.03
131,2026_05_DET_ARI,2026,5,2026-10-11,00-0039849,Marvin Harrison Jr.,WR,52,33,3,ARI,DET,54.5,4.5,25,NA,NA,NA,0,PENDING,1.825661615931281,28.863508213560333,1.6826375524268997,0,0,0,0.04015480228700488,0.20149125209072585,0.03450924823320133,0,4.8857210392691925,0,0,0,0,0,0,0,4.224509391991146,59.6243017374579,29.920089996383805,0,0,0,0.7191777594967413,0.9199414927630033,0,0.01054115751309252,6.8542535496514425,0.9359635562156701,14.947572958627427,PRELIMINARY_WEATHER_PENDING,PRESEASON_ROLE_ESTIMATE,-6.3266834797858325,8.415152130530581,ARI|WR|marvinharrison,4400,6.2822163373561715,TRUE,NA,NA,5.46687842466319,4.03464326132221,NA,0.03
132,2026_05_CIN_MIA,2026,5,2026-10-11,00-0037252,Greg Dulcich,TE,22,28,1,MIA,CIN,42.5,7,17.75,NA,NA,NA,0,PENDING,2.8818657374028342,27.412434582261373,1.9289354142727015,0,0,0,0.04577810818226295,0.1516738667760912,0.041762894987763095,1.0473460517701387,3.434647407970232,0,0,0,0,0,0,0,5.280713513462699,58.173228106158945,30.166387858229605,0,0,0,0.7248010653919994,0.8701241074483687,0.006897531792358469,0.007612179487179487,6.822366161306575,1.2766454556933065,14.736432660898107,PRELIMINARY_WEATHER_PENDING,PRESEASON_ROLE_ESTIMATE,-4.62876953571906,6.884203292465299,MIA|TE|gregdulcich,3100,6.932413155805199,TRUE,NA,NA,5.251575187360437,3.7027307327105663,NA,0.03
133,2026_05_DET_ARI,2026,5,2026-10-11,00-0033307,Kendrick Bourne,WR,53,70,2,ARI,DET,54.5,4.5,25,NA,NA,NA,0,PENDING,3.3532283758297936,35.86903789006126,1.882318916828927,0,0,0,0.04015480228700488,0.2404166566406689,0.036972484447453206,1.518708690197098,11.891250715770116,0,0,0,0,0,0,0,5.752076151889658,66.62983141395883,30.11977136078583,0,0,0,0.7191777594967413,0.9588668973129464,0.00210712125204858,0.01054115751309252,6.821993882630487,0.9190021972739961,14.89439270578863,PRELIMINARY_WEATHER_PENDING,PRESEASON_ROLE_ESTIMATE,-6.3266834797858325,8.415152130530581,ARI|WR|kendrickbourne,3400,8.758930156216133,TRUE,NA,NA,5.4527469795219,4.024214029961434,NA,0.03
134,2026_05_CLE_NYJ,2026,5,2026-10-11,00-0039451,Isaiah Williams,WR,54,27,2,NYJ,CLE,40,-2,21,NA,NA,NA,0,PENDING,2.7002002124567177,34.35456401933392,2.9585079089508435,0,0,0,0.03988842158138586,0.20105344365269956,0.04263517333108971,0.8656805268240222,10.37677684504278,0,0,0,0,0,0,0,5.099047988516582,65.11535754323148,31.195960352907747,0,0,0,0.7189113787911223,0.9195036843249771,0.007769810135685083,0.01054115751309252,6.714504773381757,0.8622021759444083,14.717585773396001,PRELIMINARY_WEATHER_PENDING,PRESEASON_ROLE_ESTIMATE,-6.3266834797858325,8.415152130530581,NYJ|WR|isaiahwilliams,3700,7.812970565053712,TRUE,NA,NA,5.405924150390788,3.9896580370610577,NA,0.03
135,2026_05_DEN_LAC,2026,5,2026-10-11,00-0040134,Pat Bryant,WR,55,17,3,DEN,LAC,42.5,-3.5,23,70,0,0,1,VERIFIED_DOME,2.2852407970259274,31.017479811999067,2.933650371307114,0,0,0,0.04198942784419533,0.1866358336740987,0.042482020517095175,0.4507211113932319,7.039692637707926,0,0,0,0,0,0,0,4.684088573085791,61.778273335896635,31.171102815264017,0,0,0,0.7210123850539318,0.9050860743463762,0.007616657321690548,0.01054115751309252,6.676995691087116,0.84227877012228,14.65602810664997,PRELIMINARY_DEPTH_CHART_PENDING,PRESEASON_ROLE_ESTIMATE,-6.3266834797858325,8.415152130530581,DEN|WR|patbryant,4000,6.988223658458304,TRUE,NA,NA,5.38967980356133,3.9776694506358723,NA,0.03
136,2026_05_DEN_LAC,2026,5,2026-10-11,00-0038454,Keaton Mitchell,RB,33,28,2,LAC,DEN,42.5,3.5,19.5,70,0,0,1,VERIFIED_DOME,2.0407321130295983,12.626596222915163,30.443287429430736,0,0,0,0.15815574982130493,0.09778536983356122,0.053392114920325674,0.20621242739690282,0,6.205734000026755,0,0,0,0,0,0,4.439579889089463,43.38738974681273,58.68073987338764,0,0,0,0.8371787070310415,0.8162356105058387,0.018526751724921048,0.011587366694011485,6.6738342851528785,0.8884029971244232,14.043642769521874,PRELIMINARY_DEPTH_CHART_PENDING,PRESEASON_ROLE_ESTIMATE,-6.1688262018290105,7.69353032482483,LAC|RB|keatonmitch,4500,7.799757699740757,TRUE,NA,NA,5.132750593990421,3.7711403918749418,NA,0.03
137,2026_05_DEN_LAC,2026,5,2026-10-11,00-0040189,Oronde Gadsden II,TE,23,19,1,LAC,DEN,42.5,3.5,19.5,70,0,0,1,VERIFIED_DOME,2.343305507454046,24.76059491604036,2.421369000964502,0,0,0,0.046070682309146314,0.17094792236976983,0.038748853601498934,0.5087858218213503,0.7828077417492203,0,0,0,0,0,0,0,4.74215328351391,55.52138843993793,30.658821444921408,0,0,0,0.7250936395188828,0.8893981630420473,0.0038834904060943073,0.007612179487179487,6.6357654826978605,1.1724535532972888,14.432229858107931,PRELIMINARY_DEPTH_CHART_PENDING,PRESEASON_ROLE_ESTIMATE,-4.62876953571906,6.884203292465299,LAC|TE|orondegadsden,3600,6.30134017899939,TRUE,NA,NA,5.173537379949528,3.6477085769754303,NA,0.03
138,2026_05_NYG_WAS,2026,5,2026-10-11,00-0041040,Antonio Williams,WR,56,4,2,WAS,NYG,43.5,-3.5,23.5,NA,NA,NA,0,PENDING,2.7268563860985138,29.848727900249365,2.075355296712545,0,0,0,0.04245719762750113,0.18059090038806194,0.03765791593957986,0.8923367004658183,5.870940725958224,0,0,0,0,0,0,0,5.125704162158378,60.609521424146934,30.31280774066945,0,0,0,0.7214801548372376,0.8990411410603394,0.002792552744175232,0.01054115751309252,6.508748250433763,0.7522642430711111,14.380796392029042,PRELIMINARY_WEATHER_PENDING,PRESEASON_ROLE_ESTIMATE,-6.3266834797858325,8.415152130530581,WAS|WR|antoniowilliams,3800,7.203319777035109,TRUE,NA,NA,5.317414026124826,3.92433615706142,NA,0.03
139,2026_05_SF_SEA,2026,5,2026-10-11,00-0037545,Rashid Shaheed,WR,57,55,2,SEA,SF,47,-3,25,NA,NA,NA,0,PENDING,2.007530217519259,27.062571238661487,5.230547483275089,0,0,0,0.08433739452623625,0.15763327285848905,0.04284518091293129,0.17301053188656357,3.0847840643703464,0,0,0,0,0,0,0,4.406377993579124,57.82336476255905,33.46799992723199,0,0,0,0.7633603517359727,0.8760835135307665,0.007979817717526663,0.01054115751309252,6.466751034093248,0.729631046751952,14.312318689053287,PRELIMINARY_WEATHER_PENDING,PRESEASON_ROLE_ESTIMATE,-6.3266834797858325,8.415152130530581,SEA|WR|rashidshaheed,4000,6.624058047221592,TRUE,NA,NA,5.299526977097672,3.911135230277175,NA,0.03
140,2026_05_CHI_GB,2026,5,2026-10-11,00-0039811,MarShawn Lloyd,RB,34,5,1,GB,CHI,45,3,21,NA,NA,NA,0,PENDING,1.9128283948938303,12.672444344341152,21.734073136454974,0,0,0,0.16690193761792704,0.09816948747814398,0.06842586491800817,0.07830870926113476,0,0,0,0,0,0,0,0,4.311676170953694,43.43323786823872,49.97152558041188,0,0,0,0.8459248948276635,0.8166197281504215,0.033560501722603546,0.011587366694011485,6.4379841488718625,0.761000103013556,13.669646423276216,PRELIMINARY_WEATHER_PENDING,PRESEASON_ROLE_ESTIMATE,-6.1688262018290105,7.69353032482483,GB|RB|marshawnlloyd,4800,6.830231697101876,TRUE,NA,NA,5.03653777614618,3.700450800213633,NA,0.03
141,2026_05_DET_ARI,2026,5,2026-10-11,00-0040669,Isaac TeSlaa,WR,58,18,3,DET,ARI,54.5,-4.5,29.5,NA,NA,NA,0,PENDING,2.482344047486462,36.42846210107262,1.8517683022173426,0,0,0,0.0410050407412454,0.2525310838948496,0.036481823306072025,0.6478243618537667,12.450674926781478,0,0,0,0,0,0,0,4.8811918235463265,67.18925562497019,30.08922074617425,0,0,0,0.7200279979509819,0.970981324567127,0.001616460110667399,0.01054115751309252,6.395213705218694,0.6909281949754558,14.195879891836352,PRELIMINARY_WEATHER_PENDING,PRESEASON_ROLE_ESTIMATE,-6.3266834797858325,8.415152130530581,DET|WR|isaacteslaa,3400,8.01970250404607,TRUE,NA,NA,5.269196916449823,3.888751162935147,NA,0.03
142,2026_05_SF_SEA,2026,5,2026-10-11,00-0033908,Cooper Kupp,WR,59,70,3,SEA,SF,47,-3,25,NA,NA,NA,0,PENDING,2.282213485997124,28.05872760531077,1.6001774571719496,0,0,0,0.04096775983641904,0.22693290927368057,0.03450270106713008,0.4476938003644284,4.080940431019631,0,0,0,0,0,0,0,4.681061262056988,58.81952112920834,29.837629901128853,0,0,0,0.7199907170461555,0.9453831499459581,0,0.01054115751309252,6.280277640488476,0.6283528815853474,14.009339987895906,PRELIMINARY_WEATHER_PENDING,PRESEASON_ROLE_ESTIMATE,-6.3266834797858325,8.415152130530581,SEA|WR|cooperkupp,3800,6.80758491979792,TRUE,NA,NA,5.2208299283303,3.853055556132092,NA,0.03
143,2026_05_HOU_TEN,2026,5,2026-10-11,00-0038608,Kayshon Boutte,WR,60,36,5,HOU,TEN,39.5,-7,23.25,NA,NA,NA,0,PENDING,2.3325934306348373,27.49569197066098,1.925860049536909,0,0,0,0.04096775983641904,0.13630349000471909,0.03462883941675506,0.49807374500214174,3.517904796369841,0,0,0,0,0,0,0,4.731441206694702,58.25648549455855,30.163312493493812,0,0,0,0.7199907170461555,0.8547537306769966,0,0.01054115751309252,6.127789648844303,0.5445918666561376,13.76286718388458,PRELIMINARY_WEATHER_PENDING,PRESEASON_ROLE_ESTIMATE,-6.3266834797858325,8.415152130530581,HOU|WR|kayshonboutte,3900,6.290200767894131,TRUE,NA,NA,5.157345032082888,3.806202692588462,NA,0.03
144,2026_05_IND_PIT,2026,5,2026-10-11,00-0038558,Darnell Washington,TE,24,38,2,PIT,IND,44.5,-2.5,23.5,NA,NA,NA,0,PENDING,2.3801252901821393,24.27628016139421,1.8372909046605035,0,0,0,0.04628084618295665,0.17337007344805128,0.03438506114116013,0.5456056045494437,0.2984929871030708,0,0,0,0,0,0,0,4.778973066242004,55.03707368529178,30.074743348617407,0,0,0,0.7253038033926932,0.8918203141203287,0,0.007612179487179487,6.095764631487093,0.864099120066796,13.56165607443187,PRELIMINARY_WEATHER_PENDING,PRESEASON_ROLE_ESTIMATE,-4.62876953571906,6.884203292465299,PIT|TE|darnellwashington,2900,6.255842151265697,TRUE,NA,NA,4.954177508531046,3.493044403190099,NA,0.03
145,2026_05_TB_DAL,2026,5,2026-10-08,00-0041048,Ted Hurst III,WR,61,4,3,TB,DAL,47.5,8.5,19.5,NA,NA,NA,0,PENDING,2.316659913706654,33.20333022783577,2.0717103669861308,0,0,0,0.04161468303821393,0.21572362339214982,0.03465993758449636,0.4821402280739584,9.22554305354463,0,0,0,0,0,0,0,4.715507689766518,63.96412375173334,30.309162810943036,0,0,0,0.7206376402479504,0.9341738640644273,0,0.01054115751309252,6.0027740753559975,0.4752974464164348,13.561652388732988,PRELIMINARY_WEATHER_PENDING,PRESEASON_ROLE_ESTIMATE,-6.3266834797858325,8.415152130530581,TB|WR|tedhurst,3400,7.33995625162822,TRUE,NA,NA,5.105873953303376,3.76821621748891,NA,0.03
146,2026_05_IND_PIT,2026,5,2026-10-11,00-0032951,Laquon Treadwell,WR,62,28,2,IND,PIT,44.5,2.5,21,NA,NA,NA,0,PENDING,2.3945525461447117,30.313682447259065,2.101251899904218,0,0,0,0.04111877768728663,0.15833183795140046,0.0349732433490672,0.5600328605120162,6.3358952729679245,0,0,0,0,0,0,0,4.793400322204576,61.07447597115663,30.33870434386112,0,0,0,0.7201417348970232,0.876782078623678,1.0788015366257342e-4,0.01054115751309252,5.974165767080018,0.4593618617039228,13.515714007125935,PRELIMINARY_WEATHER_PENDING,PRESEASON_ROLE_ESTIMATE,-6.3266834797858325,8.415152130530581,IND|WR|laquontreadwell,3600,6.783885503021214,TRUE,NA,NA,5.094167828881003,3.759576911408158,NA,0.03
147,2026_05_PHI_JAX,2026,5,2026-10-11,00-0030061,Zach Ertz,TE,25,66,1,PHI,JAX,43,7,18,NA,NA,NA,0,PENDING,2.2083146164903518,22.984153160916645,1.812764548902298,0,0,0,0.0486200145314523,0.15417860162436184,0.03474509952486221,0.37379493085765625,0,0,0,0,0,0,0,0,4.607162392550216,53.74494668481421,30.050216992859202,0,0,0,0.7276429717411887,0.8726288422966393,0,0.007612179487179487,5.960805294061268,0.7854831672011677,13.346291445089683,PRELIMINARY_WEATHER_PENDING,PRESEASON_ROLE_ESTIMATE,-4.62876953571906,6.884203292465299,PHI|TE|zachertz,3200,5.850532244331766,TRUE,NA,NA,4.900822582086818,3.455425418630562,NA,0.03
148,2026_05_NYG_WAS,2026,5,2026-10-11,00-0033699,Austin Ekeler,RB,35,62,2,WAS,NYG,43.5,-3.5,23.5,NA,NA,NA,0,PENDING,1.7417907287565937,13.995391130942922,22.467231918982527,0,0,0,0.1876775627370665,0.08623573715927803,0.04730865824508085,0,0,0,0,0,0,0,0,0,4.140638504816458,44.75618465484049,50.70468436293943,0,0,0,0.866700519946803,0.8046859778315555,0.012443295049676222,0.011587366694011485,5.916287720131742,0.4720202536141098,12.851502498145091,PRELIMINARY_WEATHER_PENDING,PRESEASON_ROLE_ESTIMATE,-6.1688262018290105,7.69353032482483,WAS|RB|austinekeler,4400,6.960090250025067,TRUE,NA,NA,4.830075007620359,3.548758238584463,NA,0.03
149,2026_05_PHI_JAX,2026,5,2026-10-11,00-0038611,Chris Rodriguez Jr.,RB,36,32,2,JAX,PHI,43,-7,25,NA,NA,NA,0,PENDING,0.5808579583263488,5.706996206013989,26.398434901953205,0,0,0,0.3439181047243403,0.052233869692348854,0.04362664912206475,0,0,2.1608814725492245,0,0,0,0,0,0,2.9797057343862132,36.46778972991156,54.635887345910106,0,0,0,1.0229410619340769,0.7706841103646264,0.008761285926660124,0.011587366694011485,5.915942537849414,0.47182584695410146,12.850965249376223,PRELIMINARY_WEATHER_PENDING,PRESEASON_ROLE_ESTIMATE,-6.1688262018290105,7.69353032482483,JAX|RB|chrisrodriguez,4800,6.104234350767097,TRUE,NA,NA,4.829941241678549,3.5486599579185745,NA,0.03
150,2026_05_NYG_WAS,2026,5,2026-10-11,00-0037809,Chig Okonkwo,TE,26,68,1,WAS,NYG,43.5,-3.5,23.5,NA,NA,NA,0,PENDING,2.2414183554542673,22.154793541114937,1.6958334287548404,0,0,0,0.04728072254196888,0.14166485776470064,0.03462028524288336,0.40689866982157175,0,0,0,0,0,0,0,0,4.640266131514132,52.9155870650125,29.933285872711746,0,0,0,0.7263036797517054,0.8601150984369781,0,0.007612179487179487,5.907805897834386,0.7544438785508261,13.26195369611759,PRELIMINARY_WEATHER_PENDING,PRESEASON_ROLE_ESTIMATE,-4.62876953571906,6.884203292465299,WAS|TE|chigokonkwo,3300,5.706138322769854,TRUE,NA,NA,4.8800272405644805,3.4407632368270353,NA,0.03
151,2026_05_HOU_TEN,2026,5,2026-10-11,00-0040584,Gunnar Helm,TE,27,20,1,TEN,HOU,39.5,7,16.25,NA,NA,NA,0,PENDING,2.3762225892035245,23.95037658047034,1.903970078462051,0,0,0,0.045819765305032255,0.1422754076195303,0.03431813997481397,0.541702903570829,0,0,0,0,0,0,0,0,4.775070365263389,54.71117010436791,30.141422522418956,0,0,0,0.7248427225147688,0.8607256482918078,0,0.007612179487179487,5.835322698577539,0.7118430462387,13.146826618504887,PRELIMINARY_WEATHER_PENDING,PRESEASON_ROLE_ESTIMATE,-4.62876953571906,6.884203292465299,TEN|TE|gunnarhelm,2800,6.03681637166887,TRUE,NA,NA,4.851729837013728,3.4208115724130015,NA,0.03
152,2026_05_TB_DAL,2026,5,2026-10-08,00-0036919,Kenny Gainwell,RB,37,87,2,TB,DAL,47.5,8.5,19.5,NA,NA,NA,0,PENDING,1.881739224975734,14.788499379989684,13.48836566310056,0,0,0,0.08450255800905483,0.1137395863854107,0.04385641667133052,0.047219539343038575,0,0,0,0,0,0,0,0,4.280587001035599,45.54929290388725,41.725818107057464,0,0,0,0.7635255152187913,0.8321898270576882,0.008991053475925895,0.011587366694011485,5.568102050637592,0.27381946910644395,12.31225762789822,PRELIMINARY_WEATHER_PENDING,PRESEASON_ROLE_ESTIMATE,-6.1688262018290105,7.69353032482483,TB|RB|kennygainwell,4700,5.834340495696914,TRUE,NA,NA,4.69701059648528,3.4509930021165007,NA,0.03
153,2026_05_CIN_MIA,2026,5,2026-10-11,00-0040785,Dohnte Meyers,WR,63,4,4,CIN,MIA,42.5,-7,24.75,NA,NA,NA,0,PENDING,2.2901942131597925,26.360871029414305,2.895523531621668,0,0,0,0.04442181602351504,0.15195184038753648,0.04291854819808096,0.45567452752709703,2.3830838551231643,0,0,0,0,0,0,0,4.689041989219657,57.121664553311874,31.13297597557857,0,0,0,0.7234447732332515,0.870402081059814,0.008053185002676336,0.01054115751309252,5.565516073638185,0.22859347594692192,12.863809886885743,PRELIMINARY_WEATHER_PENDING,PRESEASON_ROLE_ESTIMATE,-6.3266834797858325,8.415152130530581,CIN|WR|dohntemeyers,3500,6.329320826359724,TRUE,NA,NA,4.9298542375883025,3.638310866628026,NA,0.03
154,2026_05_LV_NE,2026,5,2026-10-11,00-0037291,Jalen Nailor,WR,64,46,2,LV,NE,45,3.5,20.75,NA,NA,NA,0,PENDING,1.8563702075705364,26.117802700407132,2.0028300320006647,0,0,0,0.04015480228700488,0.17018446138983098,0.03447453675454152,0.021850521937840872,2.1400155261159917,0,0,0,0,0,0,0,4.2552179836304,56.8785962243047,30.24028247595757,0,0,0,0.7191777594967413,0.8886347020621085,0,0.01054115751309252,5.453825649551719,0.16451452251925502,12.687010311338273,PRELIMINARY_WEATHER_PENDING,PRESEASON_ROLE_ESTIMATE,-6.3266834797858325,8.415152130530581,LV|WR|jalennailor,3600,5.882602304389433,TRUE,NA,NA,4.885874283581357,3.6058529608024874,NA,0.03
155,2026_05_SF_SEA,2026,5,2026-10-11,00-0039299,George Holani,RB,38,17,2,SEA,SF,47,-3,25,NA,NA,NA,0,PENDING,1.596952973965207,12.868541358700117,20.848222142995777,0,0,0,0.12138042913446466,0.07453508804119494,0.0444119083459324,0,0,0,0,0,0,0,0,0,3.9958007500250714,43.62933488259769,49.08567458695268,0,0,0,0.8004033863442012,0.7929853287134724,0.009546545150527774,0.011587366694011485,5.436113427500651,0.19760016033503014,12.109226908551616,PRELIMINARY_WEATHER_PENDING,PRESEASON_ROLE_ESTIMATE,-6.1688262018290105,7.69353032482483,SEA|RB|georgeholani,4500,6.078473343884912,TRUE,NA,NA,4.647532870938972,3.414640670965977,NA,0.03
156,2026_05_NYG_WAS,2026,5,2026-10-11,00-0036309,Darnell Mooney,WR,65,77,3,NYG,WAS,43.5,3.5,20,NA,NA,NA,0,PENDING,1.6758355954597408,23.719721185994732,2.393668475680814,0,0,0,0.039401485880081764,0.12278718634209357,0.043369577904180404,0,0,0,0,0,0,0,0,0,4.074683371519605,54.480514709892304,30.63112091963772,0,0,0,0.7184244430898182,0.841237427014371,0.008504214708775777,0.01054115751309252,5.349077685892418,0.10403255410480217,12.52172816654386,PRELIMINARY_WEATHER_PENDING,PRESEASON_ROLE_ESTIMATE,-6.3266834797858325,8.415152130530581,NYG|WR|darnellmooney,3800,5.194649754178172,TRUE,NA,NA,4.844984632243097,3.575675747516481,NA,0.03
157,2026_05_PHI_JAX,2026,5,2026-10-11,00-0039746,Will Shipley,RB,39,31,3,PHI,JAX,43,7,18,NA,NA,NA,0,PENDING,1.2023817740838627,12.418008171846795,14.503048772208139,0,0,0,0.06998788887697684,0.0677766642200471,0.04291088254328759,0,0,0,0,0,0,0,0,0,3.601229550143727,43.17880169574436,42.74050121616504,0,0,0,0.7490108460867133,0.7862269048923246,0.008045519347882966,0.011587366694011485,5.337614169112116,0.14033678104102698,11.958199063013469,PRELIMINARY_WEATHER_PENDING,PRESEASON_ROLE_ESTIMATE,-6.1688262018290105,7.69353032482483,PHI|RB|willshipley,5100,4.658427755372948,TRUE,NA,NA,4.610948998038409,3.387761725990925,NA,0.03
158,2026_05_LV_NE,2026,5,2026-10-11,00-0038621,DeMario Douglas,WR,66,50,3,NE,LV,45,-3.5,24.25,NA,NA,NA,0,PENDING,2.160738915095911,24.227449583810987,1.8734158861809276,0,0,0,0.04096775983641904,0.15395767022476242,0.03447453675454152,0.32621922946321535,0.2496624095198463,0,0,0,0,0,0,0,4.559586691155776,54.988243107708556,30.110868330137833,0,0,0,0.7199907170461555,0.87240791089704,0,0.01054115751309252,5.313331711425776,0.08330772121132135,12.465440634165407,PRELIMINARY_WEATHER_PENDING,PRESEASON_ROLE_ESTIMATE,-6.3266834797858325,8.415152130530581,NE|WR|demariodouglas,3500,5.892511283979294,TRUE,NA,NA,4.831109213013689,3.565435467352322,NA,0.03
159,2026_05_CIN_MIA,2026,5,2026-10-11,00-0041525,Chris Bell,WR,67,4,3,MIA,CIN,42.5,7,17.75,NA,NA,NA,0,PENDING,1.5744632416896682,27.486161720580327,2.035726882295977,0,0,0,0.04161468303821393,0.14283393874585407,0.03462028524288336,0,3.508374546289186,0,0,0,0,0,0,0,3.9733110177495323,58.246955244477896,30.27317932625288,0,0,0,0.7206376402479504,0.8612841794181315,0,0.01054115751309252,5.282117295280772,0.06517501094499245,12.416336857376058,PRELIMINARY_WEATHER_PENDING,PRESEASON_ROLE_ESTIMATE,-6.3266834797858325,8.415152130530581,MIA|WR|chrisbell,3600,5.585185577222125,TRUE,NA,NA,4.81902530098754,3.556517348008975,NA,0.03
160,2026_05_CLE_NYJ,2026,5,2026-10-11,00-0040466,Raheim Sanders,RB,40,8,2,CLE,NYJ,40,2,19,NA,NA,NA,0,PENDING,2.002497657832411,13.822111339585783,11.872185118656102,0,0,0,0.07267799157266067,0.07845419637451713,0.041085554245832,0.16797797219971566,0,0,0,0,0,0,0,0,4.401345433892276,44.58290486348335,40.109637562613,0,0,0,0.7517009487823971,0.7969044370467946,0.0062201910504273705,0.011587366694011485,5.269964550403888,0.10081992423308428,11.854712346426215,PRELIMINARY_WEATHER_PENDING,PRESEASON_ROLE_ESTIMATE,-6.1688262018290105,7.69353032482483,CLE|RB|raheimsanders,4700,5.419724056236026,TRUE,NA,NA,4.585990020364077,3.369423837343505,NA,0.03
161,2026_05_HOU_TEN,2026,5,2026-10-11,00-0040138,Jaylin Noel,WR,68,21,4,HOU,TEN,39.5,-7,23.25,NA,NA,NA,0,PENDING,2.093223931134932,29.939432977911455,4.029290966370257,0,0,0,0.04330166394610449,0.13776362663583677,0.04235219916878084,0.25870424550223636,5.961645803620314,0,0,0,0,0,0,0,4.492071707194796,60.70022650180903,32.26674341032716,0,0,0,0.722324621155841,0.8562138673081142,0.00748683597337621,0.01054115751309252,5.232838523129715,0.036481995797028155,12.338906861326478,PRELIMINARY_WEATHER_PENDING,PRESEASON_ROLE_ESTIMATE,-6.3266834797858325,8.415152130530581,HOU|WR|jaylinnoel,3200,6.512865985743375,TRUE,NA,NA,4.800009701728228,3.542483533196949,NA,0.03
162,2026_05_CLE_NYJ,2026,5,2026-10-11,00-0036407,Jerry Jeudy,WR,69,78,3,CLE,NYJ,40,2,19,NA,NA,NA,0,PENDING,1.7078342482840194,21.6285686282096,1.9414227331484275,0,0,0,0.04015480228700488,0.13244209111465366,0.04191345541668206,0,0,0,0,0,0,0,0,0,4.1066820243438835,52.38936215210717,30.178875177105333,0,0,0,0.7191777594967413,0.8508923317869311,0.007048092221277433,0.01054115751309252,5.1122335373859835,0,12.149872224825469,PRELIMINARY_WEATHER_PENDING,PRESEASON_ROLE_ESTIMATE,-6.3266834797858325,8.415152130530581,CLE|WR|jerryjeudy,3700,5.037670149022594,TRUE,NA,NA,4.740488577770374,3.5083703077883124,NA,0.03
163,2026_05_SF_SEA,2026,5,2026-10-11,00-0041052,Kaelon Black,RB,41,4,2,SF,SEA,47,3,22,NA,NA,NA,0,PENDING,0.6313117390720173,6.1981213221464895,26.58035040019041,0,0,0,0.17268904822567724,0.05147327391767594,0.04582093932227963,0,0,2.3427969707864307,0,0,0,0,0,0,3.0301595151318814,36.95891484604406,54.817802844147316,0,0,0,0.8517120054354137,0.7699235145899535,0.010955576126875005,0.011587366694011485,5.1016606267752564,0.0018479146566372506,11.598089522618672,PRELIMINARY_WEATHER_PENDING,PRESEASON_ROLE_ESTIMATE,-6.1688262018290105,7.69353032482483,SF|RB|kaelonblack,4700,5.185665698909291,TRUE,NA,NA,4.524479753399155,3.3242309435882507,NA,0.03
164,2026_05_BUF_LA,2026,5,2026-10-12,00-0040590,Konata Mumpfield,WR,70,14,3,LAR,BUF,54.5,-3,28.75,70,0,0,1,VERIFIED_DOME,1.8717132135749481,29.69570782926327,2.1799473923866715,0,0,0,0.04141780753421575,0.2104929052768978,0.03438506114116013,0.03719352794225261,5.717920654972129,0,0,0,0,0,0,0,4.270560989634813,60.45650135316084,30.417399836343577,0,0,0,0.7204407647439522,0.9289431459491753,0,0.01054115751309252,5.0925063766844945,0,12.119015014577474,PRELIMINARY_DEPTH_CHART_PENDING,PRESEASON_ROLE_ESTIMATE,-6.3266834797858325,8.415152130530581,LAR|WR|konatamumpfield,3100,6.52305520535049,TRUE,NA,NA,4.728449088793396,3.5028218082009643,NA,0.03
165,2026_05_HOU_TEN,2026,5,2026-10-11,00-0039032,Tyjae Spears,RB,42,46,2,TEN,HOU,39.5,7,16.25,NA,NA,NA,0,PENDING,1.3162533655371158,12.882507664174325,17.924319291865064,0,0,0,0.08990819018496689,0.07164207496017987,0.04196424037968816,0,0,0,0,0,0,0,0,0,3.71510114159698,43.643301188071895,46.16177173582197,0,0,0,0.7689311473947034,0.7900923156324573,0.007098877184283536,0.011587366694011485,5.0340496928569625,0,11.49533359913931,PRELIMINARY_WEATHER_PENDING,PRESEASON_ROLE_ESTIMATE,-6.1688262018290105,7.69353032482483,TEN|RB|tyjaespears,4600,5.305483904640583,TRUE,NA,NA,4.485108700405505,3.3062472076489957,NA,0.03
166,2026_05_IND_PIT,2026,5,2026-10-11,00-0041489,Germie Bernard,WR,71,3,4,PIT,IND,44.5,-2.5,23.5,NA,NA,NA,0,PENDING,2.0985479877545252,22.98539611783998,2.019660999463787,0,0,0,0.04192058706106511,0.13372981338931814,0.03431813997481397,0.2640283021218297,0,0,0,0,0,0,0,0,4.4973957638143895,53.746189641737544,30.257113443420693,0,0,0,0.7209435442708017,0.8521800540615956,0,0.01054115751309252,5.0013595442765855,0,11.976671319681028,PRELIMINARY_WEATHER_PENDING,PRESEASON_ROLE_ESTIMATE,-6.3266834797858325,8.415152130530581,PIT|WR|germiebernard,3400,5.605402137263759,TRUE,NA,NA,4.672911166477186,3.477299390784554,NA,0.03
167,2026_05_BUF_LA,2026,5,2026-10-12,00-0036988,Josh Palmer,WR,72,71,4,BUF,LAR,54.5,3,25.75,70,0,0,1,VERIFIED_DOME,1.3827169430181059,24.34232162800016,1.880328838147814,0,0,0,0.04111877768728663,0.19128993639278993,0.03450270106713008,0,0.3645344537090196,0,0,0,0,0,0,0,3.78156471907797,55.103115151897725,30.11778128210472,0,0,0,0.7201417348970232,0.9097401770650674,0,0.01054115751309252,5.000994751777998,0,11.976102375782624,PRELIMINARY_DEPTH_CHART_PENDING,PRESEASON_ROLE_ESTIMATE,-6.3266834797858325,8.415152130530581,BUF|WR|joshpalmer,3500,5.351511187005288,TRUE,NA,NA,4.672689182903872,3.4771976181955906,NA,0.03
168,2026_05_DEN_LAC,2026,5,2026-10-11,00-0033881,Evan Engram,TE,28,78,1,DEN,LAC,42.5,-3.5,23,70,0,0,1,VERIFIED_DOME,1.5929356487190809,19.958050341719865,1.9274544379669996,0,0,0,0.048875917868565585,0.15539554360025817,0.03431813997481397,0,0,0,0,0,0,0,0,0,3.991783424778945,50.71884386561743,30.164906881923905,0,0,0,0.7278988750783021,0.8738457842725357,0,0.007612179487179487,4.901161722373797,0.14764858583606344,11.684701872739414,PRELIMINARY_DEPTH_CHART_PENDING,PRESEASON_ROLE_ESTIMATE,-4.62876953571906,6.884203292465299,DEN|TE|evanengram,2800,4.953702974525441,TRUE,NA,NA,4.501386378034861,3.1737947353147993,NA,0.03
169,2026_05_CHI_GB,2026,5,2026-10-11,00-0040142,Kaleb Johnson,RB,43,14,2,GB,CHI,45,3,21,NA,NA,NA,0,PENDING,0.6336083198524891,6.993787709271087,24.53799045889481,0,0,0,0.13094712265787262,0.05140908091672562,0.059184039998682665,0,0,0.30043702949082984,0,0,0,0,0,0,3.0324560959123534,37.75458123316866,52.775442902851715,0,0,0,0.809970079867609,0.769859321589003,0.02431867680327804,0.011587366694011485,4.660311192191211,0,10.930723735994839,PRELIMINARY_WEATHER_PENDING,PRESEASON_ROLE_ESTIMATE,-6.1688262018290105,7.69353032482483,GB|RB|kalebjohnson,4600,4.785730011507327,TRUE,NA,NA,4.264816127973015,3.2085780882651798,NA,0.03
170,2026_05_BUF_LA,2026,5,2026-10-12,00-0035689,Dawson Knox,TE,29,74,2,BUF,LAR,54.5,3,25.75,70,0,0,1,VERIFIED_DOME,1.6950512258062198,17.938310905294568,2.1992623358107766,0,0,0,0.04817712530402796,0.13795140753035048,0.034510178564942165,0,0,0,0,0,0,0,0,0,4.093899001866085,48.69910442919213,30.43671477976768,0,0,0,0.7272000825137644,0.856401648202628,0,0.007612179487179487,4.6011862409128605,0,11.223411077878293,PRELIMINARY_DEPTH_CHART_PENDING,PRESEASON_ROLE_ESTIMATE,-4.62876953571906,6.884203292465299,BUF|TE|dawsonknox,2600,4.7717837487675,TRUE,NA,NA,4.379013296089853,3.098320619875596,NA,0.03
171,2026_05_CLE_NYJ,2026,5,2026-10-11,00-0037805,Jeremy Ruckert,TE,30,43,2,NYJ,CLE,40,-2,21,NA,NA,NA,0,PENDING,2.137680243711204,14.904887429735876,2.0566725274959947,0,0,0,0.04957386393839162,0.12652962476113078,0.034201134207558735,0.3031605580785086,0,0,0,0,0,0,0,0,4.536528019771069,45.66568095363344,30.2941249714529,0,0,0,0.7285968211481281,0.8449798654334082,0,0.007612179487179487,4.586137532331787,0,11.200371570550685,PRELIMINARY_WEATHER_PENDING,PRESEASON_ROLE_ESTIMATE,-4.62876953571906,6.884203292465299,NYJ|TE|jeremyruckert,2500,4.8372792621907665,TRUE,NA,NA,4.37002402284459,3.094581988654943,NA,0.03
172,2026_05_PHI_JAX,2026,5,2026-10-11,00-0040024,Darius Cooper,WR,73,10,4,PHI,JAX,43,7,18,NA,NA,NA,0,PENDING,1.4792580602704997,20.76900202755658,2.0092199286809374,0,0,0,0.04059592186133405,0.18767509145918115,0.03454176454707941,0,0,0,0,0,0,0,0,0,3.8781058363303638,51.52979555145415,30.246672372637843,0,0,0,0.7196188790710706,0.9061253321314586,0,0.01054115751309252,4.551065504492462,0.6878264233585387,10.344862671620547,PRELIMINARY_WEATHER_PENDING,PRESEASON_ROLE_ESTIMATE,-6.3266834797858325,8.415152130530581,PHI|WR|dariuscooper,3300,5.078705121749369,TRUE,NA,NA,3.7678643184791287,3.3539133655108664,NA,0.03
173,2026_05_CIN_MIA,2026,5,2026-10-11,00-0038839,Mitchell Tinsley,WR,74,9,3,CIN,MIA,42.5,-7,24.75,NA,NA,NA,0,PENDING,1.6194952177495732,21.450481226793055,1.9229823510431503,0,0,0,0.043334329059012924,0.1513994329739184,0.03431813997481397,0,0,0,0,0,0,0,0,0,4.018342993809437,52.21127475069062,30.160434795000054,0,0,0,0.7223572862687494,0.8698496736461958,0,0.01054115751309252,4.550479547216013,0.6874220830928457,10.344004338728631,PRELIMINARY_WEATHER_PENDING,PRESEASON_ROLE_ESTIMATE,-6.3266834797858325,8.415152130530581,CIN|WR|mitchtinsley,3300,5.0776901828073395,TRUE,NA,NA,3.7676871851875866,3.353755692711698,NA,0.03
174,2026_05_HOU_TEN,2026,5,2026-10-11,00-0040170,Elic Ayomanor,WR,75,20,3,TEN,HOU,39.5,7,16.25,NA,NA,NA,0,PENDING,1.624262905625212,27.484809394293688,1.903970078462051,0,0,0,0.04019134210966864,0.16294929969789076,0.034627309770184925,0,3.507022220002547,0,0,0,0,0,0,0,4.023110681685076,58.24560291819125,30.141422522418956,0,0,0,0.7192142993194052,0.8813995403701682,0,0.01054115751309252,4.490636108976774,0.6460821801098229,10.25641068159332,PRELIMINARY_WEATHER_PENDING,PRESEASON_ROLE_ESTIMATE,-6.3266834797858325,8.415152130530581,TEN|WR|elicayomanor,3000,5.733812399231957,TRUE,NA,NA,3.7496404609767837,3.337691645703038,NA,0.03
175,2026_05_CIN_MIA,2026,5,2026-10-11,00-0039814,Erick All,TE,31,9,2,CIN,MIA,42.5,-7,24.75,NA,NA,NA,0,PENDING,2.0248831889453913,15.861086639489885,1.8016333456653602,0,0,0,0.04721798610372112,0.11166214251223099,0.034201134207558735,0.1903635033126958,0,0,0,0,0,0,0,0,4.423730965005255,46.62188016338745,30.039085789622263,0,0,0,0.7262409433134576,0.8301123831845084,0,0.007612179487179487,4.460197516492485,0.9227559317252125,9.480818472046616,PRELIMINARY_WEATHER_PENDING,PRESEASON_ROLE_ESTIMATE,-4.62876953571906,6.884203292465299,CIN|TE|erickall,2500,4.69125804971587,TRUE,NA,NA,3.339080195209287,3.063470368750655,NA,0.03
176,2026_05_DET_ARI,2026,5,2026-10-11,00-0037157,Bam Knight,RB,44,22,3,ARI,DET,54.5,4.5,25,NA,NA,NA,0,PENDING,1.1706256228590455,9.38278003348129,21.76830434636121,0,0,0,0.1934475109870106,0.0664650104202836,0.04751362899941413,0,0,0,0,0,0,0,0,0,3.56947339891891,40.14357355737886,50.00575679031812,0,0,0,0.8724704681967471,0.7849152510925611,0.012648265804009504,0.011587366694011485,4.447871741529704,0.8396668974685957,8.472795736774568,PRELIMINARY_WEATHER_PENDING,PRESEASON_ROLE_ESTIMATE,-6.1688262018290105,7.69353032482483,ARI|RB|bamknight,4000,5.773356664676256,TRUE,NA,NA,2.9782008737050223,3.1543529001233637,NA,0.03
177,2026_05_NYG_WAS,2026,5,2026-10-11,00-0036893,Najee Harris,RB,45,74,2,NYG,WAS,43.5,3.5,20,NA,NA,NA,0,PENDING,0.46232665929044575,5.196071980185636,26.40033026979446,0,0,0,0.1450987637485055,0.05130329047037373,0.0662526158532987,0,0,2.162776840390478,0,0,0,0,0,0,2.86117443535031,35.956865504083204,54.63778271375136,0,0,0,0.824121720958242,0.7697535311426512,0.03138725265789407,0.011587366694011485,4.438460482855234,0.8329791184494191,8.46034645806274,PRELIMINARY_WEATHER_PENDING,PRESEASON_ROLE_ESTIMATE,-6.1688262018290105,7.69353032482483,NYG|RB|najeeharris,4500,4.691048711283157,TRUE,NA,NA,2.9759529222057433,3.151971988750429,NA,0.03
178,2026_05_CHI_GB,2026,5,2026-10-11,00-0036290,Cole Kmet,TE,32,86,2,CHI,GB,45,-3,24,NA,NA,NA,0,PENDING,1.4422718903351177,18.026641105826283,1.9138666279410528,0,0,0,0.04906814883176885,0.15075107237552393,0.03411205929885973,0,0,0,0,0,0,0,0,0,3.841119666394982,48.78743462972385,30.15131907189796,0,0,0,0.7280911060415053,0.8692013130478013,0,0.007612179487179487,4.437707489685753,0.9066432024170727,9.44927727289004,PRELIMINARY_WEATHER_PENDING,PRESEASON_ROLE_ESTIMATE,-4.62876953571906,6.884203292465299,CHI|TE|colekmet,2600,4.582238231332248,TRUE,NA,NA,3.3330605035009624,3.0579475462668086,NA,0.03
179,2026_05_NYG_WAS,2026,5,2026-10-11,00-0036626,Dyami Brown,WR,76,65,3,WAS,NYG,43.5,-3.5,23.5,NA,NA,NA,0,PENDING,1.8102730608888704,23.450232073846358,2.0177040142259104,0,0,0,0.04096775983641904,0.14363144014127355,0.053155138394846875,0,0,0,0,0,0,0,0,0,4.209120836948735,54.21102559774393,30.255156458182814,0,0,0,0.7199907170461555,0.862081680813551,0.01828977519944225,0.01054115751309252,4.43225658918229,0.6056681461499878,10.171087869201912,PRELIMINARY_WEATHER_PENDING,PRESEASON_ROLE_ESTIMATE,-6.3266834797858325,8.415152130530581,WAS|WR|dyamibrown,3100,5.379433907798744,TRUE,NA,NA,3.732118502946517,3.3220947121989806,NA,0.03
180,2026_05_BUF_LA,2026,5,2026-10-12,00-0035537,Ty Johnson,RB,46,72,2,BUF,LAR,54.5,3,25.75,70,0,0,1,VERIFIED_DOME,1.9749937562398379,17.39184663999523,7.534101885906502,0,0,0,0.0634165811558844,0.10698159116332615,0.040902773676061065,0.14047407060714234,0,0,0,0,0,0,0,0,4.373841532299702,48.1526401638928,35.771554329863406,0,0,0,0.7424395383656209,0.8254318318356036,0.006037410480656438,0.011587366694011485,4.355711738058208,0.7740883165658237,8.350984366446585,PRELIMINARY_DEPTH_CHART_PENDING,PRESEASON_ROLE_ESTIMATE,-6.1688262018290105,7.69353032482483,BUF|RB|tyjohnson,4100,5.431346828781175,TRUE,NA,NA,2.9562606515336567,3.131114976836644,NA,0.03
181,2026_05_HOU_TEN,2026,5,2026-10-11,00-0034837,Calvin Ridley,WR,77,49,4,TEN,HOU,39.5,7,16.25,NA,NA,NA,0,PENDING,1.2609452753106294,17.734892792779682,2.033479748058481,0,0,0,0.04015480228700488,0.1126242929543123,0.03441937191513756,0,0,0,0,0,0,0,0,0,3.6597930513704937,48.49568631667725,30.270932192015387,0,0,0,0.7191777594967413,0.8310745336265898,0,0.01054115751309252,4.282325136454309,0.501492285409904,9.952535600191979,PRELIMINARY_WEATHER_PENDING,PRESEASON_ROLE_ESTIMATE,-6.3266834797858325,8.415152130530581,TEN|WR|calvinridley,3500,4.10670067203826,TRUE,NA,NA,3.6874925145462636,3.2823714933424277,NA,0.03
182,2026_05_CIN_MIA,2026,5,2026-10-11,00-0035631,Drew Sample,TE,33,51,3,CIN,MIA,42.5,-7,24.75,NA,NA,NA,0,PENDING,1.648285996170193,15.82769564811876,2.0659364143165555,0,0,0,0.052116797938405846,0.10590179738069848,0.03415035272894117,0,0,0,0,0,0,0,0,0,4.047133772230057,46.58848917201633,30.30338885827346,0,0,0,0.7311397551481423,0.824352038052976,0,0.007612179487179487,4.222472939641411,0.7518622760362041,9.14824208910209,PRELIMINARY_WEATHER_PENDING,PRESEASON_ROLE_ESTIMATE,-4.62876953571906,6.884203292465299,CIN|TE|drewsample,2600,4.3326844278448275,TRUE,NA,NA,3.275996805722156,3.005593922796631,NA,0.03
183,2026_05_SF_SEA,2026,5,2026-10-11,00-0031236,Brandin Cooks,WR,78,69,3,SF,SEA,47,3,22,NA,NA,NA,0,PENDING,1.2969227331184356,16.586746150205013,1.894806235704653,0,0,0,0.04015480228700488,0.10686458180882553,0.0342562746562429,0,0,0,0,0,0,0,0,0,3.6957705091783,47.34753967410258,30.132258679661557,0,0,0,0.7191777594967413,0.825314822481103,0,0.01054115751309252,4.20904048952644,0.45037293351591856,9.846009100798128,PRELIMINARY_WEATHER_PENDING,PRESEASON_ROLE_ESTIMATE,-6.3266834797858325,8.415152130530581,SF|WR|brandincooks,3500,3.9797640419980844,TRUE,NA,NA,3.6658744312454967,3.2631284494346158,NA,0.03
184,2026_05_HOU_TEN,2026,5,2026-10-11,00-0038728,Jared Wayne,WR,79,4,3,HOU,TEN,39.5,-7,23.25,NA,NA,NA,0,PENDING,1.566215605933722,24.110530614482556,2.005183601906948,0,0,0,0.04245719762750113,0.14125707767701456,0.03462883941675506,0,0.13274344019141537,0,0,0,0,0,0,0,3.9650633819935863,54.871324138380125,30.242636045863854,0,0,0,0.7214801548372376,0.859707318349292,0,0.01054115751309252,4.200864199318763,0.44466153003487285,9.834136157747041,PRELIMINARY_WEATHER_PENDING,PRESEASON_ROLE_ESTIMATE,-6.3266834797858325,8.415152130530581,HOU|WR|jaredwayne,3000,5.231897315592443,TRUE,NA,NA,3.663470397078489,3.260988530997445,NA,0.03
185,2026_05_CIN_MIA,2026,5,2026-10-11,00-0033526,Samaje Perine,RB,47,84,2,CIN,MIA,42.5,-7,24.75,NA,NA,NA,0,PENDING,1.0903300829727571,10.78498106514381,14.942193348248603,0,0,0,0.08780731169494409,0.07276648773812024,0.04110530376009056,0,0,0,0,0,0,0,0,0,3.4891778590326217,41.54577458904138,43.179645792205505,0,0,0,0.7668302689046805,0.7912167284103977,0.006239940564685936,0.011587366694011485,4.195819380098725,0.6598494631242473,8.140165884904185,PRELIMINARY_WEATHER_PENDING,PRESEASON_ROLE_ESTIMATE,-6.1688262018290105,7.69353032482483,CIN|RB|samajeperine,4400,4.567454446778227,TRUE,NA,NA,2.9185783932032527,3.0912039211730833,NA,0.03
186,2026_05_LV_NE,2026,5,2026-10-11,00-0035891,Cody White,WR,80,21,3,LV,NE,45,3.5,20.75,NA,NA,NA,0,PENDING,1.3796443009955008,15.993934289118952,1.9515355527510665,0,0,0,0.04019134210966864,0.1786135325118342,0.03438506114116013,0,0,0,0,0,0,0,0,0,3.778492077055365,46.75472781301652,30.188987996707972,0,0,0,0.7192142993194052,0.8970637731841117,0,0.01054115751309252,4.18193501561511,0.4314326809567315,9.806658038315785,PRELIMINARY_WEATHER_PENDING,PRESEASON_ROLE_ESTIMATE,-6.3266834797858325,8.415152130530581,LV|WR|codywhite,3300,4.439332725655386,TRUE,NA,NA,3.6579107910101647,3.2560397229928477,NA,0.03
187,2026_05_LV_NE,2026,5,2026-10-11,00-0040878,Mike Washington Jr.,RB,48,4,2,LV,NE,45,3.5,20.75,NA,NA,NA,0,PENDING,0.5400313810230875,5.014039182515112,25.334638781242695,0,0,0,0.18976889222113824,0.053341830485140206,0.043456046490249665,0,0,1.0970853518387145,0,0,0,0,0,0,2.938879157082952,35.77483270641268,53.5720912251996,0,0,0,0.8687918494308747,0.7717920711574177,0.008590683294845039,0.011587366694011485,4.177615289834242,0.646806084809139,8.116205061234787,PRELIMINARY_WEATHER_PENDING,PRESEASON_ROLE_ESTIMATE,-6.1688262018290105,7.69353032482483,LV|RB|mikewashington,4200,4.969826154044062,TRUE,NA,NA,2.914318757871887,3.0866923406482125,NA,0.03
188,2026_05_SF_SEA,2026,5,2026-10-11,00-0040648,Tory Horton,WR,81,10,4,SEA,SF,47,-3,25,NA,NA,NA,0,PENDING,1.6498630993254024,19.968937709773925,1.894806235704653,0,0,0,0.04141780753421575,0.17798011425727114,0.03456466394858035,0,0,0,0,0,0,0,0,0,4.048710875385266,50.729731233671494,30.132258679661557,0,0,0,0.7204407647439522,0.8964303549295486,0,0.01054115751309252,4.1273586223536745,0.39324304309018077,9.727506014348773,PRELIMINARY_WEATHER_PENDING,PRESEASON_ROLE_ESTIMATE,-6.3266834797858325,8.415152130530581,SEA|WR|toryhorton,3000,5.104578011751206,TRUE,NA,NA,3.6419285880837267,3.2418133816295454,NA,0.03
189,2026_05_CHI_GB,2026,5,2026-10-11,00-0033858,Jonnu Smith,TE,34,82,2,GB,CHI,45,3,21,NA,NA,NA,0,PENDING,1.5087683268915884,16.10444802084367,1.7686270186821518,0,0,0,0.0486200145314523,0.10018751014734822,0.04151210612242077,0,0,0,0,0,0,0,0,0,3.9076161029514527,46.86524154474124,30.006079462639057,0,0,0,0.7276429717411887,0.8186377508196256,0.0066467429270161416,0.007612179487179487,4.111541461370478,0.6716831720971297,8.993664373485945,PRELIMINARY_WEATHER_PENDING,PRESEASON_ROLE_ESTIMATE,-4.62876953571906,6.884203292465299,GB|TE|jonnusmith,2700,4.121121125646491,TRUE,NA,NA,3.246968865153654,2.9789619671086403,NA,0.03
190,2026_05_HOU_TEN,2026,5,2026-10-11,00-0034981,Foster Moreau,TE,35,69,2,HOU,TEN,39.5,-7,23.25,NA,NA,NA,0,PENDING,1.6455332274780674,14.252738339914362,1.8900656446818958,0,0,0,0.04800949699089518,0.12650078506815887,0.03411205929885973,0,0,0,0,0,0,0,0,0,4.044381003537932,45.013531863811934,30.1275180886388,0,0,0,0.7270324542006317,0.8449510257404363,0,0.007612179487179487,4.082964942425282,0.6509843869030978,8.953907142660254,PRELIMINARY_WEATHER_PENDING,PRESEASON_ROLE_ESTIMATE,-4.62876953571906,6.884203292465299,HOU|TE|fostermoreau,2500,4.253875558668657,TRUE,NA,NA,3.23953287388106,2.9721397473372897,NA,0.03
191,2026_05_CHI_GB,2026,5,2026-10-11,00-0038090,Skyy Moore,WR,82,53,3,GB,CHI,45,3,21,NA,NA,NA,0,PENDING,1.6930290145312417,17.26757401599424,2.119649349975026,0,0,0,0.04015480228700488,0.11439411041189894,0.034201134207558735,0,0,0,0,0,0,0,0,0,4.091876790591106,48.0283675398918,30.357101793931932,0,0,0,0.7191777594967413,0.8328443510841764,0,0.01054115751309252,4.077514643919457,0.35830233387123744,9.655311226879185,PRELIMINARY_WEATHER_PENDING,PRESEASON_ROLE_ESTIMATE,-6.3266834797858325,8.415152130530581,GB|WR|skyymoore,3200,4.511724873932659,TRUE,NA,NA,3.6273932473694686,3.2288749450582723,NA,0.03
192,2026_05_NYG_WAS,2026,5,2026-10-11,00-0037742,Treylon Burks,WR,83,36,4,WAS,NYG,43.5,-3.5,23.5,NA,NA,NA,0,PENDING,1.2120979976176192,17.877105908264717,1.6895505043937862,0,0,0,0.04096775983641904,0.169225345800585,0.034295508871230805,0,0,0,0,0,0,0,0,0,3.6109457736774835,48.637899432162286,29.92700294835069,0,0,0,0.7199907170461555,0.8876755864728625,0,0.01054115751309252,4.002859020477445,0.3058574323166483,9.547345623172255,PRELIMINARY_WEATHER_PENDING,PRESEASON_ROLE_ESTIMATE,-6.3266834797858325,8.415152130530581,WAS|WR|treylonburks,3200,4.382413569989218,TRUE,NA,NA,3.6057308587029286,3.2095924633294923,NA,0.03
193,2026_05_DEN_LAC,2026,5,2026-10-11,00-0038783,Nate Adkins,TE,36,29,2,DEN,LAC,42.5,-3.5,23,70,0,0,1,VERIFIED_DOME,1.3236147189681904,13.638431929508766,2.58822200061732,0,0,0,0.04795898840833033,0.1626382619760418,0.04216348468532213,0,0,0,0,0,0,0,0,0,3.7224624950280547,44.39922545340633,30.825674444574226,0,0,0,0.7269819456180668,0.8810885026483193,0.007298121489917507,0.007612179487179487,3.9854061797021294,0.5801841211403955,8.818370573842076,PRELIMINARY_DEPTH_CHART_PENDING,PRESEASON_ROLE_ESTIMATE,-4.62876953571906,6.884203292465299,DEN|TE|nateadkins,2500,4.140761003890747,TRUE,NA,NA,3.2142748547411935,2.948966541339024,NA,0.03
194,2026_05_CHI_GB,2026,5,2026-10-11,00-0040598,Mark Redman,TE,37,1,3,GB,CHI,45,3,21,NA,NA,NA,0,PENDING,1.289395683863666,17.1422010507999,2.029772030231656,0,0,0,0.05645056017866474,0.10652162982578116,0.03411205929885973,0,0,0,0,0,0,0,0,0,3.6882434599235303,47.90299457469747,30.26722447418856,0,0,0,0.7354735173884013,0.8249718704980586,0,0.007612179487179487,3.9773552696895735,0.574332080083003,8.807198852562319,PRELIMINARY_WEATHER_PENDING,PRESEASON_ROLE_ESTIMATE,-4.62876953571906,6.884203292465299,GB|TE|markredman,2500,4.131426372370137,TRUE,NA,NA,3.2121992869603258,2.9470622922574514,NA,0.03
195,2026_05_LV_NE,2026,5,2026-10-11,00-0040563,Efton Chism III,WR,84,11,4,NE,LV,45,-3.5,24.25,NA,NA,NA,0,PENDING,1.3106724285433826,16.970367602314962,1.9354696699188763,0,0,0,0.04141780753421575,0.14012774296614647,0.037665700063583676,0,0,0,0,0,0,0,0,0,3.7095202046032467,47.73116112621253,30.17292211387578,0,0,0,0.7204407647439522,0.858577983638424,0.00280033686817905,0.01054115751309252,3.918491571196215,0.24643045751607895,9.42557431475672,PRELIMINARY_WEATHER_PENDING,PRESEASON_ROLE_ESTIMATE,-6.3266834797858325,8.415152130530581,NE|WR|eftonchism,3200,4.236280373667958,TRUE,NA,NA,3.5814061089506986,3.187940116957412,NA,0.03
196,2026_05_DET_ARI,2026,5,2026-10-11,00-0039041,Elijah Higgins,TE,38,46,2,ARI,DET,54.5,4.5,25,NA,NA,NA,0,PENDING,1.4076969094059861,13.375792212358457,2.0324688775302144,0,0,0,0.04233453894663169,0.11923361303095988,0.03411205929885973,0,0,0,0,0,0,0,0,0,3.8065446854658505,44.13658573625602,30.269921321487118,0,0,0,0.7213574961563681,0.8376838537032374,0,0.007612179487179487,3.8905842421767876,0.5111700734521851,8.68692000813164,PRELIMINARY_WEATHER_PENDING,PRESEASON_ROLE_ESTIMATE,-4.62876953571906,6.884203292465299,ARI|TE|elijahhiggins,2700,3.864932170637042,TRUE,NA,NA,3.1899141376041573,2.9266165734592757,NA,0.03
197,2026_05_CHI_GB,2026,5,2026-10-11,00-0038685,Chris Brooks,RB,49,35,3,GB,CHI,45,3,21,NA,NA,NA,0,PENDING,1.1008104052047658,9.85319767813841,17.881994932026593,0,0,0,0.09281500830409682,0.06181894447462672,0.04110530376009056,0,0,0,0,0,0,0,0,0,3.49965818126463,40.613991202035976,46.1194473759835,0,0,0,0.7718379655138333,0.7802691851469042,0.006239940564685936,0.011587366694011485,3.860813532683059,0.4186185288713471,7.700554862767893,PRELIMINARY_WEATHER_PENDING,PRESEASON_ROLE_ESTIMATE,-6.1688262018290105,7.69353032482483,GB|RB|chrisbrooks,4100,4.7430975087614495,TRUE,NA,NA,2.8411768762764518,3.009224326865777,NA,0.03
198,2026_05_DEN_LAC,2026,5,2026-10-11,00-0038976,Marvin Mims Jr.,WR,85,50,4,DEN,LAC,42.5,-3.5,23,70,0,0,1,VERIFIED_DOME,1.2150079640511127,13.770277774290413,2.093312193359381,0,0,0,0.04433159605046582,0.10052531343502046,0.0618370278997284,0,0,0,0,0,0,0,0,0,3.613855740110977,44.53107129818798,30.330764637316285,0,0,0,0.7233545532602023,0.8189755541072979,0.026971664704323772,0.01054115751309252,3.8250528900658773,0.18041755098760914,9.291004507165539,PRELIMINARY_DEPTH_CHART_PENDING,PRESEASON_ROLE_ESTIMATE,-6.3266834797858325,8.415152130530581,DEN|WR|marvinmims,3400,3.567916676955738,TRUE,NA,NA,3.5546574155980992,3.1641301300358426,NA,0.03
199,2026_05_NYG_WAS,2026,5,2026-10-11,00-0036628,John Bates,TE,39,61,2,WAS,NYG,43.5,-3.5,23.5,NA,NA,NA,0,PENDING,1.449994376350159,14.70319673482993,1.630522534668514,0,0,0,0.04728072254196888,0.10538434319728088,0.03411205929885973,0,0,0,0,0,0,0,0,0,3.8488421524100236,45.4639902587275,29.86797497862542,0,0,0,0.7263036797517054,0.8238345838695583,0,0.007612179487179487,3.81773703966132,0.45801691710788184,8.586121434961072,PRELIMINARY_WEATHER_PENDING,PRESEASON_ROLE_ESTIMATE,-4.62876953571906,6.884203292465299,WAS|TE|johnbates,2500,3.9463569381121415,TRUE,NA,NA,3.171324431468275,2.909561273621685,NA,0.03
200,2026_05_TB_DAL,2026,5,2026-10-08,00-0040237,Tez Johnson,WR,86,19,4,TB,DAL,47.5,8.5,19.5,NA,NA,NA,0,PENDING,1.2317647173558075,19.845867016112333,2.340223562125799,0,0,0,0.04019134210966864,0.10699636088391871,0.04223770564566471,0,0,0,0,0,0,0,0,0,3.630612493415672,50.6066605400099,30.577676006082704,0,0,0,0.7192142993194052,0.8254466015561962,0.007372342450260083,0.01054115751309252,3.791806009256765,0.1568796830537007,9.243196774669386,PRELIMINARY_WEATHER_PENDING,PRESEASON_ROLE_ESTIMATE,-6.3266834797858325,8.415152130530581,TB|WR|tezjohnson,3100,4.270106896876001,TRUE,NA,NA,3.54518809661166,3.1557011440569305,NA,0.03
201,2026_05_CIN_MIA,2026,5,2026-10-11,00-0041529,Kevin Coleman Jr.,WR,87,3,2,MIA,CIN,42.5,7,17.75,NA,NA,NA,0,PENDING,1.2705551292711539,20.721522118828542,2.0518000993507224,0,0,0,0.04227082504656601,0.12619029595955164,0.03447453675454152,0,0,0,0,0,0,0,0,0,3.669402905331018,51.48231564272611,30.289252543307626,0,0,0,0.7212937822563025,0.8446405366318291,0,0.01054115751309252,3.7845439337982487,0.15173489127141737,9.232759355436453,PRELIMINARY_WEATHER_PENDING,PRESEASON_ROLE_ESTIMATE,-6.3266834797858325,8.415152130530581,MIA|WR|kevincoleman,3000,4.510787318642889,TRUE,NA,NA,3.5431230839504626,3.153863001019143,NA,0.03
202,2026_05_LV_NE,2026,5,2026-10-11,00-0034365,Ian Thomas,TE,40,49,3,LV,NE,45,3.5,20.75,NA,NA,NA,0,PENDING,1.4070166119126535,13.148084499963957,1.863282494978439,0,0,0,0.0486200145314523,0.12637979916048048,0.03411205929885973,0,0,0,0,0,0,0,0,0,3.805864387972518,43.908878023861526,30.100734938935343,0,0,0,0.7276429717411887,0.844830039832758,0,0.007612179487179487,3.7821990803419125,0.43204485649439306,8.537006784592275,PRELIMINARY_WEATHER_PENDING,PRESEASON_ROLE_ESTIMATE,-4.62876953571906,6.884203292465299,LV|TE|ianthomas,2500,3.9051524339351293,TRUE,NA,NA,3.16229493878185,2.901277081067879,NA,0.03
203,2026_05_DEN_LAC,2026,5,2026-10-11,00-0039391,Kimani Vidal,RB,50,25,3,LAC,DEN,42.5,3.5,19.5,70,0,0,1,VERIFIED_DOME,1.0806966083842597,10.308233736771506,11.271336512052596,0,0,0,0.05977071048534596,0.10250030199577954,0.04094547137326016,0,0,0,0,0,0,0,0,0,3.4795443844441243,41.069027260669074,39.5087889560095,0,0,0,0.7387936676950825,0.820950542668057,0.006080108177855537,0.011587366694011485,3.7444351612928077,0.334231388181641,7.548490526292824,PRELIMINARY_DEPTH_CHART_PENDING,PRESEASON_ROLE_ESTIMATE,-6.1688262018290105,7.69353032482483,LAC|RB|kimanividal,4300,4.1535634987949255,TRUE,NA,NA,2.814771415572057,2.981257059013766,NA,0.03
204,2026_05_LV_NE,2026,5,2026-10-11,00-0041395,Eli Raridon,TE,41,3,2,NE,LV,45,-3.5,24.25,NA,NA,NA,0,PENDING,1.094236894707655,13.359122738017392,2.1084192241753326,0,0,0,0.049454728592114194,0.13072862423423554,0.04151210612242077,0,0,0,0,0,0,0,0,0,3.4930846707675194,44.11991626191496,30.345871668132236,0,0,0,0.7284776858018507,0.8491788649065131,0.0066467429270161416,0.007612179487179487,3.7089112697595947,0.37839831436481397,8.43584250972794,PRELIMINARY_WEATHER_PENDING,PRESEASON_ROLE_ESTIMATE,-4.62876953571906,6.884203292465299,NE|TE|eliraridon,2700,3.6542913546145432,TRUE,NA,NA,3.1437550508634904,2.884267487420101,NA,0.03
205,2026_05_DEN_LAC,2026,5,2026-10-11,00-0037085,Tyler Badie,RB,51,23,3,DEN,LAC,42.5,-3.5,23,70,0,0,1,VERIFIED_DOME,1.4081117042489368,14.051872882702494,6.664424998297742,0,0,0,0.06195377243174548,0.08375816815210034,0.04193794718374689,0,0,0,0,0,0,0,0,0,3.806959480308801,44.81266640660006,34.901877442254644,0,0,0,0.740976729641482,0.8022084088243778,0.0070725839883422625,0.011587366694011485,3.691155451162377,0.2954983437463108,7.478984125512225,PRELIMINARY_DEPTH_CHART_PENDING,PRESEASON_ROLE_ESTIMATE,-6.1688262018290105,7.69353032482483,DEN|RB|tylerbadie,4200,4.293311974872565,TRUE,NA,NA,2.8027646436854914,2.9685401210610913,NA,0.03
206,2026_05_SF_SEA,2026,5,2026-10-11,00-0029892,Kyle Juszczyk,RB,52,72,3,SF,SEA,47,3,22,NA,NA,NA,0,PENDING,1.4482470020269596,18.15225791586049,3.150856425202919,0,0,0,0.04796374475031357,0.1482423285042092,0.03411205929885973,0,0,0,0,0,0,0,0,0,3.8470947780868237,48.91305143975806,31.388308869159822,0,0,0,0.7269867019600501,0.8666925691764866,0,0.011587366694011485,3.6837818284140393,0.29013300662015773,7.469370276019738,PRELIMINARY_WEATHER_PENDING,PRESEASON_ROLE_ESTIMATE,-6.1688262018290105,7.69353032482483,SF|RB|kylejuszczyk,4000,4.7107454904507415,TRUE,NA,NA,2.801107011080601,2.9667844442493827,NA,0.03
207,2026_05_BUF_LA,2026,5,2026-10-12,00-0040194,Jackson Hawes,TE,42,14,3,BUF,LAR,54.5,3,25.75,70,0,0,1,VERIFIED_DOME,1.143864808648791,14.080888099082632,1.9306246109455778,0,0,0,0.047293381630806756,0.1319203784968525,0.03411205929885973,0,0,0,0,0,0,0,0,0,3.5427125847086556,44.841681622980204,30.168077054902483,0,0,0,0.7263163388405433,0.85037061916913,0,0.007612179487179487,3.663303487216657,0.3449553306844484,8.372969468487156,PRELIMINARY_DEPTH_CHART_PENDING,PRESEASON_ROLE_ESTIMATE,-4.62876953571906,6.884203292465299,BUF|TE|jacksonhawes,2500,3.767298880794207,TRUE,NA,NA,3.13227239087113,2.873732613567265,NA,0.03
208,2026_05_NYG_WAS,2026,5,2026-10-11,00-0039847,Theo Johnson,TE,43,29,2,NYG,WAS,43.5,3.5,20,NA,NA,NA,0,PENDING,1.074961991285737,13.674307429710135,1.8482498431091348,0,0,0,0.046301660369902804,0.13592871629405823,0.03411205929885973,0,0,0,0,0,0,0,0,0,3.4738097673456014,44.4351009536077,30.085702287066038,0,0,0,0.7253246175796393,0.8543789569663357,0,0.007612179487179487,3.64885274853496,0.3343497080546154,8.353061432557173,PRELIMINARY_WEATHER_PENDING,PRESEASON_ROLE_ESTIMATE,-4.62876953571906,6.884203292465299,NYG|TE|theojohnson,2600,3.6676002189280696,TRUE,NA,NA,3.1286428889982663,2.870402693112884,NA,0.03
209,2026_05_DEN_LAC,2026,5,2026-10-11,00-0036422,Adam Trautman,TE,44,67,3,DEN,LAC,42.5,-3.5,23,70,0,0,1,VERIFIED_DOME,1.3099060588888496,13.369204720221207,2.174118653173603,0,0,0,0.05107933721419895,0.09649514465417747,0.03411205929885973,0,0,0,0,0,0,0,0,0,3.708753834948714,44.129998244118774,30.41157109713051,0,0,0,0.7301022944239355,0.814945385326455,0,0.007612179487179487,3.6024010563854683,0.30022793182478713,8.289110134332756,PRELIMINARY_DEPTH_CHART_PENDING,PRESEASON_ROLE_ESTIMATE,-4.62876953571906,6.884203292465299,DEN|TE|adamtrautman,2500,3.696685527815229,TRUE,NA,NA,3.117004370857576,2.8597248257435037,NA,0.03
210,2026_05_TB_DAL,2026,5,2026-10-08,00-0038951,Sean Tucker,RB,53,38,3,TB,DAL,47.5,8.5,19.5,NA,NA,NA,0,PENDING,0.49459236071424245,5.183439834685049,18.863928270287847,0,0,0,0.23653651256873293,0.054115358703922783,0.043018389867376126,0,0,0,0,0,0,0,0,0,2.8934401367741067,35.944233358582615,47.101380714244755,0,0,0,0.9155594697784695,0.7725655993762003,0.0081530266719715,0.011587366694011485,3.590038964113785,0.22181872342016495,7.347262030412507,PRELIMINARY_WEATHER_PENDING,PRESEASON_ROLE_ESTIMATE,-6.1688262018290105,7.69353032482483,TB|RB|seantucker,4000,4.5803783525007375,TRUE,NA,NA,2.780118340613477,2.9445543542167574,NA,0.03
211,2026_05_BUF_LA,2026,5,2026-10-12,00-0039074,Davis Allen,TE,45,33,2,LAR,BUF,54.5,-3,28.75,70,0,0,1,VERIFIED_DOME,1.2809994825646076,12.899912927073505,2.579537303206457,0,0,0,0.047726569709404296,0.1019720898532335,0.03411205929885973,0,0,0,0,0,0,0,0,0,3.6798472586244717,43.66070645097108,30.816989747163362,0,0,0,0.7267495269191407,0.820422330525511,0,0.007612179487179487,3.582953201770389,0.28592859184222474,8.262355094613815,PRELIMINARY_DEPTH_CHART_PENDING,PRESEASON_ROLE_ESTIMATE,-4.62876953571906,6.884203292465299,LAR|TE|davisallen,2500,3.67413670334507,TRUE,NA,NA,3.1121445582409635,2.8552661451852965,NA,0.03
212,2026_05_CLE_NYJ,2026,5,2026-10-11,00-0032385,Sterling Shepard,WR,88,48,3,NYJ,CLE,40,-2,21,NA,NA,NA,0,PENDING,1.4500524829964958,16.250367549952898,1.7949280977520927,0,0,0,0.04037468647556003,0.11740562117845199,0.03596863338212322,0,0,0,0,0,0,0,0,0,3.84890025905636,47.01116107385047,30.032380541708996,0,0,0,0.7193976436852965,0.8358558618507295,0.0011032701867185954,0.01054115751309252,3.576485770541528,0.0038158013282423298,8.934509105881139,PRELIMINARY_WEATHER_PENDING,PRESEASON_ROLE_ESTIMATE,-6.3266834797858325,8.415152130530581,NYJ|WR|sterlingshepard,3000,4.150408941953006,TRUE,NA,NA,3.4844687103210674,3.1016526051467403,NA,0.03
213,2026_05_DEN_LAC,2026,5,2026-10-11,00-0039868,Troy Franklin,WR,89,36,5,DEN,LAC,42.5,-3.5,23,70,0,0,1,VERIFIED_DOME,0.9372227096832718,16.33701128051201,2.3661275959391177,0,0,0,0.04116423285613926,0.10279749740573152,0.04193794718374689,0,0,0,0,0,0,0,0,0,3.3360704857431362,47.09780480440958,30.603580039896023,0,0,0,0.7201871900658757,0.821247738078009,0.0070725839883422625,0.01054115751309252,3.5560612700605816,0,8.905311578773915,PRELIMINARY_DEPTH_CHART_PENDING,PRESEASON_ROLE_ESTIMATE,-6.3266834797858325,8.415152130530581,DEN|WR|troyfranklin,3200,3.6085133995583005,TRUE,NA,NA,3.4745655789207626,3.0965740754003424,NA,0.03
214,2026_05_DET_ARI,2026,5,2026-10-11,00-0039364,Sione Vaki,RB,54,21,2,DET,ARI,54.5,-4.5,29.5,NA,NA,NA,0,PENDING,0.9929259764080447,9.399199946186139,11.358983498690598,0,0,0,0.07292496359198673,0.06663954271706292,0.040763314509038334,0,0,0,0,0,0,0,0,0,3.391773752467909,40.159993470083705,39.5964359426475,0,0,0,0.7519479208017232,0.7850897833893404,0.005897951313633708,0.011587366694011485,3.524555582648876,0.1739851670904593,7.2620904084599545,PRELIMINARY_WEATHER_PENDING,PRESEASON_ROLE_ESTIMATE,-6.1688262018290105,7.69353032482483,DET|RB|sionevaki,4300,3.847779463119963,TRUE,NA,NA,2.7655502307333184,2.9291245824859384,NA,0.03
215,2026_05_PHI_JAX,2026,5,2026-10-11,00-0041100,Josh Cameron,WR,90,4,4,JAX,PHI,43,-7,25,NA,NA,NA,0,PENDING,1.202148489176849,14.831018074762037,2.170869413698211,0,0,0,0.04245719762750113,0.15754264407020024,0.03411205929885973,0,0,0,0,0,0,0,0,0,3.6009962652367133,45.5918115986596,30.408321857655114,0,0,0,0.7214801548372376,0.8759928847424777,0,0.01054115751309252,3.5215153661390826,0,8.85595970201388,PRELIMINARY_WEATHER_PENDING,PRESEASON_ROLE_ESTIMATE,-6.3266834797858325,8.415152130530581,JAX|WR|joshcameron,3000,4.055194484637548,TRUE,NA,NA,3.4553100671142722,3.0880031936866543,NA,0.03
216,2026_05_IND_PIT,2026,5,2026-10-11,00-0035021,Ashton Dulin,WR,91,53,3,IND,PIT,44.5,2.5,21,NA,NA,NA,0,PENDING,1.2530983761244785,16.977138033612942,2.161973231642918,0,0,0,0.040347378236732116,0.10118036824180934,0.034461979018234556,0,0,0,0,0,0,0,0,0,3.651946152184343,47.73793155751051,30.399425675599822,0,0,0,0.7193703354464686,0.8196306089140868,0,0.01054115751309252,3.471368177427909,0,8.78439290173765,PRELIMINARY_WEATHER_PENDING,PRESEASON_ROLE_ESTIMATE,-6.3266834797858325,8.415152130530581,IND|WR|ashtondulin,3000,3.9683343385110295,TRUE,NA,NA,3.427387008091163,3.0756038087168656,NA,0.03
217,2026_05_SF_SEA,2026,5,2026-10-11,00-0040739,Elijah Arroyo,TE,46,14,2,SEA,SF,47,-3,25,NA,NA,NA,0,PENDING,1.166436800517888,13.071140084274434,1.6556393847841444,0,0,0,0.04825086617352641,0.11075815412466472,0.037428293797739966,0,0,0,0,0,0,0,0,0,3.5652845765777523,43.831933608172,29.89309182874105,0,0,0,0.7272738233832629,0.8292083947969422,0.0025629306023353393,0.007612179487179487,3.4616888057964044,0.19658646163774218,8.09578405748955,PRELIMINARY_WEATHER_PENDING,PRESEASON_ROLE_ESTIMATE,-4.62876953571906,6.884203292465299,SEA|TE|elijaharroyo,2500,3.533536640591772,TRUE,NA,NA,3.0820123276831084,2.8276210483137714,NA,0.03
218,2026_05_PHI_JAX,2026,5,2026-10-11,00-0041503,Nate Boerkircher,TE,47,3,2,JAX,PHI,43,-7,25,NA,NA,NA,0,PENDING,1.1087545494006197,12.778046241375513,2.329031923099221,0,0,0,0.05242473035424517,0.10898510295975615,0.040349400509693,0,0,0,0,0,0,0,0,0,3.507602325460484,43.53883976527308,30.566484367056127,0,0,0,0.7314476875639817,0.8274353436320336,0.00548403731428837,0.007612179487179487,3.452124174062703,0.18952648321248722,8.082664620797107,PRELIMINARY_WEATHER_PENDING,PRESEASON_ROLE_ESTIMATE,-4.62876953571906,6.884203292465299,JAX|TE|nateboerkircher,2500,3.5224469236870743,TRUE,NA,NA,3.079648122350612,2.825451986009687,NA,0.03
219,2026_05_SF_SEA,2026,5,2026-10-11,00-0040172,Jordan Watkins,WR,92,3,4,SF,SEA,47,3,22,NA,NA,NA,0,PENDING,1.1043565846209074,18.031320365736814,2.044577142318275,0,0,0,0.041692285840189046,0.101642948154065,0.03411205929885973,0,0,0,0,0,0,0,0,0,3.5032043606807717,48.79211388963438,30.28202958627518,0,0,0,0.7207152430499255,0.8200931888263425,0,0.01054115751309252,3.446243587504277,0,8.748569085824894,PRELIMINARY_WEATHER_PENDING,PRESEASON_ROLE_ESTIMATE,-6.3266834797858325,8.415152130530581,SF|WR|jordanwatkins,3000,3.924815935820406,TRUE,NA,NA,3.4134097096468565,3.0694102406628896,NA,0.03
220,2026_05_DET_ARI,2026,5,2026-10-11,00-0036754,Brock Wright,TE,48,54,2,DET,ARI,54.5,-4.5,29.5,NA,NA,NA,0,PENDING,1.1509245726727682,12.676867011464141,2.0179914799733756,0,0,0,0.04731790122856591,0.09882898891861408,0.03411205929885973,0,0,0,0,0,0,0,0,0,3.5497723487326325,43.43766053536171,30.25544392393028,0,0,0,0.7263408584383024,0.8172792295908915,0,0.007612179487179487,3.3847173105473076,0.13971679621725608,7.990282432296514,PRELIMINARY_WEATHER_PENDING,PRESEASON_ROLE_ESTIMATE,-4.62876953571906,6.884203292465299,DET|TE|brockwright,2500,3.4442920030762396,TRUE,NA,NA,3.0630377042837527,2.8102126025311485,NA,0.03
221,2026_05_PHI_JAX,2026,5,2026-10-11,00-0036980,Elijah Moore,WR,93,67,3,PHI,JAX,43,7,18,NA,NA,NA,0,PENDING,1.1651894537374434,15.149905275704452,2.528264222408249,0,0,0,0.05622929480773457,0.09894172870525211,0.0360719163535505,0,0,0,0,0,0,0,0,0,3.5640372297973077,45.91069879960202,30.765716666365154,0,0,0,0.735252252017471,0.8173919693775296,0.0012065531581458705,0.01054115751309252,3.3816718822765024,0,8.656598467318467,PRELIMINARY_WEATHER_PENDING,PRESEASON_ROLE_ESTIMATE,-6.3266834797858325,8.415152130530581,PHI|WR|elijahmoore,3000,3.8129710269457173,TRUE,NA,NA,3.37752573832168,3.053549557453764,NA,0.03
222,2026_05_DEN_LAC,2026,5,2026-10-11,00-0034272,Marquez Valdes-Scantling,WR,94,68,4,LAC,DEN,42.5,3.5,19.5,70,0,0,1,VERIFIED_DOME,0.8219392962394341,11.545445223363604,1.99656356491949,0,0,0,0.040436640305489525,0.10559846018057284,0.034379775323741243,0,0,0,0,0,0,0,0,0,3.2207870722992986,42.306238747261176,30.234016008876395,0,0,0,0.719459597515226,0.8240487008528503,0,0.01054115751309252,3.3536595865593277,0,8.616744135752198,PRELIMINARY_DEPTH_CHART_PENDING,PRESEASON_ROLE_ESTIMATE,-6.3266834797858325,8.415152130530581,LAC|WR|marquezvaldesscantling,3300,3.0046735423628204,TRUE,NA,NA,3.3619758625642593,3.046694439615936,NA,0.03
223,2026_05_CIN_MIA,2026,5,2026-10-11,00-0037666,Jalen Tolbert,WR,95,47,4,MIA,CIN,42.5,7,17.75,NA,NA,NA,0,PENDING,1.2266546177218365,14.581833489495283,1.8627272406659738,0,0,0,0.04015480228700488,0.10772125137350685,0.034379775323741243,0,0,0,0,0,0,0,0,0,3.6255023937817006,45.34262701339285,30.10017968462288,0,0,0,0.7191777594967413,0.8261714920457843,0,0.01054115751309252,3.3226215885874595,0,8.572616048668863,PRELIMINARY_WEATHER_PENDING,PRESEASON_ROLE_ESTIMATE,-6.3266834797858325,8.415152130530581,MIA|WR|jalentolbert,3000,3.710689777079735,TRUE,NA,NA,3.3447585051380657,3.0391168486923594,NA,0.03
224,2026_05_NYG_WAS,2026,5,2026-10-11,00-0039912,Ben Sinnott,TE,49,18,3,WAS,NYG,43.5,-3.5,23.5,NA,NA,NA,0,PENDING,1.123011372829333,12.248416634047178,1.4828512728656391,0,0,0,0.047655901775424905,0.10559113685426348,0.03411205929885973,0,0,0,0,0,0,0,0,0,3.521859148889197,43.00921015794475,29.720303716822542,0,0,0,0.7266788589851614,0.8240413775265409,0,0.007612179487179487,3.3142775906617508,0.08756460189832627,7.8938875886626505,PRELIMINARY_WEATHER_PENDING,PRESEASON_ROLE_ESTIMATE,-4.62876953571906,6.884203292465299,WAS|TE|bensinnott,2500,3.3626206356753845,TRUE,NA,NA,3.045775648366884,2.794375367809768,NA,0.03
225,2026_05_CHI_GB,2026,5,2026-10-11,00-0040277,Jahdae Walker,WR,96,7,4,CHI,GB,45,-3,24,NA,NA,NA,0,PENDING,1.1007656791201104,13.054688858196835,1.8703204864957161,0,0,0,0.04141780753421575,0.14788250707370246,0.03411205929885973,0,0,0,0,0,0,0,0,0,3.4996134551799747,43.8154823820944,30.10777293045262,0,0,0,0.7204407647439522,0.8663327477459799,0,0.01054115751309252,3.306015726916364,0,8.549020138699092,PRELIMINARY_WEATHER_PENDING,PRESEASON_ROLE_ESTIMATE,-6.3266834797858325,8.415152130530581,CHI|WR|jahdaewalker,3000,3.6819266976653404,TRUE,NA,NA,3.3355521415134963,3.0350704494591394,NA,0.03
226,2026_05_CIN_MIA,2026,5,2026-10-11,00-0039874,Jaylen Wright,RB,55,25,2,MIA,CIN,42.5,7,17.75,NA,NA,NA,0,PENDING,0.43985882133625054,5.02436550155937,8.868165242706558,0,0,0,0.0656808215661699,0.05086014083196116,0.040763314509038334,0,0,0,0,0,0,0,0,0,2.838706597396115,35.785159025456935,37.105617686663464,0,0,0,0.7447037787759064,0.7693103815042386,0.005897951313633708,0.011587366694011485,3.302684307161376,0.011230467035209024,6.974275060155858,PRELIMINARY_WEATHER_PENDING,PRESEASON_ROLE_ESTIMATE,-6.1688262018290105,7.69353032482483,MIA|RB|jaylenwright,4800,2.470005774521576,TRUE,NA,NA,2.716755596223429,2.877443885513591,NA,0.03
227,2026_05_CLE_NYJ,2026,5,2026-10-11,00-0038794,Jaleel McLaughlin,RB,56,43,3,CLE,NYJ,40,2,19,NA,NA,NA,0,PENDING,0.4901517414621037,4.758046231533892,18.191850901939425,0,0,0,0.15444878000076084,0.049246506737419676,0.040763314509038334,0,0,0,0,0,0,0,0,0,2.888999517521968,35.51883975543146,46.42930334589633,0,0,0,0.8334717372104974,0.7676967474096972,0.005897951313633708,0.011587366694011485,3.2897754172804365,0.0017288034377918038,6.957565436276029,PRELIMINARY_WEATHER_PENDING,PRESEASON_ROLE_ESTIMATE,-6.1688262018290105,7.69353032482483,CLE|RB|jaleelmclaughlin,4100,3.948961279608465,TRUE,NA,NA,2.7139432824183523,2.8744652314256736,NA,0.03
228,2026_05_LV_NE,2026,5,2026-10-11,00-0040131,Kyle Williams,WR,97,18,5,NE,LV,45,-3.5,24.25,NA,NA,NA,0,PENDING,0.9206417219247026,14.611657423225743,1.9606133525560498,0,0,0,0.041292845748866845,0.10540237805496132,0.04151210612242077,0,0,0,0,0,0,0,0,0,3.319489497984567,45.37245094712331,30.198065796512953,0,0,0,0.7203158029586033,0.8238526187272388,0.0066467429270161416,0.01054115751309252,3.2872123751220945,0,8.522312965214754,PRELIMINARY_WEATHER_PENDING,PRESEASON_ROLE_ESTIMATE,-6.3266834797858325,8.415152130530581,NE|WR|kylewilliams,3100,3.3960982451071944,TRUE,NA,NA,3.3251318631349016,3.0304950850754264,NA,0.03
229,2026_05_CIN_MIA,2026,5,2026-10-11,00-0038824,Ryan Miller,WR,98,21,5,MIA,CIN,42.5,7,17.75,NA,NA,NA,0,PENDING,0.9655794597760082,15.22587589036155,1.972077815710553,0,0,0,0.04019134210966864,0.1231900587688918,0.03411205929885973,0,0,0,0,0,0,0,0,0,3.3644272358358727,45.98666941425912,30.209530259667456,0,0,0,0.7192142993194052,0.8416402994411692,0,0.01054115751309252,3.269409803944441,0,8.497038222510712,PRELIMINARY_WEATHER_PENDING,PRESEASON_ROLE_ESTIMATE,-6.3266834797858325,8.415152130530581,MIA|WR|ryanmiller,3000,3.618521432083047,TRUE,NA,NA,3.315270473082603,3.026169594343039,NA,0.03
230,2026_05_HOU_TEN,2026,5,2026-10-11,00-0039359,Cade Stover,TE,50,22,3,HOU,TEN,39.5,-7,23.25,NA,NA,NA,0,PENDING,1.2803774551104994,10.949093618859234,2.0616733114933337,0,0,0,0.05221263711135633,0.0781397081277132,0.03431051613268311,0,0,0,0,0,0,0,0,0,3.6792252311703635,41.7098871427568,30.299125755450238,0,0,0,0.7312355943210929,0.7965899487999907,0,0.007612179487179487,3.269041429174646,0.054018249039661015,7.832060312733095,PRELIMINARY_WEATHER_PENDING,PRESEASON_ROLE_ESTIMATE,-4.62876953571906,6.884203292465299,HOU|TE|cadestover,2500,3.3101715462891663,TRUE,NA,NA,3.0347413436181947,2.7842518416704816,NA,0.03
231,2026_05_CIN_MIA,2026,5,2026-10-11,00-0041524,Will Kacmarek,TE,51,4,2,MIA,CIN,42.5,7,17.75,NA,NA,NA,0,PENDING,0.9885838209661824,12.96055183347361,2.0794227492115245,0,0,0,0.0479532705761275,0.09170965498556113,0.03411205929885973,0,0,0,0,0,0,0,0,0,3.3874315970260467,43.72134535737118,30.31687519316843,0,0,0,0.726976227785864,0.8101598956578386,0,0.007612179487179487,3.2409139034863044,0.03313800068873185,7.793646869496994,PRELIMINARY_WEATHER_PENDING,PRESEASON_ROLE_ESTIMATE,-4.62876953571906,6.884203292465299,MIA|TE|willkacmarek,2500,3.277559072981467,TRUE,NA,NA,3.0279004560313156,2.777975605343955,NA,0.03
232,2026_05_PHI_JAX,2026,5,2026-10-11,00-0033246,Johnny Mundt,TE,52,55,2,PHI,JAX,43,7,18,NA,NA,NA,0,PENDING,1.2056945158139718,10.976469821513522,1.9593939038936545,0,0,0,0.05452571425681697,0.08328814931785543,0.03411205929885973,0,0,0,0,0,0,0,0,0,3.604542291873836,41.737263345411094,30.19684634785056,0,0,0,0.7335486714665534,0.8017383899901329,0,0.007612179487179487,3.237123519284406,0.030322988776354975,7.788472158674036,PRELIMINARY_WEATHER_PENDING,PRESEASON_ROLE_ESTIMATE,-4.62876953571906,6.884203292465299,PHI|TE|johnnymundt,2500,3.2731643101793635,TRUE,NA,NA,3.0269797775644482,2.7771309202697716,NA,0.03
233,2026_05_BUF_LA,2026,5,2026-10-12,00-0039751,Jordan Whittington,WR,99,31,5,LAR,BUF,54.5,-3,28.75,70,0,0,1,VERIFIED_DOME,1.216147447950873,13.517562288662516,2.0156048635323143,0,0,0,0.04096775983641904,0.097539920294266,0.03431051613268311,0,0,0,0,0,0,0,0,0,3.6149952240107375,44.278355812560086,30.253057307489218,0,0,0,0.7199907170461555,0.8159901609665434,0,0.01054115751309252,3.2315657106396847,0,8.4433454582843,PRELIMINARY_DEPTH_CHART_PENDING,PRESEASON_ROLE_ESTIMATE,-6.3266834797858325,8.415152130530581,LAR|WR|jordanwhittington,3000,3.552971526715285,TRUE,NA,NA,3.294321286884237,3.0169951155519446,NA,0.03
234,2026_05_BUF_LA,2026,5,2026-10-12,00-0036849,Tutu Atwell,WR,100,57,4,LAR,BUF,54.5,-3,28.75,70,0,0,1,VERIFIED_DOME,1.0208616333456766,14.711762710280748,1.9354696699188763,0,0,0,0.04096775983641904,0.10895845914089188,0.03411205929885973,0,0,0,0,0,0,0,0,0,3.4197094094055407,45.47255623417831,30.17292211387578,0,0,0,0.7199907170461555,0.8274086998131693,0,0.01054115751309252,3.222922381450277,0,8.43108914770212,PRELIMINARY_DEPTH_CHART_PENDING,PRESEASON_ROLE_ESTIMATE,-6.3266834797858325,8.415152130530581,LAR|WR|tutuatwell,3000,3.53800038165797,TRUE,NA,NA,3.2895392694897074,3.014903632845005,NA,0.03
235,2026_05_CHI_GB,2026,5,2026-10-11,00-0041558,Sam Roush,TE,53,3,3,CHI,GB,45,-3,24,NA,NA,NA,0,PENDING,1.094868851934009,10.699198858030513,2.1130991736994025,0,0,0,0.0517467040618587,0.08991436567991984,0.03411205929885973,0,0,0,0,0,0,0,0,0,3.4937166279938734,41.45999238192808,30.350551617656308,0,0,0,0.73076966127159515,0.8083646063521973,0,0.007612179487179487,3.1507903834410964,0,7.670722105596013,PRELIMINARY_WEATHER_PENDING,PRESEASON_ROLE_ESTIMATE,-4.62876953571906,6.884203292465299,CHI|TE|samroush,2500,3.1730653139343117,TRUE,NA,NA,2.9928685546609493,2.7579610215902934,NA,0.03
236,2026_05_IND_PIT,2026,5,2026-10-11,00-0033217,Mo Alie-Cox,TE,54,69,2,IND,PIT,44.5,2.5,21,NA,NA,NA,0,PENDING,1.135121577564397,10.621883826115676,1.7379705050522107,0,0,0,0.04835666842951635,0.09409661943033099,0.03411205929885973,0,0,0,0,0,0,0,0,0,3.5339693536242613,41.382677350013246,29.975422949009115,0,0,0,0.7273796256392528,0.8125468601026085,0,0.007612179487179487,3.1505848242383205,0,7.670442002098155,PRELIMINARY_WEATHER_PENDING,PRESEASON_ROLE_ESTIMATE,-4.62876953571906,6.884203292465299,IND|TE|moaliecox,2500,3.1728269782169094,TRUE,NA,NA,2.992759267303221,2.757915536332361,NA,0.03
237,2026_05_CLE_NYJ,2026,5,2026-10-11,00-0038710,Blake Whiteheart,TE,55,19,2,CLE,NYJ,40,2,19,NA,NA,NA,0,PENDING,1.0012343683410145,10.857784475478612,1.9956324764219444,0,0,0,0.046313131171824784,0.10996543700539926,0.03411205929885973,0,0,0,0,0,0,0,0,0,3.400082144400879,41.61857799937618,30.23308492037885,0,0,0,0.7253360883815613,0.8284156776776768,0,0.007612179487179487,3.1492227434371376,0,7.668586005350974,PRELIMINARY_WEATHER_PENDING,PRESEASON_ROLE_ESTIMATE,-4.62876953571906,6.884203292465299,CLE|TE|blakewhiteheart,2500,3.171247712971054,TRUE,NA,NA,2.99203511718727,2.757614159893348,NA,0.03
238,2026_05_HOU_TEN,2026,5,2026-10-11,00-0038115,Daniel Bellinger,TE,56,54,2,TEN,HOU,39.5,7,16.25,NA,NA,NA,0,PENDING,1.1338644064445653,10.623914217972182,2.398208489122523,0,0,0,0.05108913099829609,0.07553394351151943,0.03411205929885973,0,0,0,0,0,0,0,0,0,3.5327121825044294,41.38470774186975,30.63566093307943,0,0,0,0.7301120882080325,0.7939841841837969,0,0.007612179487179487,3.1247004816039237,0,7.6351807405263985,PRELIMINARY_WEATHER_PENDING,PRESEASON_ROLE_ESTIMATE,-4.62876953571906,6.884203292465299,TEN|TE|danielbellinger,2500,3.1428153645895684,TRUE,NA,NA,2.9790014594328516,2.752193950582495,NA,0.03
239,2026_05_IND_PIT,2026,5,2026-10-11,00-0041132,Deion Burks,WR,101,2,4,IND,PIT,44.5,2.5,21,NA,NA,NA,0,PENDING,0.6651465051880795,10.961154340642237,5.515264279146389,0,0,0,0.04753337086734211,0.08870544566022208,0.04193794718374689,0,0,0,0,0,0,0,0,0,3.0639942812479437,41.72194786453981,33.75271672310329,0,0,0,0.7265563280770786,0.8071556863324996,0.0070725839883422625,0.01054115751309252,3.0974601672723474,0,8.253463877463343,PRELIMINARY_WEATHER_PENDING,PRESEASON_ROLE_ESTIMATE,-6.3266834797858325,8.415152130530581,IND|WR|deionburks,3100,3.0674276869910186,TRUE,NA,NA,3.220235613524519,2.9847074823996675,NA,0.03
240,2026_05_CLE_NYJ,2026,5,2026-10-11,00-0040782,Isaiah Bond,WR,102,17,4,CLE,NYJ,40,2,19,NA,NA,NA,0,PENDING,1.0631483825697963,12.578466928656296,2.1430093050351666,0,0,0,0.04019134210966864,0.0969405022959848,0.04193794718374689,0,0,0,0,0,0,0,0,0,3.4619961586296606,43.339260452553866,30.380461748992072,0,0,0,0.7192142993194052,0.8153907429682623,0.0070725839883422625,0.01054115751309252,3.0827997971787466,0,8.232742400264582,PRELIMINARY_WEATHER_PENDING,PRESEASON_ROLE_ESTIMATE,-6.3266834797858325,8.415152130530581,CLE|WR|isaiahbond,3000,3.2952934930315547,TRUE,NA,NA,3.212150760930387,2.9811988286543962,NA,0.03
241,2026_05_CLE_NYJ,2026,5,2026-10-11,00-0037755,Jelani Woods,TE,57,16,3,NYJ,CLE,40,-2,21,NA,NA,NA,0,PENDING,0.9979210176913262,11.006609364726378,1.9490159789781698,0,0,0,0.04607066953186765,0.08929120976878259,0.03411205929885973,0,0,0,0,0,0,0,0,0,3.396768793751191,41.76740288862395,30.186468422935075,0,0,0,0.7250936267416042,0.80774145044106,0,0.007612179487179487,3.0469392511799502,0,7.529366398741184,PRELIMINARY_WEATHER_PENDING,PRESEASON_ROLE_ESTIMATE,-4.62876953571906,6.884203292465299,NYJ|TE|jelaniwoods,2500,3.0526550682423217,TRUE,NA,NA,2.9377161134378396,2.7350765708465574,NA,0.03
242,2026_05_IND_PIT,2026,5,2026-10-11,00-0041125,Seth McGowan,RB,57,4,2,IND,PIT,44.5,2.5,21,NA,NA,NA,0,PENDING,0.5842299259136674,4.91778805607471,13.622464294653215,0,0,0,0.0796383246847587,0.05185636820050425,0.040763314509038334,0,0,0,0,0,0,0,0,0,2.9830777019735315,35.67858157997228,41.85991673861012,0,0,0,0.7586612818944952,0.7703066088727817,0.005897951313633708,0.011587366694011485,3.036374394435259,0,6.630347701951175,PRELIMINARY_WEATHER_PENDING,PRESEASON_ROLE_ESTIMATE,-6.1688262018290105,7.69353032482483,IND|RB|sethmcgowan,4300,3.1688714226679844,TRUE,NA,NA,2.586947991397259,2.8166147084819926,NA,0.03
243,2026_05_TB_DAL,2026,5,2026-10-08,00-0038547,Luke Schoonmaker,TE,58,40,2,DAL,TB,47.5,-8.5,28,NA,NA,NA,0,PENDING,1.0004091778294526,10.567980861676096,2.0041568107492322,0,0,0,0.046704911284587,0.08637046732408177,0.03411205929885973,0,0,0,0,0,0,0,0,0,3.399256953889317,41.328774385573666,30.241609254706137,0,0,0,0.7257278684943235,0.8048207079963592,0,0.007612179487179487,3.0041779502246966,0,7.471252970591809,PRELIMINARY_WEATHER_PENDING,PRESEASON_ROLE_ESTIMATE,-4.62876953571906,6.884203292465299,DAL|TE|lukeschoonmaker,2500,3.0030754571006377,TRUE,NA,NA,2.915042126645263,2.7257090469540293,NA,0.03
244,2026_05_CHI_GB,2026,5,2026-10-11,00-0040948,J. Michael Sturdivant,WR,103,3,4,GB,CHI,45,3,21,NA,NA,NA,0,PENDING,0.9724824237030424,11.988959433107176,2.0724799237039866,0,0,0,0.041692285840189046,0.09284325422018112,0.03411205929885973,0,0,0,0,0,0,0,0,0,3.3713301997629066,42.749752957004745,30.309932367660892,0,0,0,0.7207152430499255,0.8112934948924586,0,0.01054115751309252,2.9923920058978886,0,8.105114015806118,PRELIMINARY_WEATHER_PENDING,PRESEASON_ROLE_ESTIMATE,-6.3266834797858325,8.415152130530581,GB|WR|jmichaelsturdivant,3000,3.1386977961748452,TRUE,NA,NA,3.1623542785041425,2.9596525712812727,NA,0.03
245,2026_05_TB_DAL,2026,5,2026-10-08,00-0039530,Brevyn Spann-Ford,TE,59,31,3,DAL,TB,47.5,-8.5,28,NA,NA,NA,0,PENDING,0.9826357865260045,10.425119766430859,2.1574590560814024,0,0,0,0.05362970120175719,0.07703552459375644,0.03411205929885973,0,0,0,0,0,0,0,0,0,3.381483562585869,41.18591329032843,30.394911500038308,0,0,0,0.7326526584114936,0.7954857652660339,0,0.007612179487179487,2.9772771092047647,0,7.434721166662515,PRELIMINARY_WEATHER_PENDING,PRESEASON_ROLE_ESTIMATE,-4.62876953571906,6.884203292465299,DAL|TE|brevynspannford,2500,2.9718852639269517,TRUE,NA,NA,2.9007885940938407,2.719832449266899,NA,0.03
246,2026_05_IND_PIT,2026,5,2026-10-11,00-0036862,Ben Skowronek,WR,104,67,5,PIT,IND,44.5,-2.5,23.5,NA,NA,NA,0,PENDING,0.9122981116274449,10.363301130742963,1.9254613182667784,0,0,0,0.04037468647556003,0.11040038275041142,0.03411205929885973,0,0,0,0,0,0,0,0,0,3.311145887687309,41.12409465464053,30.16291376222368,0,0,0,0.7193976436852965,0.8288506234226889,0,0.01054115751309252,2.911556889814413,0,7.9912271942171795,PRELIMINARY_WEATHER_PENDING,PRESEASON_ROLE_ESTIMATE,-6.3266834797858325,8.415152130530581,PIT|WR|benskowronek,3000,2.998682968312713,TRUE,NA,NA,3.1179193110484507,2.9405195996479825,NA,0.03
247,2026_05_DEN_LAC,2026,5,2026-10-11,00-0035125,Alec Ingold,RB,58,52,4,LAC,DEN,42.5,3.5,19.5,70,0,0,1,VERIFIED_DOME,1.1413047025244056,12.180539392871262,4.868660859247678,0,0,0,0.04869550269380827,0.08495417545437797,0.03411205929885973,0,0,0,0,0,0,0,0,0,3.54015247858427,42.94133291676883,33.10611330320458,0,0,0,0.7277184599035448,0.8034044161266555,0,0.011587366694011485,2.887290051214926,0,6.438530564969758,PRELIMINARY_DEPTH_CHART_PENDING,PRESEASON_ROLE_ESTIMATE,-6.1688262018290105,7.69353032482483,LAC|RB|alecingold,4000,3.603073411415721,TRUE,NA,NA,2.5121071264025585,2.7831248060416236,NA,0.03
248,2026_05_CIN_MIA,2026,5,2026-10-11,00-0041436,DJ Herman,RB,59,2,3,MIA,CIN,42.5,7,17.75,NA,NA,NA,0,PENDING,0.91134003398712,13.404772464005216,4.591687343239901,0,0,0,0.051306331958331466,0.09192300381219291,0.03411205929885973,0,0,0,0,0,0,0,0,0,3.310187810046984,44.16556598790278,32.82913978719681,0,0,0,0.7303292891680679,0.8103732444844703,0,0.011587366694011485,2.8313747556071815,0,6.366719333497208,PRELIMINARY_WEATHER_PENDING,PRESEASON_ROLE_ESTIMATE,-6.1688262018290105,7.69353032482483,MIA|RB|djherman,4000,3.5253126441250813,TRUE,NA,NA,2.484088698204139,2.770667082254898,NA,0.03
249,2026_05_DET_ARI,2026,5,2026-10-11,00-0040390,Jackson Meeks,TE,60,1,3,DET,ARI,54.5,-4.5,29.5,NA,NA,NA,0,PENDING,0.8578838550640717,9.099729701075752,2.2001526388755765,0,0,0,0.05511790917976773,0.08708601138244766,0.03411205929885973,0,0,0,0,0,0,0,0,0,3.256731631123936,39.86052322497332,30.43760508283248,0,0,0,0.7341408663895043,0.8055362520547251,0,0.007612179487179487,2.8187628703831087,0,7.2198762947553305,PRELIMINARY_WEATHER_PENDING,PRESEASON_ROLE_ESTIMATE,-4.62876953571906,6.884203292465299,DET|TE|jacksonmeeks,2500,2.7880958528091364,TRUE,NA,NA,2.816963049065677,2.6854607596217015,NA,0.03
250,2026_05_TB_DAL,2026,5,2026-10-08,00-0039062,Jonathan Mingo,WR,105,36,4,DAL,TB,47.5,-8.5,28,NA,NA,NA,0,PENDING,0.7333123106795583,10.580806556556976,2.0041568107492322,0,0,0,0.04125530290982784,0.09684966449081607,0.03411205929885973,0,0,0,0,0,0,0,0,0,3.1321600867394226,41.34160008045454,30.241609254706137,0,0,0,0.7202782601195643,0.8152999051630936,0,0.01054115751309252,2.7814340333663643,0,7.80834816870928,PRELIMINARY_WEATHER_PENDING,PRESEASON_ROLE_ESTIMATE,-6.3266834797858325,8.415152130530581,DAL|WR|jonathanmingo,3000,2.773296648242508,TRUE,NA,NA,3.04656580909453,2.9099801079434955,NA,0.03
251,2026_05_SF_SEA,2026,5,2026-10-11,00-0039365,Jacob Cowing,WR,106,19,5,SF,SEA,47,3,22,NA,NA,NA,0,PENDING,0.6527340407908492,11.509527140244836,2.6308955752876453,0,0,0,0.04103506415178973,0.08098655093422452,0.042052067877288976,0,0,0,0,0,0,0,0,0,3.0515818168507134,42.2703206641424,30.86834801924455,0,0,0,0.7200580213615262,0.7994367916065019,0.00718670468188435,0.01054115751309252,2.759834599312088,0,7.778044776834665,PRELIMINARY_WEATHER_PENDING,PRESEASON_ROLE_ESTIMATE,-6.3266834797858325,8.415152130530581,SF|WR|jacobcowing,3000,2.73588418213179,TRUE,NA,NA,3.034742402198465,2.904941560748212,NA,0.03
252,2026_05_SF_SEA,2026,5,2026-10-11,00-0036887,Luke Farrell,TE,61,51,2,SF,SEA,47,3,22,NA,NA,NA,0,PENDING,0.877010921459762,8.99004971206303,1.9043645165287346,0,0,0,0.04854144065629861,0.0852495156167927,0.03411205929885973,0,0,0,0,0,0,0,0,0,3.2758586975196264,39.7508432359606,30.141816960485638,0,0,0,0.7275643978660351,0.8036997562890702,0,0.007612179487179487,2.7567528653067153,0,7.136024228536504,PRELIMINARY_WEATHER_PENDING,PRESEASON_ROLE_ESTIMATE,-4.62876953571906,6.884203292465299,SF|TE|lukefarrell,2500,2.716198322334126,TRUE,NA,NA,2.7842466751995723,2.6721332235072177,NA,0.03
253,2026_05_CHI_GB,2026,5,2026-10-11,00-0037091,Bo Melton,WR,107,4,5,GB,CHI,45,3,21,NA,NA,NA,0,PENDING,0.709823415621033,10.510878160482978,2.1184976981503962,0,0,0,0.04227718493702178,0.0896622515020442,0.03411205929885973,0,0,0,0,0,0,0,0,0,3.108671191680897,41.27167168438055,30.3559501421073,0,0,0,0.7213001421467583,0.8081124921743217,0,0.01054115751309252,2.7490798377095818,0,7.762961773870472,PRELIMINARY_WEATHER_PENDING,PRESEASON_ROLE_ESTIMATE,-6.3266834797858325,8.415152130530581,GB|WR|bomelton,3000,2.7172558165472323,TRUE,NA,NA,3.028857500534714,2.9024360283428874,NA,0.03
254,2026_05_PHI_JAX,2026,5,2026-10-11,00-0032104,Ameer Abdullah,RB,60,81,3,JAX,PHI,43,-7,25,NA,NA,NA,0,PENDING,0.5938419322431325,5.291124912333607,13.668325009406859,0,0,0,0.10955093066850559,0.05199353607420484,0.040763314509038334,0,0,0,0,0,0,0,0,0,2.992689708302997,36.051918436231176,41.90577745336376,0,0,0,0.7885738878782421,0.7704437767464823,0.005897951313633708,0.011587366694011485,2.7417710802217594,0,6.2517908240671645,PRELIMINARY_WEATHER_PENDING,PRESEASON_ROLE_ESTIMATE,-6.1688262018290105,7.69353032482483,JAX|RB|ameerabdullah,4000,3.400701829243388,TRUE,NA,NA,2.4392472977242154,2.750819884193973,NA,0.03
255,2026_05_TB_DAL,2026,5,2026-10-08,00-0037120,Tyler Goodson,RB,61,32,2,DAL,TB,47.5,-8.5,28,NA,NA,NA,0,PENDING,0.5248038439341256,4.78677805468244,14.280359988517736,0,0,0,0.11706322944167595,0.0535788254280587,0.04094547137326016,0,0,0,0,0,0,0,0,0,2.92365161999399,35.547571578580005,42.51781243247464,0,0,0,0.7960861866514124,0.7720290661003362,0.006080108177855537,0.011587366694011485,2.738860248158607,0,6.248060348140584,PRELIMINARY_WEATHER_PENDING,PRESEASON_ROLE_ESTIMATE,-6.1688262018290105,7.69353032482483,DAL|RB|tylergoodson,4000,3.3966537681140534,TRUE,NA,NA,2.437791786242912,2.7501775252324805,NA,0.03
256,2026_05_IND_PIT,2026,5,2026-10-11,00-0036182,Nick Westbrook-Ikhine,WR,108,72,5,IND,PIT,44.5,2.5,21,NA,NA,NA,0,PENDING,0.7924487426696813,9.83939537226588,1.9254613182667784,0,0,0,0.04185323802521909,0.07685409377427056,0.03411205929885973,0,0,0,0,0,0,0,0,0,3.191296518729546,40.600188896163445,30.16291376222368,0,0,0,0.7208761952349556,0.795304334446548,0,0.01054115751309252,2.7010346755100074,0,7.695626436250468,PRELIMINARY_WEATHER_PENDING,PRESEASON_ROLE_ESTIMATE,-6.3266834797858325,8.415152130530581,IND|WR|nickwestbrookikhine,3000,2.6340365989483505,TRUE,NA,NA,3.0025854218690857,2.8912693313910673,NA,0.03
257,2026_05_NYG_WAS,2026,5,2026-10-11,00-0041096,Kaytron Allen,RB,62,3,3,WAS,NYG,43.5,-3.5,23.5,NA,NA,NA,0,PENDING,0.35969727669549945,4.520652324769361,15.27632053565808,0,0,0,0.08709740609228711,0.05073242120515644,0.040763314509038334,0,0,0,0,0,0,0,0,0,2.758545052755364,35.28144584866693,43.513772979614984,0,0,0,0.7661203633020236,0.7691826618774339,0.005897951313633708,0.011587366694011485,2.6850824508329896,0,6.179173967430725,PRELIMINARY_WEATHER_PENDING,PRESEASON_ROLE_ESTIMATE,-6.1688262018290105,7.69353032482483,WAS|RB|kaytronallen,4100,3.108021630892851,TRUE,NA,NA,2.4109145405504195,2.7383368534903205,NA,0.03
258,2026_05_DEN_LAC,2026,5,2026-10-11,00-0038573,Derius Davis,WR,109,47,5,LAC,DEN,42.5,3.5,19.5,70,0,0,1,VERIFIED_DOME,0.5025643023010095,9.795446479288998,1.590584115186385,0,0,0,0.04155713736942404,0.08475112144300373,0.05027870248090087,0,0,0,0,0,0,0,0,0,2.901412078360874,40.556240003186566,29.82803655914329,0,0,0,0.7205800945791605,0.8032013621152811,0.015413339285496243,0.01054115751309252,2.66568132342001,0,7.646126095643831,PRELIMINARY_DEPTH_CHART_PENDING,PRESEASON_ROLE_ESTIMATE,-6.3266834797858325,8.415152130530581,LAC|WR|deriusdavis,3100,2.319541824687498,TRUE,NA,NA,2.983271984254323,2.883079922528623,NA,0.03
259,2026_05_HOU_TEN,2026,5,2026-10-11,00-0040886,Nicholas Singleton,RB,63,2,3,TEN,HOU,39.5,7,16.25,NA,NA,NA,0,PENDING,0.4053299159595378,4.734348863678998,10.650918882361946,0,0,0,0.07036851761978372,0.05316927673389654,0.04094547137326016,0,0,0,0,0,0,0,0,0,2.804177692019402,35.495142387576564,38.88837132631885,0,0,0,0.7493914748295202,0.771619517406174,0.006080108177855537,0.011587366694011485,2.626367247327216,0,6.104037314276328,PRELIMINARY_WEATHER_PENDING,PRESEASON_ROLE_ESTIMATE,-6.1688262018290105,7.69353032482483,TEN|RB|nicholassingleton,NA,2.626367247327216,FALSE,NA,NA,2.3815986399829603,2.725467281944482,NA,0.03
260,2026_05_TB_DAL,2026,5,2026-10-08,00-0037801,KaVontae Turpin,WR,110,69,5,DAL,TB,47.5,-8.5,28,NA,NA,NA,0,PENDING,0.599828156359449,7.8871367249528115,2.7902243095631425,0,0,0,0.07693193296862774,0.07277497382097455,0.04193794718374689,0,0,0,0,0,0,0,0,0,2.9986759324193133,38.64793024885038,31.027676753520048,0,0,0,0.7559548901783643,0.791225214493252,0.0070725839883422625,0.01054115751309252,2.6253899810895023,0,7.589760630437445,PRELIMINARY_WEATHER_PENDING,PRESEASON_ROLE_ESTIMATE,-6.3266834797858325,8.415152130530581,DAL|WR|kavontaeturpin,3000,2.5030121212073495,TRUE,NA,NA,2.961279996268999,2.873774934107878,NA,0.03
261,2026_05_LV_NE,2026,5,2026-10-11,00-0040894,Malik Benson,WR,111,4,4,LV,NE,45,3.5,20.75,NA,NA,NA,0,PENDING,0.5753286506385706,9.869062271250616,1.8425065267098262,0,0,0,0.042646454679094996,0.08873446697562444,0.04200536313326607,0,0,0,0,0,0,0,0,0,2.9741764266984347,40.62985579514819,30.07995897066673,0,0,0,0.7216694118888315,0.807184707647902,0.007139999937861442,0.01054115751309252,2.607394830627913,0,7.564603132309571,PRELIMINARY_WEATHER_PENDING,PRESEASON_ROLE_ESTIMATE,-6.3266834797858325,8.415152130530581,LV|WR|malikbenson,3000,2.4718426491225847,TRUE,NA,NA,2.9514643512717793,2.8696287942149112,NA,0.03
262,2026_05_SF_SEA,2026,5,2026-10-11,00-0033576,Eric Saubert,TE,62,52,3,SEA,SF,47,-3,25,NA,NA,NA,0,PENDING,0.7286630889176419,7.121989139165524,2.3672460847469905,0,0,0,0.053730718366886886,0.09629868699454036,0.03411205929885973,0,0,0,0,0,0,0,0,0,3.127510864977506,37.88278266306309,30.604698528703896,0,0,0,0.7327536755766234,0.8147489276668178,0,0.007612179487179487,2.5916444446208025,0,6.9132860366877065,PRELIMINARY_WEATHER_PENDING,PRESEASON_ROLE_ESTIMATE,-4.62876953571906,6.884203292465299,SEA|TE|ericsaubert,2500,2.5247632838540963,TRUE,NA,NA,2.697341411114985,2.6369688289276842,NA,0.03
263,2026_05_DET_ARI,2026,5,2026-10-11,00-0037004,Hunter Long,TE,63,27,3,ARI,DET,54.5,4.5,25,NA,NA,NA,0,PENDING,0.688253386447196,9.281207524035466,2.0179914799733756,0,0,0,0.043657297137521915,0.07439431970205257,0.03411205929885973,0,0,0,0,0,0,0,0,0,3.0871011625070603,40.042001047933034,30.25544392393028,0,0,0,0.7226802543472584,0.79284456037433,0,0.007612179487179487,2.5474165485225,0,6.853749948563991,PRELIMINARY_WEATHER_PENDING,PRESEASON_ROLE_ESTIMATE,-4.62876953571906,6.884203292465299,ARI|TE|hunterlong,2500,2.4734832282621664,TRUE,NA,NA,2.6741123482497033,2.627628113290285,NA,0.03
264,2026_05_SF_SEA,2026,5,2026-10-11,00-0038488,Brady Russell,RB,64,27,3,SEA,SF,47,-3,25,NA,NA,NA,0,PENDING,1.007272563415222,9.605735110081488,5.022973617341161,0,0,0,0.05129339176936295,0.06612161287336978,0.03411205929885973,0,0,0,0,0,0,0,0,0,3.4061203394750863,40.36652863397906,33.26042606129806,0,0,0,0.7303163489790995,0.7845718535456473,0,0.011587366694011485,2.5468189251889544,0,6.002363984759693,PRELIMINARY_WEATHER_PENDING,PRESEASON_ROLE_ESTIMATE,-6.1688262018290105,7.69353032482483,SEA|RB|bradyrussell,4000,3.1295840788041867,TRUE,NA,NA,2.3419289835191934,2.7081278039141705,NA,0.03
265,2026_05_CLE_NYJ,2026,5,2026-10-11,00-0041267,Malik McClain,WR,112,1,5,NYJ,CLE,40,-2,21,NA,NA,NA,0,PENDING,0.5196977117593208,7.9208960316527,2.8356376218223827,0,0,0,0.054486456068117126,0.06869929453909221,0.040349400509693,0,0,0,0,0,0,0,0,0,2.918545487819185,38.68168955555027,31.073090065779287,0,0,0,0.7335094132778536,0.7871495352113697,0.00548403731428837,0.01054115751309252,2.49366404169656,0,7.4058441545827725,PRELIMINARY_WEATHER_PENDING,PRESEASON_ROLE_ESTIMATE,-6.3266834797858325,8.415152130530581,NYJ|WR|malikmcclain,3000,2.2748490947568842,TRUE,NA,NA,2.8895217146245695,2.8435628758077867,NA,0.03
266,2026_05_HOU_TEN,2026,5,2026-10-11,00-0040705,Chimere Dike,WR,113,21,5,TEN,HOU,39.5,7,16.25,NA,NA,NA,0,PENDING,0.655959268686824,8.179225044923975,2.057129395896135,0,0,0,0.044637758421601864,0.07267092410956712,0.06675265827921983,0,0,0,0,0,0,0,0,0,3.0548070447466884,38.94001856882154,30.294581839853038,0,0,0,0.7236607156313384,0.7911211647818446,0.03188729508381521,0.01054115751309252,2.4914555782702523,0,7.402765378673635,PRELIMINARY_WEATHER_PENDING,PRESEASON_ROLE_ESTIMATE,-6.3266834797858325,8.415152130530581,TEN|WR|chimeredike,3000,2.2710238064235937,TRUE,NA,NA,2.888320475487177,2.8430590693085023,NA,0.03
267,2026_05_PHI_JAX,2026,5,2026-10-11,00-0036590,Quintin Morris,TE,64,35,3,JAX,PHI,43,-7,25,NA,NA,NA,0,PENDING,0.6536201382532366,7.791229325397665,2.0954231606911495,0,0,0,0.05547821566085707,0.07736613503803434,0.03411205929885973,0,0,0,0,0,0,0,0,0,3.052467914313101,38.552022849295234,30.332875604648052,0,0,0,0.7345011728705936,0.7958163757103118,0,0.007612179487179487,2.472267589649375,0,6.752714616437341,PRELIMINARY_WEATHER_PENDING,PRESEASON_ROLE_ESTIMATE,-4.62876953571906,6.884203292465299,JAX|TE|quintinmorris,2500,2.3863517314321063,TRUE,NA,NA,2.6346916178062196,2.6118328285797623,NA,0.03
268,2026_05_LV_NE,2026,5,2026-10-11,00-0037093,Dareke Young,WR,114,26,5,LV,NE,45,3.5,20.75,NA,NA,NA,0,PENDING,0.6125317669183752,7.750117120981482,2.2697687216017544,0,0,0,0.04126892987752463,0.07189430473373543,0.05027870248090087,0,0,0,0,0,0,0,0,0,3.0113795429782395,38.51091064487905,30.507221165558658,0,0,0,0.7202918870872611,0.790344545406013,0.015413339285496243,0.01054115751309252,2.458548121481347,0,7.35690798507812,PRELIMINARY_WEATHER_PENDING,PRESEASON_ROLE_ESTIMATE,-6.3266834797858325,8.415152130530581,LV|WR|darekeyoung,3000,2.2140246689086425,TRUE,NA,NA,2.870428398391775,2.835562609752646,NA,0.03
269,2026_05_LV_NE,2026,5,2026-10-11,00-0040556,Corey Kiner,RB,65,8,3,NE,LV,45,-3.5,24.25,NA,NA,NA,0,PENDING,0.48453900353041107,5.038866998030165,12.72435101027303,0,0,0,0.0808566382055172,0.05121160949671627,0.04094547137326016,0,0,0,0,0,0,0,0,0,2.8833867795902752,35.799660521927734,40.96180345422994,0,0,0,0.7598795954152537,0.7696618501689938,0.006080108177855537,0.011587366694011485,2.449723146763092,0,5.8784533436795545,PRELIMINARY_WEATHER_PENDING,PRESEASON_ROLE_ESTIMATE,-6.1688262018290105,7.69353032482483,NE|RB|coreykiner,4000,2.9945540812156337,TRUE,NA,NA,2.293583044744266,2.687112863040789,NA,0.03
270,2026_05_NYG_WAS,2026,5,2026-10-11,00-0033376,Patrick Ricard,RB,66,44,3,NYG,WAS,43.5,3.5,20,NA,NA,NA,0,PENDING,0.9636565717372395,9.28955863870419,3.823613470426592,0,0,0,0.0557362528035075,0.06732332516243808,0.03431051613268311,0,0,0,0,0,0,0,0,0,3.362504347797104,40.050352162601754,32.0610659143835,0,0,0,0.734759210013244,0.7857735658347156,0,0.011587366694011485,2.430546223492275,0,5.8540050033753435,PRELIMINARY_WEATHER_PENDING,PRESEASON_ROLE_ESTIMATE,-6.1688262018290105,7.69353032482483,NYG|RB|patrickricard,4000,2.967884951568648,TRUE,NA,NA,2.284044090275202,2.6829816273636204,NA,0.03
271,2026_05_NYG_WAS,2026,5,2026-10-11,00-0040164,Jaylin Lane,WR,115,19,5,WAS,NYG,43.5,-3.5,23.5,NA,NA,NA,0,PENDING,0.5848367794104639,7.001810438113289,2.0782100981212532,0,0,0,0.04639702678354267,0.06760079559268847,0.03411205929885973,0,0,0,0,0,0,0,0,0,2.983684555470328,37.76260396201086,30.315662542078158,0,0,0,0.7254199839932791,0.786051036264966,0,0.01054115751309252,2.409855488003857,0,7.289116155487292,PRELIMINARY_WEATHER_PENDING,PRESEASON_ROLE_ESTIMATE,-6.3266834797858325,8.415152130530581,WAS|WR|jaylinlane,3000,2.1296839637197706,TRUE,NA,NA,2.8439782112708905,2.82450646690414,NA,0.03
272,2026_05_CHI_GB,2026,5,2026-10-11,00-0039021,Roschon Johnson,RB,67,36,3,CHI,GB,45,-3,24,NA,NA,NA,0,PENDING,0.47367522213373636,5.290556023220751,8.610841833827251,0,0,0,0.06267359959128624,0.05345819453633059,0.04094547137326016,0,0,0,0,0,0,0,0,0,2.8725229981936007,36.05134954711832,36.848294277784156,0,0,0,0.7416965568010228,0.7719084352086081,0.006080108177855537,0.011587366694011485,2.4030005474168448,0,5.818901657468506,PRELIMINARY_WEATHER_PENDING,PRESEASON_ROLE_ESTIMATE,-6.1688262018290105,7.69353032482483,CHI|RB|roschonjohnson,4200,2.50188956324574,TRUE,NA,NA,2.2703478960080004,2.677058644028025,NA,0.03
273,2026_05_TB_DAL,2026,5,2026-10-08,00-0039050,Payne Durham,TE,65,23,2,TB,DAL,47.5,8.5,19.5,NA,NA,NA,0,PENDING,0.6135692393375932,7.913961426515529,2.2207351506173776,0,0,0,0.04882910511385474,0.0726973547217904,0.03411205929885973,0,0,0,0,0,0,0,0,0,3.0124170153974577,38.674754950413096,30.458187594574284,0,0,0,0.7278520623235912,0.7911475953940679,0,0.007612179487179487,2.4005492747666706,0,6.656436802469161,PRELIMINARY_WEATHER_PENDING,PRESEASON_ROLE_ESTIMATE,-4.62876953571906,6.884203292465299,TB|TE|paynedurham,2500,2.3031978964413944,TRUE,NA,NA,2.5971271176235504,2.596847172744406,NA,0.03
274,2026_05_BUF_LA,2026,5,2026-10-12,00-0035500,Greg Dortch,WR,116,70,5,BUF,LAR,54.5,3,25.75,70,0,0,1,VERIFIED_DOME,0.4208364594619089,7.533816239054514,2.300198410982918,0,0,0,0.047213405449319526,0.06697762608205947,0.03411205929885973,0,0,0,0,0,0,0,0,0,2.8196842355217733,38.294609762952085,30.537650854939823,0,0,0,0.726236362659056,0.785427866754337,0,0.01054115751309252,2.359372576084924,0,7.218910452014365,PRELIMINARY_DEPTH_CHART_PENDING,PRESEASON_ROLE_ESTIMATE,-6.3266834797858325,8.415152130530581,BUF|WR|gregdortch,3000,2.0422423100823917,TRUE,NA,NA,2.816586208355195,2.8130893371203385,NA,0.03
275,2026_05_CLE_NYJ,2026,5,2026-10-11,00-0040405,Jamaal Pritchett,WR,117,1,4,NYJ,CLE,40,-2,21,NA,NA,NA,0,PENDING,0.3938270068475661,6.685323116651283,2.762034405278378,0,0,0,0.0601893133003468,0.06631281492768068,0.040349400509693,0,0,0,0,0,0,0,0,0,2.7926747829074303,37.44611664054885,30.999486849235282,0,0,0,0.7392122705100833,0.7847630555999582,0.00548403731428837,0.01054115751309252,2.3568997062870833,0,7.215473526056305,PRELIMINARY_WEATHER_PENDING,PRESEASON_ROLE_ESTIMATE,-6.3266834797858325,8.415152130530581,NYJ|WR|jamaalpritchett,3000,2.0379590424154963,TRUE,NA,NA,2.8152452306111218,2.8125312642800933,NA,0.03
276,2026_05_CHI_GB,2026,5,2026-10-11,00-0041051,Zavion Thomas,WR,118,3,5,CHI,GB,45,-3,24,NA,NA,NA,0,PENDING,0.5178922227689182,6.53676374672826,2.2870163086827024,0,0,0,0.04921150350975679,0.06322755263148969,0.03411205929885973,0,0,0,0,0,0,0,0,0,2.9167399988287825,37.29755727062583,30.524468752639606,0,0,0,0.7282344607194933,0.7816777933037672,0,0.01054115751309252,2.3510130615862312,0,7.207292723646157,PRELIMINARY_WEATHER_PENDING,PRESEASON_ROLE_ESTIMATE,-6.3266834797858325,8.415152130530581,CHI|WR|zavionthomas,3000,2.027762761585959,TRUE,NA,NA,2.81205334516042,2.811203222241022,NA,0.03
277,2026_05_DET_ARI,2026,5,2026-10-11,00-0037524,Tay Martin,WR,119,7,5,DET,ARI,54.5,-4.5,29.5,NA,NA,NA,0,PENDING,0.422184413078111,7.210565160244101,2.1658086212517063,0,0,0,0.04791740794923302,0.06891863394184147,0.03411205929885973,0,0,0,0,0,0,0,0,0,2.8210321891379753,37.97135868414167,30.40326106520861,0,0,0,0.7269403651589695,0.787368874614119,0,0.01054115751309252,2.3428920003866565,0,7.19600848039792,PRELIMINARY_WEATHER_PENDING,PRESEASON_ROLE_ESTIMATE,-6.3266834797858325,8.415152130530581,DET|WR|taymartin,3000,2.0136962390026043,TRUE,NA,NA,2.8076505971119468,2.809372119383168,NA,0.03
278,2026_05_TB_DAL,2026,5,2026-10-08,00-0039589,Kameron Johnson,WR,120,25,5,TB,DAL,47.5,8.5,19.5,NA,NA,NA,0,PENDING,0.45372532050485836,7.101346873176286,2.1950295949790917,0,0,0,0.0462446673184152,0.06595232640001994,0.03411205929885973,0,0,0,0,0,0,0,0,0,2.852573096564723,37.86214039707386,30.432482038935994,0,0,0,0.7252676245281517,0.7844025670722974,0,0.01054115751309252,2.340413446590488,0,7.19256493156917,PRELIMINARY_WEATHER_PENDING,PRESEASON_ROLE_ESTIMATE,-6.3266834797858325,8.415152130530581,TB|WR|kameronjohnson,3000,2.0094031260594725,TRUE,NA,NA,2.8063070353371713,2.8088135030484804,NA,0.03
279,2026_05_PHI_JAX,2026,5,2026-10-11,00-0037132,Britain Covey,WR,121,47,5,PHI,JAX,43,7,18,NA,NA,NA,0,PENDING,0.42986909245292315,7.4553930810673315,2.212425118695481,0,0,0,0.04675917319275985,0.06255001915257533,0.03411205929885973,0,0,0,0,0,0,0,0,0,2.8287168685127875,38.2161866049649,30.449877562652386,0,0,0,0.7257821304024963,0.7810002598248528,0,0.01054115751309252,2.3380816794846253,0,7.18932549423014,PRELIMINARY_WEATHER_PENDING,PRESEASON_ROLE_ESTIMATE,-6.3266834797858325,8.415152130530581,PHI|WR|britaincovey,3000,2.005364262929681,TRUE,NA,NA,2.805043111287608,2.808288070894285,NA,0.03
280,2026_05_DET_ARI,2026,5,2026-10-11,00-0035544,Tom Kennedy,WR,122,24,4,DET,ARI,54.5,-4.5,29.5,NA,NA,NA,0,PENDING,0.3822325836233684,7.488164150902877,2.1658086212517063,0,0,0,0.04777283304113252,0.06891863394184147,0.03411205929885973,0,0,0,0,0,0,0,0,0,2.7810803596832328,38.248957674800444,30.40326106520861,0,0,0,0.726795790250869,0.787368874614119,0,0.01054115751309252,2.335352395465816,0,7.185534017102907,PRELIMINARY_WEATHER_PENDING,PRESEASON_ROLE_ESTIMATE,-6.3266834797858325,8.415152130530581,DET|WR|tomkennedy,3000,2.0006368591651364,TRUE,NA,NA,2.803563799103748,2.8076731885364232,NA,0.03
281,2026_05_DET_ARI,2026,5,2026-10-11,00-0036331,Devin Duvernay,WR,123,77,5,ARI,DET,54.5,4.5,25,NA,NA,NA,0,PENDING,0.3856153219832256,7.299595676685402,2.1658086212517063,0,0,0,0.04610654813036046,0.06444305480519621,0.03441937191513756,0,0,0,0,0,0,0,0,0,2.78446309804309,38.06038920058297,30.40326106520861,0,0,0,0.7251295053400969,0.7828932954774737,0,0.01054115751309252,2.3047884578520588,0,7.143090963638892,PRELIMINARY_WEATHER_PENDING,PRESEASON_ROLE_ESTIMATE,-6.3266834797858325,8.415152130530581,ARI|WR|devinduvernay,3000,1.9476969405861864,TRUE,NA,NA,2.7870038874907888,2.800796605827129,NA,0.03
282,2026_05_DET_ARI,2026,5,2026-10-11,00-0038640,Jalen Brooks,WR,124,23,4,ARI,DET,54.5,4.5,25,NA,NA,NA,0,PENDING,0.3817182380181092,7.299595676685402,2.073132311744438,0,0,0,0.043030673837206886,0.0687791575544157,0.03441937191513756,0,0,0,0,0,0,0,0,0,2.7805660140779738,38.06038920058297,30.310584755701342,0,0,0,0.7220536310469434,0.7872293982266931,0,0.01054115751309252,2.3015534649294,0,7.13860034793087,PRELIMINARY_WEATHER_PENDING,PRESEASON_ROLE_ESTIMATE,-6.3266834797858325,8.415152130530581,ARI|WR|jalenbrooks,3000,1.9420935964067387,TRUE,NA,NA,2.785251793964444,2.8000697508958305,NA,0.03
283,2026_05_CLE_NYJ,2026,5,2026-10-11,00-0039920,Malachi Corley,WR,125,21,5,CLE,NYJ,40,2,19,NA,NA,NA,0,PENDING,0.4295102949137706,6.562115709596221,2.399437597492674,0,0,0,0.046925565304181745,0.06511129983124281,0.05669635034563993,0,0,0,0,0,0,0,0,0,2.8283580709736347,37.32290923349379,30.63689004144958,0,0,0,0.7259485225139183,0.7835615405035203,0.021830987150235306,0.01054115751309252,2.280470916971102,0,7.1093428456423,PRELIMINARY_WEATHER_PENDING,PRESEASON_ROLE_ESTIMATE,-6.3266834797858325,8.415152130530581,CLE|WR|malachicorley,3000,1.9055764307701124,TRUE,NA,NA,2.7738364594780722,2.7953374332464827,NA,0.03
284,2026_05_NYG_WAS,2026,5,2026-10-11,00-0038576,Charlie Jones,WR,126,33,5,NYG,WAS,43.5,3.5,20,NA,NA,NA,0,PENDING,0.38160101526717943,6.406478870715963,2.146884717108222,0,0,0,0.045088674974347834,0.06954000151981313,0.03441937191513756,0,0,0,0,0,0,0,0,0,2.7804487913270437,37.16727239461353,30.384337161065126,0,0,0,0.7241116321840844,0.7879902421920906,0,0.01054115751309252,2.263945681437238,0,7.086419456458584,PRELIMINARY_WEATHER_PENDING,PRESEASON_ROLE_ESTIMATE,-6.3266834797858325,8.415152130530581,NYG|WR|charliejones,3000,1.8769530042104738,TRUE,NA,NA,2.7648924917903175,2.7916336699938475,NA,0.03
285,2026_05_DEN_LAC,2026,5,2026-10-11,00-0039489,Hayden Rucci,TE,66,2,2,LAC,DEN,42.5,3.5,19.5,70,0,0,1,VERIFIED_DOME,0.5340702234441824,6.81762603579283,2.4002280835773333,0,0,0,0.05561399980123568,0.06938876157202041,0.038450028955710494,0,0,0,0,0,0,0,0,0,2.932917999504047,37.578419559690396,30.637680527534236,0,0,0,0.7346369570109722,0.7878390022442979,0.0035846657603058676,0.007612179487179487,2.263414145855993,0,6.472732230097165,PRELIMINARY_DEPTH_CHART_PENDING,PRESEASON_ROLE_ESTIMATE,-4.62876953571906,6.884203292465299,LAC|TE|haydenrucci,2500,2.144196504683673,TRUE,NA,NA,2.5254515138888665,2.5684315422086783,NA,0.03
286,2026_05_NYG_WAS,2026,5,2026-10-11,00-0034419,Braxton Berrios,WR,127,63,4,NYG,WAS,43.5,3.5,20,NA,NA,NA,0,PENDING,0.3785790620050973,6.459563658109339,2.146884717108222,0,0,0,0.04610654813036046,0.06622575778121949,0.03441937191513756,0,0,0,0,0,0,0,0,0,2.7774268380649616,37.22035718200691,30.384337161065126,0,0,0,0.7251295053400969,0.784675998453497,0,0.01054115751309252,2.257311150241623,0,7.07721858802089,PRELIMINARY_WEATHER_PENDING,PRESEASON_ROLE_ESTIMATE,-6.3266834797858325,8.415152130530581,NYG|WR|braxtonberrios,3000,1.8654613061922432,TRUE,NA,NA,2.7613026094502104,2.7901480686639544,NA,0.03
287,2026_05_IND_PIT,2026,5,2026-10-11,00-0033757,Robert Tonyan,TE,67,40,3,PIT,IND,44.5,-2.5,23.5,NA,NA,NA,0,PENDING,0.6081181729477595,6.179346988854005,2.1658086212517063,0,0,0,0.05306703137548281,0.06777781337710029,0.03411205929885973,0,0,0,0,0,0,0,0,0,3.0069659490076237,36.940140512751576,30.40326106520861,0,0,0,0.7320899885852193,0.7862280540493778,0,0.007612179487179487,2.2379766975053426,0,6.438712724979194,PRELIMINARY_WEATHER_PENDING,PRESEASON_ROLE_ESTIMATE,-4.62876953571906,6.884203292465299,PIT|TE|robtonyan,2500,2.114703042850469,TRUE,NA,NA,2.5121781993676136,2.5631949635379585,NA,0.03
288,2026_05_PHI_JAX,2026,5,2026-10-11,00-0040718,Travis Hunter,WR,128,0,5,JAX,PHI,43,-7,25,NA,NA,NA,0,PENDING,0.35518849996041885,4.590164097413822,2.5262362879958666,0,0,0,0.06605774489816377,0.06781505558526775,0.03611326210799513,0,0,0,0,0,0,0,0,0,2.7540362760202832,35.35095762131139,30.763688731952772,0,0,0,0.7450807021079002,0.7862652962575453,0.0012478989125905005,0.01054115751309252,2.230441993426828,0,7.039969991888102,PRELIMINARY_WEATHER_PENDING,ROOKIE_PRIOR,-6.3266834797858325,8.415152130530581,JAX|WR|travishunter,3000,1.8189211322121717,TRUE,NA,NA,2.7467694076816627,2.784139618721551,NA,0.03
289,2026_05_HOU_TEN,2026,5,2026-10-11,00-0039648,David Martin-Robinson,TE,68,15,3,TEN,HOU,39.5,7,16.25,NA,NA,NA,0,PENDING,0.5262436841246043,5.5899747875444605,2.332114622057569,0,0,0,0.04781449335822149,0.07707275287966082,0.03411205929885973,0,0,0,0,0,0,0,0,0,2.9250914601844684,36.35076831144203,30.56956706601447,0,0,0,0.726837450567958,0.7955229935519383,0,0.007612179487179487,2.15179216333629,0,6.323581210628401,PRELIMINARY_WEATHER_PENDING,PRESEASON_ROLE_ESTIMATE,-4.62876953571906,6.884203292465299,TEN|TE|davidmartinrobinson,2500,2.014776342888741,TRUE,NA,NA,2.4672575929100273,2.5455321650840195,NA,0.03
290,2026_05_DEN_LAC,2026,5,2026-10-11,00-0040331,Patrick Herbert,TE,69,1,3,LAC,DEN,42.5,3.5,19.5,70,0,0,1,VERIFIED_DOME,0.4377977662525419,5.859181322927626,2.5375773215512716,0,0,0,0.06092099138584984,0.06885396155880684,0.03411205929885973,0,0,0,0,0,0,0,0,0,2.8366455423124064,36.619974846825194,30.775029765508176,0,0,0,0.7399439485955863,0.7873042022310843,0,0.007612179487179487,2.1417419246308342,0,6.310168390377152,PRELIMINARY_DEPTH_CHART_PENDING,PRESEASON_ROLE_ESTIMATE,-4.62876953571906,6.884203292465299,LAC|TE|patrickherbert,2500,2.0031235887450114,TRUE,NA,NA,2.4620243427144564,2.543480393197785,NA,0.03
291,2026_05_HOU_TEN,2026,5,2026-10-11,00-0033854,Dare Ogunbowale,RB,68,67,3,HOU,TEN,39.5,-7,23.25,NA,NA,NA,0,PENDING,0.6935486633666126,6.194130100771283,5.4813448537823835,0,0,0,0.06583893001194599,0.061490074765293286,0.045564512282414774,0,0,0,0,0,0,0,0,0,3.092396439426477,36.95492362466885,33.718797297739286,0,0,0,0.7448618872216825,0.7799403154375708,0.010699149087010147,0.011587366694011485,2.1351752549223195,0,5.478457690744936,PRELIMINARY_WEATHER_PENDING,PRESEASON_ROLE_ESTIMATE,-6.1688262018290105,7.69353032482483,HOU|RB|dareogunbowale,4000,2.557115896308608,TRUE,NA,NA,2.1375176319722726,2.6201470288203526,NA,0.03
292,2026_05_PHI_JAX,2026,5,2026-10-11,00-0040238,LeQuint Allen Jr.,RB,69,19,4,JAX,PHI,43,-7,25,NA,NA,NA,0,PENDING,0.712708995052412,6.207801589938059,5.454851637984185,0,0,0,0.05620253403384876,0.06468087591723874,0.04052970716359879,0,0,0,0,0,0,0,0,0,3.1115567711122765,36.968595113835626,33.69230408194109,0,0,0,0.7352254912435853,0.7831311165895162,0.005664343968194166,0.011587366694011485,2.127462673352433,0,5.468676932346572,PRELIMINARY_WEATHER_PENDING,PRESEASON_ROLE_ESTIMATE,-6.1688262018290105,7.69353032482483,JAX|RB|lequintallen,4000,2.5463900966119866,TRUE,NA,NA,2.1337014952581237,2.6185261883809847,NA,0.03
293,2026_05_CLE_NYJ,2026,5,2026-10-11,00-0031595,Michael Burton,RB,70,46,4,CLE,NYJ,40,2,19,NA,NA,NA,0,PENDING,0.6686462777282722,5.501881203184181,6.011733093108631,0,0,0,0.061690984717611565,0.0675072618687941,0.04095267708876593,0,0,0,0,0,0,0,0,0,3.0674940537881366,36.26267472708175,34.249185537065536,0,0,0,0.7407139419273481,0.7859575025410716,0.0060873138933613055,0.011587366694011485,2.120326978037952,0,5.459628895290188,PRELIMINARY_WEATHER_PENDING,PRESEASON_ROLE_ESTIMATE,-6.1688262018290105,7.69353032482483,CLE|RB|michaelburton,4000,2.5364665660864785,TRUE,NA,NA,2.130171242797576,2.6170274766719626,NA,0.03
294,2026_05_CLE_NYJ,2026,5,2026-10-11,00-0039798,Isaiah Davis,RB,71,32,4,NYJ,CLE,40,-2,21,NA,NA,NA,0,PENDING,0.42087430949132815,4.814900387201913,5.7719630285508945,0,0,0,0.0572458052255288,0.056816504028079105,0.04052970716359879,0,0,0,0,0,0,0,0,0,2.8197220855511924,35.57569391109948,34.0094154725078,0,0,0,0.7362687624352653,0.7752667447003566,0.005664343968194166,0.011587366694011485,2.1183647765494764,0,5.457141022465323,PRELIMINARY_WEATHER_PENDING,PRESEASON_ROLE_ESTIMATE,-6.1688262018290105,7.69353032482483,NYJ|RB|isaiahdavis,4200,2.106049825649081,TRUE,NA,NA,2.129200555000126,2.616615505438118,NA,0.03
295,2026_05_LV_NE,2026,5,2026-10-11,00-0036187,Reggie Gilliam,RB,72,39,4,NE,LV,45,-3.5,24.25,NA,NA,NA,0,PENDING,0.6823388019506355,6.632575405919767,5.206058817094419,0,0,0,0.05989854715839461,0.06026093910110368,0.0417536265142402,0,0,0,0,0,0,0,0,0,3.0811865780104997,37.393368929817335,33.44351126105133,0,0,0,0.7389215043681311,0.7787111797733811,0.006888263318835575,0.011587366694011485,2.1133952008372927,0,5.450840473761438,PRELIMINARY_WEATHER_PENDING,PRESEASON_ROLE_ESTIMATE,-6.1688262018290105,7.69353032482483,NE|RB|reggiegilliam,4000,2.5268266221685862,TRUE,NA,NA,2.126742283949059,2.6155724153024242,NA,0.03
296,2026_05_NYG_WAS,2026,5,2026-10-11,00-0031484,Chris Manhertz,TE,70,37,3,NYG,WAS,43.5,3.5,20,NA,NA,NA,0,PENDING,0.47026211270362545,5.917492983195554,2.146884717108222,0,0,0,0.0519907948048457,0.07199426779787087,0.03411205929885973,0,0,0,0,0,0,0,0,0,2.86910988876349,36.67828650709312,30.384337161065126,0,0,0,0.7310137520145822,0.7904445084701484,0,0.007612179487179487,2.111112682183289,0,6.26930800682286,PRELIMINARY_WEATHER_PENDING,PRESEASON_ROLE_ESTIMATE,-4.62876953571906,6.884203292465299,NYG|TE|chrismanhertz,2500,1.967610498726942,TRUE,NA,NA,2.44608193789421,2.537237580227738,NA,0.03
297,2026_05_PHI_JAX,2026,5,2026-10-11,00-0036332,Josiah Deguara,TE,71,46,3,PHI,JAX,43,7,18,NA,NA,NA,0,PENDING,0.5245215370862324,4.901992612257472,1.987398827744707,0,0,0,0.04993022862901265,0.08424507996206805,0.03411205929885973,0,0,0,0,0,0,0,0,0,2.9233693131460967,35.66278613615504,30.22485127170161,0,0,0,0.7289531858387491,0.8026953206343456,0,0.007612179487179487,2.1093034408710563,0,6.2668952074485045,PRELIMINARY_WEATHER_PENDING,PRESEASON_ROLE_ESTIMATE,-4.62876953571906,6.884203292465299,PHI|TE|josiahdeguara,2500,1.965512773009574,TRUE,NA,NA,2.445140541337692,2.536869302627118,NA,0.03
298,2026_05_BUF_LA,2026,5,2026-10-12,00-0041510,Max Klare,TE,72,0,3,LAR,BUF,54.5,-3,28.75,70,0,0,1,VERIFIED_DOME,0.36403475612278013,5.3556688530147065,2.576697170242859,0,0,0,0.06685203164912792,0.07162084615355237,0.03611326210799513,0,0,0,0,0,0,0,0,0,2.7628825321826445,36.116462376912274,30.814149614199764,0,0,0,0.7458749888588644,0.7900710868258298,0.0012478989125905005,0.007612179487179487,2.0796287687528006,0,6.227333636933412,PRELIMINARY_DEPTH_CHART_PENDING,ROOKIE_PRIOR,-4.62876953571906,6.884203292465299,LAR|TE|maxklare,2500,1.931106460022987,TRUE,NA,NA,2.4297048915073787,2.530836538842381,NA,0.03
299,2026_05_LV_NE,2026,5,2026-10-11,00-0038564,Cameron Latu,TE,73,13,3,NE,LV,45,-3.5,24.25,NA,NA,NA,0,PENDING,0.3963897044444685,5.788350993364555,2.294799886531924,0,0,0,0.055301269517257445,0.07026213453193368,0.03411205929885973,0,0,0,0,0,0,0,0,0,2.795237480504333,36.54914451726212,30.532252330488827,0,0,0,0.7343242267269939,0.7887123752042111,0,0.007612179487179487,2.0571862382191255,0,6.19742940397038,PRELIMINARY_WEATHER_PENDING,PRESEASON_ROLE_ESTIMATE,-4.62876953571906,6.884203292465299,NE|TE|cameronlatu,2500,1.9050854571059028,TRUE,NA,NA,2.4180372235545766,2.5262835752756967,NA,0.03
300,2026_05_CLE_NYJ,2026,5,2026-10-11,00-0041131,Carsen Ryan,TE,74,2,3,CLE,NYJ,40,2,19,NA,NA,NA,0,PENDING,0.4143897266543246,5.288731364228553,2.6713016647482144,0,0,0,0.05503325331996924,0.06475484355288703,0.040349400509693,0,0,0,0,0,0,0,0,0,2.813237502714189,36.04952488812612,30.908754108705118,0,0,0,0.7340562105297057,0.7832050842251645,0.00548403731428837,0.007612179487179487,2.0214466452915936,0,6.149834795418138,PRELIMINARY_WEATHER_PENDING,PRESEASON_ROLE_ESTIMATE,-4.62876953571906,6.884203292465299,CLE|TE|carsenryan,2500,1.863647168744112,TRUE,NA,NA,2.3994673411697764,2.5190499104742945,NA,0.03
301,2026_05_BUF_LA,2026,5,2026-10-12,00-0039875,Ray Davis,RB,73,37,3,BUF,LAR,54.5,3,25.75,70,0,0,1,VERIFIED_DOME,0.5198802998849451,6.256792288918413,6.32074828244369,0,0,0,0.056192983018046275,0.057000950534861365,0.040763314509038334,0,0,0,0,0,0,0,0,0,2.9187280759448093,37.01758581281598,34.55820072640059,0,0,0,0.7352159402277828,0.7754511912071388,0.005897951313633708,0.011587366694011485,2.0210808219723635,0,5.3338983089385295,PRELIMINARY_DEPTH_CHART_PENDING,PRESEASON_ROLE_ESTIMATE,-6.1688262018290105,7.69353032482483,BUF|RB|raydavis,4000,2.3984460627085475,TRUE,NA,NA,2.0811152200306395,2.5962714972846057,NA,0.03
302,2026_05_LV_NE,2026,5,2026-10-11,00-0037304,Connor Heyward,RB,74,59,3,LV,NE,45,3.5,20.75,NA,NA,NA,0,PENDING,0.5915949600282802,6.3051690085524035,5.235062229390921,0,0,0,0.06366763992826797,0.05470652248325759,0.0421286651906175,0,0,0,0,0,0,0,0,0,2.9904427360881445,37.06596253244997,33.472514673347824,0,0,0,0.7426905971380044,0.773156763155535,0.00726330199521287,0.011587366694011485,2.0184450045343243,0,5.330561978644027,PRELIMINARY_WEATHER_PENDING,PRESEASON_ROLE_ESTIMATE,-6.1688262018290105,7.69353032482483,LV|RB|connorheyward,4000,2.394780461298554,TRUE,NA,NA,2.0798134914725033,2.595722501884203,NA,0.03
303,2026_05_SF_SEA,2026,5,2026-10-11,00-0037745,Velus Jones Jr.,RB,75,31,4,SEA,SF,47,-3,25,NA,NA,NA,0,PENDING,0.3784506916427632,5.17061667601996,8.751163995071789,0,0,0,0.06045371991641199,0.052390461040146635,0.040763314509038334,0,0,0,0,0,0,0,0,0,2.7772984677026273,35.93141019991753,36.98861643902869,0,0,0,0.7394766771261485,0.7708407017124241,0.005897951313633708,0.011587366694011485,2.0145343431404825,0,5.325612266059892,PRELIMINARY_WEATHER_PENDING,PRESEASON_ROLE_ESTIMATE,-6.1688262018290105,7.69353032482483,SEA|RB|velusjones,4000,2.389341948861236,TRUE,NA,NA,2.0778822731408084,2.594908192312308,NA,0.03
304,2026_05_TB_DAL,2026,5,2026-10-08,00-0038738,Hunter Luepke,RB,76,41,3,DAL,TB,47.5,-8.5,28,NA,NA,NA,0,PENDING,0.626236419708723,6.58058889960318,4.101081272896612,0,0,0,0.06345882725167652,0.05896795382313054,0.040763314509038334,0,0,0,0,0,0,0,0,0,3.0250841957685872,37.34138242350075,32.33853371685352,0,0,0,0.742481784461413,0.777418194495408,0.005897951313633708,0.011587366694011485,2.0010663961597914,0,5.308568419010401,PRELIMINARY_WEATHER_PENDING,PRESEASON_ROLE_ESTIMATE,-6.1688262018290105,7.69353032482483,DAL|RB|hunterluepke,4000,2.370612227777491,TRUE,NA,NA,2.071232313308779,2.592105741690658,NA,0.03
305,2026_05_TB_DAL,2026,5,2026-10-08,00-0041094,Bauer Sharp,TE,75,3,3,TB,DAL,47.5,8.5,19.5,NA,NA,NA,0,PENDING,0.38187633534418813,5.2628694104771245,2.450523856375097,0,0,0,0.0571223256045051,0.06592346827851862,0.03411205929885973,0,0,0,0,0,0,0,0,0,2.7807241114040524,36.02366293437469,30.687976300332,0,0,0,0.7361452828142416,0.7843737089507961,0,0.007612179487179487,1.9997497264836248,0,6.120957456949516,PRELIMINARY_WEATHER_PENDING,PRESEASON_ROLE_ESTIMATE,-4.62876953571906,6.884203292465299,TB|TE|bauersharp,2500,1.8384906657041922,TRUE,NA,NA,2.3882003343540834,2.514668579348058,NA,0.03
306,2026_05_SF_SEA,2026,5,2026-10-11,00-0038643,Brayden Willis,TE,76,15,3,SF,SEA,47,3,22,NA,NA,NA,0,PENDING,0.3819772687559729,5.146984750200702,2.294799886531924,0,0,0,0.05526073998933038,0.06622575778121949,0.03411205929885973,0,0,0,0,0,0,0,0,0,2.7808250448158374,35.90777827409827,30.532252330488827,0,0,0,0.7342836971990668,0.784675998453497,0,0.007612179487179487,1.968341997788977,0,6.079177712840696,PRELIMINARY_WEATHER_PENDING,PRESEASON_ROLE_ESTIMATE,-4.62876953571906,6.884203292465299,SF|TE|braydenwillis,2500,1.8020749594291743,TRUE,NA,NA,2.3718992246744812,2.508339808033348,NA,0.03
307,2026_05_CIN_MIA,2026,5,2026-10-11,00-0041579,Seydou Traore,TE,77,0,3,MIA,CIN,42.5,7,17.75,NA,NA,NA,0,PENDING,0.35762732080578585,4.510127430662568,2.572852785439641,0,0,0,0.06509493861887992,0.06641743581774176,0.03772996264147195,0,0,0,0,0,0,0,0,0,2.75647509686565,35.27092095456014,30.810305229396544,0,0,0,0.7441178958286164,0.7848676764900192,0.0028645994460673244,0.007612179487179487,1.9620364791013332,0,6.070793022808103,PRELIMINARY_WEATHER_PENDING,ROOKIE_PRIOR,-4.62876953571906,6.884203292465299,MIA|TE|seydoutraore,2500,1.7947640227271517,TRUE,NA,NA,2.368627788844363,2.5070711442837452,NA,0.03
308,2026_05_IND_PIT,2026,5,2026-10-11,00-0035594,Travis Homer,RB,77,50,2,PIT,IND,44.5,-2.5,23.5,NA,NA,NA,0,PENDING,0.38018042934566476,4.6306942333260235,8.453917234188802,0,0,0,0.06319308540999077,0.05055644718173673,0.04193794718374689,0,0,0,0,0,0,0,0,0,2.7790282054055293,35.391487757223594,36.691369678145705,0,0,0,0.7422160426197273,0.7690066878540142,0.0070725839883422625,0.011587366694011485,1.9577967420528322,0,5.253836271439358,PRELIMINARY_WEATHER_PENDING,PRESEASON_ROLE_ESTIMATE,-6.1688262018290105,7.69353032482483,PIT|RB|travishomer,4000,2.3104376106680413,TRUE,NA,NA,2.049877593226437,2.5831225287048243,NA,0.03
309,2026_05_IND_PIT,2026,5,2026-10-11,00-0037292,Andrew Ogletree,TE,78,37,3,IND,PIT,44.5,2.5,21,NA,NA,NA,0,PENDING,0.4693939424662031,5.801044830701797,1.9679182382209424,0,0,0,0.05045065038337944,0.07271359251494429,0.03411205929885973,0,0,0,0,0,0,0,0,0,2.8682417185260674,36.56183835459937,30.205370682177847,0,0,0,0.729473607593116,0.7911638331872217,0,0.007612179487179487,1.9322759471250588,0,6.03123348757836,PRELIMINARY_WEATHER_PENDING,PRESEASON_ROLE_ESTIMATE,-4.62876953571906,6.884203292465299,IND|TE|andrewogletree,NA,1.9322759471250588,FALSE,NA,NA,2.3531929331168007,2.5010920121453024,NA,0.03
310,2026_05_CIN_MIA,2026,5,2026-10-11,00-0040208,Tahj Brooks,RB,78,14,3,CIN,MIA,42.5,-7,24.75,NA,NA,NA,0,PENDING,0.41532691748681005,4.926322323916269,6.786052214677903,0,0,0,0.06571940255910048,0.055335631571910016,0.04094547137326016,0,0,0,0,0,0,0,0,0,2.8141746935466743,35.687115847813836,35.023504658634806,0,0,0,0.744742359768837,0.7737858722441875,0.006080108177855537,0.011587366694011485,1.9173425083483533,0,5.202701306837566,PRELIMINARY_WEATHER_PENDING,PRESEASON_ROLE_ESTIMATE,-6.1688262018290105,7.69353032482483,CIN|RB|tahjbrooks,4000,2.2541783667737927,TRUE,NA,NA,2.0299263780091947,2.5747519869203876,NA,0.03
311,2026_05_NYG_WAS,2026,5,2026-10-11,00-0039384,Tyrone Tracy Jr.,RB,79,36,4,NYG,WAS,43.5,3.5,20,NA,NA,NA,0,PENDING,0.44285052914103423,5.174481592361804,6.305984397044994,0,0,0,0.05687780682268281,0.061113416441937414,0.057076918746634085,0,0,0,0,0,0,0,0,0,2.8416983052008984,35.935275116259376,34.5434368410019,0,0,0,0.7359007640324193,0.7795636571142149,0.02221155555122946,0.011587366694011485,1.884040300111796,0,5.1606326243067,PRELIMINARY_WEATHER_PENDING,PRESEASON_ROLE_ESTIMATE,-6.1688262018290105,7.69353032482483,NYG|RB|tyronetracy,4000,2.2078653635641903,TRUE,NA,NA,2.013512533869177,2.567881657531118,NA,0.03
312,2026_05_DET_ARI,2026,5,2026-10-11,00-0038896,Jacob Saylors,RB,80,15,3,DET,ARI,54.5,-4.5,29.5,NA,NA,NA,0,PENDING,0.34348934103837603,6.041203262397637,5.453829140029916,0,0,0,0.06143560267274348,0.06277496834567299,0.03411205929885973,0,0,0,0,0,0,0,0,0,2.7423371170982405,36.801996786295206,33.69128158398682,0,0,0,0.74045855988248,0.7812252090179505,0,0.011587366694011485,1.873499665210872,0,5.147322148999438,PRELIMINARY_WEATHER_PENDING,PRESEASON_ROLE_ESTIMATE,-6.1688262018290105,7.69353032482483,DET|RB|jacobsaylors,4000,2.1932066221819335,TRUE,NA,NA,2.0083192153723908,2.56571091986528,NA,0.03
313,2026_05_BUF_LA,2026,5,2026-10-12,00-0041415,Dean Connors,RB,81,2,3,LAR,BUF,54.5,-3,28.75,70,0,0,1,VERIFIED_DOME,0.3838990219049238,5.552271710785887,5.619833006643204,0,0,0,0.06191703136694274,0.05975218211459841,0.03411205929885973,0,0,0,0,0,0,0,0,0,2.782746797964788,36.31306523468346,33.85728545060011,0,0,0,0.7409399885766792,0.7782024227868759,0,0.011587366694011485,1.8683718223795447,0,5.140847671807636,PRELIMINARY_DEPTH_CHART_PENDING,PRESEASON_ROLE_ESTIMATE,-6.1688262018290105,7.69353032482483,LAR|RB|deanconnors,4000,2.1860753893273834,TRUE,NA,NA,2.005793083030681,2.5646555558371924,NA,0.03
314,2026_05_IND_PIT,2026,5,2026-10-11,00-0038409,Lew Nichols III,RB,82,3,3,PIT,IND,44.5,-2.5,23.5,NA,NA,NA,0,PENDING,0.384811311312639,4.728342928541778,5.815816670693115,0,0,0,0.07453249218681535,0.05686518340881141,0.038630366969113164,0,0,0,0,0,0,0,0,0,2.783659087372503,35.48913645243935,34.05326911465002,0,0,0,0.7535554493965518,0.7753154240810889,0.0037650037737085376,0.011587366694011485,1.8593489077143235,0,5.129456573893215,PRELIMINARY_WEATHER_PENDING,PRESEASON_ROLE_ESTIMATE,-6.1688262018290105,7.69353032482483,PIT|RB|lewnichols,4000,2.1735273242596853,TRUE,NA,NA,2.00134864373516,2.5627995988777656,NA,0.03
315,2026_05_IND_PIT,2026,5,2026-10-11,00-0041398,Riley Nowakowski,RB,83,1,4,PIT,IND,44.5,-2.5,23.5,NA,NA,NA,0,PENDING,0.364838853208959,4.520652324769361,5.953165908667053,0,0,0,0.07014694044180539,0.056136876227434684,0.03411205929885973,0,0,0,0,0,0,0,0,0,2.763686629268823,35.28144584866693,34.19061835262396,0,0,0,0.7491698976515418,0.7745871168997122,0,0.011587366694011485,1.8243639866132577,0,5.085305591171105,PRELIMINARY_WEATHER_PENDING,PRESEASON_ROLE_ESTIMATE,-6.1688262018290105,7.69353032482483,PIT|RB|rileynowakowski,4000,2.1248741913583444,TRUE,NA,NA,1.9841223531685932,2.555616110918438,NA,0.03
316,2026_05_DEN_LAC,2026,5,2026-10-11,00-0036727,Adam Prentice,RB,84,42,4,DEN,LAC,42.5,-3.5,23,70,0,0,1,VERIFIED_DOME,0.46187530263109333,5.052526725259522,5.168941819001696,0,0,0,0.0588861458719705,0.05562405299289506,0.038450028955710494,0,0,0,0,0,0,0,0,0,2.860723078690958,35.81332024915709,33.4063942629586,0,0,0,0.737909103081707,0.7740742936651726,0.0035846657603058676,0.011587366694011485,1.8189593508569555,0,5.078487231876679,PRELIMINARY_DEPTH_CHART_PENDING,PRESEASON_ROLE_ESTIMATE,-6.1688262018290105,7.69353032482483,DEN|RB|adamprentice,4000,2.1173580257230102,TRUE,NA,NA,1.9814620491130233,2.5545081687690403,NA,0.03
317,2026_05_CLE_NYJ,2026,5,2026-10-11,00-0034959,Andrew Beck,RB,85,37,3,NYJ,CLE,40,-2,21,NA,NA,NA,0,PENDING,0.4663635161010593,4.623196012978697,5.183358060996416,0,0,0,0.05646232166367637,0.06047997116681664,0.04155871678795303,0,0,0,0,0,0,0,0,0,2.8652112921609234,35.383989536876264,33.42081050495332,0,0,0,0.7354852788734129,0.7789302118390942,0.006693353592548405,0.011587366694011485,1.798373833524392,0,5.052522645927592,PRELIMINARY_WEATHER_PENDING,PRESEASON_ROLE_ESTIMATE,-6.1688262018290105,7.69353032482483,NYJ|RB|andrewbeck,4000,2.088729980293645,TRUE,NA,NA,1.971331504458678,2.5502925660121836,NA,0.03
318,2026_05_CLE_NYJ,2026,5,2026-10-11,00-0036842,Kene Nwangwu,RB,86,44,2,NYJ,CLE,40,-2,21,NA,NA,NA,0,PENDING,0.3798733083306965,4.370376104784554,6.5758641150550305,0,0,0,0.057496572096618535,0.05348347599150069,0.040763314509038334,0,0,0,0,0,0,0,0,0,2.7787210843905608,35.13116962868212,34.81331655901194,0,0,0,0.736519529306355,0.7719337166637782,0.005897951313633708,0.011587366694011485,1.793553015398,0,5.046443414313435,PRELIMINARY_WEATHER_PENDING,PRESEASON_ROLE_ESTIMATE,-6.1688262018290105,7.69353032482483,NYJ|RB|kenenwangwu,4000,2.0820257232133166,TRUE,NA,NA,1.968959584203447,2.549306341119645,NA,0.03
319,2026_05_NYG_WAS,2026,5,2026-10-11,00-0035567,Craig Reynolds,RB,87,37,4,WAS,NYG,43.5,-3.5,23.5,NA,NA,NA,0,PENDING,0.34929031172873914,3.9938369137878893,6.465066171133356,0,0,0,0.0588951730193477,0.0554383417333797,0.04094547137326016,0,0,0,0,0,0,0,0,0,2.7481380877886035,34.75463043768546,34.70251861509026,0,0,0,0.7379181302290841,0.7738885824056572,0.006080108177855537,0.011587366694011485,1.750725151962357,0,4.992457223698631,PRELIMINARY_WEATHER_PENDING,PRESEASON_ROLE_ESTIMATE,-6.1688262018290105,7.69353032482483,WAS|RB|craigreynolds,4000,2.0224654993787303,TRUE,NA,NA,1.9478959124848345,2.540561504760078,NA,0.03
320,2026_05_HOU_TEN,2026,5,2026-10-11,00-0037594,Julius Chestnut,RB,88,38,4,TEN,HOU,39.5,7,16.25,NA,NA,NA,0,PENDING,0.34917894363418644,5.009674194475801,4.323582870019502,0,0,0,0.057847736434822696,0.0561951398499804,0.03411205929885973,0,0,0,0,0,0,0,0,0,2.748026719694051,35.77046771837337,32.561035313976404,0,0,0,0.7368706936445591,0.7746453805222578,0,0.011587366694011485,1.6782768894619862,0,4.90122043614141,PRELIMINARY_WEATHER_PENDING,PRESEASON_ROLE_ESTIMATE,-6.1688262018290105,7.69353032482483,TEN|RB|juliuschestnut,4000,1.921712522582839,TRUE,NA,NA,1.9122982583462385,2.5258368444752795,NA,0.03
321,2026_05_LV_NE,2026,5,2026-10-11,00-0039407,Dylan Laube,RB,89,27,4,LV,NE,45,3.5,20.75,NA,NA,NA,0,PENDING,0.36194049584773735,4.723344890982981,4.788129306757768,0,0,0,0.057881947598449654,0.0554330413314687,0.05027870248090087,0,0,0,0,0,0,0,0,0,2.7607882719076016,35.48413841488055,33.02558175071467,0,0,0,0.7369049048081862,0.7738832820037462,0.015413339285496243,0.011587366694011485,1.6738781011857413,0,4.8956843916541555,PRELIMINARY_WEATHER_PENDING,PRESEASON_ROLE_ESTIMATE,-6.1688262018290105,7.69353032482483,LV|RB|dylanlaube,4000,1.9155951776275437,TRUE,NA,NA,1.9101382722021674,2.524945571141517,NA,0.03
322,2026_05_CIN_MIA,2026,5,2026-10-11,00-0038930,Carlos Washington,RB,90,0,4,MIA,CIN,42.5,7,17.75,NA,NA,NA,0,PENDING,0.35762732080578585,4.510127430662568,2.572852785439641,0,0,0,0.06509493861887992,0.06597138608771272,0.03772996264147195,0,0,0,0,0,0,0,0,0,2.75647509686565,35.27092095456014,30.810305229396544,0,0,0,0.7441178958286164,0.7844216267599902,0.0028645994460673244,0.011587366694011485,1.5907846795344338,0,4.791183349625786,PRELIMINARY_WEATHER_PENDING,ROOKIE_PRIOR,-6.1688262018290105,7.69353032482483,MIA|RB|carloswashington,4000,1.8000380987606415,TRUE,NA,NA,1.869365333447439,2.5081683128626273,NA,0.03
