game_date,season,week,game_id,player_id,player,position,team,opponent_team,total_line,team_spread,temperature,wind_speed,precip_probability,weather_status,active_status,best_book,best_american_odds,books_available,model_probability,fair_american_odds,best_implied_probability,consensus_probability,relative_edge,expected_roi,carryover_r3,team_changed_r3,strategy_tier,bet_reason,execution_status,units,unit_value,recommended_stake,game_exposure_units,refresh_timestamp_utc
2026-10-05,2026,4,2026_04_ATL_NO,00-0035644,Noah Fant,TE,NO,ATL,48,-1.5,70,0,0,VERIFIED_DOME,PENDING_GAME_DAY,FanDuel,550,4,0.22222379506158002,349.99681502284307,0.15384615384615385,0.17391304347826086,0.44445466790027005,0.4444546679002701,3,1,CORE,Tight-end allocation edge,AWAITING_ACTIVE_STATUS,9,10,90,16,2026-10-04T04:03:32Z
2026-10-04,2026,4,2026_04_GB_TB,00-0038129,Cade Otton,TE,TB,GB,39,3,NA,NA,NA,PENDING,PENDING_GAME_DAY,DraftKings,550,4,0.2026759691463986,393.3984054506588,0.15384615384615385,0.15692307692307694,0.3173937994515908,0.31739379945159096,3,0,CORE,Low total + tight-end edge,AWAITING_WEATHER,8,10,80,38,2026-10-04T04:03:32Z
2026-10-04,2026,4,2026_04_NYJ_CHI,00-0036290,Cole Kmet,TE,CHI,NYJ,43,-3.5,NA,NA,NA,PENDING,PENDING_GAME_DAY,BetMGM,700,4,0.16210592437227328,516.8806006765788,0.125,0.15384615384615385,0.29684739497818624,0.29684739497818624,3,0,CORE,Tight-end allocation edge,AWAITING_WEATHER,7,10,70,7,2026-10-04T04:03:32Z
2026-10-04,2026,4,2026_04_JAX_CIN,00-0034829,Mike Gesicki,TE,CIN,JAX,52,-2.5,NA,NA,NA,PENDING,PENDING_GAME_DAY,BetMGM,310,4,0.30458740736434525,228.31298202811357,0.24390243902439024,0.25478740668614086,0.24880837019381558,0.24880837019381552,3,0,CORE,Tight-end allocation edge,AWAITING_WEATHER,7,10,70,7,2026-10-04T04:03:32Z
2026-10-05,2026,4,2026_04_ATL_NO,00-0036040,Juwan Johnson,TE,NO,ATL,48,-1.5,70,0,0,VERIFIED_DOME,PENDING_GAME_DAY,DraftKings,250,4,0.35191315419480723,184.1610175919806,0.2857142857142857,0.28778467908902694,0.23169603968182537,0.23169603968182528,3,0,CORE,Tight-end allocation edge,AWAITING_ACTIVE_STATUS,7,10,70,16,2026-10-04T04:03:32Z
2026-10-04,2026,4,2026_04_MIA_MIN,00-0040198,Ollie Gordon II,RB,MIA,MIN,38.5,10,70,0,0,VERIFIED_DOME,PENDING_GAME_DAY,FanDuel,340,4,0.2741100990513209,264.81691242349035,0.22727272727272727,0.23973585989089863,0.20608443582581196,0.20608443582581204,3,0,CORE,Low-total game edge,AWAITING_ACTIVE_STATUS,7,10,70,7,2026-10-04T04:03:32Z
2026-10-04,2026,4,2026_04_GB_TB,00-0038124,Christian Watson,WR,GB,TB,39,-3,NA,NA,NA,PENDING,PENDING_GAME_DAY,DraftKings,175,4,0.4383540509278707,128.12609986910917,0.36363636363636365,0.36564171122994654,0.20547364005164445,0.2054736400516446,3,0,CORE,Low-total game edge,AWAITING_WEATHER,7,10,70,38,2026-10-04T04:03:32Z
2026-10-04,2026,4,2026_04_GB_TB,00-0040667,Matthew Golden,WR,GB,TB,39,-3,NA,NA,NA,PENDING,PENDING_GAME_DAY,FanDuel,220,4,0.37528310204030857,166.46550152758851,0.3125,0.3225806451612903,0.20090592652898742,0.20090592652898742,3,0,CORE,Low-total game edge,AWAITING_WEATHER,7,10,70,38,2026-10-04T04:03:32Z
2026-10-04,2026,4,2026_04_KC_LV,00-0036637,Noah Gray,TE,KC,LV,48,-4.5,70,0,0,VERIFIED_DOME,PENDING_GAME_DAY,BetMGM,700,4,0.14991265944047547,567.0550730887817,0.125,0.13333333333333333,0.19930127552380372,0.19930127552380372,3,0,CORE,Tight-end allocation edge,AWAITING_ACTIVE_STATUS,6,10,60,9,2026-10-04T04:03:32Z
2026-10-04,2026,4,2026_04_TEN_BAL,00-0040584,Gunnar Helm,TE,TEN,BAL,42.5,11.5,NA,NA,NA,PENDING,PENDING_GAME_DAY,BetMGM,650,4,0.15964212050955595,526.4011006670019,0.13333333333333333,0.16025641025641024,0.19731590382166966,0.19731590382166964,3,0,CORE,Tight-end allocation edge,AWAITING_WEATHER,6,10,60,6,2026-10-04T04:03:32Z
2026-10-04,2026,4,2026_04_GB_TB,00-0039361,Bucky Irving,RB,TB,GB,39,3,NA,NA,NA,PENDING,PENDING_GAME_DAY,FanDuel,170,4,0.42527424239449246,135.1423858566024,0.37037037037037035,0.39230769230769236,0.1482404544651297,0.14824045446512968,3,0,CORE,Low-total game edge,AWAITING_WEATHER,5,10,50,38,2026-10-04T04:03:32Z
2026-10-04,2026,4,2026_04_NE_BUF,00-0035689,Dawson Knox,TE,BUF,NE,50,-7,NA,NA,NA,PENDING,PENDING_GAME_DAY,DraftKings,600,4,0.16308094408751697,513.1924275980108,0.14285714285714285,0.15692307692307694,0.14156660861261885,0.14156660861261883,3,0,CORE,Tight end + heavy favorite,AWAITING_WEATHER,5,10,50,5,2026-10-04T04:03:32Z
2026-10-04,2026,4,2026_04_ARI_NYG,00-0037838,Isaiah Likely,TE,NYG,ARI,44.5,2.5,NA,NA,NA,PENDING,PENDING_GAME_DAY,FanDuel,280,4,0.28963640630956433,245.2604638835343,0.2631578947368421,0.2684684684684685,0.10061834397634452,0.1006183439763444,3,1,CORE,Tight-end allocation edge,AWAITING_WEATHER,5,10,50,9,2026-10-04T04:03:32Z
2026-10-04,2026,4,2026_04_GB_TB,00-0041048,Ted Hurst III,WR,TB,GB,39,3,NA,NA,NA,PENDING,PENDING_GAME_DAY,DraftKings,550,4,0.16884950272012134,492.24337880198726,0.15384615384615385,0.16666666666666666,0.09752176768078863,0.09752176768078868,3,0,CORE,Low-total game edge,AWAITING_WEATHER,4,10,40,38,2026-10-04T04:03:32Z
2026-10-04,2026,4,2026_04_DET_CAR,00-0039065,Sam LaPorta,TE,DET,CAR,51,-3.5,NA,NA,NA,PENDING,PENDING_GAME_DAY,BetMGM,210,4,0.35104584138152506,184.86308114762025,0.3225806451612903,0.35337453955172626,0.08824210828272772,0.0882421082827276,3,0,CORE,Tight-end allocation edge,AWAITING_WEATHER,4,10,40,4,2026-10-04T04:03:32Z
2026-10-04,2026,4,2026_04_ARI_NYG,00-0037744,Trey McBride,TE,ARI,NYG,44.5,-2.5,NA,NA,NA,PENDING,PENDING_GAME_DAY,BetMGM,160,4,0.41829809768255893,139.0639607352188,0.38461538461538464,0.40161290322580645,0.08757505397465316,0.08757505397465337,3,0,CORE,Tight-end allocation edge,AWAITING_WEATHER,4,10,40,9,2026-10-04T04:03:32Z
2026-10-04,2026,4,2026_04_GB_TB,00-0040129,Emeka Egbuka,WR,TB,GB,39,3,NA,NA,NA,PENDING,PENDING_GAME_DAY,DraftKings,320,4,0.25872905376736305,286.5047181361985,0.23809523809523808,0.25478740668614086,0.08666202582292487,0.08666202582292493,3,0,CORE,Low-total game edge,AWAITING_WEATHER,4,10,40,38,2026-10-04T04:03:32Z
2026-10-04,2026,4,2026_04_KC_LV,00-0030506,Travis Kelce,TE,KC,LV,48,-4.5,70,0,0,VERIFIED_DOME,PENDING_GAME_DAY,BetMGM,165,4,0.39996886558231554,150.01946052578313,0.37735849056603776,0.39841269841269844,0.059917493793136094,0.059917493793136156,3,0,CORE,Tight-end allocation edge,AWAITING_ACTIVE_STATUS,3,10,30,9,2026-10-04T04:03:32Z
2026-10-04,2026,4,2026_04_GB_TB,00-0039811,MarShawn Lloyd,RB,GB,TB,39,-3,NA,NA,NA,PENDING,PENDING_GAME_DAY,DraftKings,310,4,0.25688418518718664,289.2804842272867,0.24390243902439024,0.2684684684684685,0.05322515926746526,0.05322515926746507,3,0,CORE,Low-total game edge,AWAITING_WEATHER,3,10,30,38,2026-10-04T04:03:32Z
2026-10-04,2026,4,2026_04_DAL_HOU,00-0034383,Dalton Schultz,TE,HOU,DAL,48.5,-3,NA,NA,NA,PENDING,PENDING_GAME_DAY,DraftKings,235,4,0.3051705629372097,227.68560321650514,0.29850746268656714,0.3225806451612903,0.02232138583965251,0.022321385839652486,3,0,EXPANDED,Tight-end allocation edge,AWAITING_WEATHER,3,10,30,3,2026-10-04T04:03:32Z
2026-10-04,2026,4,2026_04_IND_WAS,00-0035535,Darius Slayton,WR,IND,WAS,46.5,-4.5,NA,NA,NA,PENDING,PENDING_GAME_DAY,DraftKings,700,3,0.1843007711671432,442.591327028738,0.125,0.13333333333333333,0.4744061693371455,0.4744061693371455,3,1,WATCHLIST,Wide-receiver allocation edge,WATCHLIST,0,10,0,0,2026-10-04T04:03:32Z
2026-10-04,2026,4,2026_04_KC_LV,00-0040878,Mike Washington Jr.,RB,LV,KC,48,4.5,70,0,0,VERIFIED_DOME,PENDING_GAME_DAY,BetMGM,600,4,0.18728138803543615,433.9558887777928,0.14285714285714285,0.18783068783068782,0.3109697162480531,0.3109697162480529,3,0,WATCHLIST,No validated interaction,WATCHLIST,0,10,0,9,2026-10-04T04:03:32Z
2026-10-04,2026,4,2026_04_LA_PHI,00-0040590,Konata Mumpfield,WR,LAR,PHI,42.5,-3.5,NA,NA,NA,PENDING,PENDING_GAME_DAY,BetMGM,700,4,0.1516118302840429,559.5791358276674,0.125,0.13333333333333333,0.21289464227234323,0.21289464227234323,3,0,WATCHLIST,Wide-receiver allocation edge,WATCHLIST,0,10,0,0,2026-10-04T04:03:32Z
2026-10-04,2026,4,2026_04_ARI_NYG,00-0038559,Michael Wilson,WR,ARI,NYG,44.5,-2.5,NA,NA,NA,PENDING,PENDING_GAME_DAY,DraftKings,215,4,0.3831566127319237,160.9898842329656,0.31746031746031744,0.3225806451612903,0.2069433301055597,0.20694333010555965,3,0,WATCHLIST,Wide-receiver allocation edge,WATCHLIST,0,10,0,9,2026-10-04T04:03:32Z
2026-10-04,2026,4,2026_04_NE_BUF,00-0037248,James Cook,RB,BUF,NE,50,-7,NA,NA,NA,PENDING,PENDING_GAME_DAY,BetMGM,-125,4,0.6677482906239939,-200.97663060276673,0.5555555555555556,0.5798022598870056,0.20194692312318893,0.20194692312318896,3,0,WATCHLIST,Heavy-favorite scoring environment,WATCHLIST,0,10,0,5,2026-10-04T04:03:32Z
2026-10-05,2026,4,2026_04_ATL_NO,00-0037746,Brian Robinson,RB,ATL,NO,48,1.5,70,0,0,VERIFIED_DOME,PENDING_GAME_DAY,FanDuel,330,4,0.2765408072231241,261.6102845874607,0.23255813953488372,0.25,0.18912547105943353,0.18912547105943345,3,1,WATCHLIST,No validated interaction,WATCHLIST,0,10,0,16,2026-10-04T04:03:32Z
2026-10-04,2026,4,2026_04_NYJ_CHI,00-0036275,D'Andre Swift,RB,CHI,NYJ,43,-3.5,NA,NA,NA,PENDING,PENDING_GAME_DAY,FanDuel,-105,4,0.6067355021077278,-154.28178881123716,0.5121951219512195,0.5337970006520321,0.18457883744842082,0.18457883744842074,3,0,WATCHLIST,No validated interaction,WATCHLIST,0,10,0,7,2026-10-04T04:03:32Z
2026-10-04,2026,4,2026_04_JAX_CIN,00-0034960,Jakobi Meyers,WR,JAX,CIN,52,2.5,NA,NA,NA,PENDING,PENDING_GAME_DAY,BetMGM,250,4,0.337066953173062,196.67696301469368,0.2857142857142857,0.29411764705882354,0.1797343361057171,0.1797343361057171,3,0,WATCHLIST,Wide-receiver allocation edge,WATCHLIST,0,10,0,7,2026-10-04T04:03:32Z
2026-10-05,2026,4,2026_04_ATL_NO,00-0039424,Devaughn Vele,WR,NO,ATL,48,-1.5,70,0,0,VERIFIED_DOME,PENDING_GAME_DAY,BetMGM,240,4,0.34605326255772384,188.9728571286606,0.29411764705882354,0.30303030303030304,0.17658109269626102,0.176581092696261,3,0,WATCHLIST,Wide-receiver allocation edge,WATCHLIST,0,10,0,16,2026-10-04T04:03:32Z
2026-10-04,2026,4,2026_04_JAX_CIN,00-0040719,Bhayshul Tuten,RB,JAX,CIN,52,2.5,NA,NA,NA,PENDING,PENDING_GAME_DAY,BetMGM,105,4,0.56946051104584,-132.26673177625082,0.4878048780487805,0.4902078577436021,0.16739404764397192,0.1673940476439717,3,0,WATCHLIST,No validated interaction,WATCHLIST,0,10,0,7,2026-10-04T04:03:32Z
2026-10-04,2026,4,2026_04_TEN_BAL,00-0036550,Rashod Bateman,WR,BAL,TEN,42.5,-11.5,NA,NA,NA,PENDING,PENDING_GAME_DAY,BetMGM,290,4,0.29587188722263197,237.98412190731023,0.2564102564102564,0.2797339593114241,0.15390036016826478,0.1539003601682647,3,0,WATCHLIST,Heavy-favorite scoring environment,WATCHLIST,0,10,0,6,2026-10-04T04:03:32Z
2026-10-04,2026,4,2026_04_DAL_HOU,00-0036554,Nico Collins,WR,HOU,DAL,48.5,-3,NA,NA,NA,PENDING,PENDING_GAME_DAY,DraftKings,145,4,0.4692457972050585,113.10792892685282,0.40816326530612246,0.41852727431923653,0.14965220315239328,0.14965220315239347,3,0,WATCHLIST,Wide-receiver allocation edge,WATCHLIST,0,10,0,3,2026-10-04T04:03:32Z
2026-10-04,2026,4,2026_04_LAC_SEA,00-0038543,Jaxon Smith-Njigba,WR,SEA,LAC,42.5,-7,NA,NA,NA,PENDING,PENDING_GAME_DAY,BetMGM,-115,4,0.6143149074279367,-159.2788830211671,0.5348837209302325,0.5717168011738811,0.1485017834522296,0.1485017834522293,3,0,WATCHLIST,Heavy-favorite scoring environment,WATCHLIST,0,10,0,0,2026-10-04T04:03:32Z
2026-10-04,2026,4,2026_04_NYJ_CHI,00-0032464,Kalif Raymond,WR,CHI,NYJ,43,-3.5,NA,NA,NA,PENDING,PENDING_GAME_DAY,DraftKings,340,4,0.26022893675931874,284.2770187102147,0.22727272727272727,0.23255813953488372,0.1450073217410025,0.14500732174100261,3,1,WATCHLIST,Wide-receiver allocation edge,WATCHLIST,0,10,0,7,2026-10-04T04:03:32Z
2026-10-04,2026,4,2026_04_JAX_CIN,00-0036410,Tee Higgins,WR,CIN,JAX,52,-2.5,NA,NA,NA,PENDING,PENDING_GAME_DAY,BetMGM,140,4,0.4761547480968242,110.0157572715528,0.4166666666666667,0.43961352657004826,0.14277139543237796,0.14277139543237793,3,0,WATCHLIST,Wide-receiver allocation edge,WATCHLIST,0,10,0,7,2026-10-04T04:03:32Z
2026-10-04,2026,4,2026_04_DET_CAR,00-0039491,Jalen Coker,WR,CAR,DET,51,3.5,NA,NA,NA,PENDING,PENDING_GAME_DAY,FanDuel,200,4,0.38086417023446917,162.56079677549502,0.3333333333333333,0.34076396145361665,0.14259251070340756,0.14259251070340762,3,0,WATCHLIST,Wide-receiver allocation edge,WATCHLIST,0,10,0,4,2026-10-04T04:03:32Z
2026-10-04,2026,4,2026_04_DET_CAR,00-0036963,Amon-Ra St. Brown,WR,DET,CAR,51,-3.5,NA,NA,NA,PENDING,PENDING_GAME_DAY,BetMGM,-115,4,0.6098935288636187,-156.34027476832082,0.5348837209302325,0.5650118203309693,0.14023572787546115,0.1402357278754609,3,0,WATCHLIST,Wide-receiver allocation edge,WATCHLIST,0,10,0,4,2026-10-04T04:03:32Z
2026-10-04,2026,4,2026_04_ARI_NYG,00-0033307,Kendrick Bourne,WR,ARI,NYG,44.5,-2.5,NA,NA,NA,PENDING,PENDING_GAME_DAY,DraftKings,600,4,0.16249111941276909,515.4182478488217,0.14285714285714285,0.14835164835164835,0.13743783588938366,0.13743783588938352,3,1,WATCHLIST,Wide-receiver allocation edge,WATCHLIST,0,10,0,9,2026-10-04T04:03:32Z
2026-10-04,2026,4,2026_04_TEN_BAL,00-0040170,Elic Ayomanor,WR,TEN,BAL,42.5,11.5,NA,NA,NA,PENDING,PENDING_GAME_DAY,DraftKings,700,4,0.1412168359392786,608.1308636811456,0.125,0.12916666666666665,0.1297346875142289,0.1297346875142289,3,0,WATCHLIST,Wide-receiver allocation edge,WATCHLIST,0,10,0,6,2026-10-04T04:03:32Z
2026-10-04,2026,4,2026_04_DAL_HOU,00-0036997,Javonte Williams,RB,DAL,HOU,48.5,3,NA,NA,NA,PENDING,PENDING_GAME_DAY,BetMGM,-125,4,0.627224598237374,-168.25804365621065,0.5555555555555556,0.5717168011738811,0.1290042768272731,0.12900427682727322,3,0,WATCHLIST,No validated interaction,WATCHLIST,0,10,0,3,2026-10-04T04:03:32Z
2026-10-05,2026,4,2026_04_ATL_NO,00-0038551,Kendre Miller,RB,NO,ATL,48,-1.5,70,0,0,VERIFIED_DOME,PENDING_GAME_DAY,BetMGM,320,4,0.26880222659852865,272.0207278987896,0.23809523809523808,0.2684684684684685,0.12896935171382037,0.1289693517138204,3,0,WATCHLIST,No validated interaction,WATCHLIST,0,10,0,16,2026-10-04T04:03:32Z
2026-10-04,2026,4,2026_04_LAC_SEA,00-0040666,Omarion Hampton,RB,LAC,SEA,42.5,7,NA,NA,NA,PENDING,PENDING_GAME_DAY,BetMGM,135,4,0.4763102149558888,109.94720847895528,0.425531914893617,0.4301572617946346,0.11932900514633872,0.11932900514633871,3,0,WATCHLIST,No validated interaction,WATCHLIST,0,10,0,0,2026-10-04T04:03:32Z
2026-10-04,2026,4,2026_04_LA_PHI,00-0037840,Kyren Williams,RB,LAR,PHI,42.5,-3.5,NA,NA,NA,PENDING,PENDING_GAME_DAY,DraftKings,-110,4,0.5853075688305953,-141.14257334768988,0.5238095238095238,0.5348837209302325,0.11740535867659099,0.11740535867659108,3,0,WATCHLIST,No validated interaction,WATCHLIST,0,10,0,0,2026-10-04T04:03:32Z
2026-10-04,2026,4,2026_04_NE_BUF,00-0036988,Josh Palmer,WR,BUF,NE,50,-7,NA,NA,NA,PENDING,PENDING_GAME_DAY,BetMGM,600,4,0.1595026167611745,526.948961907825,0.14285714285714285,0.15384615384615385,0.11651831732822154,0.1165183173282216,3,0,WATCHLIST,Heavy-favorite scoring environment,WATCHLIST,0,10,0,5,2026-10-04T04:03:32Z
2026-10-04,2026,4,2026_04_JAX_CIN,00-0036900,Ja'Marr Chase,WR,CIN,JAX,52,-2.5,NA,NA,NA,PENDING,PENDING_GAME_DAY,BetMGM,-105,4,0.5702938314886192,-132.7171619305053,0.5121951219512195,0.5433694745621351,0.11343081385873276,0.11343081385873277,3,0,WATCHLIST,Wide-receiver allocation edge,WATCHLIST,0,10,0,7,2026-10-04T04:03:32Z
2026-10-05,2026,4,2026_04_ATL_NO,00-0037239,Chris Olave,WR,NO,ATL,48,-1.5,70,0,0,VERIFIED_DOME,PENDING_GAME_DAY,FanDuel,125,4,0.4948496567393953,102.0815789969587,0.4444444444444444,0.4555832295558323,0.11341172766363947,0.1134117276636395,3,0,WATCHLIST,Wide-receiver allocation edge,WATCHLIST,0,10,0,16,2026-10-04T04:03:32Z
2026-10-04,2026,4,2026_04_JAX_CIN,00-0038606,Parker Washington,WR,JAX,CIN,52,2.5,NA,NA,NA,PENDING,PENDING_GAME_DAY,FanDuel,140,4,0.46347534061835977,115.76120935923353,0.4166666666666667,0.42925571112748706,0.11234081748406338,0.11234081748406344,3,0,WATCHLIST,Wide-receiver allocation edge,WATCHLIST,0,10,0,7,2026-10-04T04:03:32Z
2026-10-04,2026,4,2026_04_NE_BUF,00-0040734,TreVeyon Henderson,RB,NE,BUF,50,7,NA,NA,NA,PENDING,PENDING_GAME_DAY,FanDuel,210,4,0.3566015781085343,180.4250068954105,0.3225806451612903,0.33171966112883705,0.10546489213645643,0.10546489213645649,3,0,WATCHLIST,No validated interaction,WATCHLIST,0,10,0,5,2026-10-04T04:03:32Z
2026-10-04,2026,4,2026_04_KC_LV,00-0039894,Xavier Worthy,WR,KC,LV,48,-4.5,70,0,0,VERIFIED_DOME,PENDING_GAME_DAY,BetMGM,260,4,0.3069453667426902,225.79087627613285,0.2777777777777778,0.3149801587301587,0.10500332027368461,0.10500332027368464,3,0,WATCHLIST,Wide-receiver allocation edge,WATCHLIST,0,10,0,9,2026-10-04T04:03:32Z
2026-10-04,2026,4,2026_04_LAC_SEA,00-0038454,Keaton Mitchell,RB,LAC,SEA,42.5,7,NA,NA,NA,PENDING,PENDING_GAME_DAY,FanDuel,600,4,0.1578012639247771,533.7084856789828,0.14285714285714285,0.16333333333333333,0.10460884747343985,0.10460884747343968,3,1,WATCHLIST,No validated interaction,WATCHLIST,0,10,0,0,2026-10-04T04:03:32Z
2026-10-04,2026,4,2026_04_ARI_NYG,00-0037263,Tyler Allgeier,RB,ARI,NYG,44.5,-2.5,NA,NA,NA,PENDING,PENDING_GAME_DAY,DraftKings,320,4,0.2627760253597995,280.5522207099278,0.23809523809523808,0.26144907723855093,0.10365930651115793,0.10365930651115796,3,1,WATCHLIST,No validated interaction,WATCHLIST,0,10,0,9,2026-10-04T04:03:32Z
2026-10-04,2026,4,2026_04_DAL_HOU,00-0036358,CeeDee Lamb,WR,DAL,HOU,48.5,3,NA,NA,NA,PENDING,PENDING_GAME_DAY,BetMGM,130,4,0.4797898038032264,108.42460428986618,0.43478260869565216,0.43478260869565216,0.10351654874742072,0.10351654874742056,3,0,WATCHLIST,Wide-receiver allocation edge,WATCHLIST,0,10,0,3,2026-10-04T04:03:32Z
2026-10-04,2026,4,2026_04_LAC_SEA,00-0040727,Tre Harris,WR,LAC,SEA,42.5,7,NA,NA,NA,PENDING,PENDING_GAME_DAY,DraftKings,500,4,0.18290366469396122,446.7359014775477,0.16666666666666666,0.17424242424242425,0.09742198816376735,0.09742198816376724,3,0,WATCHLIST,Wide-receiver allocation edge,WATCHLIST,0,10,0,0,2026-10-04T04:03:32Z
2026-10-04,2026,4,2026_04_DAL_HOU,00-0040583,Woody Marks,RB,HOU,DAL,48.5,-3,NA,NA,NA,PENDING,PENDING_GAME_DAY,BetMGM,220,4,0.34112190578966606,193.15033219138812,0.3125,0.3125,0.09159009852693138,0.09159009852693134,3,0,WATCHLIST,No validated interaction,WATCHLIST,0,10,0,3,2026-10-04T04:03:32Z
2026-10-04,2026,4,2026_04_NYJ_CHI,00-0040236,Kyle Monangai,RB,CHI,NYJ,43,-3.5,NA,NA,NA,PENDING,PENDING_GAME_DAY,FanDuel,190,4,0.3754205329783649,166.3679559736891,0.3448275862068966,0.35026377131640285,0.08871954563725819,0.08871954563725826,3,0,WATCHLIST,No validated interaction,WATCHLIST,0,10,0,7,2026-10-04T04:03:32Z
2026-10-04,2026,4,2026_04_LA_PHI,00-0039738,Blake Corum,RB,LAR,PHI,42.5,-3.5,NA,NA,NA,PENDING,PENDING_GAME_DAY,DraftKings,285,4,0.28230010035160796,254.23295944793813,0.2597402597402597,0.2702702702702703,0.08685538635369076,0.08685538635369072,3,0,WATCHLIST,No validated interaction,WATCHLIST,0,10,0,0,2026-10-04T04:03:32Z
2026-10-04,2026,4,2026_04_LA_PHI,00-0038393,Dontayvion Wicks,WR,PHI,LAR,42.5,3.5,NA,NA,NA,PENDING,PENDING_GAME_DAY,FanDuel,250,4,0.3083357227817368,224.32181097221587,0.2857142857142857,0.2898550724637681,0.07917502973607893,0.07917502973607893,3,1,WATCHLIST,Wide-receiver allocation edge,WATCHLIST,0,10,0,0,2026-10-04T04:03:32Z
2026-10-04,2026,4,2026_04_TEN_BAL,00-0039032,Tyjae Spears,RB,TEN,BAL,42.5,11.5,NA,NA,NA,PENDING,PENDING_GAME_DAY,FanDuel,650,4,0.14381923719620462,595.31727430577,0.13333333333333333,0.1455026455026455,0.0786442789715347,0.0786442789715347,3,0,WATCHLIST,No validated interaction,WATCHLIST,0,10,0,6,2026-10-04T04:03:32Z
2026-10-04,2026,4,2026_04_TEN_BAL,00-0041438,Carnell Tate,WR,TEN,BAL,42.5,11.5,NA,NA,NA,PENDING,PENDING_GAME_DAY,DraftKings,390,4,0.22012072751586112,354.2961543355537,0.20408163265306123,0.21739130434782608,0.07859156482771947,0.07859156482771956,3,0,WATCHLIST,Wide-receiver allocation edge,WATCHLIST,0,10,0,6,2026-10-04T04:03:32Z
2026-10-04,2026,4,2026_04_NYJ_CHI,00-0037740,Garrett Wilson,WR,NYJ,CHI,43,3.5,NA,NA,NA,PENDING,PENDING_GAME_DAY,BetMGM,150,4,0.43060306426048484,132.23243933885936,0.4,0.4032520325203252,0.07650766065121203,0.07650766065121206,3,0,WATCHLIST,Wide-receiver allocation edge,WATCHLIST,0,10,0,7,2026-10-04T04:03:32Z
2026-10-04,2026,4,2026_04_LA_PHI,00-0039075,Puka Nacua,WR,LAR,PHI,42.5,-3.5,NA,NA,NA,PENDING,PENDING_GAME_DAY,BetMGM,140,4,0.44852645804992236,122.95228788681557,0.4166666666666667,0.425531914893617,0.07646349931981362,0.07646349931981367,3,0,WATCHLIST,Wide-receiver allocation edge,WATCHLIST,0,10,0,0,2026-10-04T04:03:32Z
2026-10-04,2026,4,2026_04_KC_LV,00-0039067,Rashee Rice,WR,KC,LV,48,-4.5,70,0,0,VERIFIED_DOME,PENDING_GAME_DAY,BetMGM,160,4,0.4131424029841315,142.04729235657982,0.38461538461538464,0.40661157024793393,0.07417024775874188,0.07417024775874204,3,0,WATCHLIST,Wide-receiver allocation edge,WATCHLIST,0,10,0,9,2026-10-04T04:03:32Z
2026-10-04,2026,4,2026_04_LAC_SEA,00-0039915,Ladd McConkey,WR,LAC,SEA,42.5,7,NA,NA,NA,PENDING,PENDING_GAME_DAY,DraftKings,300,4,0.2679718156345271,273.17357335961344,0.25,0.25158227848101267,0.0718872625381084,0.0718872625381084,3,0,WATCHLIST,Wide-receiver allocation edge,WATCHLIST,0,10,0,0,2026-10-04T04:03:32Z
2026-10-04,2026,4,2026_04_KC_LV,00-0038563,Tre Tucker,WR,LV,KC,48,4.5,70,0,0,VERIFIED_DOME,PENDING_GAME_DAY,BetMGM,310,4,0.26082549455066867,283.39810367185453,0.24390243902439024,0.24695121951219512,0.06938452765774157,0.06938452765774139,3,0,WATCHLIST,Wide-receiver allocation edge,WATCHLIST,0,10,0,9,2026-10-04T04:03:32Z
2026-10-04,2026,4,2026_04_IND_WAS,00-0038997,Josh Downs,WR,IND,WAS,46.5,-4.5,NA,NA,NA,PENDING,PENDING_GAME_DAY,DraftKings,160,4,0.41002260514744165,143.88899232529047,0.38461538461538464,0.3963893249607535,0.06605877338334824,0.06605877338334842,3,0,WATCHLIST,Wide-receiver allocation edge,WATCHLIST,0,10,0,0,2026-10-04T04:03:32Z
2026-10-04,2026,4,2026_04_KC_LV,00-0040122,Ashton Jeanty,RB,LV,KC,48,4.5,70,0,0,VERIFIED_DOME,PENDING_GAME_DAY,BetMGM,-120,4,0.5804527806953202,-138.35219350453832,0.5454545454545454,0.5641025641025641,0.06416343127475387,0.06416343127475388,3,0,WATCHLIST,No validated interaction,WATCHLIST,0,10,0,9,2026-10-04T04:03:32Z
2026-10-04,2026,4,2026_04_LAC_SEA,00-0033908,Cooper Kupp,WR,SEA,LAC,42.5,-7,NA,NA,NA,PENDING,PENDING_GAME_DAY,BetMGM,350,4,0.23443899911310692,326.5501916417678,0.2222222222222222,0.24390243902439024,0.0549754960089812,0.05497549600898122,3,0,WATCHLIST,Heavy-favorite scoring environment,WATCHLIST,0,10,0,0,2026-10-04T04:03:32Z
2026-10-04,2026,4,2026_04_DAL_HOU,00-0038618,Xavier Hutchinson,WR,HOU,DAL,48.5,-3,NA,NA,NA,PENDING,PENDING_GAME_DAY,BetMGM,350,4,0.23406975841673683,327.22306664648414,0.2222222222222222,0.2299154334038055,0.05331391287531578,0.05331391287531573,3,0,WATCHLIST,Wide-receiver allocation edge,WATCHLIST,0,10,0,3,2026-10-04T04:03:32Z
2026-10-04,2026,4,2026_04_TEN_BAL,00-0039064,Zay Flowers,WR,BAL,TEN,42.5,-11.5,NA,NA,NA,PENDING,PENDING_GAME_DAY,FanDuel,140,4,0.4385880827629131,128.0043711403277,0.4166666666666667,0.4237364215818296,0.05261139863099142,0.05261139863099151,3,0,WATCHLIST,Heavy-favorite scoring environment,WATCHLIST,0,10,0,6,2026-10-04T04:03:32Z
2026-10-04,2026,4,2026_04_MIA_MIN,00-0033293,Aaron Jones,RB,MIN,MIA,38.5,-10,70,0,0,VERIFIED_DOME,PENDING_GAME_DAY,BetMGM,-140,4,0.6123649006945001,-157.97457500407825,0.5833333333333334,0.6,0.049768401190571555,0.04976840119057169,3,0,WATCHLIST,Low total + heavy favorite,WATCHLIST,0,10,0,7,2026-10-04T04:03:32Z
2026-10-04,2026,4,2026_04_DET_CAR,00-0037240,Jameson Williams,WR,DET,CAR,51,-3.5,NA,NA,NA,PENDING,PENDING_GAME_DAY,DraftKings,205,4,0.34335101843361654,191.24713378222873,0.32786885245901637,0.3333333333333333,0.04722060622253053,0.04722060622253044,3,0,WATCHLIST,Wide-receiver allocation edge,WATCHLIST,0,10,0,4,2026-10-04T04:03:32Z
2026-10-04,2026,4,2026_04_LA_PHI,00-0031381,Davante Adams,WR,LAR,PHI,42.5,-3.5,NA,NA,NA,PENDING,PENDING_GAME_DAY,BetMGM,115,4,0.4863269569491954,105.62298382001183,0.46511627906976744,0.46511627906976744,0.04560295744077017,0.04560295744077014,3,0,WATCHLIST,Wide-receiver allocation edge,WATCHLIST,0,10,0,0,2026-10-04T04:03:32Z
2026-10-04,2026,4,2026_04_NYJ_CHI,00-0040735,Luther Burden III,WR,CHI,NYJ,43,-3.5,NA,NA,NA,PENDING,PENDING_GAME_DAY,BetMGM,225,4,0.32151715302784095,211.0253964936694,0.3076923076923077,0.32786885245901637,0.04493074734048304,0.04493074734048319,3,0,WATCHLIST,Wide-receiver allocation edge,WATCHLIST,0,10,0,7,2026-10-04T04:03:32Z
2026-10-04,2026,4,2026_04_DET_CAR,00-0036555,Chuba Hubbard,RB,CAR,DET,51,3.5,NA,NA,NA,PENDING,PENDING_GAME_DAY,DraftKings,-130,4,0.5864678879150905,-141.81918907295707,0.5652173913043478,0.5735588288779778,0.03759703246516024,0.03759703246516022,3,0,WATCHLIST,No validated interaction,WATCHLIST,0,10,0,4,2026-10-04T04:03:32Z
2026-10-04,2026,4,2026_04_IND_WAS,00-0031588,Stefon Diggs,WR,WAS,IND,46.5,4.5,NA,NA,NA,PENDING,PENDING_GAME_DAY,BetMGM,200,4,0.3454282983527672,189.49567964427575,0.3333333333333333,0.3419053185271771,0.036284895058301736,0.03628489505830168,3,1,WATCHLIST,Wide-receiver allocation edge,WATCHLIST,0,10,0,0,2026-10-04T04:03:32Z
2026-10-04,2026,4,2026_04_JAX_CIN,00-0041100,Josh Cameron,WR,JAX,CIN,52,2.5,NA,NA,NA,PENDING,PENDING_GAME_DAY,BetMGM,700,4,0.128247350321848,679.7432052127486,0.125,0.13333333333333333,0.02597880257478402,0.02597880257478402,3,0,WATCHLIST,Wide-receiver allocation edge,WATCHLIST,0,10,0,7,2026-10-04T04:03:32Z
2026-10-04,2026,4,2026_04_TEN_BAL,00-0035261,Tony Pollard,RB,TEN,BAL,42.5,11.5,NA,NA,NA,PENDING,PENDING_GAME_DAY,FanDuel,200,4,0.340925767714073,193.31898457105717,0.3333333333333333,0.34785238959467635,0.022777303142219096,0.02277730314221893,3,0,WATCHLIST,No validated interaction,WATCHLIST,0,10,0,6,2026-10-04T04:03:32Z
2026-10-04,2026,4,2026_04_ARI_NYG,00-0040715,Cam Skattebo,RB,NYG,ARI,44.5,2.5,NA,NA,NA,PENDING,PENDING_GAME_DAY,BetMGM,-125,4,0.5634544902047427,-129.07119133329456,0.5555555555555556,0.5859053497942387,0.01421808236853681,0.014218082368536944,3,0,WATCHLIST,No validated interaction,WATCHLIST,0,10,0,9,2026-10-04T04:03:32Z
2026-10-05,2026,4,2026_04_ATL_NO,00-0037238,Drake London,WR,ATL,NO,48,1.5,70,0,0,VERIFIED_DOME,PENDING_GAME_DAY,BetMGM,135,4,0.42984417438900696,132.64244570056792,0.425531914893617,0.4494949494949495,0.01013380981416635,0.010133809814166339,3,0,WATCHLIST,Wide-receiver allocation edge,WATCHLIST,0,10,0,16,2026-10-04T04:03:32Z
2026-10-04,2026,4,2026_04_ARI_NYG,00-0041027,Jeremiyah Love,RB,ARI,NYG,44.5,-2.5,NA,NA,NA,PENDING,PENDING_GAME_DAY,BetMGM,-118,4,0.5466271584662742,-120.56901260716812,0.5412844036697247,0.5717168011738811,0.009870513098709987,0.00987051309871001,3,0,WATCHLIST,No validated interaction,WATCHLIST,0,10,0,9,2026-10-04T04:03:32Z
2026-10-04,2026,4,2026_04_JAX_CIN,00-0038611,Chris Rodriguez Jr.,RB,JAX,CIN,52,2.5,NA,NA,NA,PENDING,PENDING_GAME_DAY,DraftKings,300,4,0.252212637526481,296.49083797198915,0.25,0.2532051282051282,0.008850550105923949,0.008850550105923949,3,1,WATCHLIST,No validated interaction,WATCHLIST,0,10,0,7,2026-10-04T04:03:32Z
2026-10-04,2026,4,2026_04_DET_CAR,00-0040124,Tetairoa McMillan,WR,CAR,DET,51,3.5,NA,NA,NA,PENDING,PENDING_GAME_DAY,DraftKings,160,4,0.38762217551959444,157.98317618426597,0.38461538461538464,0.3939205955334988,0.007817656350945478,0.007817656350945557,3,0,WATCHLIST,Wide-receiver allocation edge,WATCHLIST,0,10,0,4,2026-10-04T04:03:32Z
2026-10-04,2026,4,2026_04_DAL_HOU,00-0037247,George Pickens,WR,DAL,HOU,48.5,3,NA,NA,NA,PENDING,PENDING_GAME_DAY,FanDuel,170,4,0.37321385194360845,167.94289515039145,0.37037037037037035,0.37594516288601515,0.007677400247742883,0.007677400247742883,3,0,WATCHLIST,Wide-receiver allocation edge,WATCHLIST,0,10,0,3,2026-10-04T04:03:32Z
2026-10-04,2026,4,2026_04_LA_PHI,00-0033110,Tyler Higbee,TE,LAR,PHI,42.5,-3.5,NA,NA,NA,PENDING,PENDING_GAME_DAY,BetMGM,320,4,0.23992158489497178,316.80284849642044,0.23809523809523808,0.23809523809523808,0.00767065655888155,0.00767065655888155,3,0,WATCHLIST,Tight-end allocation edge,WATCHLIST,0,10,0,0,2026-10-04T04:03:32Z
2026-10-04,2026,4,2026_04_DAL_HOU,00-0035685,David Montgomery,RB,HOU,DAL,48.5,-3,NA,NA,NA,PENDING,PENDING_GAME_DAY,BetMGM,-125,4,0.5588980593865517,-126.70496498140139,0.5555555555555556,0.5555555555555556,0.006016506895792983,0.006016506895793139,3,1,WATCHLIST,No validated interaction,WATCHLIST,0,10,0,3,2026-10-04T04:03:32Z
2026-10-04,2026,4,2026_04_JAX_CIN,00-0038597,Chase Brown,RB,CIN,JAX,52,-2.5,NA,NA,NA,PENDING,PENDING_GAME_DAY,DraftKings,-140,4,0.5860481817724609,-141.5740083669169,0.5833333333333334,0.6,0.004654025895647149,0.00465402589564734,3,0,WATCHLIST,No validated interaction,WATCHLIST,0,10,0,7,2026-10-04T04:03:32Z
2026-10-04,2026,4,2026_04_DET_CAR,00-0039356,Ja'Tavion Sanders,TE,CAR,DET,51,3.5,NA,NA,NA,PENDING,PENDING_GAME_DAY,DraftKings,4000,2,0.11952474017783007,736.6468720301674,0.024390243902439025,0.0260840108401084,3.900514347291033,3.9005143472910326,3,0,PASS,Tight-end allocation edge,PASS,0,10,0,4,2026-10-04T04:03:32Z
2026-10-04,2026,4,2026_04_TEN_BAL,00-0036876,Kylen Granson,TE,TEN,BAL,42.5,11.5,NA,NA,NA,PENDING,PENDING_GAME_DAY,DraftKings,5000,3,0.08364729580166923,1095.4959098391373,0.0196078431372549,0.024390243902439025,3.2660120858851305,3.266012085885131,3,1,PASS,Tight-end allocation edge,PASS,0,10,0,6,2026-10-04T04:03:32Z
2026-10-04,2026,4,2026_04_GB_TB,00-0041094,Bauer Sharp,TE,TB,GB,39,3,NA,NA,NA,PENDING,PENDING_GAME_DAY,DraftKings,4500,4,0.09001449543154134,1010.932183984222,0.021739130434782608,0.024758454106280192,3.140666789850902,3.1406667898509015,3,0,PASS,Low total + tight-end edge,PASS,0,10,0,38,2026-10-04T04:03:32Z
2026-10-04,2026,4,2026_04_GB_TB,00-0038589,Josh Whyle,TE,GB,TB,39,-3,NA,NA,NA,PENDING,PENDING_GAME_DAY,BetMGM,3500,4,0.10096122670525565,890.4792489490859,0.027777777777777776,0.03464755077658303,2.6346041613892033,2.6346041613892033,3,0,PASS,Low total + tight-end edge,PASS,0,10,0,38,2026-10-04T04:03:32Z
2026-10-04,2026,4,2026_04_MIA_MIN,00-0041077,Justin Joly,TE,MIA,MIN,38.5,10,70,0,0,VERIFIED_DOME,PENDING_GAME_DAY,DraftKings,3500,3,0.09468051059711656,956.1835732542557,0.027777777777777776,0.029411764705882353,2.408498381496196,2.408498381496196,3,0,PASS,Low total + tight-end edge,PASS,0,10,0,7,2026-10-04T04:03:32Z
2026-10-04,2026,4,2026_04_LA_PHI,00-0038498,E.J. Jenkins,TE,PHI,LAR,42.5,3.5,NA,NA,NA,PENDING,PENDING_GAME_DAY,FanDuel,3500,4,0.09022234100497603,1008.3729249996373,0.027777777777777776,0.035759897828863345,2.2480042761791372,2.2480042761791372,3,0,PASS,Tight-end allocation edge,PASS,0,10,0,0,2026-10-04T04:03:32Z
2026-10-04,2026,4,2026_04_GB_TB,00-0039050,Payne Durham,TE,TB,GB,39,3,NA,NA,NA,PENDING,PENDING_GAME_DAY,DraftKings,3500,4,0.08383089251358634,1092.8776731536427,0.027777777777777776,0.030834914611005692,2.017912130489109,2.0179121304891083,3,0,PASS,Low total + tight-end edge,PASS,0,10,0,38,2026-10-04T04:03:32Z
2026-10-04,2026,4,2026_04_NE_BUF,00-0038564,Cameron Latu,TE,NE,BUF,50,7,NA,NA,NA,PENDING,PENDING_GAME_DAY,FanDuel,3300,4,0.08495613672578754,1077.0780058275184,0.029411764705882353,0.034482758620689655,1.8885086486767766,1.8885086486767766,3,1,PASS,Tight-end allocation edge,PASS,0,10,0,5,2026-10-04T04:03:32Z
2026-10-04,2026,4,2026_04_TEN_BAL,00-0036924,Michael Carter,RB,TEN,BAL,42.5,11.5,NA,NA,NA,PENDING,PENDING_GAME_DAY,DraftKings,4500,3,0.062392855855170765,1502.7476003362422,0.021739130434782608,0.024390243902439025,1.8700713693378552,1.8700713693378552,3,1,PASS,No validated interaction,PASS,0,10,0,6,2026-10-04T04:03:32Z
2026-10-04,2026,4,2026_04_ARI_NYG,00-0031484,Chris Manhertz,TE,NYG,ARI,44.5,2.5,NA,NA,NA,PENDING,PENDING_GAME_DAY,BetMGM,3000,4,0.08393576715847072,1091.3872165033056,0.03225806451612903,0.036375661375661374,1.6020087819125923,1.602008781912592,3,0,PASS,Tight-end allocation edge,PASS,0,10,0,9,2026-10-04T04:03:32Z
2026-10-04,2026,4,2026_04_DET_CAR,00-0034270,Tyler Conklin,TE,DET,CAR,51,-3.5,NA,NA,NA,PENDING,PENDING_GAME_DAY,DraftKings,2200,3,0.11003543973899158,808.7981130188962,0.043478260869565216,0.05405405405405406,1.5308151139968063,1.5308151139968063,3,1,PASS,Tight-end allocation edge,PASS,0,10,0,4,2026-10-04T04:03:32Z
2026-10-05,2026,4,2026_04_ATL_NO,00-0036429,Charlie Woerner,TE,ATL,NO,48,1.5,70,0,0,VERIFIED_DOME,PENDING_GAME_DAY,DraftKings,2500,4,0.09504919929659153,952.0867165641237,0.038461538461538464,0.045548654244306416,1.4712791817113797,1.4712791817113797,3,0,PASS,Tight-end allocation edge,PASS,0,10,0,16,2026-10-04T04:03:32Z
2026-10-04,2026,4,2026_04_TEN_BAL,00-0040887,Josh Cuevas,TE,BAL,TEN,42.5,-11.5,NA,NA,NA,PENDING,PENDING_GAME_DAY,DraftKings,1900,4,0.12150242106018277,723.0288674697917,0.05,0.05131578947368421,1.4300484212036553,1.4300484212036553,3,0,PASS,Tight end + heavy favorite,PASS,0,10,0,6,2026-10-04T04:03:32Z
2026-10-04,2026,4,2026_04_KC_LV,00-0034365,Ian Thomas,TE,LV,KC,48,4.5,70,0,0,VERIFIED_DOME,PENDING_GAME_DAY,DraftKings,2500,4,0.09148207461153347,993.1103216082141,0.038461538461538464,0.045548654244306416,1.3785339398998702,1.3785339398998704,3,0,PASS,Tight-end allocation edge,PASS,0,10,0,9,2026-10-04T04:03:32Z
2026-10-04,2026,4,2026_04_NYJ_CHI,00-0041558,Sam Roush,TE,CHI,NYJ,43,-3.5,NA,NA,NA,PENDING,PENDING_GAME_DAY,FanDuel,1800,4,0.12272940175237436,714.8006799688109,0.05263157894736842,0.058823529411764705,1.331858633295113,1.3318586332951128,3,0,PASS,Tight-end allocation edge,PASS,0,10,0,7,2026-10-04T04:03:32Z
2026-10-04,2026,4,2026_04_KC_LV,00-0040081,Jake Briningstool,TE,KC,LV,48,-4.5,70,0,0,VERIFIED_DOME,PENDING_GAME_DAY,BetMGM,2000,4,0.11018510747309006,807.5636653022505,0.047619047619047616,0.047619047619047616,1.3138872569348914,1.3138872569348914,3,0,PASS,Tight-end allocation edge,PASS,0,10,0,9,2026-10-04T04:03:32Z
2026-10-04,2026,4,2026_04_LAC_SEA,00-0039489,Hayden Rucci,TE,LAC,SEA,42.5,7,NA,NA,NA,PENDING,PENDING_GAME_DAY,DraftKings,2200,4,0.08907665870102476,1022.6285477954235,0.043478260869565216,0.05012531328320802,1.0487631501235695,1.0487631501235692,3,1,PASS,Tight-end allocation edge,PASS,0,10,0,0,2026-10-04T04:03:32Z
2026-10-04,2026,4,2026_04_DEN_SF,00-0038643,Brayden Willis,TE,SF,DEN,48.5,-2.5,NA,NA,NA,PENDING,PENDING_GAME_DAY,DraftKings,2200,3,0.08690495306633467,1050.682400388271,0.043478260869565216,0.047619047619047616,0.9988139205256974,0.9988139205256974,3,0,PASS,Tight-end allocation edge,PASS,0,10,0,0,2026-10-04T04:03:32Z
2026-10-04,2026,4,2026_04_IND_WAS,00-0039912,Ben Sinnott,TE,WAS,IND,46.5,4.5,NA,NA,NA,PENDING,PENDING_GAME_DAY,FanDuel,1700,4,0.11010361159076613,808.2354207569566,0.05555555555555555,0.06363636363636363,0.9818650086337906,0.9818650086337903,3,0,PASS,Tight-end allocation edge,PASS,0,10,0,0,2026-10-04T04:03:32Z
2026-10-04,2026,4,2026_04_DAL_HOU,00-0041472,Marlin Klein,TE,HOU,DAL,48.5,-3,NA,NA,NA,PENDING,PENDING_GAME_DAY,FanDuel,2700,4,0.07040966390953247,1320.2595843730678,0.03571428571428571,0.038461538461538464,0.9714705894669093,0.9714705894669093,3,0,PASS,Tight-end allocation edge,PASS,0,10,0,3,2026-10-04T04:03:32Z
2026-10-04,2026,4,2026_04_TEN_BAL,00-0040879,Matthew Hibner,TE,BAL,TEN,42.5,-11.5,NA,NA,NA,PENDING,PENDING_GAME_DAY,BetMGM,1050,4,0.17045796719822376,486.6548900217205,0.08695652173913043,0.10263157894736842,0.9602666227795733,0.9602666227795733,3,0,PASS,Tight end + heavy favorite,PASS,0,10,0,6,2026-10-04T04:03:32Z
2026-10-04,2026,4,2026_04_LAC_SEA,00-0033576,Eric Saubert,TE,SEA,LAC,42.5,-7,NA,NA,NA,PENDING,PENDING_GAME_DAY,DraftKings,1500,4,0.11916020964049578,739.2063114163545,0.0625,0.07142857142857142,0.9065633542479326,0.9065633542479326,3,0,PASS,Tight end + heavy favorite,PASS,0,10,0,0,2026-10-04T04:03:32Z
2026-10-04,2026,4,2026_04_MIA_MIN,00-0041579,Seydou Traore,TE,MIA,MIN,38.5,10,70,0,0,VERIFIED_DOME,PENDING_GAME_DAY,BetMGM,3500,4,0.0521847363025767,1816.2691446821077,0.027777777777777776,0.028594771241830064,0.8786505068927614,0.8786505068927613,3,0,PASS,Low total + tight-end edge,PASS,0,10,0,7,2026-10-04T04:03:32Z
2026-10-04,2026,4,2026_04_DET_CAR,00-0036825,Feleipe Franks,TE,CAR,DET,51,3.5,NA,NA,NA,PENDING,PENDING_GAME_DAY,DraftKings,4000,3,0.04551612862376526,2097.023407385908,0.024390243902439025,0.027777777777777776,0.8661612735743754,0.8661612735743756,3,1,PASS,Tight-end allocation edge,PASS,0,10,0,4,2026-10-04T04:03:32Z
2026-10-04,2026,4,2026_04_LA_PHI,00-0041510,Max Klare,TE,LAR,PHI,42.5,-3.5,NA,NA,NA,PENDING,PENDING_GAME_DAY,DraftKings,2200,4,0.07777332104392115,1185.7879624752904,0.043478260869565216,0.054804804804804805,0.7887863840101865,0.7887863840101865,3,0,PASS,Tight-end allocation edge,PASS,0,10,0,0,2026-10-04T04:03:32Z
2026-10-04,2026,4,2026_04_DAL_HOU,00-0039359,Cade Stover,TE,HOU,DAL,48.5,-3,NA,NA,NA,PENDING,PENDING_GAME_DAY,DraftKings,1500,4,0.11161123953700809,795.9671124057535,0.0625,0.06458333333333333,0.7857798325921295,0.7857798325921295,3,0,PASS,Tight-end allocation edge,PASS,0,10,0,3,2026-10-04T04:03:32Z
2026-10-04,2026,4,2026_04_NE_BUF,00-0040363,Keleki Latu,TE,BUF,NE,50,-7,NA,NA,NA,PENDING,PENDING_GAME_DAY,BetMGM,3000,4,0.05656304915836848,1667.9386364057962,0.03225806451612903,0.03398617511520737,0.753454523909423,0.753454523909423,3,0,PASS,Tight end + heavy favorite,PASS,0,10,0,5,2026-10-04T04:03:32Z
2026-10-04,2026,4,2026_04_DET_CAR,00-0040390,Jackson Meeks,TE,DET,CAR,51,-3.5,NA,NA,NA,PENDING,PENDING_GAME_DAY,BetMGM,2000,4,0.08337873665909606,1099.346548135671,0.047619047619047616,0.054411764705882354,0.7509534698410174,0.7509534698410174,3,0,PASS,Tight-end allocation edge,PASS,0,10,0,4,2026-10-04T04:03:32Z
2026-10-04,2026,4,2026_04_IND_WAS,00-0036628,John Bates,TE,WAS,IND,46.5,4.5,NA,NA,NA,PENDING,PENDING_GAME_DAY,FanDuel,1500,4,0.10853641980476968,821.3497200283132,0.0625,0.06904761904761905,0.7365827168763148,0.7365827168763148,3,0,PASS,Tight-end allocation edge,PASS,0,10,0,0,2026-10-04T04:03:32Z
2026-10-04,2026,4,2026_04_JAX_CIN,00-0039814,Erick All,TE,CIN,JAX,52,-2.5,NA,NA,NA,PENDING,PENDING_GAME_DAY,BetMGM,1200,4,0.13282980852260215,652.8430637087316,0.07692307692307693,0.09090909090909091,0.7267875107938279,0.726787510793828,3,0,PASS,Tight-end allocation edge,PASS,0,10,0,7,2026-10-04T04:03:32Z
2026-10-04,2026,4,2026_04_NE_BUF,00-0040194,Jackson Hawes,TE,BUF,NE,50,-7,NA,NA,NA,PENDING,PENDING_GAME_DAY,BetMGM,1050,4,0.14921696393002262,570.1650895865727,0.08695652173913043,0.09090909090909091,0.7159950851952602,0.7159950851952601,3,0,PASS,Tight end + heavy favorite,PASS,0,10,0,5,2026-10-04T04:03:32Z
2026-10-04,2026,4,2026_04_LA_PHI,00-0041415,Dean Connors,RB,LAR,PHI,42.5,-3.5,NA,NA,NA,PENDING,PENDING_GAME_DAY,DraftKings,4000,3,0.04142094068990249,2314.2377824938626,0.024390243902439025,0.03571428571428571,0.6982585682860022,0.6982585682860023,3,0,PASS,No validated interaction,PASS,0,10,0,0,2026-10-04T04:03:32Z
2026-10-04,2026,4,2026_04_ARI_NYG,00-0037157,Bam Knight,RB,ARI,NYG,44.5,-2.5,NA,NA,NA,PENDING,PENDING_GAME_DAY,DraftKings,1700,3,0.09421651939759812,961.384995321206,0.05555555555555555,0.058823529411764705,0.6958973491567663,0.6958973491567662,3,0,PASS,No validated interaction,PASS,0,10,0,9,2026-10-04T04:03:32Z
2026-10-04,2026,4,2026_04_TEN_BAL,00-0038115,Daniel Bellinger,TE,TEN,BAL,42.5,11.5,NA,NA,NA,PENDING,PENDING_GAME_DAY,FanDuel,1700,4,0.09314471394389437,973.5982297421077,0.05555555555555555,0.06066176470588235,0.6766048509900987,0.6766048509900986,3,1,PASS,Tight-end allocation edge,PASS,0,10,0,6,2026-10-04T04:03:32Z
2026-10-04,2026,4,2026_04_MIA_MIN,00-0041524,Will Kacmarek,TE,MIA,MIN,38.5,10,70,0,0,VERIFIED_DOME,PENDING_GAME_DAY,BetMGM,1600,4,0.0978430929346457,922.0445511344885,0.058823529411764705,0.058823529411764705,0.663332579888977,0.6633325798889769,3,0,PASS,Low total + tight-end edge,PASS,0,10,0,7,2026-10-04T04:03:32Z
2026-10-04,2026,4,2026_04_DEN_SF,00-0038783,Nate Adkins,TE,DEN,SF,48.5,2.5,NA,NA,NA,PENDING,PENDING_GAME_DAY,DraftKings,1000,3,0.1507969722044284,563.1432882116139,0.09090909090909091,0.09090909090909091,0.6587666942487123,0.6587666942487123,3,0,PASS,Tight-end allocation edge,PASS,0,10,0,0,2026-10-04T04:03:32Z
2026-10-04,2026,4,2026_04_TEN_BAL,00-0039648,David Martin-Robinson,TE,TEN,BAL,42.5,11.5,NA,NA,NA,PENDING,PENDING_GAME_DAY,DraftKings,4000,4,0.04029570354953412,2381.654151467375,0.024390243902439025,0.0260840108401084,0.652123845530899,0.6521238455308991,3,0,PASS,Tight-end allocation edge,PASS,0,10,0,6,2026-10-04T04:03:32Z
2026-10-04,2026,4,2026_04_IND_WAS,00-0040179,DJ Giddens,RB,IND,WAS,46.5,-4.5,NA,NA,NA,PENDING,PENDING_GAME_DAY,FanDuel,2200,3,0.07108346337995174,1306.7969573385171,0.043478260869565216,0.05263157894736842,0.63491965773889,0.63491965773889,3,0,PASS,No validated interaction,PASS,0,10,0,0,2026-10-04T04:03:32Z
2026-10-04,2026,4,2026_04_DAL_HOU,00-0036556,Brevin Jordan,TE,HOU,DAL,48.5,-3,NA,NA,NA,PENDING,PENDING_GAME_DAY,DraftKings,2800,3,0.05621783606998957,1678.7948983931524,0.034482758620689655,0.03571428571428571,0.6303172460296975,0.6303172460296975,3,0,PASS,Tight-end allocation edge,PASS,0,10,0,3,2026-10-04T04:03:32Z
2026-10-05,2026,4,2026_04_ATL_NO,00-0037317,Nick Muse,TE,ATL,NO,48,1.5,70,0,0,VERIFIED_DOME,PENDING_GAME_DAY,BetMGM,3300,4,0.04637779441503511,2056.204305558378,0.029411764705882353,0.03225806451612903,0.5768450101111938,0.5768450101111937,3,1,PASS,Tight-end allocation edge,PASS,0,10,0,16,2026-10-04T04:03:32Z
2026-10-04,2026,4,2026_04_GB_TB,00-0040598,Mark Redman,TE,GB,TB,39,-3,NA,NA,NA,PENDING,PENDING_GAME_DAY,BetMGM,1900,4,0.0785998523190359,1172.2670214964417,0.05,0.06066176470588235,0.571997046380718,0.571997046380718,3,0,PASS,Low total + tight-end edge,PASS,0,10,0,38,2026-10-04T04:03:32Z
2026-10-05,2026,4,2026_04_ATL_NO,00-0041041,Oscar Delp,TE,NO,ATL,48,-1.5,70,0,0,VERIFIED_DOME,PENDING_GAME_DAY,DraftKings,1300,3,0.11227204342418602,790.6936842877277,0.07142857142857142,0.08333333333333333,0.5718086079386044,0.5718086079386042,3,0,PASS,Tight-end allocation edge,PASS,0,10,0,16,2026-10-04T04:03:32Z
2026-10-04,2026,4,2026_04_IND_WAS,00-0039686,Colson Yankoff,TE,WAS,IND,46.5,4.5,NA,NA,NA,PENDING,PENDING_GAME_DAY,FanDuel,3300,3,0.04613029213938671,2067.772961373001,0.029411764705882353,0.03225806451612903,0.5684299327391481,0.568429932739148,3,0,PASS,Tight-end allocation edge,PASS,0,10,0,0,2026-10-04T04:03:32Z
2026-10-04,2026,4,2026_04_LAC_SEA,00-0040739,Elijah Arroyo,TE,SEA,LAC,42.5,-7,NA,NA,NA,PENDING,PENDING_GAME_DAY,DraftKings,1200,4,0.11920824443338834,738.8681544243225,0.07692307692307693,0.08712121212121213,0.5497071776340484,0.5497071776340485,3,0,PASS,Tight end + heavy favorite,PASS,0,10,0,0,2026-10-04T04:03:32Z
2026-10-04,2026,4,2026_04_DAL_HOU,00-0038547,Luke Schoonmaker,TE,DAL,HOU,48.5,3,NA,NA,NA,PENDING,PENDING_GAME_DAY,BetMGM,1550,4,0.09375027822484475,966.6635010956055,0.06060606060606061,0.06458333333333333,0.5468795907099383,0.5468795907099384,3,0,PASS,Tight-end allocation edge,PASS,0,10,0,3,2026-10-04T04:03:32Z
2026-10-04,2026,4,2026_04_NE_BUF,00-0041395,Eli Raridon,TE,NE,BUF,50,7,NA,NA,NA,PENDING,PENDING_GAME_DAY,FanDuel,900,4,0.15428662791644063,548.1443100445395,0.1,0.10818713450292397,0.5428662791644062,0.5428662791644063,3,0,PASS,Tight-end allocation edge,PASS,0,10,0,5,2026-10-04T04:03:32Z
2026-10-04,2026,4,2026_04_MIA_MIN,00-0040215,Gavin Bartholomew,TE,MIN,MIA,38.5,-10,70,0,0,VERIFIED_DOME,PENDING_GAME_DAY,DraftKings,1300,4,0.1101151435550961,808.140304516472,0.07142857142857142,0.07692307692307693,0.5416120097713456,0.5416120097713455,3,0,PASS,Low total + TE + heavy favorite,PASS,0,10,0,7,2026-10-04T04:03:32Z
2026-10-04,2026,4,2026_04_MIA_MIN,00-0037666,Jalen Tolbert,WR,MIA,MIN,38.5,10,70,0,0,VERIFIED_DOME,PENDING_GAME_DAY,BetMGM,2800,4,0.05278202952695164,1794.5842154276738,0.034482758620689655,0.03708791208791209,0.5306788562815977,0.5306788562815976,3,1,PASS,Low-total game edge,PASS,0,10,0,7,2026-10-04T04:03:32Z
2026-10-04,2026,4,2026_04_JAX_CIN,00-0036590,Quintin Morris,TE,JAX,CIN,52,2.5,NA,NA,NA,PENDING,PENDING_GAME_DAY,DraftKings,1500,4,0.09546295458493766,947.5267650659767,0.0625,0.07142857142857142,0.5274072733590025,0.5274072733590025,3,0,PASS,Tight-end allocation edge,PASS,0,10,0,7,2026-10-04T04:03:32Z
2026-10-04,2026,4,2026_04_DET_CAR,00-0038896,Jacob Saylors,RB,DET,CAR,51,-3.5,NA,NA,NA,PENDING,PENDING_GAME_DAY,FanDuel,3500,4,0.04232400692675926,2262.7252536142846,0.027777777777777776,0.035759897828863345,0.5236642493633333,0.5236642493633332,3,0,PASS,No validated interaction,PASS,0,10,0,4,2026-10-04T04:03:32Z
2026-10-04,2026,4,2026_04_NE_BUF,00-0041314,Tanner Arkin,TE,NE,BUF,50,7,NA,NA,NA,PENDING,PENDING_GAME_DAY,DraftKings,2000,3,0.07243715744829098,1280.5069597241536,0.047619047619047616,0.047619047619047616,0.5211803064141106,0.5211803064141105,3,0,PASS,Tight-end allocation edge,PASS,0,10,0,5,2026-10-04T04:03:32Z
2026-10-04,2026,4,2026_04_GB_TB,00-0038951,Sean Tucker,RB,TB,GB,39,3,NA,NA,NA,PENDING,PENDING_GAME_DAY,DraftKings,1100,4,0.12656256995925655,690.1230200381705,0.08333333333333333,0.08712121212121213,0.5187508395110787,0.5187508395110787,3,0,PASS,Low-total game edge,PASS,0,10,0,38,2026-10-04T04:03:32Z
2026-10-04,2026,4,2026_04_ARI_NYG,00-0039041,Elijah Higgins,TE,ARI,NYG,44.5,-2.5,NA,NA,NA,PENDING,PENDING_GAME_DAY,BetMGM,1350,4,0.10318421295537672,869.1405025616295,0.06896551724137931,0.07692307692307693,0.49617108785296243,0.4961710878529624,3,0,PASS,Tight-end allocation edge,PASS,0,10,0,9,2026-10-04T04:03:32Z
2026-10-04,2026,4,2026_04_LAC_SEA,00-0040058,Nick Kallerup,TE,SEA,LAC,42.5,-7,NA,NA,NA,PENDING,PENDING_GAME_DAY,DraftKings,2800,3,0.05131190671140424,1848.8654078367092,0.034482758620689655,0.03571428571428571,0.48804529463072294,0.488045294630723,3,0,PASS,Tight end + heavy favorite,PASS,0,10,0,0,2026-10-04T04:03:32Z
2026-10-05,2026,4,2026_04_ATL_NO,00-0039518,Treyton Welch,TE,NO,ATL,48,-1.5,70,0,0,VERIFIED_DOME,PENDING_GAME_DAY,DraftKings,1400,3,0.09880705607653148,912.0734689488625,0.06666666666666667,0.08333333333333333,0.4821058411479722,0.48210584114797217,3,0,PASS,Tight-end allocation edge,PASS,0,10,0,16,2026-10-04T04:03:32Z
2026-10-04,2026,4,2026_04_IND_WAS,00-0033699,Austin Ekeler,RB,WAS,IND,46.5,4.5,NA,NA,NA,PENDING,PENDING_GAME_DAY,DraftKings,750,3,0.17325165362732448,477.19506801999404,0.11764705882352941,0.125,0.47263905583225807,0.47263905583225796,3,0,PASS,No validated interaction,PASS,0,10,0,0,2026-10-04T04:03:32Z
2026-10-04,2026,4,2026_04_DET_CAR,00-0037524,Tay Martin,WR,DET,CAR,51,-3.5,NA,NA,NA,PENDING,PENDING_GAME_DAY,BetMGM,4000,4,0.035137234233342494,2745.9838169365025,0.024390243902439025,0.030017921146953404,0.4406266035670422,0.4406266035670423,3,1,PASS,Wide-receiver allocation edge,PASS,0,10,0,4,2026-10-04T04:03:32Z
2026-10-04,2026,4,2026_04_ARI_NYG,00-0040225,Thomas Fidone II,TE,NYG,ARI,44.5,2.5,NA,NA,NA,PENDING,PENDING_GAME_DAY,DraftKings,2800,3,0.04966312838857279,1913.5662662565865,0.034482758620689655,0.03571428571428571,0.440230723268611,0.4402307232686109,3,0,PASS,Tight-end allocation edge,PASS,0,10,0,9,2026-10-04T04:03:32Z
2026-10-04,2026,4,2026_04_JAX_CIN,00-0041084,Tanner Koziol,TE,JAX,CIN,52,2.5,NA,NA,NA,PENDING,PENDING_GAME_DAY,DraftKings,1500,3,0.08990532791673223,1012.2811330226967,0.0625,0.07142857142857142,0.4384852466677156,0.4384852466677156,3,0,PASS,Tight-end allocation edge,PASS,0,10,0,7,2026-10-04T04:03:32Z
2026-10-04,2026,4,2026_04_LAC_SEA,00-0035125,Alec Ingold,RB,LAC,SEA,42.5,7,NA,NA,NA,PENDING,PENDING_GAME_DAY,FanDuel,3300,4,0.04229100837335427,2264.56882553327,0.029411764705882353,0.03337041156840934,0.4378942846940452,0.43789428469404523,3,1,PASS,No validated interaction,PASS,0,10,0,0,2026-10-04T04:03:32Z
2026-10-04,2026,4,2026_04_LAC_SEA,00-0039391,Kimani Vidal,RB,LAC,SEA,42.5,7,NA,NA,NA,PENDING,PENDING_GAME_DAY,DraftKings,1700,4,0.0785138322537333,1173.660922279654,0.05555555555555555,0.059027777777777776,0.41324898056719955,0.4132489805671995,3,0,PASS,No validated interaction,PASS,0,10,0,0,2026-10-04T04:03:32Z
2026-10-04,2026,4,2026_04_IND_WAS,00-0033217,Mo Alie-Cox,TE,IND,WAS,46.5,-4.5,NA,NA,NA,PENDING,PENDING_GAME_DAY,BetMGM,1150,4,0.11305475201833202,784.5271712575587,0.08,0.08712121212121213,0.41318440022915026,0.41318440022915026,3,0,PASS,Tight-end allocation edge,PASS,0,10,0,0,2026-10-04T04:03:32Z
2026-10-04,2026,4,2026_04_NYJ_CHI,00-0040277,Jahdae Walker,WR,CHI,NYJ,43,-3.5,NA,NA,NA,PENDING,PENDING_GAME_DAY,FanDuel,1700,3,0.07808374665042823,1180.6762519694175,0.05555555555555555,0.0625,0.4055074397077083,0.4055074397077083,3,0,PASS,Wide-receiver allocation edge,PASS,0,10,0,7,2026-10-04T04:03:32Z
2026-10-05,2026,4,2026_04_ATL_NO,00-0036463,Chris Blair,WR,ATL,NO,48,1.5,70,0,0,VERIFIED_DOME,PENDING_GAME_DAY,DraftKings,2500,4,0.05296452907586482,1788.0560583624367,0.038461538461538464,0.05012531328320802,0.37707775597248516,0.37707775597248516,3,0,PASS,Wide-receiver allocation edge,PASS,0,10,0,16,2026-10-04T04:03:32Z
2026-10-04,2026,4,2026_04_TEN_BAL,00-0034837,Calvin Ridley,WR,TEN,BAL,42.5,11.5,NA,NA,NA,PENDING,PENDING_GAME_DAY,FanDuel,1400,4,0.09128519922530676,995.4678397883944,0.06666666666666667,0.08333333333333333,0.36927798837960135,0.36927798837960135,3,0,PASS,Wide-receiver allocation edge,PASS,0,10,0,6,2026-10-04T04:03:32Z
2026-10-04,2026,4,2026_04_NE_BUF,00-0040556,Corey Kiner,RB,NE,BUF,50,7,NA,NA,NA,PENDING,PENDING_GAME_DAY,FanDuel,2700,4,0.04879229430887993,1949.5039517295368,0.03571428571428571,0.04096989966555184,0.3661842406486381,0.36618424064863797,3,1,PASS,No validated interaction,PASS,0,10,0,5,2026-10-04T04:03:32Z
2026-10-04,2026,4,2026_04_DAL_HOU,00-0034981,Foster Moreau,TE,HOU,DAL,48.5,-3,NA,NA,NA,PENDING,PENDING_GAME_DAY,DraftKings,750,4,0.16046875351041348,523.174280427813,0.11764705882352941,0.1213235294117647,0.36398440483851463,0.3639844048385146,3,1,PASS,Tight-end allocation edge,PASS,0,10,0,3,2026-10-04T04:03:32Z
2026-10-04,2026,4,2026_04_DET_CAR,00-0040394,Anthony Tyus III,RB,CAR,DET,51,3.5,NA,NA,NA,PENDING,PENDING_GAME_DAY,BetMGM,3300,4,0.03996842201985655,2401.9751830662567,0.029411764705882353,0.03535980148883375,0.35892634867512274,0.35892634867512263,3,0,PASS,No validated interaction,PASS,0,10,0,4,2026-10-04T04:03:32Z
2026-10-04,2026,4,2026_04_JAX_CIN,00-0035631,Drew Sample,TE,CIN,JAX,52,-2.5,NA,NA,NA,PENDING,PENDING_GAME_DAY,DraftKings,900,4,0.13546590539478864,638.1931247465533,0.1,0.11513157894736842,0.3546590539478864,0.35465905394788644,3,0,PASS,Tight-end allocation edge,PASS,0,10,0,7,2026-10-04T04:03:32Z
2026-10-04,2026,4,2026_04_TEN_BAL,00-0039796,Rasheen Ali,RB,BAL,TEN,42.5,-11.5,NA,NA,NA,PENDING,PENDING_GAME_DAY,DraftKings,3500,4,0.03729875629616744,2581.05454256863,0.027777777777777776,0.031746031746031744,0.3427552266620279,0.34275522666202773,3,0,PASS,Heavy-favorite scoring environment,PASS,0,10,0,6,2026-10-04T04:03:32Z
2026-10-04,2026,4,2026_04_KC_LV,00-0040890,Cyrus Allen,WR,KC,LV,48,-4.5,70,0,0,VERIFIED_DOME,PENDING_GAME_DAY,BetMGM,2800,4,0.04619266369575266,2064.8459300517634,0.034482758620689655,0.041666666666666664,0.33958724717682715,0.3395872471768271,3,0,PASS,Wide-receiver allocation edge,PASS,0,10,0,9,2026-10-04T04:03:32Z
2026-10-04,2026,4,2026_04_LAC_SEA,00-0034272,Marquez Valdes-Scantling,WR,LAC,SEA,42.5,7,NA,NA,NA,PENDING,PENDING_GAME_DAY,DraftKings,2200,3,0.058053372205568485,1622.5528199446783,0.043478260869565216,0.047619047619047616,0.3352275607280752,0.33522756072807525,3,1,PASS,Wide-receiver allocation edge,PASS,0,10,0,0,2026-10-04T04:03:32Z
2026-10-04,2026,4,2026_04_MIA_MIN,00-0041436,DJ Herman,RB,MIA,MIN,38.5,10,70,0,0,VERIFIED_DOME,PENDING_GAME_DAY,DraftKings,3000,4,0.04301060527231026,2225.007968775991,0.03225806451612903,0.03279569892473118,0.33332876344161805,0.333328763441618,3,0,PASS,Low-total game edge,PASS,0,10,0,7,2026-10-04T04:03:32Z
2026-10-04,2026,4,2026_04_KC_LV,00-0039407,Dylan Laube,RB,LV,KC,48,4.5,70,0,0,VERIFIED_DOME,PENDING_GAME_DAY,FanDuel,2700,4,0.047522449130121436,2004.268652614884,0.03571428571428571,0.04673913043478261,0.33062857564340026,0.3306285756434002,3,0,PASS,No validated interaction,PASS,0,10,0,9,2026-10-04T04:03:32Z
2026-10-04,2026,4,2026_04_DAL_HOU,00-0038728,Jared Wayne,WR,HOU,DAL,48.5,-3,NA,NA,NA,PENDING,PENDING_GAME_DAY,BetMGM,1150,4,0.10617610445127942,841.8315026417886,0.08,0.09545454545454546,0.32720130564099276,0.3272013056409928,3,0,PASS,Wide-receiver allocation edge,PASS,0,10,0,3,2026-10-04T04:03:32Z
2026-10-04,2026,4,2026_04_KC_LV,00-0039824,Jared Wiley,TE,KC,LV,48,-4.5,70,0,0,VERIFIED_DOME,PENDING_GAME_DAY,DraftKings,2000,3,0.06306308337229745,1485.7137750408237,0.047619047619047616,0.047619047619047616,0.3243247508182465,0.3243247508182465,3,0,PASS,Tight-end allocation edge,PASS,0,10,0,9,2026-10-04T04:03:32Z
2026-10-04,2026,4,2026_04_KC_LV,00-0035891,Cody White,WR,LV,KC,48,4.5,70,0,0,VERIFIED_DOME,PENDING_GAME_DAY,BetMGM,775,4,0.1512310703668758,561.2397819932579,0.11428571428571428,0.13392857142857142,0.3232718657101633,0.3232718657101632,3,1,PASS,Wide-receiver allocation edge,PASS,0,10,0,9,2026-10-04T04:03:32Z
2026-10-04,2026,4,2026_04_LAC_SEA,00-0038488,Brady Russell,RB,SEA,LAC,42.5,-7,NA,NA,NA,PENDING,PENDING_GAME_DAY,DraftKings,3500,4,0.03630830063273795,2654.191142447285,0.027777777777777776,0.030017921146953404,0.30709882277856615,0.30709882277856604,3,0,PASS,Heavy-favorite scoring environment,PASS,0,10,0,0,2026-10-04T04:03:32Z
2026-10-04,2026,4,2026_04_ARI_NYG,00-0039847,Theo Johnson,TE,NYG,ARI,44.5,2.5,NA,NA,NA,PENDING,PENDING_GAME_DAY,DraftKings,850,4,0.13743764315349058,627.6026982529077,0.10526315789473684,0.11437908496732026,0.3056576099581606,0.3056576099581605,3,0,PASS,Tight-end allocation edge,PASS,0,10,0,9,2026-10-04T04:03:32Z
2026-10-04,2026,4,2026_04_NYJ_CHI,00-0037805,Jeremy Ruckert,TE,NYJ,CHI,43,3.5,NA,NA,NA,PENDING,PENDING_GAME_DAY,FanDuel,900,4,0.13051941254410712,666.1695532548191,0.1,0.11437908496732026,0.30519412544107116,0.3051941254410713,3,0,PASS,Tight-end allocation edge,PASS,0,10,0,7,2026-10-04T04:03:32Z
2026-10-04,2026,4,2026_04_JAX_CIN,00-0041503,Nate Boerkircher,TE,JAX,CIN,52,2.5,NA,NA,NA,PENDING,PENDING_GAME_DAY,BetMGM,1050,4,0.11244930476579239,789.2896244070018,0.08695652173913043,0.09761904761904762,0.2931670048066125,0.2931670048066124,3,0,PASS,Tight-end allocation edge,PASS,0,10,0,7,2026-10-04T04:03:32Z
2026-10-04,2026,4,2026_04_DAL_HOU,00-0039062,Jonathan Mingo,WR,DAL,HOU,48.5,3,NA,NA,NA,PENDING,PENDING_GAME_DAY,BetMGM,2800,4,0.04382222693703866,2181.9470161494633,0.034482758620689655,0.03571428571428571,0.2708445811741212,0.27084458117412114,3,0,PASS,Wide-receiver allocation edge,PASS,0,10,0,3,2026-10-04T04:03:32Z
2026-10-04,2026,4,2026_04_GB_TB,00-0033858,Jonnu Smith,TE,GB,TB,39,-3,NA,NA,NA,PENDING,PENDING_GAME_DAY,BetMGM,900,4,0.12618195287781067,692.5063586298734,0.1,0.10818713450292397,0.26181952877810666,0.26181952877810666,3,1,PASS,Low total + tight-end edge,PASS,0,10,0,38,2026-10-04T04:03:32Z
2026-10-05,2026,4,2026_04_ATL_NO,00-0032392,Austin Hooper,TE,ATL,NO,48,1.5,70,0,0,VERIFIED_DOME,PENDING_GAME_DAY,BetMGM,750,4,0.1481654184147539,574.9213215196663,0.11764705882352941,0.12333965844402277,0.2594060565254081,0.25940605652540816,3,1,PASS,Tight-end allocation edge,PASS,0,10,0,16,2026-10-04T04:03:32Z
2026-10-04,2026,4,2026_04_ARI_NYG,00-0037004,Hunter Long,TE,ARI,NYG,44.5,-2.5,NA,NA,NA,PENDING,PENDING_GAME_DAY,DraftKings,1300,3,0.08951739813974226,1017.1012795065127,0.07142857142857142,0.07142857142857142,0.2532435739563917,0.25324357395639163,3,1,PASS,Tight-end allocation edge,PASS,0,10,0,9,2026-10-04T04:03:32Z
2026-10-04,2026,4,2026_04_LA_PHI,00-0036980,Elijah Moore,WR,PHI,LAR,42.5,3.5,NA,NA,NA,PENDING,PENDING_GAME_DAY,DraftKings,2000,4,0.05951409616997312,1580.274194442919,0.047619047619047616,0.04880952380952381,0.24979601956943562,0.24979601956943553,3,1,PASS,Wide-receiver allocation edge,PASS,0,10,0,0,2026-10-04T04:03:32Z
2026-10-04,2026,4,2026_04_NYJ_CHI,00-0040405,Jamaal Pritchett,WR,NYJ,CHI,43,3.5,NA,NA,NA,PENDING,PENDING_GAME_DAY,DraftKings,2500,3,0.04784324593126792,1990.1591865999433,0.038461538461538464,0.043478260869565216,0.24392439421296594,0.24392439421296608,3,0,PASS,Wide-receiver allocation edge,PASS,0,10,0,7,2026-10-04T04:03:32Z
2026-10-05,2026,4,2026_04_ATL_NO,00-0037231,Kevin Austin Jr.,WR,NO,ATL,48,-1.5,70,0,0,VERIFIED_DOME,PENDING_GAME_DAY,FanDuel,1100,3,0.10290354452860015,871.7838239498819,0.08333333333333333,0.09090909090909091,0.23484253434320185,0.23484253434320168,3,0,PASS,Wide-receiver allocation edge,PASS,0,10,0,16,2026-10-04T04:03:32Z
2026-10-04,2026,4,2026_04_ARI_NYG,00-0038640,Jalen Brooks,WR,ARI,NYG,44.5,-2.5,NA,NA,NA,PENDING,PENDING_GAME_DAY,BetMGM,2500,4,0.047395716127049216,2009.895327500474,0.038461538461538464,0.047619047619047616,0.23228861930327954,0.2322886193032796,3,0,PASS,Wide-receiver allocation edge,PASS,0,10,0,9,2026-10-04T04:03:32Z
2026-10-04,2026,4,2026_04_NE_BUF,00-0040563,Efton Chism III,WR,NE,BUF,50,7,NA,NA,NA,PENDING,PENDING_GAME_DAY,DraftKings,2000,4,0.05816611399893855,1619.2140427642262,0.047619047619047616,0.059027777777777776,0.22148839397770959,0.22148839397770947,3,0,PASS,Wide-receiver allocation edge,PASS,0,10,0,5,2026-10-04T04:03:32Z
2026-10-04,2026,4,2026_04_DEN_SF,00-0036887,Luke Farrell,TE,SF,DEN,48.5,-2.5,NA,NA,NA,PENDING,PENDING_GAME_DAY,DraftKings,1000,3,0.11050330744427299,804.9502889352898,0.09090909090909091,0.09090909090909091,0.21553638188700283,0.21553638188700286,3,0,PASS,Tight-end allocation edge,PASS,0,10,0,0,2026-10-04T04:03:32Z
2026-10-04,2026,4,2026_04_DEN_SF,00-0041133,Dallen Bentley,TE,DEN,SF,48.5,2.5,NA,NA,NA,PENDING,PENDING_GAME_DAY,DraftKings,1200,3,0.09339062307013615,970.7713120716652,0.07692307692307693,0.08333333333333333,0.21407809991176993,0.21407809991176996,3,0,PASS,Tight-end allocation edge,PASS,0,10,0,0,2026-10-04T04:03:32Z
2026-10-04,2026,4,2026_04_NE_BUF,00-0036187,Reggie Gilliam,RB,NE,BUF,50,7,NA,NA,NA,PENDING,PENDING_GAME_DAY,BetMGM,2500,4,0.04640635494443939,2054.877281780185,0.038461538461538464,0.044466403162055336,0.2065652285554241,0.20656522855542425,3,1,PASS,No validated interaction,PASS,0,10,0,5,2026-10-04T04:03:32Z
2026-10-04,2026,4,2026_04_LA_PHI,00-0038555,Tank Bigsby,RB,PHI,LAR,42.5,3.5,NA,NA,NA,PENDING,PENDING_GAME_DAY,BetMGM,1050,4,0.10458137083618618,856.1932416877348,0.08695652173913043,0.09761904761904762,0.20268576461614113,0.20268576461614107,3,0,PASS,No validated interaction,PASS,0,10,0,0,2026-10-04T04:03:32Z
2026-10-04,2026,4,2026_04_LA_PHI,00-0033246,Johnny Mundt,TE,PHI,LAR,42.5,3.5,NA,NA,NA,PENDING,PENDING_GAME_DAY,DraftKings,1000,4,0.10888675589107548,818.3853369645311,0.09090909090909091,0.09307359307359307,0.19775431480183023,0.19775431480183037,3,1,PASS,Tight-end allocation edge,PASS,0,10,0,0,2026-10-04T04:03:32Z
2026-10-04,2026,4,2026_04_NYJ_CHI,00-0036842,Kene Nwangwu,RB,NYJ,CHI,43,3.5,NA,NA,NA,PENDING,PENDING_GAME_DAY,FanDuel,2700,3,0.04268575794980629,2242.701753535427,0.03571428571428571,0.041666666666666664,0.1952012225945761,0.19520122259457606,3,0,PASS,No validated interaction,PASS,0,10,0,7,2026-10-04T04:03:32Z
2026-10-04,2026,4,2026_04_NYJ_CHI,00-0037755,Jelani Woods,TE,NYJ,CHI,43,3.5,NA,NA,NA,PENDING,PENDING_GAME_DAY,DraftKings,1900,4,0.05952197710804283,1580.0517196947685,0.05,0.05202702702702703,0.1904395421608565,0.19043954216085668,3,0,PASS,Tight-end allocation edge,PASS,0,10,0,7,2026-10-04T04:03:32Z
2026-10-04,2026,4,2026_04_LAC_SEA,00-0040648,Tory Horton,WR,SEA,LAC,42.5,-7,NA,NA,NA,PENDING,PENDING_GAME_DAY,FanDuel,850,4,0.12470322726307165,701.90386563967445,0.10526315789473684,0.11437908496732026,0.1846806589991807,0.18468065899918074,3,0,PASS,Heavy-favorite scoring environment,PASS,0,10,0,0,2026-10-04T04:03:32Z
2026-10-04,2026,4,2026_04_ARI_NYG,00-0035250,Devin Singletary,RB,NYG,ARI,44.5,2.5,NA,NA,NA,PENDING,PENDING_GAME_DAY,DraftKings,1000,3,0.10723734873159173,832.5109318983039,0.09090909090909091,0.09090909090909091,0.17961083604750896,0.17961083604750905,3,0,PASS,No validated interaction,PASS,0,10,0,9,2026-10-04T04:03:32Z
2026-10-04,2026,4,2026_04_KC_LV,00-0038134,Kenneth Walker III,RB,KC,LV,48,-4.5,70,0,0,VERIFIED_DOME,PENDING_GAME_DAY,Caesars,-157,4,0.7199316640084356,-257.0557151559324,0.6108949416342413,0.6153846153846154,0.17848686401380842,0.17848686401380842,3,1,PASS,No validated interaction,PASS,0,10,0,9,2026-10-04T04:03:32Z
2026-10-04,2026,4,2026_04_KC_LV,00-0039066,Michael Mayer,TE,LV,KC,48,4.5,70,0,0,VERIFIED_DOME,PENDING_GAME_DAY,BetMGM,400,4,0.23502124903050722,325.49344117824586,0.2,0.23255813953488372,0.17510624515253606,0.17510624515253603,3,0,PASS,Tight-end allocation edge,PASS,0,10,0,9,2026-10-04T04:03:32Z
2026-10-04,2026,4,2026_04_TEN_BAL,00-0032398,Chris Moore,WR,BAL,TEN,42.5,-11.5,NA,NA,NA,PENDING,PENDING_GAME_DAY,BetMGM,775,4,0.13424467888258226,644.9084822756026,0.11428571428571428,0.12701612903225806,0.17464094022259485,0.1746409402225948,3,1,PASS,Heavy-favorite scoring environment,PASS,0,10,0,6,2026-10-04T04:03:32Z
2026-10-04,2026,4,2026_04_DET_CAR,00-0036754,Brock Wright,TE,DET,CAR,51,-3.5,NA,NA,NA,PENDING,PENDING_GAME_DAY,BetMGM,850,4,0.12364334554539251,708.777856656164,0.10526315789473684,0.125,0.17461178268122893,0.1746117826812288,3,0,PASS,Tight-end allocation edge,PASS,0,10,0,4,2026-10-04T04:03:32Z
2026-10-04,2026,4,2026_04_DEN_SF,00-0029892,Kyle Juszczyk,RB,SF,DEN,48.5,-2.5,NA,NA,NA,PENDING,PENDING_GAME_DAY,DraftKings,850,3,0.12359482859247695,709.095341114352,0.10526315789473684,0.11764705882352941,0.17415087162853105,0.17415087162853093,3,0,PASS,No validated interaction,PASS,0,10,0,0,2026-10-04T04:03:32Z
2026-10-04,2026,4,2026_04_JAX_CIN,00-0041116,Jack Endries,TE,CIN,JAX,52,-2.5,NA,NA,NA,PENDING,PENDING_GAME_DAY,DraftKings,1000,3,0.10669326745533862,837.2662622958811,0.09090909090909091,0.09090909090909091,0.1736259420087248,0.17362594200872494,3,0,PASS,Tight-end allocation edge,PASS,0,10,0,7,2026-10-04T04:03:32Z
2026-10-04,2026,4,2026_04_ARI_NYG,00-0041070,Reggie Virgil,WR,ARI,NYG,44.5,-2.5,NA,NA,NA,PENDING,PENDING_GAME_DAY,DraftKings,4000,3,0.028539302582308995,3403.939863687777,0.024390243902439025,0.03225806451612903,0.17011140587466878,0.1701114058746689,3,0,PASS,Wide-receiver allocation edge,PASS,0,10,0,9,2026-10-04T04:03:32Z
2026-10-04,2026,4,2026_04_DEN_SF,00-0036422,Adam Trautman,TE,DEN,SF,48.5,2.5,NA,NA,NA,PENDING,PENDING_GAME_DAY,DraftKings,900,3,0.11698997053005328,754.7741276190102,0.1,0.1111111111111111,0.16989970530053272,0.16989970530053267,3,0,PASS,Tight-end allocation edge,PASS,0,10,0,0,2026-10-04T04:03:32Z
2026-10-04,2026,4,2026_04_TEN_BAL,00-0040676,Cam Ward,QB,TEN,BAL,42.5,11.5,NA,NA,NA,PENDING,PENDING_GAME_DAY,BetMGM,650,4,0.1551771156538198,544.4249178022303,0.13333333333333333,0.1380952380952381,0.1638283674036486,0.16382836740364848,3,0,PASS,No validated interaction,PASS,0,10,0,6,2026-10-04T04:03:32Z
2026-10-04,2026,4,2026_04_DAL_HOU,00-0037801,KaVontae Turpin,WR,DAL,HOU,48.5,3,NA,NA,NA,PENDING,PENDING_GAME_DAY,BetMGM,1150,4,0.09286131108282353,976.8747375406904,0.08,0.09307359307359307,0.16076638853529407,0.16076638853529412,3,0,PASS,Wide-receiver allocation edge,PASS,0,10,0,3,2026-10-04T04:03:32Z
2026-10-04,2026,4,2026_04_NE_BUF,00-0034857,Josh Allen,QB,BUF,NE,50,-7,NA,NA,NA,PENDING,PENDING_GAME_DAY,FanDuel,-135,4,0.6652254061877972,-198.70844994915183,0.574468085106383,0.5789007092198581,0.1579849663269062,0.15798496632690617,3,0,PASS,Heavy-favorite scoring environment,PASS,0,10,0,5,2026-10-04T04:03:32Z
2026-10-04,2026,4,2026_04_JAX_CIN,00-0032104,Ameer Abdullah,RB,JAX,CIN,52,2.5,NA,NA,NA,PENDING,PENDING_GAME_DAY,BetMGM,1250,4,0.0857099920961804,1066.725110507348,0.07407407407407407,0.08846153846153847,0.15708489329843542,0.15708489329843545,3,1,PASS,No validated interaction,PASS,0,10,0,7,2026-10-04T04:03:32Z
2026-10-04,2026,4,2026_04_LA_PHI,00-0041399,CJ Daniels,WR,LAR,PHI,42.5,-3.5,NA,NA,NA,PENDING,PENDING_GAME_DAY,DraftKings,4500,3,0.024951751459273648,3907.734694024202,0.021739130434782608,0.027777777777777776,0.14778056712658785,0.14778056712658771,3,0,PASS,Wide-receiver allocation edge,PASS,0,10,0,0,2026-10-04T04:03:32Z
2026-10-04,2026,4,2026_04_NYJ_CHI,00-0041051,Zavion Thomas,WR,CHI,NYJ,43,-3.5,NA,NA,NA,PENDING,PENDING_GAME_DAY,BetMGM,2200,4,0.04983500072031683,1906.6218231081875,0.043478260869565216,0.05012531328320802,0.14620501656728715,0.14620501656728702,3,0,PASS,Wide-receiver allocation edge,PASS,0,10,0,7,2026-10-04T04:03:32Z
2026-10-04,2026,4,2026_04_DET_CAR,00-0037614,John Metchie III,WR,CAR,DET,51,3.5,NA,NA,NA,PENDING,PENDING_GAME_DAY,FanDuel,850,4,0.12012935277419433,732.4360174317161,0.10526315789473684,0.1213235294117647,0.1412288513548462,0.14122885135484609,3,1,PASS,Wide-receiver allocation edge,PASS,0,10,0,4,2026-10-04T04:03:32Z
2026-10-04,2026,4,2026_04_MIA_MIN,00-0039880,Malik Washington,WR,MIA,MIN,38.5,10,70,0,0,VERIFIED_DOME,PENDING_GAME_DAY,FanDuel,400,4,0.22820743869710897,338.1978106012845,0.2,0.21637426900584794,0.14103719348554478,0.14103719348554478,3,0,PASS,Low-total game edge,PASS,0,10,0,7,2026-10-04T04:03:32Z
2026-10-04,2026,4,2026_04_JAX_CIN,00-0038839,Mitchell Tinsley,WR,CIN,JAX,52,-2.5,NA,NA,NA,PENDING,PENDING_GAME_DAY,BetMGM,1050,4,0.09882116610918089,911.9289615497624,0.08695652173913043,0.09090909090909091,0.13644341025558024,0.13644341025558027,3,0,PASS,Wide-receiver allocation edge,PASS,0,10,0,7,2026-10-04T04:03:32Z
2026-10-04,2026,4,2026_04_LAC_SEA,00-0040621,Montorie Foster Jr,WR,SEA,LAC,42.5,-7,NA,NA,NA,PENDING,PENDING_GAME_DAY,Caesars,2300,3,0.04733089927300312,2012.7847037767692,0.041666666666666664,0.043478260869565216,0.135941582552075,0.1359415825520749,3,0,PASS,Heavy-favorite scoring environment,PASS,0,10,0,0,2026-10-04T04:03:32Z
2026-10-04,2026,4,2026_04_TEN_BAL,00-0038117,Wan'Dale Robinson,WR,TEN,BAL,42.5,11.5,NA,NA,NA,PENDING,PENDING_GAME_DAY,FanDuel,460,4,0.20147849601989049,396.33088381862717,0.17857142857142858,0.19047619047619047,0.12827957771138668,0.12827957771138654,3,1,PASS,Wide-receiver allocation edge,PASS,0,10,0,6,2026-10-04T04:03:32Z
2026-10-05,2026,4,2026_04_ATL_NO,00-0038542,Bijan Robinson,RB,ATL,NO,48,1.5,70,0,0,VERIFIED_DOME,PENDING_GAME_DAY,DraftKings,-185,4,0.7298401088140205,-270.1511707049048,0.6491228070175439,0.6686961768416433,0.12434827574051804,0.1243482757405181,3,0,PASS,No validated interaction,PASS,0,10,0,16,2026-10-04T04:03:32Z
2026-10-04,2026,4,2026_04_KC_LV,00-0040646,Jalen Royals,WR,KC,LV,48,-4.5,70,0,0,VERIFIED_DOME,PENDING_GAME_DAY,BetMGM,1150,4,0.08987852657494988,1012.6128098752243,0.08,0.09307359307359307,0.12348158218687347,0.12348158218687355,3,0,PASS,Wide-receiver allocation edge,PASS,0,10,0,9,2026-10-04T04:03:32Z
2026-10-04,2026,4,2026_04_NYJ_CHI,00-0039021,Roschon Johnson,RB,CHI,NYJ,43,-3.5,NA,NA,NA,PENDING,PENDING_GAME_DAY,BetMGM,2000,4,0.05332989482626615,1775.1208928082829,0.047619047619047616,0.05718954248366013,0.11992779135158918,0.11992779135158904,3,0,PASS,No validated interaction,PASS,0,10,0,7,2026-10-04T04:03:32Z
2026-10-04,2026,4,2026_04_KC_LV,00-0037304,Connor Heyward,RB,LV,KC,48,4.5,70,0,0,VERIFIED_DOME,PENDING_GAME_DAY,DraftKings,2200,4,0.04835597003649982,1967.9969799906503,0.043478260869565216,0.04673913043478261,0.11218731083949594,0.11218731083949596,3,1,PASS,No validated interaction,PASS,0,10,0,9,2026-10-04T04:03:32Z
2026-10-04,2026,4,2026_04_GB_TB,00-0039589,Kameron Johnson,WR,TB,GB,39,3,NA,NA,NA,PENDING,PENDING_GAME_DAY,BetMGM,2200,4,0.0483383857408084,1968.7492655671713,0.043478260869565216,0.047619047619047616,0.11178287203859319,0.11178287203859316,3,0,PASS,Low-total game edge,PASS,0,10,0,38,2026-10-04T04:03:32Z
2026-10-04,2026,4,2026_04_TEN_BAL,00-0032764,Derrick Henry,RB,BAL,TEN,42.5,-11.5,NA,NA,NA,PENDING,PENDING_GAME_DAY,BetMGM,-220,4,0.7616787615656205,-319.6017134559096,0.6875,0.6990950226244343,0.10789638045908441,0.10789638045908445,3,0,PASS,Heavy-favorite scoring environment,PASS,0,10,0,6,2026-10-04T04:03:32Z
2026-10-04,2026,4,2026_04_JAX_CIN,00-0034613,Tanner Hudson,TE,CIN,JAX,52,-2.5,NA,NA,NA,PENDING,PENDING_GAME_DAY,FanDuel,1200,4,0.08449587849367488,1083.4896776354094,0.07692307692307693,0.08712121212121213,0.09844642041777332,0.0984464204177733,3,0,PASS,Tight-end allocation edge,PASS,0,10,0,7,2026-10-04T04:03:32Z
2026-10-04,2026,4,2026_04_DET_CAR,00-0039139,Jahmyr Gibbs,RB,DET,CAR,51,-3.5,NA,NA,NA,PENDING,PENDING_GAME_DAY,BetMGM,-325,4,0.8381656345744994,-517.9157296849561,0.7647058823529411,0.7740040858018387,0.09606275290511473,0.09606275290511457,3,0,PASS,No validated interaction,PASS,0,10,0,4,2026-10-04T04:03:32Z
2026-10-04,2026,4,2026_04_DAL_HOU,00-0039530,Brevyn Spann-Ford,TE,DAL,HOU,48.5,3,NA,NA,NA,PENDING,PENDING_GAME_DAY,DraftKings,1100,4,0.091015441569352,998.7146606743861,0.08333333333333333,0.08712121212121213,0.09218529883222404,0.09218529883222404,3,0,PASS,Tight-end allocation edge,PASS,0,10,0,3,2026-10-04T04:03:32Z
2026-10-04,2026,4,2026_04_TEN_BAL,00-0040705,Chimere Dike,WR,TEN,BAL,42.5,11.5,NA,NA,NA,PENDING,PENDING_GAME_DAY,BetMGM,1450,4,0.07040293451901775,1320.3953383929938,0.06451612903225806,0.08333333333333333,0.09124548504477509,0.09124548504477503,3,0,PASS,Wide-receiver allocation edge,PASS,0,10,0,6,2026-10-04T04:03:32Z
2026-10-04,2026,4,2026_04_LA_PHI,00-0039746,Will Shipley,RB,PHI,LAR,42.5,3.5,NA,NA,NA,PENDING,PENDING_GAME_DAY,FanDuel,1400,4,0.07234756005839689,1282.216620979102,0.06666666666666667,0.07417582417582418,0.08521340087595336,0.0852134008759533,3,0,PASS,No validated interaction,PASS,0,10,0,0,2026-10-04T04:03:32Z
2026-10-04,2026,4,2026_04_DEN_SF,00-0033280,Christian McCaffrey,RB,SF,DEN,48.5,-2.5,NA,NA,NA,PENDING,PENDING_GAME_DAY,FanDuel,-190,3,0.7084383474097108,-242.9806324377056,0.6551724137931034,0.658703071672355,0.08130063552008493,0.08130063552008471,3,0,PASS,No validated interaction,PASS,0,10,0,0,2026-10-04T04:03:32Z
2026-10-04,2026,4,2026_04_TEN_BAL,00-0040886,Nicholas Singleton,RB,TEN,BAL,42.5,11.5,NA,NA,NA,PENDING,PENDING_GAME_DAY,FanDuel,1700,4,0.0599775708719586,1567.2899309890713,0.05555555555555555,0.06066176470588235,0.07959627569525492,0.07959627569525485,3,0,PASS,No validated interaction,PASS,0,10,0,6,2026-10-04T04:03:32Z
2026-10-04,2026,4,2026_04_TEN_BAL,00-0034798,Durham Smythe,TE,BAL,TEN,42.5,-11.5,NA,NA,NA,PENDING,PENDING_GAME_DAY,BetMGM,1200,4,0.0829115807112438,1106.104130956929,0.07692307692307693,0.07692307692307693,0.07785054924616933,0.07785054924616941,3,1,PASS,Tight end + heavy favorite,PASS,0,10,0,6,2026-10-04T04:03:32Z
2026-10-04,2026,4,2026_04_LA_PHI,00-0036849,Tutu Atwell,WR,LAR,PHI,42.5,-3.5,NA,NA,NA,PENDING,PENDING_GAME_DAY,DraftKings,1400,3,0.07105908905520884,1307.2795096248099,0.06666666666666667,0.06666666666666667,0.06588633582813266,0.06588633582813275,3,0,PASS,Wide-receiver allocation edge,PASS,0,10,0,0,2026-10-04T04:03:32Z
2026-10-04,2026,4,2026_04_TEN_BAL,00-0034796,Lamar Jackson,QB,BAL,TEN,42.5,-11.5,NA,NA,NA,PENDING,PENDING_GAME_DAY,DraftKings,265,4,0.2917485697333341,242.76089199478392,0.273972602739726,0.28778467908902694,0.06488227952666943,0.06488227952666925,3,0,PASS,Heavy-favorite scoring environment,PASS,0,10,0,6,2026-10-04T04:03:32Z
2026-10-04,2026,4,2026_04_ARI_NYG,00-0036331,Devin Duvernay,WR,ARI,NYG,44.5,-2.5,NA,NA,NA,PENDING,PENDING_GAME_DAY,DraftKings,2000,4,0.05055610697542372,1878.0004035637455,0.047619047619047616,0.054093567251461985,0.06167824648389812,0.06167824648389808,3,1,PASS,Wide-receiver allocation edge,PASS,0,10,0,9,2026-10-04T04:03:32Z
2026-10-04,2026,4,2026_04_NE_BUF,00-0039851,Drake Maye,QB,NE,BUF,50,7,NA,NA,NA,PENDING,PENDING_GAME_DAY,FanDuel,470,4,0.18600102658136924,437.6314412773058,0.17543859649122806,0.20204081632653062,0.06020585151380475,0.06020585151380464,3,0,PASS,No validated interaction,PASS,0,10,0,5,2026-10-04T04:03:32Z
2026-10-04,2026,4,2026_04_MIA_MIN,00-0041081,Max Bredeson,RB,MIN,MIA,38.5,-10,70,0,0,VERIFIED_DOME,PENDING_GAME_DAY,BetMGM,1700,4,0.05885051429410086,1599.2204944931796,0.05555555555555555,0.06066176470588235,0.05930925729381556,0.05930925729381542,3,0,PASS,Low total + heavy favorite,PASS,0,10,0,7,2026-10-04T04:03:32Z
2026-10-04,2026,4,2026_04_MIA_MIN,00-0038128,Malik Willis,QB,MIA,MIN,38.5,10,70,0,0,VERIFIED_DOME,PENDING_GAME_DAY,DraftKings,500,4,0.17650007832733466,466.5719865264951,0.16666666666666666,0.17028985507246375,0.05900046996400804,0.05900046996400787,3,1,PASS,Low-total game edge,PASS,0,10,0,7,2026-10-04T04:03:32Z
2026-10-04,2026,4,2026_04_IND_WAS,00-0036223,Jonathan Taylor,RB,IND,WAS,46.5,-4.5,NA,NA,NA,PENDING,PENDING_GAME_DAY,BetMGM,-275,4,0.7758680917457872,-346.16583501613223,0.7333333333333333,0.7484177215189873,0.05800194328970988,0.05800194328970987,3,0,PASS,No validated interaction,PASS,0,10,0,0,2026-10-04T04:03:32Z
2026-10-04,2026,4,2026_04_KC_LV,00-0038489,Ben VanSumeren,RB,KC,LV,48,-4.5,70,0,0,VERIFIED_DOME,PENDING_GAME_DAY,Caesars,2100,1,0.047535428769848086,2003.694078035337,0.045454545454545456,0.045454545454545456,0.04577943293665786,0.04577943293665787,3,1,PASS,No validated interaction,PASS,0,10,0,9,2026-10-04T04:03:32Z
2026-10-04,2026,4,2026_04_DEN_SF,00-0037834,Brock Purdy,QB,SF,DEN,48.5,-2.5,NA,NA,NA,PENDING,PENDING_GAME_DAY,DraftKings,360,3,0.22679974142298,340.9176102784909,0.21739130434782608,0.2222222222222222,0.043278810545708084,0.043278810545708035,3,0,PASS,No validated interaction,PASS,0,10,0,0,2026-10-04T04:03:32Z
2026-10-04,2026,4,2026_04_MIA_MIN,00-0041529,Kevin Coleman Jr.,WR,MIA,MIN,38.5,10,70,0,0,VERIFIED_DOME,PENDING_GAME_DAY,DraftKings,1000,4,0.09482231242810182,954.6041057142971,0.09090909090909091,0.09761904761904762,0.04304543670912003,0.04304543670911998,3,0,PASS,Low-total game edge,PASS,0,10,0,7,2026-10-04T04:03:32Z
2026-10-04,2026,4,2026_04_TEN_BAL,00-0040876,Elijah Sarratt,WR,BAL,TEN,42.5,-11.5,NA,NA,NA,PENDING,PENDING_GAME_DAY,DraftKings,1500,3,0.0650600608939793,1437.0412911687586,0.0625,0.07692307692307693,0.04096097430366874,0.04096097430366874,3,0,PASS,Heavy-favorite scoring environment,PASS,0,10,0,6,2026-10-04T04:03:32Z
2026-10-04,2026,4,2026_04_GB_TB,00-0040237,Tez Johnson,WR,TB,GB,39,3,NA,NA,NA,PENDING,PENDING_GAME_DAY,BetMGM,950,4,0.09913252590691514,908.7506505574105,0.09523809523809523,0.11764705882352941,0.04089152202260902,0.04089152202260893,3,0,PASS,Low-total game edge,PASS,0,10,0,38,2026-10-04T04:03:32Z
2026-10-04,2026,4,2026_04_DAL_HOU,00-0033854,Dare Ogunbowale,RB,HOU,DAL,48.5,-3,NA,NA,NA,PENDING,PENDING_GAME_DAY,DraftKings,1600,3,0.0612081611068433,1533.7690626817348,0.058823529411764705,0.0625,0.04053873881633615,0.04053873881633607,3,0,PASS,No validated interaction,PASS,0,10,0,3,2026-10-04T04:03:32Z
2026-10-04,2026,4,2026_04_DAL_HOU,00-0037120,Tyler Goodson,RB,DAL,HOU,48.5,3,NA,NA,NA,PENDING,PENDING_GAME_DAY,FanDuel,1000,4,0.09450779706805146,958.1137546566006,0.09090909090909091,0.10818713450292397,0.03958576774856601,0.039585767748566036,3,1,PASS,No validated interaction,PASS,0,10,0,3,2026-10-04T04:03:32Z
2026-10-04,2026,4,2026_04_TEN_BAL,00-0040075,LaJohntay Wester,WR,BAL,TEN,42.5,-11.5,NA,NA,NA,PENDING,PENDING_GAME_DAY,FanDuel,1200,3,0.0799479470380919,1150.8138570757062,0.07692307692307693,0.09090909090909091,0.03932331149519459,0.039323311495194746,3,0,PASS,Heavy-favorite scoring environment,PASS,0,10,0,6,2026-10-04T04:03:32Z
2026-10-04,2026,4,2026_04_DAL_HOU,00-0038738,Hunter Luepke,RB,DAL,HOU,48.5,3,NA,NA,NA,PENDING,PENDING_GAME_DAY,DraftKings,1400,4,0.0690341157834683,1348.5591488367718,0.06666666666666667,0.08012820512820512,0.03551173675202447,0.03551173675202435,3,0,PASS,No validated interaction,PASS,0,10,0,3,2026-10-04T04:03:32Z
2026-10-04,2026,4,2026_04_GB_TB,00-0037091,Bo Melton,WR,GB,TB,39,-3,NA,NA,NA,PENDING,PENDING_GAME_DAY,FanDuel,1600,4,0.060828961966885316,1543.953747795976,0.058823529411764705,0.06904761904761905,0.03409235343705038,0.034092353437050305,3,0,PASS,Low-total game edge,PASS,0,10,0,38,2026-10-04T04:03:32Z
2026-10-04,2026,4,2026_04_DEN_SF,00-0038976,Marvin Mims Jr.,WR,DEN,SF,48.5,2.5,NA,NA,NA,PENDING,PENDING_GAME_DAY,FanDuel,1000,3,0.09374276736763233,966.7489642995986,0.09090909090909091,0.1,0.031170441043955624,0.03117044104395572,3,0,PASS,Wide-receiver allocation edge,PASS,0,10,0,0,2026-10-04T04:03:32Z
2026-10-04,2026,4,2026_04_MIA_MIN,00-0041104,Demond Claiborne,RB,MIN,MIA,38.5,-10,70,0,0,VERIFIED_DOME,PENDING_GAME_DAY,DraftKings,1300,4,0.07309400074962631,1268.1013349171646,0.07142857142857142,0.08391608391608392,0.02331601049476842,0.02331601049476828,3,0,PASS,Low total + heavy favorite,PASS,0,10,0,7,2026-10-04T04:03:32Z
2026-10-04,2026,4,2026_04_ARI_NYG,00-0033119,Jacoby Brissett,QB,ARI,NYG,44.5,-2.5,NA,NA,NA,PENDING,PENDING_GAME_DAY,BetMGM,575,4,0.15112494822931527,561.7041141894132,0.14814814814814814,0.16025641025641024,0.02009340054787813,0.020093400547878115,3,0,PASS,No validated interaction,PASS,0,10,0,9,2026-10-04T04:03:32Z
2026-10-04,2026,4,2026_04_NE_BUF,00-0039901,Keon Coleman,WR,BUF,NE,50,-7,NA,NA,NA,PENDING,PENDING_GAME_DAY,BetMGM,425,4,0.19348737691595838,416.8295813087341,0.19047619047619047,0.2150786308973173,0.015808728808781557,0.01580872880878159,3,0,PASS,Heavy-favorite scoring environment,PASS,0,10,0,5,2026-10-04T04:03:32Z
2026-10-04,2026,4,2026_04_DAL_HOU,00-0038705,Emari Demercado,RB,DAL,HOU,48.5,3,NA,NA,NA,PENDING,PENDING_GAME_DAY,DraftKings,1200,3,0.07765167729494636,1187.8021890005984,0.07692307692307693,0.09090909090909091,0.009471804834302641,0.009471804834302766,3,1,PASS,No validated interaction,PASS,0,10,0,3,2026-10-04T04:03:32Z
2026-10-04,2026,4,2026_04_TEN_BAL,00-0039792,Devontez Walker,WR,BAL,TEN,42.5,-11.5,NA,NA,NA,PENDING,PENDING_GAME_DAY,DraftKings,850,4,0.10615674997136224,842.0032171951088,0.10526315789473684,0.11596638655462185,0.008489124727941291,0.008489124727941277,3,0,PASS,Heavy-favorite scoring environment,PASS,0,10,0,6,2026-10-04T04:03:32Z
2026-10-04,2026,4,2026_04_KC_LV,00-0038519,Nikko Remigio,WR,KC,LV,48,-4.5,70,0,0,VERIFIED_DOME,PENDING_GAME_DAY,FanDuel,2700,3,0.03594489352334084,2682.0363394612627,0.03571428571428571,0.043478260869565216,0.006457018653543617,0.006457018653543534,3,0,PASS,Wide-receiver allocation edge,PASS,0,10,0,9,2026-10-04T04:03:32Z
2026-10-04,2026,4,2026_04_IND_WAS,00-0041040,Antonio Williams,WR,WAS,IND,46.5,4.5,NA,NA,NA,PENDING,PENDING_GAME_DAY,FanDuel,460,4,0.17957719672569097,456.8635763523623,0.17857142857142858,0.2,0.005632301663869432,0.005632301663869299,3,0,PASS,Wide-receiver allocation edge,PASS,0,10,0,0,2026-10-04T04:03:32Z
2026-10-04,2026,4,2026_04_DET_CAR,00-0035544,Tom Kennedy,WR,DET,CAR,51,-3.5,NA,NA,NA,PENDING,PENDING_GAME_DAY,BetMGM,2000,4,0.047881622050048034,1988.483967720966,0.047619047619047616,0.04880952380952381,0.005514063051008766,0.005514063051008655,3,0,PASS,Wide-receiver allocation edge,PASS,0,10,0,4,2026-10-04T04:03:32Z
2026-10-04,2026,4,2026_04_KC_LV,00-0037093,Dareke Young,WR,LV,KC,48,4.5,70,0,0,VERIFIED_DOME,PENDING_GAME_DAY,DraftKings,1800,3,0.05272282521146512,1796.711710704266,0.05263157894736842,0.05555555555555555,0.0017336790178372821,0.0017336790178372752,3,1,PASS,Wide-receiver allocation edge,PASS,0,10,0,9,2026-10-04T04:03:32Z
2026-10-04,2026,4,2026_04_JAX_CIN,00-0040208,Tahj Brooks,RB,CIN,JAX,52,-2.5,NA,NA,NA,PENDING,PENDING_GAME_DAY,BetMGM,2000,4,0.047675827979881014,1997.4989682863936,0.047619047619047616,0.047619047619047616,0.0011923875775013415,0.001192387577501286,3,0,PASS,No validated interaction,PASS,0,10,0,7,2026-10-04T04:03:32Z
2026-10-04,2026,4,2026_04_KC_LV,00-0038104,Tyquan Thornton,WR,KC,LV,48,-4.5,70,0,0,VERIFIED_DOME,PENDING_GAME_DAY,DraftKings,450,4,0.18122698647709487,451.79419988114694,0.18181818181818182,0.18783068783068782,-0.0032515743759782417,-0.003251574375978228,3,0,PASS,Wide-receiver allocation edge,PASS,0,10,0,9,2026-10-04T04:03:32Z
2026-10-04,2026,4,2026_04_DAL_HOU,00-0033077,Dak Prescott,QB,DAL,HOU,48.5,3,NA,NA,NA,PENDING,PENDING_GAME_DAY,DraftKings,700,4,0.12456960401235578,702.7640514140288,0.125,0.12916666666666665,-0.003443167901153732,-0.003443167901153732,3,0,PASS,No validated interaction,PASS,0,10,0,3,2026-10-04T04:03:32Z
2026-10-04,2026,4,2026_04_DEN_SF,00-0033288,George Kittle,TE,SF,DEN,48.5,-2.5,NA,NA,NA,PENDING,PENDING_GAME_DAY,DraftKings,160,3,0.3823138195311146,161.56522440816843,0.38461538461538464,0.4,-0.005984069219102106,-0.005984069219101995,3,0,PASS,Tight-end allocation edge,PASS,0,10,0,0,2026-10-04T04:03:32Z
2026-10-04,2026,4,2026_04_DEN_SF,00-0031408,Mike Evans,WR,SF,DEN,48.5,-2.5,NA,NA,NA,PENDING,PENDING_GAME_DAY,DraftKings,155,3,0.3882269835971469,157.58127133112265,0.39215686274509803,0.4,-0.010021191827275358,-0.010021191827275455,3,1,PASS,Wide-receiver allocation edge,PASS,0,10,0,0,2026-10-04T04:03:32Z
2026-10-04,2026,4,2026_04_IND_WAS,00-0039816,Anthony Gould,WR,IND,WAS,46.5,-4.5,NA,NA,NA,PENDING,PENDING_GAME_DAY,FanDuel,2200,4,0.04300613280617335,2225.2497603236116,0.043478260869565216,0.05334281650071124,-0.010858945458012859,-0.010858945458012914,3,0,PASS,Wide-receiver allocation edge,PASS,0,10,0,0,2026-10-04T04:03:32Z
2026-10-04,2026,4,2026_04_DEN_SF,00-0031236,Brandin Cooks,WR,SF,DEN,48.5,-2.5,NA,NA,NA,PENDING,PENDING_GAME_DAY,DraftKings,650,3,0.1313409515604515,661.3771547404511,0.13333333333333333,0.14285714285714285,-0.01494286329661372,-0.014942863296613762,3,1,PASS,Wide-receiver allocation edge,PASS,0,10,0,0,2026-10-04T04:03:32Z
2026-10-04,2026,4,2026_04_NE_BUF,00-0037261,Khalil Shakir,WR,BUF,NE,50,-7,NA,NA,NA,PENDING,PENDING_GAME_DAY,BetMGM,270,4,0.26559020043570425,276.51991615635166,0.2702702702702703,0.30536130536130535,-0.017316258387894332,-0.01731625838789419,3,0,PASS,Heavy-favorite scoring environment,PASS,0,10,0,5,2026-10-04T04:03:32Z
2026-10-04,2026,4,2026_04_MIA_MIN,00-0037252,Greg Dulcich,TE,MIA,MIN,38.5,10,70,0,0,VERIFIED_DOME,PENDING_GAME_DAY,FanDuel,550,4,0.15112600356670147,561.6994934022964,0.15384615384615385,0.16666666666666666,-0.017680976816440486,-0.01768097681644043,3,0,PASS,Low total + tight-end edge,PASS,0,10,0,7,2026-10-04T04:03:32Z
2026-10-04,2026,4,2026_04_DEN_SF,00-0040730,RJ Harvey,RB,DEN,SF,48.5,2.5,NA,NA,NA,PENDING,PENDING_GAME_DAY,DraftKings,240,3,0.2887006220451447,246.37957927351746,0.29411764705882354,0.3076923076923077,-0.01841788504650811,-0.018417885046508098,3,0,PASS,No validated interaction,PASS,0,10,0,0,2026-10-04T04:03:32Z
2026-10-04,2026,4,2026_04_KC_LV,00-0037291,Jalen Nailor,WR,LV,KC,48,4.5,70,0,0,VERIFIED_DOME,PENDING_GAME_DAY,BetMGM,475,4,0.17049362644154872,486.5321894263511,0.17391304347826086,0.18783068783068782,-0.019661647961094812,-0.01966164796109482,3,1,PASS,Wide-receiver allocation edge,PASS,0,10,0,9,2026-10-04T04:03:32Z
2026-10-04,2026,4,2026_04_DAL_HOU,00-0038041,Jake Ferguson,TE,DAL,HOU,48.5,3,NA,NA,NA,PENDING,PENDING_GAME_DAY,DraftKings,320,4,0.23290549225176138,329.35870267887054,0.23809523809523808,0.24099883855981416,-0.021796932542602145,-0.021796932542602176,3,0,PASS,Tight-end allocation edge,PASS,0,10,0,3,2026-10-04T04:03:32Z
2026-10-04,2026,4,2026_04_NE_BUF,00-0034827,DJ Moore,WR,BUF,NE,50,-7,NA,NA,NA,PENDING,PENDING_GAME_DAY,BetMGM,160,4,0.37613671128314913,165.86078146656033,0.38461538461538464,0.40242914979757083,-0.02204455066381232,-0.02204455066381228,3,1,PASS,Heavy-favorite scoring environment,PASS,0,10,0,5,2026-10-04T04:03:32Z
2026-10-04,2026,4,2026_04_DET_CAR,00-0037005,Tommy Tremble,TE,CAR,DET,51,3.5,NA,NA,NA,PENDING,PENDING_GAME_DAY,BetMGM,525,4,0.15629028141653598,539.8350498421951,0.16,0.17028985507246375,-0.023185741146650174,-0.023185741146650174,3,0,PASS,Tight-end allocation edge,PASS,0,10,0,4,2026-10-04T04:03:32Z
2026-10-04,2026,4,2026_04_JAX_CIN,00-0040718,Travis Hunter,WR,JAX,CIN,52,2.5,NA,NA,NA,PENDING,PENDING_GAME_DAY,DraftKings,1400,4,0.06511595904472395,1435.7218332807854,0.06666666666666667,0.07179487179487179,-0.02326061432914077,-0.023260614329140727,3,0,PASS,Wide-receiver allocation edge,PASS,0,10,0,7,2026-10-04T04:03:32Z
2026-10-04,2026,4,2026_04_DET_CAR,00-0039364,Sione Vaki,RB,DET,CAR,51,-3.5,NA,NA,NA,PENDING,PENDING_GAME_DAY,DraftKings,800,4,0.1084093737272868,822.4294593893577,0.1111111111111111,0.1213235294117647,-0.024315636454418713,-0.02431563645441881,3,0,PASS,No validated interaction,PASS,0,10,0,4,2026-10-04T04:03:32Z
2026-10-04,2026,4,2026_04_IND_WAS,00-0036626,Dyami Brown,WR,WAS,IND,46.5,4.5,NA,NA,NA,PENDING,PENDING_GAME_DAY,DraftKings,750,4,0.11450829109369146,773.2992086850666,0.11764705882352941,0.12701612903225806,-0.026679525703622614,-0.026679525703622642,3,1,PASS,Wide-receiver allocation edge,PASS,0,10,0,0,2026-10-04T04:03:32Z
2026-10-05,2026,4,2026_04_ATL_NO,00-0037741,Jahan Dotson,WR,ATL,NO,48,1.5,70,0,0,VERIFIED_DOME,PENDING_GAME_DAY,BetMGM,500,4,0.16218091494565823,516.5953622441141,0.16666666666666666,0.17954911433172302,-0.026914510326050578,-0.026914510326050634,3,1,PASS,Wide-receiver allocation edge,PASS,0,10,0,16,2026-10-04T04:03:32Z
2026-10-04,2026,4,2026_04_IND_WAS,00-0040242,Jacory Croskey-Merritt,RB,WAS,IND,46.5,4.5,NA,NA,NA,PENDING,PENDING_GAME_DAY,BetMGM,105,4,0.47440507413450095,110.7903255091418,0.4878048780487805,0.49630541871921185,-0.027469598024273036,-0.02746959802427318,3,0,PASS,No validated interaction,PASS,0,10,0,0,2026-10-04T04:03:32Z
2026-10-04,2026,4,2026_04_IND_WAS,00-0037742,Treylon Burks,WR,WAS,IND,46.5,4.5,NA,NA,NA,PENDING,PENDING_GAME_DAY,DraftKings,600,4,0.13874279413238783,620.7581527050723,0.14285714285714285,0.1455026455026455,-0.028800441073285166,-0.028800441073285166,3,0,PASS,Wide-receiver allocation edge,PASS,0,10,0,0,2026-10-04T04:03:32Z
2026-10-04,2026,4,2026_04_NE_BUF,00-0033555,Mack Hollins,WR,NE,BUF,50,7,NA,NA,NA,PENDING,PENDING_GAME_DAY,DraftKings,295,4,0.245475066142971,307.373349852801,0.25316455696202533,0.2667140825035562,-0.030373488735264662,-0.030373488735264575,3,0,PASS,Wide-receiver allocation edge,PASS,0,10,0,5,2026-10-04T04:03:32Z
2026-10-05,2026,4,2026_04_ATL_NO,00-0041044,Zachariah Branch,WR,ATL,NO,48,1.5,70,0,0,VERIFIED_DOME,PENDING_GAME_DAY,BetMGM,1200,4,0.07446187068897728,1242.9692146426719,0.07692307692307693,0.08928571428571427,-0.03199568104329545,-0.03199568104329542,3,0,PASS,Wide-receiver allocation edge,PASS,0,10,0,16,2026-10-04T04:03:32Z
2026-10-04,2026,4,2026_04_ARI_NYG,00-0038576,Charlie Jones,WR,NYG,ARI,44.5,2.5,NA,NA,NA,PENDING,PENDING_GAME_DAY,DraftKings,1800,3,0.0509167317302321,1863.9909436807868,0.05263157894736842,0.05263157894736842,-0.032582097125590105,-0.032582097125590126,3,1,PASS,Wide-receiver allocation edge,PASS,0,10,0,9,2026-10-04T04:03:32Z
2026-10-04,2026,4,2026_04_LA_PHI,00-0037132,Britain Covey,WR,PHI,LAR,42.5,3.5,NA,NA,NA,PENDING,PENDING_GAME_DAY,DraftKings,2500,4,0.03713189133595144,2593.1027858303323,0.038461538461538464,0.045548654244306416,-0.0345708252652626,-0.03457082526526256,3,0,PASS,Wide-receiver allocation edge,PASS,0,10,0,0,2026-10-04T04:03:32Z
2026-10-04,2026,4,2026_04_NE_BUF,00-0036875,Rhamondre Stevenson,RB,NE,BUF,50,7,NA,NA,NA,PENDING,PENDING_GAME_DAY,BetMGM,145,4,0.3933716646389993,154.21251449763392,0.40816326530612246,0.4106932029009951,-0.036239421634451714,-0.036239421634451596,3,0,PASS,No validated interaction,PASS,0,10,0,5,2026-10-04T04:03:32Z
2026-10-04,2026,4,2026_04_NE_BUF,00-0038933,Dalton Kincaid,TE,BUF,NE,50,-7,NA,NA,NA,PENDING,PENDING_GAME_DAY,DraftKings,170,4,0.35647681228105266,180.52315481647153,0.37037037037037035,0.3832317744658983,-0.03751260684115777,-0.03751260684115776,3,0,PASS,Tight end + heavy favorite,PASS,0,10,0,5,2026-10-04T04:03:32Z
2026-10-04,2026,4,2026_04_GB_TB,00-0040948,J. Michael Sturdivant,WR,GB,TB,39,-3,NA,NA,NA,PENDING,PENDING_GAME_DAY,BetMGM,1650,3,0.05496493940661541,1719.341585373681,0.05714285714285714,0.058823529411764705,-0.038113560384230256,-0.038113560384230305,3,0,PASS,Low-total game edge,PASS,0,10,0,38,2026-10-04T04:03:32Z
2026-10-04,2026,4,2026_04_ARI_NYG,00-0036893,Najee Harris,RB,NYG,ARI,44.5,2.5,NA,NA,NA,PENDING,PENDING_GAME_DAY,BetMGM,360,4,0.20844626751123185,379.73994062816035,0.21739130434782608,0.23392612859097128,-0.04114716944833345,-0.04114716944833352,3,1,PASS,No validated interaction,PASS,0,10,0,9,2026-10-04T04:03:32Z
2026-10-04,2026,4,2026_04_LA_PHI,00-0039751,Jordan Whittington,WR,LAR,PHI,42.5,-3.5,NA,NA,NA,PENDING,PENDING_GAME_DAY,DraftKings,1100,4,0.07973914227342047,1154.0892358373549,0.08333333333333333,0.08514492753623187,-0.043130292718954355,-0.04313029271895441,3,0,PASS,Wide-receiver allocation edge,PASS,0,10,0,0,2026-10-04T04:03:32Z
2026-10-04,2026,4,2026_04_KC_LV,00-0040894,Malik Benson,WR,LV,KC,48,4.5,70,0,0,VERIFIED_DOME,PENDING_GAME_DAY,BetMGM,1300,4,0.06826748167413571,1364.826262045736,0.07142857142857142,0.07142857142857142,-0.0442552565621,-0.044255256562100054,3,0,PASS,Wide-receiver allocation edge,PASS,0,10,0,9,2026-10-04T04:03:32Z
2026-10-04,2026,4,2026_04_ARI_NYG,00-0034419,Braxton Berrios,WR,NYG,ARI,44.5,2.5,NA,NA,NA,PENDING,PENDING_GAME_DAY,DraftKings,1400,4,0.06347035568557399,1475.5386734460783,0.06666666666666667,0.07692307692307693,-0.0479446647163901,-0.04794466471639014,3,1,PASS,Wide-receiver allocation edge,PASS,0,10,0,9,2026-10-04T04:03:32Z
2026-10-05,2026,4,2026_04_ATL_NO,00-0040743,Tyler Shough,QB,NO,ATL,48,-1.5,70,0,0,VERIFIED_DOME,PENDING_GAME_DAY,BetMGM,270,4,0.25701621334756475,289.08051246078134,0.2702702702702703,0.29411764705882354,-0.04904001061401048,-0.04904001061401042,3,0,PASS,No validated interaction,PASS,0,10,0,16,2026-10-04T04:03:32Z
2026-10-04,2026,4,2026_04_NE_BUF,00-0039875,Ray Davis,RB,BUF,NE,50,-7,NA,NA,NA,PENDING,PENDING_GAME_DAY,DraftKings,1600,4,0.05586175518431075,1690.1335120971253,0.058823529411764705,0.0625,-0.05035016186671718,-0.05035016186671715,3,0,PASS,Heavy-favorite scoring environment,PASS,0,10,0,5,2026-10-04T04:03:32Z
2026-10-04,2026,4,2026_04_DEN_SF,00-0037085,Tyler Badie,RB,DEN,SF,48.5,2.5,NA,NA,NA,PENDING,PENDING_GAME_DAY,DraftKings,1100,3,0.07908980417680792,1164.3854797825347,0.08333333333333333,0.09090909090909091,-0.05092234987830496,-0.05092234987830502,3,0,PASS,No validated interaction,PASS,0,10,0,0,2026-10-04T04:03:32Z
2026-10-04,2026,4,2026_04_JAX_CIN,00-0039893,Brian Thomas Jr.,WR,JAX,CIN,52,2.5,NA,NA,NA,PENDING,PENDING_GAME_DAY,DraftKings,330,4,0.22020988155983565,354.1122282599652,0.23255813953488372,0.24404761904761904,-0.05309750929270671,-0.053097509292706735,3,0,PASS,Wide-receiver allocation edge,PASS,0,10,0,7,2026-10-04T04:03:32Z
2026-10-04,2026,4,2026_04_NE_BUF,00-0035500,Greg Dortch,WR,BUF,NE,50,-7,NA,NA,NA,PENDING,PENDING_GAME_DAY,BetMGM,2500,4,0.03636598247225401,2649.8225869821213,0.038461538461538464,0.04304029304029304,-0.05448445572139575,-0.05448445572139571,3,1,PASS,Heavy-favorite scoring environment,PASS,0,10,0,5,2026-10-04T04:03:32Z
2026-10-04,2026,4,2026_04_LA_PHI,00-0026498,Matthew Stafford,QB,LAR,PHI,42.5,-3.5,NA,NA,NA,PENDING,PENDING_GAME_DAY,Caesars,2100,4,0.04294022083238739,2228.8189501944908,0.045454545454545456,0.047619047619047616,-0.05531514168747746,-0.05531514168747742,3,0,PASS,No validated interaction,PASS,0,10,0,0,2026-10-04T04:03:32Z
2026-10-04,2026,4,2026_04_DEN_SF,00-0040134,Pat Bryant,WR,DEN,SF,48.5,2.5,NA,NA,NA,PENDING,PENDING_GAME_DAY,DraftKings,370,3,0.20050895690322432,398.73083748705056,0.2127659574468085,0.21739130434782608,-0.05760790255484572,-0.057607902554845714,3,0,PASS,Wide-receiver allocation edge,PASS,0,10,0,0,2026-10-04T04:03:32Z
2026-10-04,2026,4,2026_04_ARI_NYG,00-0036309,Darnell Mooney,WR,NYG,ARI,44.5,2.5,NA,NA,NA,PENDING,PENDING_GAME_DAY,DraftKings,650,4,0.12518594856320372,698.8116969015266,0.13333333333333333,0.1380952380952381,-0.06110538577597205,-0.06110538577597202,3,1,PASS,Wide-receiver allocation edge,PASS,0,10,0,9,2026-10-04T04:03:32Z
2026-10-04,2026,4,2026_04_NE_BUF,00-0035537,Ty Johnson,RB,BUF,NE,50,-7,NA,NA,NA,PENDING,PENDING_GAME_DAY,FanDuel,500,4,0.15642441554069275,539.2863905186571,0.16666666666666666,0.17391304347826086,-0.061453506755843434,-0.06145350675584349,3,0,PASS,Heavy-favorite scoring environment,PASS,0,10,0,5,2026-10-04T04:03:32Z
2026-10-04,2026,4,2026_04_DAL_HOU,00-0040930,Camden Brown,WR,DAL,HOU,48.5,3,NA,NA,NA,PENDING,PENDING_GAME_DAY,FanDuel,2700,3,0.03350457548515506,2884.6669761360567,0.03571428571428571,0.038461538461538464,-0.061871886415658356,-0.06187188641565844,3,0,PASS,Wide-receiver allocation edge,PASS,0,10,0,3,2026-10-04T04:03:32Z
2026-10-04,2026,4,2026_04_DAL_HOU,00-0039410,Ryan Flournoy,WR,DAL,HOU,48.5,3,NA,NA,NA,PENDING,PENDING_GAME_DAY,FanDuel,360,4,0.2038526035284933,390.5505167414877,0.21739130434782608,0.22727272727272727,-0.0622780237689308,-0.06227802376893088,3,0,PASS,Wide-receiver allocation edge,PASS,0,10,0,3,2026-10-04T04:03:32Z
2026-10-04,2026,4,2026_04_GB_TB,00-0036919,Kenny Gainwell,RB,TB,GB,39,3,NA,NA,NA,PENDING,PENDING_GAME_DAY,DraftKings,500,4,0.1561087807006863,540.5789575138253,0.16666666666666666,0.17424242424242425,-0.06334731579588221,-0.06334731579588226,3,1,PASS,Low-total game edge,PASS,0,10,0,38,2026-10-04T04:03:32Z
2026-10-04,2026,4,2026_04_MIA_MIN,00-0041525,Chris Bell,WR,MIA,MIN,38.5,10,70,0,0,VERIFIED_DOME,PENDING_GAME_DAY,DraftKings,600,4,0.13368589415118828,648.0220754398205,0.14285714285714285,0.1455026455026455,-0.06419874094168196,-0.06419874094168199,3,0,PASS,Low-total game edge,PASS,0,10,0,7,2026-10-04T04:03:32Z
2026-10-04,2026,4,2026_04_DET_CAR,00-0040669,Isaac TeSlaa,WR,DET,CAR,51,-3.5,NA,NA,NA,PENDING,PENDING_GAME_DAY,BetMGM,475,4,0.16224820151692998,516.33965162668,0.17391304347826086,0.18181818181818182,-0.06707284127765259,-0.06707284127765267,3,0,PASS,Wide-receiver allocation edge,PASS,0,10,0,4,2026-10-04T04:03:32Z
2026-10-04,2026,4,2026_04_KC_LV,00-0039338,Brock Bowers,TE,LV,KC,48,4.5,70,0,0,VERIFIED_DOME,PENDING_GAME_DAY,Caesars,175,4,0.33883745246252606,195.12676144045668,0.36363636363636365,0.3812636165577342,-0.06819700572805337,-0.06819700572805332,3,0,PASS,Tight-end allocation edge,PASS,0,10,0,9,2026-10-04T04:03:32Z
2026-10-04,2026,4,2026_04_DEN_SF,00-0036613,Jaylen Waddle,WR,DEN,SF,48.5,2.5,NA,NA,NA,PENDING,PENDING_GAME_DAY,FanDuel,195,3,0.3146023164052197,217.86161380705227,0.3389830508474576,0.3436426116838488,-0.07192316660460189,-0.07192316660460185,3,1,PASS,Wide-receiver allocation edge,PASS,0,10,0,0,2026-10-04T04:03:32Z
2026-10-04,2026,4,2026_04_LAC_SEA,00-0038544,Quentin Johnston,WR,LAC,SEA,42.5,7,NA,NA,NA,PENDING,PENDING_GAME_DAY,BetMGM,340,4,0.21077266466522745,374.4448249910922,0.22727272727272727,0.2353266888150609,-0.07260027547299917,-0.07260027547299908,3,0,PASS,Wide-receiver allocation edge,PASS,0,10,0,0,2026-10-04T04:03:32Z
2026-10-04,2026,4,2026_04_IND_WAS,00-0041132,Deion Burks,WR,IND,WAS,46.5,-4.5,NA,NA,NA,PENDING,PENDING_GAME_DAY,BetMGM,1300,4,0.0661959914018582,1410.665493215846,0.07142857142857142,0.07417582417582418,-0.07325612037398521,-0.07325612037398521,3,0,PASS,Wide-receiver allocation edge,PASS,0,10,0,0,2026-10-04T04:03:32Z
2026-10-04,2026,4,2026_04_NYJ_CHI,00-0041267,Malik McClain,WR,NYJ,CHI,43,3.5,NA,NA,NA,PENDING,PENDING_GAME_DAY,BetMGM,1400,4,0.06176892500664603,1518.9370300558169,0.06666666666666667,0.06904761904761905,-0.07346612490030949,-0.07346612490030946,3,0,PASS,Wide-receiver allocation edge,PASS,0,10,0,7,2026-10-04T04:03:32Z
2026-10-04,2026,4,2026_04_TEN_BAL,00-0034975,Justice Hill,RB,BAL,TEN,42.5,-11.5,NA,NA,NA,PENDING,PENDING_GAME_DAY,DraftKings,500,4,0.1542203826921496,548.4227198399398,0.16666666666666666,0.17424242424242425,-0.07467770384710232,-0.07467770384710237,3,0,PASS,Heavy-favorite scoring environment,PASS,0,10,0,6,2026-10-04T04:03:32Z
2026-10-04,2026,4,2026_04_JAX_CIN,00-0040238,LeQuint Allen Jr.,RB,JAX,CIN,52,2.5,NA,NA,NA,PENDING,PENDING_GAME_DAY,BetMGM,1000,4,0.08395944246480076,1091.0512631372474,0.09090909090909091,0.1111111111111111,-0.07644613288719164,-0.0764461328871916,3,0,PASS,No validated interaction,PASS,0,10,0,7,2026-10-04T04:03:32Z
2026-10-04,2026,4,2026_04_KC_LV,00-0041013,Emmett Johnson,RB,KC,LV,48,-4.5,70,0,0,VERIFIED_DOME,PENDING_GAME_DAY,DraftKings,500,4,0.15370315813313737,550.6047189569143,0.16666666666666666,0.18783068783068782,-0.07778105120117573,-0.07778105120117584,3,0,PASS,No validated interaction,PASS,0,10,0,9,2026-10-04T04:03:32Z
2026-10-04,2026,4,2026_04_NYJ_CHI,00-0039919,Rome Odunze,WR,CHI,NYJ,43,-3.5,NA,NA,NA,PENDING,PENDING_GAME_DAY,DraftKings,320,4,0.21951469969177537,355.55035785945927,0.23809523809523808,0.24390243902439024,-0.07803826129454342,-0.07803826129454339,3,0,PASS,Wide-receiver allocation edge,PASS,0,10,0,7,2026-10-04T04:03:32Z
2026-10-04,2026,4,2026_04_DEN_SF,00-0039868,Troy Franklin,WR,DEN,SF,48.5,2.5,NA,NA,NA,PENDING,PENDING_GAME_DAY,DraftKings,1000,3,0.08352699121932211,1097.2177919999974,0.09090909090909091,0.09090909090909091,-0.08120309658745681,-0.08120309658745684,3,0,PASS,Wide-receiver allocation edge,PASS,0,10,0,0,2026-10-04T04:03:32Z
2026-10-04,2026,4,2026_04_NE_BUF,00-0040131,Kyle Williams,WR,NE,BUF,50,7,NA,NA,NA,PENDING,PENDING_GAME_DAY,DraftKings,850,4,0.09665057057729465,934.6550403448131,0.10526315789473684,0.11437908496732026,-0.08181957951570079,-0.08181957951570085,3,0,PASS,Wide-receiver allocation edge,PASS,0,10,0,5,2026-10-04T04:03:32Z
2026-10-04,2026,4,2026_04_ARI_NYG,00-0033376,Patrick Ricard,RB,NYG,ARI,44.5,2.5,NA,NA,NA,PENDING,PENDING_GAME_DAY,BetMGM,2800,4,0.031652034529279505,3059.354571899499,0.034482758620689655,0.038461538461538464,-0.08209099865089435,-0.08209099865089442,3,1,PASS,No validated interaction,PASS,0,10,0,9,2026-10-04T04:03:32Z
2026-10-05,2026,4,2026_04_ATL_NO,00-0041326,CJ Donaldson,RB,NO,ATL,48,-1.5,70,0,0,VERIFIED_DOME,PENDING_GAME_DAY,DraftKings,850,4,0.09641841708977139,937.1462529497237,0.10526315789473684,0.125,-0.08402503764717173,-0.08402503764717184,3,0,PASS,No validated interaction,PASS,0,10,0,16,2026-10-04T04:03:32Z
2026-10-04,2026,4,2026_04_ARI_NYG,00-0036646,Simi Fehoko,WR,ARI,NYG,44.5,-2.5,NA,NA,NA,PENDING,PENDING_GAME_DAY,FanDuel,3000,3,0.029536748410551268,3285.613020432455,0.03225806451612903,0.03571428571428571,-0.08436079927291067,-0.08436079927291074,3,0,PASS,Wide-receiver allocation edge,PASS,0,10,0,9,2026-10-04T04:03:32Z
2026-10-04,2026,4,2026_04_DEN_SF,00-0041052,Kaelon Black,RB,SF,DEN,48.5,-2.5,NA,NA,NA,PENDING,PENDING_GAME_DAY,DraftKings,340,3,0.2078749702110978,381.0583972589371,0.22727272727272727,0.23255813953488372,-0.08535013107116966,-0.08535013107116962,3,0,PASS,No validated interaction,PASS,0,10,0,0,2026-10-04T04:03:32Z
2026-10-04,2026,4,2026_04_GB_TB,00-0038685,Chris Brooks,RB,GB,TB,39,-3,NA,NA,NA,PENDING,PENDING_GAME_DAY,DraftKings,750,4,0.1074081293873172,831.0282244968326,0.11764705882352941,0.12701612903225806,-0.08703090020780381,-0.0870309002078038,3,0,PASS,Low-total game edge,PASS,0,10,0,38,2026-10-04T04:03:32Z
2026-10-04,2026,4,2026_04_JAX_CIN,00-0036442,Joe Burrow,QB,CIN,JAX,52,-2.5,NA,NA,NA,PENDING,PENDING_GAME_DAY,FanDuel,1000,4,0.08283031123157238,1107.2875075939962,0.09090909090909091,0.10263157894736842,-0.08886657645270389,-0.0888665764527039,3,0,PASS,No validated interaction,PASS,0,10,0,7,2026-10-04T04:03:32Z
2026-10-04,2026,4,2026_04_DEN_SF,00-0035719,Deebo Samuel Sr.,WR,SF,DEN,48.5,-2.5,NA,NA,NA,PENDING,PENDING_GAME_DAY,DraftKings,160,3,0.3499732260935068,185.73614363654704,0.38461538461538464,0.398406374501992,-0.09006961215688242,-0.09006961215688236,3,1,PASS,Wide-receiver allocation edge,PASS,0,10,0,0,2026-10-04T04:03:32Z
2026-10-04,2026,4,2026_04_DEN_SF,00-0040172,Jordan Watkins,WR,SF,DEN,48.5,-2.5,NA,NA,NA,PENDING,PENDING_GAME_DAY,DraftKings,750,3,0.10690095153752717,835.4453684623694,0.11764705882352941,0.125,-0.09134191193101905,-0.09134191193101904,3,0,PASS,Wide-receiver allocation edge,PASS,0,10,0,0,2026-10-04T04:03:32Z
2026-10-04,2026,4,2026_04_MIA_MIN,00-0038994,Jordan Addison,WR,MIN,MIA,38.5,-10,70,0,0,VERIFIED_DOME,PENDING_GAME_DAY,BetMGM,140,4,0.3780554560882324,164.51145827838954,0.4166666666666667,0.43478260869565216,-0.09266690538824233,-0.0926669053882423,3,0,PASS,Low total + heavy favorite,PASS,0,10,0,7,2026-10-04T04:03:32Z
2026-10-04,2026,4,2026_04_DEN_SF,00-0033881,Evan Engram,TE,DEN,SF,48.5,2.5,NA,NA,NA,PENDING,PENDING_GAME_DAY,DraftKings,450,3,0.1649359423707801,506.29598717299297,0.18181818181818182,0.18181818181818182,-0.09285231696070946,-0.09285231696070939,3,0,PASS,Tight-end allocation edge,PASS,0,10,0,0,2026-10-04T04:03:32Z
2026-10-04,2026,4,2026_04_DET_CAR,00-0033589,David Moore,WR,CAR,DET,51,3.5,NA,NA,NA,PENDING,PENDING_GAME_DAY,DraftKings,2200,4,0.039223849815091166,2449.46927625461,0.043478260869565216,0.047619047619047616,-0.09785145425290315,-0.0978514542529032,3,0,PASS,Wide-receiver allocation edge,PASS,0,10,0,4,2026-10-04T04:03:32Z
2026-10-04,2026,4,2026_04_LAC_SEA,00-0038797,Emanuel Wilson,RB,SEA,LAC,42.5,-7,NA,NA,NA,PENDING,PENDING_GAME_DAY,FanDuel,145,4,0.3679768516566799,171.7562247456244,0.40816326530612246,0.4184173669467787,-0.0984567134411342,-0.09845671344113416,3,1,PASS,Heavy-favorite scoring environment,PASS,0,10,0,0,2026-10-04T04:03:32Z
2026-10-04,2026,4,2026_04_IND_WAS,00-0035021,Ashton Dulin,WR,IND,WAS,46.5,-4.5,NA,NA,NA,PENDING,PENDING_GAME_DAY,FanDuel,1200,4,0.06928827668010089,1343.2455935034002,0.07692307692307693,0.08712121212121213,-0.09925240315868851,-0.09925240315868844,3,0,PASS,Wide-receiver allocation edge,PASS,0,10,0,0,2026-10-04T04:03:32Z
2026-10-04,2026,4,2026_04_DAL_HOU,00-0040138,Jaylin Noel,WR,HOU,DAL,48.5,-3,NA,NA,NA,PENDING,PENDING_GAME_DAY,DraftKings,650,4,0.11992741328081073,733.8377128659436,0.13333333333333333,0.1380952380952381,-0.1005444003939195,-0.10054440039391954,3,0,PASS,Wide-receiver allocation edge,PASS,0,10,0,3,2026-10-04T04:03:32Z
2026-10-05,2026,4,2026_04_ATL_NO,00-0033906,Alvin Kamara,RB,NO,ATL,48,-1.5,70,0,0,VERIFIED_DOME,PENDING_GAME_DAY,BetMGM,130,4,0.3910008110884224,155.7539451686345,0.43478260869565216,0.4484665661136249,-0.1006981344966285,-0.10069813449662857,3,0,PASS,No validated interaction,PASS,0,10,0,16,2026-10-04T04:03:32Z
2026-10-04,2026,4,2026_04_NYJ_CHI,00-0034959,Andrew Beck,RB,NYJ,CHI,43,3.5,NA,NA,NA,PENDING,PENDING_GAME_DAY,BetMGM,2800,4,0.03095847089745146,3130.133695273436,0.034482758620689655,0.03708791208791209,-0.10220434397390768,-0.10220434397390765,3,0,PASS,No validated interaction,PASS,0,10,0,7,2026-10-04T04:03:32Z
2026-10-04,2026,4,2026_04_NE_BUF,00-0037816,Romeo Doubs,WR,NE,BUF,50,7,NA,NA,NA,PENDING,PENDING_GAME_DAY,DraftKings,295,4,0.2266718124041902,341.1664553230149,0.25316455696202533,0.2667140825035562,-0.10464634100344873,-0.1046463410034486,3,1,PASS,Wide-receiver allocation edge,PASS,0,10,0,5,2026-10-04T04:03:32Z
2026-10-05,2026,4,2026_04_ATL_NO,00-0035208,Olamide Zaccheaus,WR,ATL,NO,48,1.5,70,0,0,VERIFIED_DOME,PENDING_GAME_DAY,BetMGM,775,4,0.10231604417785463,877.3638221017549,0.11428571428571428,0.125,-0.10473461344377197,-0.104734613443772,3,1,PASS,Wide-receiver allocation edge,PASS,0,10,0,16,2026-10-04T04:03:32Z
2026-10-04,2026,4,2026_04_DET_CAR,00-0031610,Darren Waller,TE,CAR,DET,51,3.5,NA,NA,NA,PENDING,PENDING_GAME_DAY,BetMGM,270,4,0.24191987268192314,313.3600059036086,0.2702702702702703,0.28006267136701923,-0.10489647107688445,-0.10489647107688438,3,1,PASS,Tight-end allocation edge,PASS,0,10,0,4,2026-10-04T04:03:32Z
2026-10-04,2026,4,2026_04_MIA_MIN,00-0036259,Jauan Jennings,WR,MIN,MIA,38.5,-10,70,0,0,VERIFIED_DOME,PENDING_GAME_DAY,DraftKings,425,4,0.17040699150949495,486.8303824519316,0.19047619047619047,0.19803921568627453,-0.10536329457515144,-0.10536329457515148,3,1,PASS,Low total + heavy favorite,PASS,0,10,0,7,2026-10-04T04:03:32Z
2026-10-04,2026,4,2026_04_KC_LV,00-0029604,Kirk Cousins,QB,LV,KC,48,4.5,70,0,0,VERIFIED_DOME,PENDING_GAME_DAY,FanDuel,1800,4,0.04708412542889842,2023.8580750747863,0.05263157894736842,0.0625,-0.10540161685092994,-0.10540161685092997,3,1,PASS,No validated interaction,PASS,0,10,0,9,2026-10-04T04:03:32Z
2026-10-04,2026,4,2026_04_GB_TB,00-0033921,Chris Godwin Jr.,WR,TB,GB,39,3,NA,NA,NA,PENDING,PENDING_GAME_DAY,DraftKings,500,4,0.14907339968647815,570.8104880569823,0.16666666666666666,0.17028985507246375,-0.10555960188113106,-0.10555960188113112,3,0,PASS,Low-total game edge,PASS,0,10,0,38,2026-10-04T04:03:32Z
2026-10-04,2026,4,2026_04_IND_WAS,00-0032951,Laquon Treadwell,WR,IND,WAS,46.5,-4.5,NA,NA,NA,PENDING,PENDING_GAME_DAY,DraftKings,425,4,0.1692154530930665,490.96257565200733,0.19047619047619047,0.2000800320128051,-0.1116188712614009,-0.11161887126140091,3,0,PASS,Wide-receiver allocation edge,PASS,0,10,0,0,2026-10-04T04:03:32Z
2026-10-04,2026,4,2026_04_NYJ_CHI,00-0039451,Isaiah Williams,WR,NYJ,CHI,43,3.5,NA,NA,NA,PENDING,PENDING_GAME_DAY,BetMGM,475,4,0.15446334981269402,547.4027665544119,0.17391304347826086,0.19139194139194138,-0.11183573857700935,-0.11183573857700935,3,0,PASS,Wide-receiver allocation edge,PASS,0,10,0,7,2026-10-04T04:03:32Z
2026-10-04,2026,4,2026_04_DET_CAR,00-0038840,Brycen Tremayne,WR,CAR,DET,51,3.5,NA,NA,NA,PENDING,PENDING_GAME_DAY,FanDuel,700,4,0.11082698094262751,802.307354666348,0.125,0.13333333333333333,-0.11338415245897993,-0.11338415245897993,3,0,PASS,Wide-receiver allocation edge,PASS,0,10,0,4,2026-10-04T04:03:32Z
2026-10-04,2026,4,2026_04_NE_BUF,00-0038621,DeMario Douglas,WR,NE,BUF,50,7,NA,NA,NA,PENDING,PENDING_GAME_DAY,DraftKings,390,4,0.1805994113682364,453.7116607545482,0.20408163265306123,0.21054964539007093,-0.11506288429564165,-0.1150628842956416,3,0,PASS,Wide-receiver allocation edge,PASS,0,10,0,5,2026-10-04T04:03:32Z
2026-10-04,2026,4,2026_04_DET_CAR,00-0036265,AJ Dillon,RB,CAR,DET,51,3.5,NA,NA,NA,PENDING,PENDING_GAME_DAY,BetMGM,700,4,0.11056980620365163,804.4060348248801,0.125,0.12916666666666665,-0.11544155037078696,-0.11544155037078696,3,1,PASS,No validated interaction,PASS,0,10,0,4,2026-10-04T04:03:32Z
2026-10-04,2026,4,2026_04_DAL_HOU,00-0038608,Kayshon Boutte,WR,HOU,DAL,48.5,-3,NA,NA,NA,PENDING,PENDING_GAME_DAY,BetMGM,390,4,0.17961990273936854,456.7311777531784,0.20408163265306123,0.23255813953488372,-0.11986247657709419,-0.11986247657709415,3,1,PASS,Wide-receiver allocation edge,PASS,0,10,0,3,2026-10-04T04:03:32Z
2026-10-04,2026,4,2026_04_LA_PHI,00-0039074,Davis Allen,TE,LAR,PHI,42.5,-3.5,NA,NA,NA,PENDING,PENDING_GAME_DAY,DraftKings,900,4,0.08779945846488035,1038.9591889111691,0.1,0.10818713450292397,-0.12200541535119652,-0.12200541535119647,3,0,PASS,Tight-end allocation edge,PASS,0,10,0,0,2026-10-04T04:03:32Z
2026-10-05,2026,4,2026_04_ATL_NO,00-0041067,Bryce Lance,WR,NO,ATL,48,-1.5,70,0,0,VERIFIED_DOME,PENDING_GAME_DAY,BetMGM,525,4,0.1404575640164308,611.9588090556798,0.16,0.16666666666666666,-0.12214022489730747,-0.12214022489730747,3,0,PASS,Wide-receiver allocation edge,PASS,0,10,0,16,2026-10-04T04:03:32Z
2026-10-04,2026,4,2026_04_DEN_SF,00-0036158,J.K. Dobbins,RB,DEN,SF,48.5,2.5,NA,NA,NA,PENDING,PENDING_GAME_DAY,DraftKings,130,3,0.3802878070316684,162.9587332303623,0.43478260869565216,0.4444444444444444,-0.1253380438271626,-0.12533804382716274,3,0,PASS,No validated interaction,PASS,0,10,0,0,2026-10-04T04:03:32Z
2026-10-04,2026,4,2026_04_NYJ_CHI,00-0039794,Braelon Allen,RB,NYJ,CHI,43,3.5,NA,NA,NA,PENDING,PENDING_GAME_DAY,DraftKings,130,4,0.38002450472476934,163.14092580009924,0.43478260869565216,0.43478260869565216,-0.1259436391330305,-0.12594363913303064,3,0,PASS,No validated interaction,PASS,0,10,0,7,2026-10-04T04:03:32Z
2026-10-04,2026,4,2026_04_MIA_MIN,00-0039710,Jeshaun Jones,WR,MIN,MIA,38.5,-10,70,0,0,VERIFIED_DOME,PENDING_GAME_DAY,DraftKings,3000,4,0.0280655839171254,3463.0828239771904,0.03225806451612903,0.03337041156840934,-0.12996689856911253,-0.1299668985691126,3,0,PASS,Low total + heavy favorite,PASS,0,10,0,7,2026-10-04T04:03:32Z
2026-10-04,2026,4,2026_04_NYJ_CHI,00-0041032,Kenyon Sadiq,TE,NYJ,CHI,43,3.5,NA,NA,NA,PENDING,PENDING_GAME_DAY,BetMGM,250,4,0.2481817445859663,302.93052241544524,0.2857142857142857,0.30536130536130535,-0.13136389394911785,-0.13136389394911796,3,0,PASS,Tight-end allocation edge,PASS,0,10,0,7,2026-10-04T04:03:32Z
2026-10-04,2026,4,2026_04_MIA_MIN,00-0040506,Myles Price,WR,MIN,MIA,38.5,-10,70,0,0,VERIFIED_DOME,PENDING_GAME_DAY,BetMGM,1050,4,0.0754459171919126,1225.4527709647814,0.08695652173913043,0.09307359307359307,-0.1323719522930051,-0.13237195229300514,3,0,PASS,Low total + heavy favorite,PASS,0,10,0,7,2026-10-04T04:03:32Z
2026-10-04,2026,4,2026_04_ARI_NYG,00-0039384,Tyrone Tracy Jr.,RB,NYG,ARI,44.5,2.5,NA,NA,NA,PENDING,PENDING_GAME_DAY,BetMGM,1050,4,0.07526087127774372,1228.7116970910245,0.08695652173913043,0.09090909090909091,-0.13449998030594715,-0.13449998030594723,3,0,PASS,No validated interaction,PASS,0,10,0,9,2026-10-04T04:03:32Z
2026-10-04,2026,4,2026_04_DEN_SF,00-0034348,Courtland Sutton,WR,DEN,SF,48.5,2.5,NA,NA,NA,PENDING,PENDING_GAME_DAY,DraftKings,215,3,0.27466666488408753,264.07767226576675,0.31746031746031744,0.31746031746031744,-0.13480000561512423,-0.13480000561512429,3,0,PASS,Wide-receiver allocation edge,PASS,0,10,0,0,2026-10-04T04:03:32Z
2026-10-04,2026,4,2026_04_TEN_BAL,00-0034753,Mark Andrews,TE,BAL,TEN,42.5,-11.5,NA,NA,NA,PENDING,PENDING_GAME_DAY,BetMGM,185,4,0.3026929492058825,230.3677877609995,0.3508771929824561,0.3767560664112388,-0.13732509476323476,-0.13732509476323473,3,0,PASS,Tight end + heavy favorite,PASS,0,10,0,6,2026-10-04T04:03:32Z
2026-10-04,2026,4,2026_04_GB_TB,00-0038090,Skyy Moore,WR,GB,TB,39,-3,NA,NA,NA,PENDING,PENDING_GAME_DAY,BetMGM,575,4,0.12765870650717412,683.3386592741344,0.14814814814814814,0.15384615384615385,-0.13830373107657465,-0.13830373107657468,3,1,PASS,Low-total game edge,PASS,0,10,0,38,2026-10-04T04:03:32Z
2026-10-04,2026,4,2026_04_LA_PHI,00-0034844,Saquon Barkley,RB,PHI,LAR,42.5,3.5,NA,NA,NA,PENDING,PENDING_GAME_DAY,Caesars,117,4,0.393189367913489,154.33037655789911,0.4608294930875576,0.46511627906976744,-0.14677907162772882,-0.14677907162772885,3,0,PASS,No validated interaction,PASS,0,10,0,0,2026-10-04T04:03:32Z
2026-10-04,2026,4,2026_04_LA_PHI,00-0036389,Jalen Hurts,QB,PHI,LAR,42.5,3.5,NA,NA,NA,PENDING,PENDING_GAME_DAY,BetMGM,190,4,0.29376219223245364,240.41140297887665,0.3448275862068966,0.36363636363636365,-0.1480896425258845,-0.1480896425258844,3,0,PASS,No validated interaction,PASS,0,10,0,0,2026-10-04T04:03:32Z
2026-10-04,2026,4,2026_04_IND_WAS,00-0041096,Kaytron Allen,RB,WAS,IND,46.5,4.5,NA,NA,NA,PENDING,PENDING_GAME_DAY,DraftKings,475,4,0.14813138749113605,575.0763743840841,0.17391304347826086,0.18614718614718614,-0.14824452192596768,-0.1482445219259677,3,0,PASS,No validated interaction,PASS,0,10,0,0,2026-10-04T04:03:32Z
2026-10-04,2026,4,2026_04_LA_PHI,00-0040867,Makai Lemon,WR,PHI,LAR,42.5,3.5,NA,NA,NA,PENDING,PENDING_GAME_DAY,BetMGM,375,4,0.17890193804018478,458.96543712979843,0.21052631578947367,0.23255813953488372,-0.15021579430912224,-0.15021579430912224,3,0,PASS,Wide-receiver allocation edge,PASS,0,10,0,0,2026-10-04T04:03:32Z
2026-10-04,2026,4,2026_04_NYJ_CHI,00-0030565,Geno Smith,QB,NYJ,CHI,43,3.5,NA,NA,NA,PENDING,PENDING_GAME_DAY,DraftKings,1000,4,0.07703338454902199,1198.1384705531493,0.09090909090909091,0.09545454545454546,-0.1526327699607581,-0.15263276996075814,3,1,PASS,No validated interaction,PASS,0,10,0,7,2026-10-04T04:03:32Z
2026-10-04,2026,4,2026_04_IND_WAS,00-0039355,Luke McCaffrey,WR,WAS,IND,46.5,4.5,NA,NA,NA,PENDING,PENDING_GAME_DAY,DraftKings,3000,3,0.027327980644040416,3559.2531772671477,0.03225806451612903,0.03225806451612903,-0.15283260003474708,-0.15283260003474708,3,0,PASS,Wide-receiver allocation edge,PASS,0,10,0,0,2026-10-04T04:03:32Z
2026-10-04,2026,4,2026_04_TEN_BAL,00-0037594,Julius Chestnut,RB,TEN,BAL,42.5,11.5,NA,NA,NA,PENDING,PENDING_GAME_DAY,DraftKings,4000,3,0.020631640260917742,4746.924371273996,0.024390243902439025,0.024390243902439025,-0.1541027493023726,-0.15410274930237255,3,0,PASS,No validated interaction,PASS,0,10,0,6,2026-10-04T04:03:32Z
2026-10-04,2026,4,2026_04_LAC_SEA,00-0039793,AJ Barner,TE,SEA,LAC,42.5,-7,NA,NA,NA,PENDING,PENDING_GAME_DAY,BetMGM,270,4,0.2280213334811983,338.55545651497386,0.2702702702702703,0.2702702702702703,-0.15632106611956634,-0.1563210661195663,3,0,PASS,Tight end + heavy favorite,PASS,0,10,0,0,2026-10-04T04:03:32Z
2026-10-04,2026,4,2026_04_NE_BUF,00-0041443,Skyler Bell,WR,BUF,NE,50,-7,NA,NA,NA,PENDING,PENDING_GAME_DAY,DraftKings,1000,3,0.07659729868862783,1205.529068414089,0.09090909090909091,0.09090909090909091,-0.1574297144250939,-0.1574297144250939,3,0,PASS,Heavy-favorite scoring environment,PASS,0,10,0,5,2026-10-04T04:03:32Z
2026-10-04,2026,4,2026_04_DET_CAR,00-0040187,Mitchell Evans,TE,CAR,DET,51,3.5,NA,NA,NA,PENDING,PENDING_GAME_DAY,DraftKings,800,4,0.09316611543903364,973.3516099577893,0.1111111111111111,0.11437908496732026,-0.16150496104869722,-0.16150496104869727,3,0,PASS,Tight-end allocation edge,PASS,0,10,0,4,2026-10-04T04:03:32Z
2026-10-04,2026,4,2026_04_JAX_CIN,00-0041106,C.J. Williams,WR,JAX,CIN,52,2.5,NA,NA,NA,PENDING,PENDING_GAME_DAY,DraftKings,1400,3,0.05583472962701735,1690.9999863527937,0.06666666666666667,0.06666666666666667,-0.16247905559473977,-0.16247905559473974,3,0,PASS,Wide-receiver allocation edge,PASS,0,10,0,7,2026-10-04T04:03:32Z
2026-10-04,2026,4,2026_04_IND_WAS,00-0040128,Tyler Warren,TE,IND,WAS,46.5,-4.5,NA,NA,NA,PENDING,PENDING_GAME_DAY,FanDuel,165,4,0.31541391490158815,217.0437170826812,0.37735849056603776,0.391390931372549,-0.16415312551079145,-0.16415312551079142,3,0,PASS,Tight-end allocation edge,PASS,0,10,0,0,2026-10-04T04:03:32Z
2026-10-04,2026,4,2026_04_LAC_SEA,00-0038573,Derius Davis,WR,LAC,SEA,42.5,7,NA,NA,NA,PENDING,PENDING_GAME_DAY,DraftKings,1300,3,0.05956913470972029,1578.7217153194997,0.07142857142857142,0.07692307692307693,-0.16603211406391585,-0.16603211406391594,3,0,PASS,Wide-receiver allocation edge,PASS,0,10,0,0,2026-10-04T04:03:32Z
2026-10-04,2026,4,2026_04_ARI_NYG,00-0039849,Marvin Harrison Jr.,WR,ARI,NYG,44.5,-2.5,NA,NA,NA,PENDING,PENDING_GAME_DAY,DraftKings,360,4,0.18091326293747068,452.75107184686146,0.21739130434782608,0.2222222222222222,-0.16779899048763486,-0.1677989904876349,3,0,PASS,Wide-receiver allocation edge,PASS,0,10,0,9,2026-10-04T04:03:32Z
2026-10-04,2026,4,2026_04_MIA_MIN,00-0038824,Ryan Miller,WR,MIA,MIN,38.5,10,70,0,0,VERIFIED_DOME,PENDING_GAME_DAY,FanDuel,1700,4,0.04572795885882923,2086.8459143063596,0.05555555555555555,0.05798319327731093,-0.17689674054107382,-0.17689674054107385,3,1,PASS,Low-total game edge,PASS,0,10,0,7,2026-10-04T04:03:32Z
2026-10-04,2026,4,2026_04_DEN_SF,00-0039365,Jacob Cowing,WR,SF,DEN,48.5,-2.5,NA,NA,NA,PENDING,PENDING_GAME_DAY,DraftKings,700,3,0.10141358992799099,886.0611390544925,0.125,0.13793103448275862,-0.1886912805760721,-0.1886912805760721,3,0,PASS,Wide-receiver allocation edge,PASS,0,10,0,0,2026-10-04T04:03:32Z
2026-10-04,2026,4,2026_04_MIA_MIN,00-0036425,DeeJay Dallas,RB,MIN,MIA,38.5,-10,70,0,0,VERIFIED_DOME,PENDING_GAME_DAY,DraftKings,800,4,0.08921822083610259,1020.8472783121732,0.1111111111111111,0.1213235294117647,-0.19703601247507663,-0.19703601247507674,3,1,PASS,Low total + heavy favorite,PASS,0,10,0,7,2026-10-04T04:03:32Z
2026-10-05,2026,4,2026_04_ATL_NO,00-0041099,Barion Brown,WR,NO,ATL,48,-1.5,70,0,0,VERIFIED_DOME,PENDING_GAME_DAY,DraftKings,1100,3,0.06666287604874441,1400.0852937529912,0.08333333333333333,0.08333333333333333,-0.20004548741506706,-0.2000454874150671,3,0,PASS,Wide-receiver allocation edge,PASS,0,10,0,16,2026-10-04T04:03:32Z
2026-10-04,2026,4,2026_04_ARI_NYG,00-0039337,Malik Nabers,WR,NYG,ARI,44.5,2.5,NA,NA,NA,PENDING,PENDING_GAME_DAY,BetMGM,200,4,0.2664793279895424,275.2636302202187,0.3333333333333333,0.3389830508474576,-0.2005620160313728,-0.2005620160313728,3,0,PASS,Wide-receiver allocation edge,PASS,0,10,0,9,2026-10-04T04:03:32Z
2026-10-04,2026,4,2026_04_LA_PHI,00-0040024,Darius Cooper,WR,PHI,LAR,42.5,3.5,NA,NA,NA,PENDING,PENDING_GAME_DAY,FanDuel,650,4,0.1061245411316212,842.2891155399652,0.13333333333333333,0.14285714285714285,-0.20406594151284096,-0.20406594151284096,3,0,PASS,Wide-receiver allocation edge,PASS,0,10,0,0,2026-10-04T04:03:32Z
2026-10-04,2026,4,2026_04_LAC_SEA,00-0037545,Rashid Shaheed,WR,SEA,LAC,42.5,-7,NA,NA,NA,PENDING,PENDING_GAME_DAY,DraftKings,300,4,0.19890593773501014,402.75020011330025,0.25,0.2597840755735492,-0.20437624905995944,-0.20437624905995944,3,0,PASS,Heavy-favorite scoring environment,PASS,0,10,0,0,2026-10-04T04:03:32Z
2026-10-04,2026,4,2026_04_JAX_CIN,00-0033526,Samaje Perine,RB,CIN,JAX,52,-2.5,NA,NA,NA,PENDING,PENDING_GAME_DAY,DraftKings,450,4,0.14282640151397769,600.1506650030212,0.18181818181818182,0.18614718614718614,-0.21445479167312276,-0.21445479167312276,3,0,PASS,No validated interaction,PASS,0,10,0,7,2026-10-04T04:03:32Z
2026-10-05,2026,4,2026_04_ATL_NO,00-0039917,Michael Penix Jr.,QB,ATL,NO,48,1.5,70,0,0,VERIFIED_DOME,PENDING_GAME_DAY,BetMGM,1050,4,0.06826537146816862,1364.8715424719967,0.08695652173913043,0.10882352941176471,-0.21494822811606085,-0.21494822811606085,3,0,PASS,No validated interaction,PASS,0,10,0,16,2026-10-04T04:03:32Z
2026-10-04,2026,4,2026_04_DAL_HOU,00-0039163,C.J. Stroud,QB,HOU,DAL,48.5,-3,NA,NA,NA,PENDING,PENDING_GAME_DAY,DraftKings,600,4,0.11198036155392894,793.0137268028083,0.14285714285714285,0.1514285714285714,-0.21613746912249734,-0.21613746912249743,3,0,PASS,No validated interaction,PASS,0,10,0,3,2026-10-04T04:03:32Z
2026-10-04,2026,4,2026_04_IND_WAS,00-0041125,Seth McGowan,RB,IND,WAS,46.5,-4.5,NA,NA,NA,PENDING,PENDING_GAME_DAY,DraftKings,950,4,0.07448384099671033,1242.573082454443,0.09523809523809523,0.09761904761904762,-0.21791966953454145,-0.21791966953454145,3,0,PASS,No validated interaction,PASS,0,10,0,0,2026-10-04T04:03:32Z
2026-10-04,2026,4,2026_04_DET_CAR,00-0039150,Bryce Young,QB,CAR,DET,51,3.5,NA,NA,NA,PENDING,PENDING_GAME_DAY,BetMGM,575,4,0.11445276456500275,773.7228880409053,0.14814814814814814,0.16954022988505746,-0.22744383918623137,-0.22744383918623146,3,0,PASS,No validated interaction,PASS,0,10,0,4,2026-10-04T04:03:32Z
2026-10-04,2026,4,2026_04_IND_WAS,00-0040164,Jaylin Lane,WR,WAS,IND,46.5,4.5,NA,NA,NA,PENDING,PENDING_GAME_DAY,BetMGM,1100,4,0.06400134411897969,1462.4671852843926,0.08333333333333333,0.08333333333333333,-0.23198387057224368,-0.23198387057224368,3,0,PASS,Wide-receiver allocation edge,PASS,0,10,0,0,2026-10-04T04:03:32Z
2026-10-04,2026,4,2026_04_GB_TB,00-0038996,Tucker Kraft,TE,GB,TB,39,-3,NA,NA,NA,PENDING,PENDING_GAME_DAY,FanDuel,260,4,0.21304128488861226,369.3925876962514,0.2777777777777778,0.2857726066544193,-0.23305137440099588,-0.23305137440099588,3,0,PASS,Low total + tight-end edge,PASS,0,10,0,38,2026-10-04T04:03:32Z
2026-10-04,2026,4,2026_04_JAX_CIN,00-0038935,Brenton Strange,TE,JAX,CIN,52,2.5,NA,NA,NA,PENDING,PENDING_GAME_DAY,FanDuel,260,4,0.21221194065394247,371.2270181020194,0.2777777777777778,0.28370221327967804,-0.23603701364580715,-0.2360370136458071,3,0,PASS,Tight-end allocation edge,PASS,0,10,0,7,2026-10-04T04:03:32Z
2026-10-04,2026,4,2026_04_IND_WAS,00-0037809,Chig Okonkwo,TE,WAS,IND,46.5,4.5,NA,NA,NA,PENDING,PENDING_GAME_DAY,FanDuel,360,4,0.16496956559391485,506.17241513599924,0.21739130434782608,0.2222222222222222,-0.24113999826799168,-0.24113999826799182,3,1,PASS,Tight-end allocation edge,PASS,0,10,0,0,2026-10-04T04:03:32Z
2026-10-04,2026,4,2026_04_DEN_SF,00-0039732,Bo Nix,QB,DEN,SF,48.5,2.5,NA,NA,NA,PENDING,PENDING_GAME_DAY,DraftKings,390,3,0.15388253517758904,549.8463252154926,0.20408163265306123,0.20408163265306123,-0.2459755776298137,-0.2459755776298136,3,0,PASS,No validated interaction,PASS,0,10,0,0,2026-10-04T04:03:32Z
2026-10-04,2026,4,2026_04_KC_LV,00-0033873,Patrick Mahomes,QB,KC,LV,48,-4.5,70,0,0,VERIFIED_DOME,PENDING_GAME_DAY,FanDuel,430,4,0.14124682179706807,607.9805317224897,0.18867924528301888,0.19047619047619047,-0.25139184447553925,-0.2513918444755392,3,0,PASS,No validated interaction,PASS,0,10,0,9,2026-10-04T04:03:32Z
2026-10-04,2026,4,2026_04_KC_LV,00-0040078,Brashard Smith,RB,KC,LV,48,-4.5,70,0,0,VERIFIED_DOME,PENDING_GAME_DAY,DraftKings,650,3,0.09977609836502188,902.2440407938082,0.13333333333333333,0.14285714285714285,-0.2516792622623359,-0.25167926226233583,3,0,PASS,No validated interaction,PASS,0,10,0,9,2026-10-04T04:03:32Z
2026-10-04,2026,4,2026_04_DET_CAR,00-0033106,Jared Goff,QB,DET,CAR,51,-3.5,NA,NA,NA,PENDING,PENDING_GAME_DAY,BetMGM,1350,4,0.05149240927585127,1842.0338144266568,0.06896551724137931,0.07417582417582418,-0.2533600655001566,-0.25336006550015666,3,0,PASS,No validated interaction,PASS,0,10,0,4,2026-10-04T04:03:32Z
2026-10-04,2026,4,2026_04_ARI_NYG,00-0031503,Jameis Winston,QB,NYG,ARI,44.5,2.5,NA,NA,NA,PENDING,PENDING_GAME_DAY,DraftKings,850,4,0.0777163590707973,1186.7303769197804,0.10526315789473684,0.11437908496732026,-0.26169458882742563,-0.2616945888274257,3,0,PASS,No validated interaction,PASS,0,10,0,9,2026-10-04T04:03:32Z
2026-10-04,2026,4,2026_04_LAC_SEA,00-0036355,Justin Herbert,QB,LAC,SEA,42.5,7,NA,NA,NA,PENDING,PENDING_GAME_DAY,FanDuel,700,4,0.09192315988502005,987.8651269721655,0.125,0.135632183908046,-0.2646147209198396,-0.2646147209198396,3,0,PASS,No validated interaction,PASS,0,10,0,0,2026-10-04T04:03:32Z
2026-10-04,2026,4,2026_04_MIA_MIN,00-0039874,Jaylen Wright,RB,MIA,MIN,38.5,10,70,0,0,VERIFIED_DOME,PENDING_GAME_DAY,FanDuel,380,4,0.15265472275905034,555.0730838366503,0.20833333333333334,0.2150786308973173,-0.2672573307565584,-0.26725733075655833,3,0,PASS,Low-total game edge,PASS,0,10,0,7,2026-10-04T04:03:32Z
2026-10-04,2026,4,2026_04_NE_BUF,00-0033090,Hunter Henry,TE,NE,BUF,50,7,NA,NA,NA,PENDING,PENDING_GAME_DAY,BetMGM,280,4,0.19210878123917988,420.5384124294542,0.2631578947368421,0.27984344422700586,-0.26998663129111644,-0.26998663129111655,3,0,PASS,Tight-end allocation edge,PASS,0,10,0,5,2026-10-04T04:03:32Z
2026-10-04,2026,4,2026_04_LAC_SEA,00-0039299,George Holani,RB,SEA,LAC,42.5,-7,NA,NA,NA,PENDING,PENDING_GAME_DAY,DraftKings,170,4,0.2662921947583777,275.5273416509102,0.37037037037037035,0.382477694895422,-0.28101107415238025,-0.28101107415238025,3,0,PASS,Heavy-favorite scoring environment,PASS,0,10,0,0,2026-10-04T04:03:32Z
2026-10-04,2026,4,2026_04_MIA_MIN,00-0035228,Kyler Murray,QB,MIN,MIA,38.5,-10,70,0,0,VERIFIED_DOME,PENDING_GAME_DAY,DraftKings,360,4,0.15510547509591607,544.7225666157867,0.21739130434782608,0.22233201581027667,-0.286514814558786,-0.28651481455878614,3,1,PASS,Low total + heavy favorite,PASS,0,10,0,7,2026-10-04T04:03:32Z
2026-10-04,2026,4,2026_04_JAX_CIN,00-0040785,Dohnte Meyers,WR,CIN,JAX,52,-2.5,NA,NA,NA,PENDING,PENDING_GAME_DAY,DraftKings,450,4,0.12845108837591288,678.5064436927884,0.18181818181818182,0.18957771787960467,-0.2935190139324792,-0.29351901393247914,3,0,PASS,Wide-receiver allocation edge,PASS,0,10,0,7,2026-10-04T04:03:32Z
2026-10-04,2026,4,2026_04_LAC_SEA,00-0040189,Oronde Gadsden II,TE,LAC,SEA,42.5,7,NA,NA,NA,PENDING,PENDING_GAME_DAY,BetMGM,390,4,0.1440156326900064,594.36906349778,0.20408163265306123,0.21054964539007093,-0.2943233998189687,-0.2943233998189686,3,0,PASS,Tight-end allocation edge,PASS,0,10,0,0,2026-10-04T04:03:32Z
2026-10-04,2026,4,2026_04_MIA_MIN,00-0040154,Tai Felton,WR,MIN,MIA,38.5,-10,70,0,0,VERIFIED_DOME,PENDING_GAME_DAY,DraftKings,550,4,0.10671127717194784,837.1080793913309,0.15384615384615385,0.15692307692307694,-0.3063766983823391,-0.30637669838233905,3,0,PASS,Low total + heavy favorite,PASS,0,10,0,7,2026-10-04T04:03:32Z
2026-10-04,2026,4,2026_04_GB_TB,00-0040142,Kaleb Johnson,RB,GB,TB,39,-3,NA,NA,NA,PENDING,PENDING_GAME_DAY,DraftKings,255,4,0.1952019384013802,412.289994755979,0.28169014084507044,0.30303030303030304,-0.3070331186751003,-0.3070331186751003,3,1,PASS,Low-total game edge,PASS,0,10,0,38,2026-10-04T04:03:32Z
2026-10-05,2026,4,2026_04_ATL_NO,00-0036970,Kyle Pitts,TE,ATL,NO,48,1.5,70,0,0,VERIFIED_DOME,PENDING_GAME_DAY,DraftKings,360,4,0.14943282227837104,569.197024290386,0.21739130434782608,0.22739018087855295,-0.3126090175194932,-0.3126090175194932,3,0,PASS,Tight-end allocation edge,PASS,0,10,0,16,2026-10-04T04:03:32Z
2026-10-04,2026,4,2026_04_JAX_CIN,00-0036971,Trevor Lawrence,QB,JAX,CIN,52,2.5,NA,NA,NA,PENDING,PENDING_GAME_DAY,BetMGM,350,4,0.14834940901653415,574.0842492257896,0.2222222222222222,0.2299154334038055,-0.33242765942559627,-0.3324276594255964,3,0,PASS,No validated interaction,PASS,0,10,0,7,2026-10-04T04:03:32Z
2026-10-04,2026,4,2026_04_NYJ_CHI,00-0039798,Isaiah Davis,RB,NYJ,CHI,43,3.5,NA,NA,NA,PENDING,PENDING_GAME_DAY,DraftKings,400,4,0.12849826841060488,678.2206035684374,0.2,0.21073646850044364,-0.3575086579469756,-0.3575086579469756,3,0,PASS,No validated interaction,PASS,0,10,0,7,2026-10-04T04:03:32Z
2026-10-04,2026,4,2026_04_IND_WAS,00-0035710,Daniel Jones,QB,IND,WAS,46.5,-4.5,NA,NA,NA,PENDING,PENDING_GAME_DAY,BetMGM,425,4,0.122370164759195,717.1926563699908,0.19047619047619047,0.2000800320128051,-0.3575566350142262,-0.3575566350142262,3,0,PASS,No validated interaction,PASS,0,10,0,0,2026-10-04T04:03:32Z
2026-10-04,2026,4,2026_04_NYJ_CHI,00-0040126,Colston Loveland,TE,CHI,NYJ,43,-3.5,NA,NA,NA,PENDING,PENDING_GAME_DAY,BetMGM,270,4,0.17095133940895738,484.9617812047413,0.2702702702702703,0.2985739750445633,-0.36748004418685776,-0.36748004418685765,3,0,PASS,Tight-end allocation edge,PASS,0,10,0,7,2026-10-04T04:03:32Z
2026-10-04,2026,4,2026_04_GB_TB,00-0036264,Jordan Love,QB,GB,TB,39,-3,NA,NA,NA,PENDING,PENDING_GAME_DAY,BetMGM,825,4,0.06828227351614449,1364.508939884028,0.10810810810810811,0.125,-0.3683889699756635,-0.3683889699756634,3,0,PASS,Low-total game edge,PASS,0,10,0,38,2026-10-04T04:03:32Z
2026-10-04,2026,4,2026_04_LA_PHI,00-0036244,Colby Parkinson,TE,LAR,PHI,42.5,-3.5,NA,NA,NA,PENDING,PENDING_GAME_DAY,BetMGM,380,4,0.1295827279684534,671.7077851945265,0.20833333333333334,0.23809523809523808,-0.37800290575142365,-0.3780029057514237,3,0,PASS,Tight-end allocation edge,PASS,0,10,0,0,2026-10-04T04:03:32Z
2026-10-04,2026,4,2026_04_MIA_MIN,00-0035229,T.J. Hockenson,TE,MIN,MIA,38.5,-10,70,0,0,VERIFIED_DOME,PENDING_GAME_DAY,BetMGM,185,4,0.2181148715094436,358.47401100144776,0.3508771929824561,0.36038961038961037,-0.37837261619808576,-0.3783726161980857,3,0,PASS,Low total + TE + heavy favorite,PASS,0,10,0,7,2026-10-04T04:03:32Z
2026-10-04,2026,4,2026_04_IND_WAS,00-0032268,Marcus Mariota,QB,WAS,IND,46.5,4.5,NA,NA,NA,PENDING,PENDING_GAME_DAY,DraftKings,400,4,0.12290145077260348,713.6600452750022,0.2,0.20416666666666666,-0.38549274613698264,-0.3854927461369826,3,0,PASS,No validated interaction,PASS,0,10,0,0,2026-10-04T04:03:32Z
2026-10-04,2026,4,2026_04_LAC_SEA,00-0034869,Sam Darnold,QB,SEA,LAC,42.5,-7,NA,NA,NA,PENDING,PENDING_GAME_DAY,FanDuel,1000,4,0.05166087573139704,1835.7008293845997,0.09090909090909091,0.09523809523809523,-0.43173036695463257,-0.4317303669546325,3,0,PASS,Heavy-favorite scoring environment,PASS,0,10,0,0,2026-10-04T04:03:32Z
2026-10-04,2026,4,2026_04_NYJ_CHI,00-0038416,Tyson Bagent,QB,CHI,NYJ,43,-3.5,NA,NA,NA,PENDING,PENDING_GAME_DAY,BetMGM,500,4,0.07685199361856516,1201.2024189811384,0.16666666666666666,0.18295739348370926,-0.538888038288609,-0.538888038288609,3,0,PASS,No validated interaction,PASS,0,10,0,7,2026-10-04T04:03:32Z
2026-10-04,2026,4,2026_04_GB_TB,00-0041251,Jalon Daniels,QB,TB,GB,39,3,NA,NA,NA,PENDING,PENDING_GAME_DAY,DraftKings,370,4,0.09490611203304543,953.6729179800446,0.2127659574468085,0.21980676328502413,-0.5539412734446865,-0.5539412734446865,3,0,PASS,Low-total game edge,PASS,0,10,0,38,2026-10-04T04:03:32Z
