key,market,book,player_id,player,opp_ids,opponent,book_odds,dg_fair_p,dg_fair_odds,ev_vs_dg,event,ts,close_odds,close_dg_fair_p,clv_pct,beat,ev_at_close,flagged
"3_balls bet365 10104 19840,25908",3_balls,bet365,10104,"Power, Seamus","19840,25908","Ramey, Chad / Whaley, Vince",2.62,0.34859,2.869,-0.0867,RBC Canadian Open,2026-06-10 09:51:07.45615,2.62,0.34859,0,FALSE,-0.0866942,FALSE
"3_balls bet365 10419 17786,18628",3_balls,bet365,10419,"Noren, Alex","17786,18628","Davis, Cam / Campbell, Brian",1.725,0.56186,1.78,-0.031,RBC Canadian Open,2026-06-10 09:51:07.45615,1.725,0.56186,0,FALSE,-0.0307914999999999,FALSE
"3_balls bet365 10873 20766,30036882",3_balls,bet365,10873,"Skinns, David","20766,30036882","Brown, Dan / Zhao, Eric",2.25,0.43386,2.305,-0.0238,RBC Canadian Open,2026-06-10 09:51:07.45615,2.25,0.43386,0,FALSE,-0.0238149999999999,FALSE
"3_balls bet365 11276 12423,27364",3_balls,bet365,11276,"Horschel, Billy","12423,27364","Kirk, Chris / Thompson, Davis",3.1,0.27127,3.686,-0.1591,RBC Canadian Open,2026-06-10 09:51:07.45615,3.1,0.27127,0,FALSE,-0.159063,FALSE
"3_balls bet365 11441 17032,22002",3_balls,bet365,11441,"Covello, Vince","17032,22002","Tosti, Alejandro / Dumont De Chassart, Adrien",4.2,0.16239,6.158,-0.318,RBC Canadian Open,2026-06-10 09:51:07.45615,4.2,0.16239,0,FALSE,-0.317962,FALSE
"3_balls bet365 11451 15470,25157",3_balls,bet365,11451,"Garnett, Brice","15470,25157","Hossler, Beau / Hodges, Lee",3.5,0.25062,3.99,-0.1228,RBC Canadian Open,2026-06-10 09:51:07.45615,3.5,0.25062,0,FALSE,-0.12283,FALSE
"3_balls bet365 11676 24342,29197",3_balls,bet365,11676,"Finau, Tony","24342,29197","Higgo, Garrick / Brennan, Michael",2.6,0.37013,2.702,-0.0377,RBC Canadian Open,2026-06-10 09:51:07.45615,2.6,0.37013,0,FALSE,-0.037662,FALSE
"3_balls bet365 11889 13126,16243",3_balls,bet365,11889,"Fox, Ryan","13126,16243","Taylor, Nick / Koepka, Brooks",3,0.32072,3.118,-0.0378,RBC Canadian Open,2026-06-10 09:51:07.45615,3,0.32072,0,FALSE,-0.03784,FALSE
"3_balls bet365 12294 17576,23014",3_balls,bet365,12294,"Fleetwood, Tommy","17576,23014","Conners, Corey / Theegala, Sahith",2.05,0.47441,2.108,-0.0275,RBC Canadian Open,2026-06-10 09:51:07.45615,2.05,0.47441,0,FALSE,-0.0274595000000001,FALSE
"3_balls bet365 12423 11276,27364",3_balls,bet365,12423,"Kirk, Chris","11276,27364","Horschel, Billy / Thompson, Davis",2.87,0.31569,3.168,-0.094,RBC Canadian Open,2026-06-10 09:51:07.45615,2.87,0.31569,0,FALSE,-0.0939696999999999,FALSE
"3_balls bet365 12426 19846,31347",3_balls,bet365,12426,"Waring, Paul","19846,31347","Bauchou, Zach / Desmarchais, Laurent",2.45,0.3969,2.52,-0.0276,RBC Canadian Open,2026-06-10 09:51:07.45615,2.45,0.3969,0,FALSE,-0.027595,FALSE
"3_balls bet365 12808 17550,5716",3_balls,bet365,12808,"Grillo, Emiliano","17550,5716","Harrington, Padraig / Van Rooyen, Erik",2.3,0.42119,2.374,-0.0313,RBC Canadian Open,2026-06-10 09:51:07.45615,2.3,0.42119,0,FALSE,-0.031263,FALSE
"3_balls bet365 12909 16715,23505",3_balls,bet365,12909,"Campos, Rafael","16715,23505","Ryder, Sam / McGreevy, Max",4.33,0.19106,5.234,-0.1727,RBC Canadian Open,2026-06-10 09:51:07.45615,4.33,0.19106,0,FALSE,-0.1727102,FALSE
"3_balls bet365 12920 17723,21943",3_balls,bet365,12920,"Willett, Danny","17723,21943","Lower, Justin / Lebioda, Hank",2.62,0.33356,2.998,-0.1261,RBC Canadian Open,2026-06-10 09:51:07.45615,2.62,0.33356,0,FALSE,-0.1260728,FALSE
"3_balls bet365 13126 11889,16243",3_balls,bet365,13126,"Taylor, Nick","11889,16243","Fox, Ryan / Koepka, Brooks",2.62,0.34166,2.927,-0.1048,RBC Canadian Open,2026-06-10 09:51:07.45615,2.62,0.34166,0,FALSE,-0.1048508,FALSE
"3_balls bet365 13412 13997,19960",3_balls,bet365,13412,"Olesen, Thorbjorn","13997,19960","Svensson, Adam / Pavon, Matthieu",2.37,0.3956,2.528,-0.0624,RBC Canadian Open,2026-06-10 09:51:07.45615,2.37,0.3956,0,FALSE,-0.0624279999999999,FALSE
"3_balls bet365 13470 15980,24550",3_balls,bet365,13470,"Kizzire, Patton","15980,24550","Lipsky, David / Ghim, Doug",4,0.19436,5.145,-0.2225,RBC Canadian Open,2026-06-10 09:51:07.45615,4,0.19436,0,FALSE,-0.22256,FALSE
"3_balls bet365 13508 17538,26657",3_balls,bet365,13508,"Vegas, Jhonattan","17538,26657","Homa, Max / Fisk, Steven",3.25,0.27616,3.621,-0.1025,RBC Canadian Open,2026-06-10 09:51:07.45615,3.25,0.27616,0,FALSE,-0.10248,FALSE
"3_balls bet365 13764 16591,30717",3_balls,bet365,13764,"Parry, John","16591,30717","Rozo, Marcelo / O'Donovan, Declan",2.1,0.46548,2.148,-0.0225,RBC Canadian Open,2026-06-10 09:51:07.45615,2.1,0.46548,0,FALSE,-0.022492,FALSE
"3_balls bet365 13900 23323,25362",3_balls,bet365,13900,"Lowry, Shane","23323,25362","MacIntyre, Robert / Fitzpatrick, Alex",2.8,0.32639,3.064,-0.0861,RBC Canadian Open,2026-06-10 09:51:07.45615,2.8,0.32639,0,FALSE,-0.0861080000000001,FALSE
"3_balls bet365 13965 15556,5513",3_balls,bet365,13965,"Hadwin, Adam","15556,5513","Weir, Mike / Hughes, Mackenzie",2.37,0.41786,2.393,-0.0097,RBC Canadian Open,2026-06-10 09:51:07.45615,2.37,0.41786,0,FALSE,-0.0096717999999999,FALSE
"3_balls bet365 13997 13412,19960",3_balls,bet365,13997,"Svensson, Adam","13412,19960","Olesen, Thorbjorn / Pavon, Matthieu",2.9,0.30875,3.239,-0.1046,RBC Canadian Open,2026-06-10 09:51:07.45615,2.9,0.30875,0,FALSE,-0.104625,FALSE
"3_balls bet365 14007 14704,18103",3_balls,bet365,14007,"Martin, Ben","14704,18103","Putnam, Andrew / Bezuidenhout, Christiaan",4.5,0.15969,6.262,-0.2814,RBC Canadian Open,2026-06-10 09:51:07.45615,4.5,0.15969,0,FALSE,-0.281395,FALSE
"3_balls bet365 14050 22985,25003",3_balls,bet365,14050,"Sloan, Roger","22985,25003","Smotherman, Austin / Walker, Danny",3.2,0.29301,3.413,-0.0624,RBC Canadian Open,2026-06-10 09:51:07.45615,3.2,0.29301,0,FALSE,-0.062368,FALSE
"3_balls bet365 14502 19870,23465",3_balls,bet365,14502,"Cauley, Bud","19870,23465","McCarthy, Denny / Greyserman, Max",2.37,0.41018,2.438,-0.0279,RBC Canadian Open,2026-06-10 09:51:07.45615,2.37,0.41018,0,FALSE,-0.0278733999999999,FALSE
"3_balls bet365 14509 16333,32457",3_balls,bet365,14509,"Dahmen, Joel","16333,32457","Hubbard, Mark / Keefer, Johnny",3.25,0.2919,3.426,-0.0513,RBC Canadian Open,2026-06-10 09:51:07.45615,3.25,0.2919,0,FALSE,-0.0513250000000001,FALSE
"3_balls bet365 14704 14007,18103",3_balls,bet365,14704,"Putnam, Andrew","14007,18103","Martin, Ben / Bezuidenhout, Christiaan",2.3,0.4237,2.36,-0.0255,RBC Canadian Open,2026-06-10 09:51:07.45615,2.3,0.4237,0,FALSE,-0.02549,FALSE
"3_balls bet365 14926 19729,20706",3_balls,bet365,14926,"Malnati, Peter","19729,20706","Kanaya, Takumi / Wallace, Matt",3.75,0.2407,4.155,-0.0974,RBC Canadian Open,2026-06-10 09:51:07.45615,3.75,0.2407,0,FALSE,-0.097375,FALSE
"3_balls bet365 15310 24956,32259",3_balls,bet365,15310,"Li, Haotong","24956,32259","Blanchet, Chandler / Matthews, Justin",2.15,0.44371,2.254,-0.046,RBC Canadian Open,2026-06-10 09:51:07.45615,2.15,0.44371,0,FALSE,-0.0460235000000001,FALSE
"3_balls bet365 15330 21944,9171",3_balls,bet365,15330,"Griffin, Lanto","21944,9171","Villegas, Camilo / Moore, Taylor",2.75,0.33533,2.982,-0.0779,RBC Canadian Open,2026-06-10 09:51:07.45615,2.75,0.33533,0,FALSE,-0.0778424999999999,FALSE
"3_balls bet365 15470 11451,25157",3_balls,bet365,15470,"Hossler, Beau","11451,25157","Garnett, Brice / Hodges, Lee",2.5,0.37481,2.668,-0.063,RBC Canadian Open,2026-06-10 09:51:07.45615,2.5,0.37481,0,FALSE,-0.062975,FALSE
"3_balls bet365 15556 13965,5513",3_balls,bet365,15556,"Hughes, Mackenzie","13965,5513","Weir, Mike / Hadwin, Adam",2,0.47595,2.101,-0.0481,RBC Canadian Open,2026-06-10 09:51:07.45615,2,0.47595,0,FALSE,-0.0481,FALSE
"3_balls bet365 15575 23504,28270",3_balls,bet365,15575,"Hoge, Tom","23504,28270","Hoey, Rico / Dunlap, Nick",2.9,0.30103,3.322,-0.127,RBC Canadian Open,2026-06-10 09:51:07.45615,2.9,0.30103,0,FALSE,-0.127013,FALSE
"3_balls bet365 15651 16757,32260",3_balls,bet365,15651,"Ventura, Kris","16757,32260","Dou, Zecheng / McCulloch, Ashton",2.25,0.41627,2.402,-0.0634,RBC Canadian Open,2026-06-10 09:51:07.45615,2.25,0.41627,0,FALSE,-0.0633925000000001,FALSE
"3_balls bet365 15980 13470,24550",3_balls,bet365,15980,"Lipsky, David","13470,24550","Kizzire, Patton / Ghim, Doug",2.9,0.31291,3.196,-0.0926,RBC Canadian Open,2026-06-10 09:51:07.45615,2.9,0.31291,0,FALSE,-0.092561,FALSE
"3_balls bet365 16243 11889,13126",3_balls,bet365,16243,"Koepka, Brooks","11889,13126","Fox, Ryan / Taylor, Nick",2.6,0.33761,2.962,-0.1222,RBC Canadian Open,2026-06-10 09:51:07.45615,2.6,0.33761,0,FALSE,-0.122214,FALSE
"3_balls bet365 16333 14509,32457",3_balls,bet365,16333,"Hubbard, Mark","14509,32457","Dahmen, Joel / Keefer, Johnny",3,0.32119,3.113,-0.0364,RBC Canadian Open,2026-06-10 09:51:07.45615,3,0.32119,0,FALSE,-0.0364300000000001,FALSE
"3_balls bet365 16341 16492,25094",3_balls,bet365,16341,"Peterson, Paul","16492,25094","Nesbitt, Drew / Fishburn, Patrick",2.7,0.35002,2.857,-0.0549,RBC Canadian Open,2026-06-10 09:51:07.45615,2.7,0.35002,0,FALSE,-0.0549459999999999,FALSE
"3_balls bet365 16394 17780,29433",3_balls,bet365,16394,"Jaeger, Stephan","17780,29433","Pendrith, Taylor / Bridgeman, Jacob",3.1,0.27327,3.659,-0.1529,RBC Canadian Open,2026-06-10 09:51:07.45615,3.1,0.27327,0,FALSE,-0.152863,FALSE
"3_balls bet365 16492 16341,25094",3_balls,bet365,16492,"Nesbitt, Drew","16341,25094","Peterson, Paul / Fishburn, Patrick",3.5,0.24127,4.145,-0.1556,RBC Canadian Open,2026-06-10 09:51:07.45615,3.5,0.24127,0,FALSE,-0.155555,FALSE
"3_balls bet365 16591 13764,30717",3_balls,bet365,16591,"Rozo, Marcelo","13764,30717","Parry, John / O'Donovan, Declan",3,0.30012,3.332,-0.0996,RBC Canadian Open,2026-06-10 09:51:07.45615,3,0.30012,0,FALSE,-0.09964,FALSE
"3_balls bet365 16715 12909,23505",3_balls,bet365,16715,"Ryder, Sam","12909,23505","Campos, Rafael / McGreevy, Max",2.5,0.3509,2.85,-0.1228,RBC Canadian Open,2026-06-10 09:51:07.45615,2.5,0.3509,0,FALSE,-0.12275,FALSE
"3_balls bet365 16757 15651,32260",3_balls,bet365,16757,"Dou, Zecheng","15651,32260","Ventura, Kris / McCulloch, Ashton",2.25,0.43966,2.275,-0.0108,RBC Canadian Open,2026-06-10 09:51:07.45615,2.25,0.43966,0,FALSE,-0.010765,FALSE
"3_balls bet365 17032 11441,22002",3_balls,bet365,17032,"Tosti, Alejandro","11441,22002","Covello, Vince / Dumont De Chassart, Adrien",2.87,0.32672,3.061,-0.0623,RBC Canadian Open,2026-06-10 09:51:07.45615,2.87,0.32672,0,FALSE,-0.0623136,FALSE
"3_balls bet365 17365 18424,25002",3_balls,bet365,17365,"Mitchell, Keith","18424,25002","Roy, Kevin / Wu, Dylan",2.1,0.45624,2.192,-0.0419,RBC Canadian Open,2026-06-10 09:51:07.45615,2.1,0.45624,0,FALSE,-0.041896,FALSE
"3_balls bet365 17381 20722,28159",3_balls,bet365,17381,"Silverman, Ben","20722,28159","Schmid, Matti / Meissner, Mac",4,0.21924,4.561,-0.1231,RBC Canadian Open,2026-06-10 09:51:07.45615,4,0.21924,0,FALSE,-0.12304,FALSE
"3_balls bet365 17538 13508,26657",3_balls,bet365,17538,"Homa, Max","13508,26657","Vegas, Jhonattan / Fisk, Steven",2.6,0.34956,2.861,-0.0911,RBC Canadian Open,2026-06-10 09:51:07.45615,2.6,0.34956,0,FALSE,-0.091144,FALSE
"3_balls bet365 17550 12808,5716",3_balls,bet365,17550,"Van Rooyen, Erik","12808,5716","Harrington, Padraig / Grillo, Emiliano",2.62,0.33345,2.999,-0.1264,RBC Canadian Open,2026-06-10 09:51:07.45615,2.62,0.33345,0,FALSE,-0.126361,FALSE
"3_balls bet365 17576 12294,23014",3_balls,bet365,17576,"Conners, Corey","12294,23014","Fleetwood, Tommy / Theegala, Sahith",3.3,0.25513,3.92,-0.1581,RBC Canadian Open,2026-06-10 09:51:07.45615,3.3,0.25513,0,FALSE,-0.158071,FALSE
"3_balls bet365 17646 18841,29925",3_balls,bet365,17646,"Fitzpatrick, Matt","18841,29925","Hovland, Viktor / Yellamaraju, Sudarshan",2.2,0.44437,2.25,-0.0224,RBC Canadian Open,2026-06-10 09:51:07.45615,2.2,0.44437,0,FALSE,-0.0223859999999999,FALSE
"3_balls bet365 17723 12920,21943",3_balls,bet365,17723,"Lower, Justin","12920,21943","Willett, Danny / Lebioda, Hank",2.87,0.30971,3.229,-0.1111,RBC Canadian Open,2026-06-10 09:51:07.45615,2.87,0.30971,0,FALSE,-0.1111323,FALSE
"3_balls bet365 17780 16394,29433",3_balls,bet365,17780,"Pendrith, Taylor","16394,29433","Jaeger, Stephan / Bridgeman, Jacob",2.87,0.32802,3.049,-0.0586,RBC Canadian Open,2026-06-10 09:51:07.45615,2.87,0.32802,0,FALSE,-0.0585826,FALSE
"3_balls bet365 17786 10419,18628",3_balls,bet365,17786,"Davis, Cam","10419,18628","Noren, Alex / Campbell, Brian",4,0.2137,4.68,-0.1452,RBC Canadian Open,2026-06-10 09:51:07.45615,4,0.2137,0,FALSE,-0.1452,FALSE
"3_balls bet365 17881 19872,23602",3_balls,bet365,17881,"Yu, Kevin","19872,23602","Riley, Davis / Hojgaard, Nicolai",2.8,0.31693,3.155,-0.1126,RBC Canadian Open,2026-06-10 09:51:07.45615,2.8,0.31693,0,FALSE,-0.112596,FALSE
"3_balls bet365 18103 14007,14704",3_balls,bet365,18103,"Bezuidenhout, Christiaan","14007,14704","Martin, Ben / Putnam, Andrew",2.3,0.41661,2.4,-0.0418,RBC Canadian Open,2026-06-10 09:51:07.45615,2.3,0.41661,0,FALSE,-0.0417970000000001,FALSE
"3_balls bet365 18424 17365,25002",3_balls,bet365,18424,"Roy, Kevin","17365,25002","Mitchell, Keith / Wu, Dylan",3,0.30626,3.265,-0.0812,RBC Canadian Open,2026-06-10 09:51:07.45615,3,0.30626,0,FALSE,-0.0812200000000001,FALSE
"3_balls bet365 18554 22085,6093",3_balls,bet365,18554,"Rai, Aaron","22085,6093","Rose, Justin / Morikawa, Collin",2.87,0.32839,3.045,-0.0575,RBC Canadian Open,2026-06-10 09:51:07.45615,2.87,0.32839,0,FALSE,-0.0575206999999999,FALSE
"3_balls bet365 18586 24766,26653",3_balls,bet365,18586,"Smith, Jordan","24766,26653","Kim, Tom / Eckroat, Austin",2.5,0.38087,2.626,-0.0478,RBC Canadian Open,2026-06-10 09:51:07.45615,2.5,0.38087,0,FALSE,-0.047825,FALSE
"3_balls bet365 18628 10419,17786",3_balls,bet365,18628,"Campbell, Brian","10419,17786","Noren, Alex / Davis, Cam",3.75,0.22445,4.455,-0.1583,RBC Canadian Open,2026-06-10 09:51:07.45615,3.75,0.22445,0,FALSE,-0.1583125,FALSE
"3_balls bet365 18841 17646,29925",3_balls,bet365,18841,"Hovland, Viktor","17646,29925","Fitzpatrick, Matt / Yellamaraju, Sudarshan",2.8,0.3076,3.251,-0.1387,RBC Canadian Open,2026-06-10 09:51:07.45615,2.8,0.3076,0,FALSE,-0.13872,FALSE
"3_balls bet365 19477 27194,27900",3_balls,bet365,19477,"Schenk, Adam","27194,27900","Hall, Harry / Potgieter, Aldrich",4.33,0.20516,4.874,-0.1117,RBC Canadian Open,2026-06-10 09:51:07.45615,4.33,0.20516,0,FALSE,-0.1116572,FALSE
"3_balls bet365 19483 21407,23604",3_balls,bet365,19483,"Burns, Sam","21407,23604","Reitan, Kristoffer / Clark, Wyndham",2.5,0.36548,2.736,-0.0863,RBC Canadian Open,2026-06-10 09:51:07.45615,2.5,0.36548,0,FALSE,-0.0862999999999999,FALSE
"3_balls bet365 19729 14926,20706",3_balls,bet365,19729,"Kanaya, Takumi","14926,20706","Malnati, Peter / Wallace, Matt",2.87,0.32869,3.042,-0.0567,RBC Canadian Open,2026-06-10 09:51:07.45615,2.87,0.32869,0,FALSE,-0.0566597,FALSE
"3_balls bet365 19840 10104,25908",3_balls,bet365,19840,"Ramey, Chad","10104,25908","Power, Seamus / Whaley, Vince",2.7,0.33544,2.981,-0.0943,RBC Canadian Open,2026-06-10 09:51:07.45615,2.7,0.33544,0,FALSE,-0.094312,FALSE
"3_balls bet365 19846 12426,31347",3_balls,bet365,19846,"Bauchou, Zach","12426,31347","Waring, Paul / Desmarchais, Laurent",1.833,0.53671,1.863,-0.016,RBC Canadian Open,2026-06-10 09:51:07.45615,1.833,0.53671,0,FALSE,-0.01621057,FALSE
"3_balls bet365 19870 14502,23465",3_balls,bet365,19870,"McCarthy, Denny","14502,23465","Cauley, Bud / Greyserman, Max",3.2,0.28464,3.513,-0.0891,RBC Canadian Open,2026-06-10 09:51:07.45615,3.2,0.28464,0,FALSE,-0.0891519999999999,FALSE
"3_balls bet365 19872 17881,23602",3_balls,bet365,19872,"Riley, Davis","17881,23602","Yu, Kevin / Hojgaard, Nicolai",4.33,0.17916,5.582,-0.2243,RBC Canadian Open,2026-06-10 09:51:07.45615,4.33,0.17916,0,FALSE,-0.2242372,FALSE
"3_balls bet365 19960 13412,13997",3_balls,bet365,19960,"Pavon, Matthieu","13412,13997","Olesen, Thorbjorn / Svensson, Adam",3,0.29565,3.382,-0.113,RBC Canadian Open,2026-06-10 09:51:07.45615,3,0.29565,0,FALSE,-0.11305,FALSE
"3_balls bet365 20706 14926,19729",3_balls,bet365,20706,"Wallace, Matt","14926,19729","Malnati, Peter / Kanaya, Takumi",2.1,0.43061,2.322,-0.0957,RBC Canadian Open,2026-06-10 09:51:07.45615,2.1,0.43061,0,FALSE,-0.095719,FALSE
"3_balls bet365 20722 17381,28159",3_balls,bet365,20722,"Schmid, Matti","17381,28159","Silverman, Ben / Meissner, Mac",2.62,0.32924,3.037,-0.1374,RBC Canadian Open,2026-06-10 09:51:07.45615,2.62,0.32924,0,FALSE,-0.1373912,FALSE
"3_balls bet365 20766 10873,30036882",3_balls,bet365,20766,"Brown, Dan","10873,30036882","Skinns, David / Zhao, Eric",1.952,0.50012,2,-0.0236,RBC Canadian Open,2026-06-10 09:51:07.45615,1.952,0.50012,0,FALSE,-0.02376576,FALSE
"3_balls bet365 20954 21995,9457",3_balls,bet365,20954,"Hirata, Kensei","21995,9457","Benson, Yohann / Springer, Hayden",2.45,0.40258,2.484,-0.0137,RBC Canadian Open,2026-06-10 09:51:07.45615,2.45,0.40258,0,FALSE,-0.013679,FALSE
"3_balls bet365 21074 27780,30040252",3_balls,bet365,21074,"Nakajima, Keita","27780,30040252","Crowe, Trace / Lew, Dawson",2.15,0.46044,2.172,-0.0101,RBC Canadian Open,2026-06-10 09:51:07.45615,2.15,0.46044,0,FALSE,-0.010054,FALSE
"3_balls bet365 21407 19483,23604",3_balls,bet365,21407,"Reitan, Kristoffer","19483,23604","Burns, Sam / Clark, Wyndham",3,0.31582,3.166,-0.0525,RBC Canadian Open,2026-06-10 09:51:07.45615,3,0.31582,0,FALSE,-0.05254,FALSE
"3_balls bet365 21756 26649,27164",3_balls,bet365,21756,"Cole, Eric","26649,27164","Thorbjornsen, Michael / Phillips, Chandler",2.2,0.41863,2.389,-0.079,RBC Canadian Open,2026-06-10 09:51:07.45615,2.2,0.41863,0,FALSE,-0.0790139999999999,FALSE
"3_balls bet365 21883 25289,32330",3_balls,bet365,21883,"Ewart, A.J.","25289,32330","Savoie, Joey / Clanton, Luke",2.25,0.40181,2.489,-0.0959,RBC Canadian Open,2026-06-10 09:51:07.45615,2.25,0.40181,0,FALSE,-0.0959275,FALSE
"3_balls bet365 21889 24343,7626",3_balls,bet365,21889,"Kang, Jeffrey","24343,7626","O'Hair, Sean / Lamprecht, Christo",2.45,0.40847,2.448,8e-04,RBC Canadian Open,2026-06-10 09:51:07.45615,2.45,0.40847,0,FALSE,0.000751500000000016,FALSE
"3_balls bet365 21943 12920,17723",3_balls,bet365,21943,"Lebioda, Hank","12920,17723","Willett, Danny / Lower, Justin",2.7,0.35673,2.803,-0.0368,RBC Canadian Open,2026-06-10 09:51:07.45615,2.7,0.35673,0,FALSE,-0.036829,FALSE
"3_balls bet365 21944 15330,9171",3_balls,bet365,21944,"Moore, Taylor","15330,9171","Villegas, Camilo / Griffin, Lanto",2.2,0.44423,2.251,-0.0227,RBC Canadian Open,2026-06-10 09:51:07.45615,2.2,0.44423,0,FALSE,-0.0226939999999999,FALSE
"3_balls bet365 21995 20954,9457",3_balls,bet365,21995,"Springer, Hayden","20954,9457","Benson, Yohann / Hirata, Kensei",2.2,0.44939,2.225,-0.0114,RBC Canadian Open,2026-06-10 09:51:07.45615,2.2,0.44939,0,FALSE,-0.0113419999999999,FALSE
"3_balls bet365 22002 11441,17032",3_balls,bet365,22002,"Dumont De Chassart, Adrien","11441,17032","Covello, Vince / Tosti, Alejandro",1.952,0.51089,1.957,-0.0025,RBC Canadian Open,2026-06-10 09:51:07.45615,1.952,0.51089,0,FALSE,-0.00274272000000009,FALSE
"3_balls bet365 22085 18554,6093",3_balls,bet365,22085,"Morikawa, Collin","18554,6093","Rose, Justin / Rai, Aaron",2.62,0.34089,2.934,-0.1069,RBC Canadian Open,2026-06-10 09:51:07.45615,2.62,0.34089,0,FALSE,-0.1068682,FALSE
"3_balls bet365 22985 14050,25003",3_balls,bet365,22985,"Smotherman, Austin","14050,25003","Sloan, Roger / Walker, Danny",2.2,0.43701,2.288,-0.0386,RBC Canadian Open,2026-06-10 09:51:07.45615,2.2,0.43701,0,FALSE,-0.0385779999999999,FALSE
"3_balls bet365 23014 12294,17576",3_balls,bet365,23014,"Theegala, Sahith","12294,17576","Fleetwood, Tommy / Conners, Corey",3.25,0.27046,3.697,-0.121,RBC Canadian Open,2026-06-10 09:51:07.45615,3.25,0.27046,0,FALSE,-0.121005,FALSE
"3_balls bet365 23048 25475,35395",3_balls,bet365,23048,"Stanger, Jimmy","25475,35395","Nyholm, Pontus / Sanderson, Calen",2.25,0.41288,2.422,-0.071,RBC Canadian Open,2026-06-10 09:51:07.45615,2.25,0.41288,0,FALSE,-0.07102,FALSE
"3_balls bet365 23323 13900,25362",3_balls,bet365,23323,"MacIntyre, Robert","13900,25362","Lowry, Shane / Fitzpatrick, Alex",2.62,0.34559,2.894,-0.0945,RBC Canadian Open,2026-06-10 09:51:07.45615,2.62,0.34559,0,FALSE,-0.0945541999999999,FALSE
"3_balls bet365 23465 14502,19870",3_balls,bet365,23465,"Greyserman, Max","14502,19870","Cauley, Bud / McCarthy, Denny",2.75,0.30518,3.277,-0.1608,RBC Canadian Open,2026-06-10 09:51:07.45615,2.75,0.30518,0,FALSE,-0.160755,FALSE
"3_balls bet365 23504 15575,28270",3_balls,bet365,23504,"Hoey, Rico","15575,28270","Hoge, Tom / Dunlap, Nick",2.25,0.44095,2.268,-0.0079,RBC Canadian Open,2026-06-10 09:51:07.45615,2.25,0.44095,0,FALSE,-0.00786249999999999,FALSE
"3_balls bet365 23505 12909,16715",3_balls,bet365,23505,"McGreevy, Max","12909,16715","Campos, Rafael / Ryder, Sam",2.15,0.45805,2.183,-0.0152,RBC Canadian Open,2026-06-10 09:51:07.45615,2.15,0.45805,0,FALSE,-0.0151925000000001,FALSE
"3_balls bet365 23602 17881,19872",3_balls,bet365,23602,"Hojgaard, Nicolai","17881,19872","Yu, Kevin / Riley, Davis",1.952,0.50391,1.984,-0.0162,RBC Canadian Open,2026-06-10 09:51:07.45615,1.952,0.50391,0,FALSE,-0.0163676800000001,FALSE
"3_balls bet365 23604 19483,21407",3_balls,bet365,23604,"Clark, Wyndham","19483,21407","Burns, Sam / Reitan, Kristoffer",2.8,0.3187,3.138,-0.1076,RBC Canadian Open,2026-06-10 09:51:07.45615,2.8,0.3187,0,FALSE,-0.10764,FALSE
"3_balls bet365 23841 29702,30620",3_balls,bet365,23841,"Neergaard-Petersen, Rasmus","29702,30620","Sihota, Jeevan / Chatfield, Davis",1.725,0.56589,1.767,-0.024,RBC Canadian Open,2026-06-10 09:51:07.45615,1.725,0.56589,0,FALSE,-0.0238397499999999,FALSE
"3_balls bet365 24304 29770,5768",3_balls,bet365,24304,"Vilips, Karl","29770,5768","Hoffman, Charley / Mouw, William",2.7,0.33009,3.029,-0.1088,RBC Canadian Open,2026-06-10 09:51:07.45615,2.7,0.33009,0,FALSE,-0.108757,FALSE
"3_balls bet365 24342 11676,29197",3_balls,bet365,24342,"Higgo, Garrick","11676,29197","Finau, Tony / Brennan, Michael",3.4,0.26673,3.749,-0.0931,RBC Canadian Open,2026-06-10 09:51:07.45615,3.4,0.26673,0,FALSE,-0.0931179999999999,FALSE
"3_balls bet365 24343 21889,7626",3_balls,bet365,24343,"Lamprecht, Christo","21889,7626","O'Hair, Sean / Kang, Jeffrey",2.45,0.38611,2.59,-0.054,RBC Canadian Open,2026-06-10 09:51:07.45615,2.45,0.38611,0,FALSE,-0.0540304999999999,FALSE
"3_balls bet365 24550 13470,15980",3_balls,bet365,24550,"Ghim, Doug","13470,15980","Kizzire, Patton / Lipsky, David",2,0.49273,2.03,-0.0145,RBC Canadian Open,2026-06-10 09:51:07.45615,2,0.49273,0,FALSE,-0.01454,FALSE
"3_balls bet365 24766 18586,26653",3_balls,bet365,24766,"Kim, Tom","18586,26653","Smith, Jordan / Eckroat, Austin",2.62,0.34346,2.912,-0.1001,RBC Canadian Open,2026-06-10 09:51:07.45615,2.62,0.34346,0,FALSE,-0.1001348,FALSE
"3_balls bet365 24956 15310,32259",3_balls,bet365,24956,"Blanchet, Chandler","15310,32259","Li, Haotong / Matthews, Justin",2.5,0.39567,2.527,-0.0108,RBC Canadian Open,2026-06-10 09:51:07.45615,2.5,0.39567,0,FALSE,-0.010825,FALSE
"3_balls bet365 25002 17365,18424",3_balls,bet365,25002,"Wu, Dylan","17365,18424","Mitchell, Keith / Roy, Kevin",3.5,0.23751,4.21,-0.1687,RBC Canadian Open,2026-06-10 09:51:07.45615,3.5,0.23751,0,FALSE,-0.168715,FALSE
"3_balls bet365 25003 14050,22985",3_balls,bet365,25003,"Walker, Danny","14050,22985","Sloan, Roger / Smotherman, Austin",3.1,0.26999,3.704,-0.163,RBC Canadian Open,2026-06-10 09:51:07.45615,3.1,0.26999,0,FALSE,-0.163031,FALSE
"3_balls bet365 25094 16341,16492",3_balls,bet365,25094,"Fishburn, Patrick","16341,16492","Peterson, Paul / Nesbitt, Drew",2.3,0.40871,2.447,-0.06,RBC Canadian Open,2026-06-10 09:51:07.45615,2.3,0.40871,0,FALSE,-0.059967,FALSE
"3_balls bet365 25157 11451,15470",3_balls,bet365,25157,"Hodges, Lee","11451,15470","Garnett, Brice / Hossler, Beau",2.45,0.37457,2.67,-0.0823,RBC Canadian Open,2026-06-10 09:51:07.45615,2.45,0.37457,0,FALSE,-0.0823034999999999,FALSE
"3_balls bet365 25289 21883,32330",3_balls,bet365,25289,"Savoie, Joey","21883,32330","Ewart, A.J. / Clanton, Luke",3.5,0.23862,4.191,-0.1648,RBC Canadian Open,2026-06-10 09:51:07.45615,3.5,0.23862,0,FALSE,-0.16483,FALSE
"3_balls bet365 25319 26617,26850",3_balls,bet365,25319,"VanDerLaan, John","26617,26850","Anderson, Matthew / Svensson, Jesper",2.7,0.36042,2.775,-0.0269,RBC Canadian Open,2026-06-10 09:51:07.45615,2.7,0.36042,0,FALSE,-0.0268659999999998,FALSE
"3_balls bet365 25362 13900,23323",3_balls,bet365,25362,"Fitzpatrick, Alex","13900,23323","Lowry, Shane / MacIntyre, Robert",2.8,0.32802,3.049,-0.0816,RBC Canadian Open,2026-06-10 09:51:07.45615,2.8,0.32802,0,FALSE,-0.0815440000000002,FALSE
"3_balls bet365 25475 23048,35395",3_balls,bet365,25475,"Nyholm, Pontus","23048,35395","Stanger, Jimmy / Sanderson, Calen",2.2,0.45059,2.219,-0.0087,RBC Canadian Open,2026-06-10 09:51:07.45615,2.2,0.45059,0,FALSE,-0.00870199999999999,FALSE
"3_balls bet365 25908 10104,19840",3_balls,bet365,25908,"Whaley, Vince","10104,19840","Power, Seamus / Ramey, Chad",2.9,0.31597,3.165,-0.0837,RBC Canadian Open,2026-06-10 09:51:07.45615,2.9,0.31597,0,FALSE,-0.0836870000000001,FALSE
"3_balls bet365 26617 25319,26850",3_balls,bet365,26617,"Anderson, Matthew","25319,26850","VanDerLaan, John / Svensson, Jesper",3.6,0.2379,4.203,-0.1436,RBC Canadian Open,2026-06-10 09:51:07.45615,3.6,0.2379,0,FALSE,-0.14356,FALSE
"3_balls bet365 26649 21756,27164",3_balls,bet365,26649,"Thorbjornsen, Michael","21756,27164","Cole, Eric / Phillips, Chandler",2.37,0.3921,2.55,-0.0707,RBC Canadian Open,2026-06-10 09:51:07.45615,2.37,0.3921,0,FALSE,-0.070723,FALSE
"3_balls bet365 26653 18586,24766",3_balls,bet365,26653,"Eckroat, Austin","18586,24766","Smith, Jordan / Kim, Tom",3.2,0.27567,3.628,-0.1179,RBC Canadian Open,2026-06-10 09:51:07.45615,3.2,0.27567,0,FALSE,-0.117856,FALSE
"3_balls bet365 26657 13508,17538",3_balls,bet365,26657,"Fisk, Steven","13508,17538","Vegas, Jhonattan / Homa, Max",2.5,0.37428,2.672,-0.0643,RBC Canadian Open,2026-06-10 09:51:07.45615,2.5,0.37428,0,FALSE,-0.0643,FALSE
"3_balls bet365 26850 25319,26617",3_balls,bet365,26850,"Svensson, Jesper","25319,26617","VanDerLaan, John / Anderson, Matthew",2.25,0.40168,2.49,-0.0962,RBC Canadian Open,2026-06-10 09:51:07.45615,2.25,0.40168,0,FALSE,-0.0962200000000001,FALSE
"3_balls bet365 27164 21756,26649",3_balls,bet365,27164,"Phillips, Chandler","21756,26649","Cole, Eric / Thorbjornsen, Michael",4.5,0.18927,5.283,-0.1483,RBC Canadian Open,2026-06-10 09:51:07.45615,4.5,0.18927,0,FALSE,-0.148285,FALSE
"3_balls bet365 27194 19477,27900",3_balls,bet365,27194,"Hall, Harry","19477,27900","Schenk, Adam / Potgieter, Aldrich",2.2,0.45229,2.211,-0.005,RBC Canadian Open,2026-06-10 09:51:07.45615,2.2,0.45229,0,FALSE,-0.00496199999999991,FALSE
"3_balls bet365 27364 11276,12423",3_balls,bet365,27364,"Thompson, Davis","11276,12423","Horschel, Billy / Kirk, Chris",2.37,0.41304,2.421,-0.0211,RBC Canadian Open,2026-06-10 09:51:07.45615,2.37,0.41304,0,FALSE,-0.0210951999999999,FALSE
"3_balls bet365 27780 21074,30040252",3_balls,bet365,27780,"Crowe, Trace","21074,30040252","Nakajima, Keita / Lew, Dawson",2.6,0.38651,2.587,0.0049,RBC Canadian Open,2026-06-10 09:51:07.45615,2.6,0.38651,0,FALSE,0.00492599999999999,FALSE
"3_balls bet365 27819 28469,7399",3_balls,bet365,27819,"Castillo, Ricky","28469,7399","Glover, Lucas / Highsmith, Joe",2.25,0.44082,2.269,-0.0082,RBC Canadian Open,2026-06-10 09:51:07.45615,2.25,0.44082,0,FALSE,-0.00815500000000002,FALSE
"3_balls bet365 27900 19477,27194",3_balls,bet365,27900,"Potgieter, Aldrich","19477,27194","Schenk, Adam / Hall, Harry",2.45,0.34256,2.919,-0.1607,RBC Canadian Open,2026-06-10 09:51:07.45615,2.45,0.34256,0,FALSE,-0.160728,FALSE
"3_balls bet365 28159 17381,20722",3_balls,bet365,28159,"Meissner, Mac","17381,20722","Silverman, Ben / Schmid, Matti",2.15,0.45152,2.215,-0.0292,RBC Canadian Open,2026-06-10 09:51:07.45615,2.15,0.45152,0,FALSE,-0.029232,FALSE
"3_balls bet365 28270 15575,23504",3_balls,bet365,28270,"Dunlap, Nick","15575,23504","Hoge, Tom / Hoey, Rico",3.25,0.25802,3.876,-0.1614,RBC Canadian Open,2026-06-10 09:51:07.45615,3.25,0.25802,0,FALSE,-0.161435,FALSE
"3_balls bet365 28469 27819,7399",3_balls,bet365,28469,"Highsmith, Joe","27819,7399","Glover, Lucas / Castillo, Ricky",3.8,0.21824,4.582,-0.1707,RBC Canadian Open,2026-06-10 09:51:07.45615,3.8,0.21824,0,FALSE,-0.170688,FALSE
"3_balls bet365 29197 11676,24342",3_balls,bet365,29197,"Brennan, Michael","11676,24342","Finau, Tony / Higgo, Garrick",2.4,0.36314,2.754,-0.1285,RBC Canadian Open,2026-06-10 09:51:07.45615,2.4,0.36314,0,FALSE,-0.128464,FALSE
"3_balls bet365 29279 29827,32055",3_balls,bet365,29279,"Suber, Jackson","29827,32055","James, Ben / Shipley, Neal",2.5,0.33527,2.983,-0.1618,RBC Canadian Open,2026-06-10 09:51:07.45615,2.5,0.33527,0,FALSE,-0.161825,FALSE
"3_balls bet365 29433 16394,17780",3_balls,bet365,29433,"Bridgeman, Jacob","16394,17780","Jaeger, Stephan / Pendrith, Taylor",2.37,0.39871,2.508,-0.0551,RBC Canadian Open,2026-06-10 09:51:07.45615,2.37,0.39871,0,FALSE,-0.0550573,FALSE
"3_balls bet365 29702 23841,30620",3_balls,bet365,29702,"Sihota, Jeevan","23841,30620","Neergaard-Petersen, Rasmus / Chatfield, Davis",5.75,0.09564,10.456,-0.4501,RBC Canadian Open,2026-06-10 09:51:07.45615,5.75,0.09564,0,FALSE,-0.45007,FALSE
"3_balls bet365 29770 24304,5768",3_balls,bet365,29770,"Mouw, William","24304,5768","Hoffman, Charley / Vilips, Karl",2.25,0.42306,2.364,-0.0481,RBC Canadian Open,2026-06-10 09:51:07.45615,2.25,0.42306,0,FALSE,-0.048115,FALSE
"3_balls bet365 29827 29279,32055",3_balls,bet365,29827,"James, Ben","29279,32055","Suber, Jackson / Shipley, Neal",2.6,0.37534,2.664,-0.0241,RBC Canadian Open,2026-06-10 09:51:07.45615,2.6,0.37534,0,FALSE,-0.0241159999999999,FALSE
"3_balls bet365 29925 17646,18841",3_balls,bet365,29925,"Yellamaraju, Sudarshan","17646,18841","Fitzpatrick, Matt / Hovland, Viktor",3.5,0.24803,4.032,-0.1319,RBC Canadian Open,2026-06-10 09:51:07.45615,3.5,0.24803,0,FALSE,-0.131895,FALSE
"3_balls bet365 30036882 10873,20766",3_balls,bet365,30036882,"Zhao, Eric","10873,20766","Skinns, David / Brown, Dan",7,0.06601,15.148,-0.5379,RBC Canadian Open,2026-06-10 09:51:07.45615,7,0.06601,0,FALSE,-0.53793,FALSE
"3_balls bet365 30040252 21074,27780",3_balls,bet365,30040252,"Lew, Dawson","21074,27780","Nakajima, Keita / Crowe, Trace",4,0.15306,6.534,-0.3878,RBC Canadian Open,2026-06-10 09:51:07.45615,4,0.15306,0,FALSE,-0.38776,FALSE
"3_balls bet365 30620 23841,29702",3_balls,bet365,30620,"Chatfield, Davis","23841,29702","Neergaard-Petersen, Rasmus / Sihota, Jeevan",2.9,0.33847,2.955,-0.0184,RBC Canadian Open,2026-06-10 09:51:07.45615,2.9,0.33847,0,FALSE,-0.018437,FALSE
"3_balls bet365 30717 13764,16591",3_balls,bet365,30717,"O'Donovan, Declan","13764,16591","Parry, John / Rozo, Marcelo",3.5,0.2344,4.266,-0.1796,RBC Canadian Open,2026-06-10 09:51:07.45615,3.5,0.2344,0,FALSE,-0.1796,FALSE
"3_balls bet365 31347 12426,19846",3_balls,bet365,31347,"Desmarchais, Laurent","12426,19846","Waring, Paul / Bauchou, Zach",7,0.06639,15.063,-0.5353,RBC Canadian Open,2026-06-10 09:51:07.45615,7,0.06639,0,FALSE,-0.53527,FALSE
"3_balls bet365 32055 29279,29827",3_balls,bet365,32055,"Shipley, Neal","29279,29827","Suber, Jackson / James, Ben",3.25,0.28939,3.456,-0.0595,RBC Canadian Open,2026-06-10 09:51:07.45615,3.25,0.28939,0,FALSE,-0.0594825000000001,FALSE
"3_balls bet365 32259 15310,24956",3_balls,bet365,32259,"Matthews, Justin","15310,24956","Li, Haotong / Blanchet, Chandler",4.33,0.16062,6.226,-0.3045,RBC Canadian Open,2026-06-10 09:51:07.45615,4.33,0.16062,0,FALSE,-0.3045154,FALSE
"3_balls bet365 32260 15651,16757",3_balls,bet365,32260,"McCulloch, Ashton","15651,16757","Ventura, Kris / Dou, Zecheng",4.75,0.14407,6.941,-0.3157,RBC Canadian Open,2026-06-10 09:51:07.45615,4.75,0.14407,0,FALSE,-0.3156675,FALSE
"3_balls bet365 32330 21883,25289",3_balls,bet365,32330,"Clanton, Luke","21883,25289","Ewart, A.J. / Savoie, Joey",2.75,0.35957,2.781,-0.0112,RBC Canadian Open,2026-06-10 09:51:07.45615,2.75,0.35957,0,FALSE,-0.0111825,FALSE
"3_balls bet365 32457 14509,16333",3_balls,bet365,32457,"Keefer, Johnny","14509,16333","Dahmen, Joel / Hubbard, Mark",2.2,0.38691,2.585,-0.1488,RBC Canadian Open,2026-06-10 09:51:07.45615,2.2,0.38691,0,FALSE,-0.148798,FALSE
"3_balls bet365 35395 23048,25475",3_balls,bet365,35395,"Sanderson, Calen","23048,25475","Stanger, Jimmy / Nyholm, Pontus",5,0.13653,7.325,-0.3174,RBC Canadian Open,2026-06-10 09:51:07.45615,5,0.13653,0,FALSE,-0.31735,FALSE
"3_balls bet365 5513 13965,15556",3_balls,bet365,5513,"Weir, Mike","13965,15556","Hadwin, Adam / Hughes, Mackenzie",5.75,0.10619,9.417,-0.3894,RBC Canadian Open,2026-06-10 09:51:07.45615,5.75,0.10619,0,FALSE,-0.3894075,FALSE
"3_balls bet365 5716 12808,17550",3_balls,bet365,5716,"Harrington, Padraig","12808,17550","Grillo, Emiliano / Van Rooyen, Erik",3.6,0.24536,4.076,-0.1167,RBC Canadian Open,2026-06-10 09:51:07.45615,3.6,0.24536,0,FALSE,-0.116704,FALSE
"3_balls bet365 5768 24304,29770",3_balls,bet365,5768,"Hoffman, Charley","24304,29770","Vilips, Karl / Mouw, William",3.6,0.24685,4.051,-0.1113,RBC Canadian Open,2026-06-10 09:51:07.45615,3.6,0.24685,0,FALSE,-0.11134,FALSE
"3_balls bet365 6093 18554,22085",3_balls,bet365,6093,"Rose, Justin","18554,22085","Rai, Aaron / Morikawa, Collin",2.7,0.33072,3.024,-0.107,RBC Canadian Open,2026-06-10 09:51:07.45615,2.7,0.33072,0,FALSE,-0.107056,FALSE
"3_balls bet365 7399 27819,28469",3_balls,bet365,7399,"Glover, Lucas","27819,28469","Castillo, Ricky / Highsmith, Joe",2.6,0.34094,2.933,-0.1136,RBC Canadian Open,2026-06-10 09:51:07.45615,2.6,0.34094,0,FALSE,-0.113556,FALSE
"3_balls bet365 7626 21889,24343",3_balls,bet365,7626,"O'Hair, Sean","21889,24343","Kang, Jeffrey / Lamprecht, Christo",3.6,0.20541,4.868,-0.2605,RBC Canadian Open,2026-06-10 09:51:07.45615,3.6,0.20541,0,FALSE,-0.260524,FALSE
"3_balls bet365 9171 15330,21944",3_balls,bet365,9171,"Villegas, Camilo","15330,21944","Griffin, Lanto / Moore, Taylor",3.6,0.22044,4.536,-0.2064,RBC Canadian Open,2026-06-10 09:51:07.45615,3.6,0.22044,0,FALSE,-0.206416,FALSE
"3_balls bet365 9457 20954,21995",3_balls,bet365,9457,"Benson, Yohann","20954,21995","Hirata, Kensei / Springer, Hayden",4.33,0.14804,6.755,-0.359,RBC Canadian Open,2026-06-10 09:51:07.45615,4.33,0.14804,0,FALSE,-0.3589868,FALSE
"3_balls betmgm 10104 19840,25908",3_balls,betmgm,10104,"Power, Seamus","19840,25908","Ramey, Chad / Whaley, Vince",2.6,0.34859,2.869,-0.0937,RBC Canadian Open,2026-06-10 09:51:07.45615,2.6,0.34859,0,FALSE,-0.0936659999999999,FALSE
"3_balls betmgm 10419 17786,18628",3_balls,betmgm,10419,"Noren, Alex","17786,18628","Davis, Cam / Campbell, Brian",1.67,0.56186,1.78,-0.0617,RBC Canadian Open,2026-06-10 09:51:07.45615,1.67,0.56186,0,FALSE,-0.0616938,FALSE
"3_balls betmgm 11276 12423,27364",3_balls,betmgm,11276,"Horschel, Billy","12423,27364","Kirk, Chris / Thompson, Davis",3.1,0.27127,3.686,-0.1591,RBC Canadian Open,2026-06-10 09:51:07.45615,3.1,0.27127,0,FALSE,-0.159063,FALSE
"3_balls betmgm 11676 24342,29197",3_balls,betmgm,11676,"Finau, Tony","24342,29197","Higgo, Garrick / Brennan, Michael",2.63,0.37013,2.702,-0.0266,RBC Canadian Open,2026-06-10 09:51:07.45615,2.63,0.37013,0,FALSE,-0.0265581,FALSE
"3_balls betmgm 11889 13126,16243",3_balls,betmgm,11889,"Fox, Ryan","13126,16243","Taylor, Nick / Koepka, Brooks",3.1,0.32072,3.118,-0.0058,RBC Canadian Open,2026-06-10 09:51:07.45615,3.1,0.32072,0,FALSE,-0.005768,FALSE
"3_balls betmgm 12294 17576,23014",3_balls,betmgm,12294,"Fleetwood, Tommy","17576,23014","Conners, Corey / Theegala, Sahith",2.05,0.47441,2.108,-0.0275,RBC Canadian Open,2026-06-10 09:51:07.45615,2.05,0.47441,0,FALSE,-0.0274595000000001,FALSE
"3_balls betmgm 12423 11276,27364",3_balls,betmgm,12423,"Kirk, Chris","11276,27364","Horschel, Billy / Thompson, Davis",3,0.31569,3.168,-0.0529,RBC Canadian Open,2026-06-10 09:51:07.45615,3,0.31569,0,FALSE,-0.0529299999999999,FALSE
"3_balls betmgm 12909 16715,23505",3_balls,betmgm,12909,"Campos, Rafael","16715,23505","Ryder, Sam / McGreevy, Max",4.5,0.19106,5.234,-0.1402,RBC Canadian Open,2026-06-10 09:51:07.45615,4.5,0.19106,0,FALSE,-0.14023,FALSE
"3_balls betmgm 13126 11889,16243",3_balls,betmgm,13126,"Taylor, Nick","11889,16243","Fox, Ryan / Koepka, Brooks",2.7,0.34166,2.927,-0.0775,RBC Canadian Open,2026-06-10 09:51:07.45615,2.7,0.34166,0,FALSE,-0.0775179999999999,FALSE
"3_balls betmgm 13508 17538,26657",3_balls,betmgm,13508,"Vegas, Jhonattan","17538,26657","Homa, Max / Fisk, Steven",3.4,0.27616,3.621,-0.0611,RBC Canadian Open,2026-06-10 09:51:07.45615,3.4,0.27616,0,FALSE,-0.061056,FALSE
"3_balls betmgm 13900 23323,25362",3_balls,betmgm,13900,"Lowry, Shane","23323,25362","MacIntyre, Robert / Fitzpatrick, Alex",2.75,0.32639,3.064,-0.1024,RBC Canadian Open,2026-06-10 09:51:07.45615,2.75,0.32639,0,FALSE,-0.1024275,FALSE
"3_balls betmgm 13965 15556,5513",3_balls,betmgm,13965,"Hadwin, Adam","15556,5513","Weir, Mike / Hughes, Mackenzie",2.4,0.41786,2.393,0.0029,RBC Canadian Open,2026-06-10 09:51:07.45615,2.4,0.41786,0,FALSE,0.00286399999999998,FALSE
"3_balls betmgm 14502 19870,23465",3_balls,betmgm,14502,"Cauley, Bud","19870,23465","McCarthy, Denny / Greyserman, Max",2.4,0.41018,2.438,-0.0156,RBC Canadian Open,2026-06-10 09:51:07.45615,2.4,0.41018,0,FALSE,-0.015568,FALSE
"3_balls betmgm 14509 16333,32457",3_balls,betmgm,14509,"Dahmen, Joel","16333,32457","Hubbard, Mark / Keefer, Johnny",3.1,0.2919,3.426,-0.0951,RBC Canadian Open,2026-06-10 09:51:07.45615,3.1,0.2919,0,FALSE,-0.09511,FALSE
"3_balls betmgm 14926 19729,20706",3_balls,betmgm,14926,"Malnati, Peter","19729,20706","Kanaya, Takumi / Wallace, Matt",3.8,0.2407,4.155,-0.0853,RBC Canadian Open,2026-06-10 09:51:07.45615,3.8,0.2407,0,FALSE,-0.0853400000000001,FALSE
"3_balls betmgm 15556 13965,5513",3_balls,betmgm,15556,"Hughes, Mackenzie","13965,5513","Weir, Mike / Hadwin, Adam",1.95,0.47595,2.101,-0.0719,RBC Canadian Open,2026-06-10 09:51:07.45615,1.95,0.47595,0,FALSE,-0.0718975000000001,FALSE
"3_balls betmgm 15575 23504,28270",3_balls,betmgm,15575,"Hoge, Tom","23504,28270","Hoey, Rico / Dunlap, Nick",3,0.30103,3.322,-0.0969,RBC Canadian Open,2026-06-10 09:51:07.45615,3,0.30103,0,FALSE,-0.0969099999999999,FALSE
"3_balls betmgm 16243 11889,13126",3_balls,betmgm,16243,"Koepka, Brooks","11889,13126","Fox, Ryan / Taylor, Nick",2.5,0.33761,2.962,-0.156,RBC Canadian Open,2026-06-10 09:51:07.45615,2.5,0.33761,0,FALSE,-0.155975,FALSE
"3_balls betmgm 16333 14509,32457",3_balls,betmgm,16333,"Hubbard, Mark","14509,32457","Dahmen, Joel / Keefer, Johnny",2.8,0.32119,3.113,-0.1007,RBC Canadian Open,2026-06-10 09:51:07.45615,2.8,0.32119,0,FALSE,-0.100668,FALSE
"3_balls betmgm 16394 17780,29433",3_balls,betmgm,16394,"Jaeger, Stephan","17780,29433","Pendrith, Taylor / Bridgeman, Jacob",3.2,0.27327,3.659,-0.1255,RBC Canadian Open,2026-06-10 09:51:07.45615,3.2,0.27327,0,FALSE,-0.125536,FALSE
"3_balls betmgm 16715 12909,23505",3_balls,betmgm,16715,"Ryder, Sam","12909,23505","Campos, Rafael / McGreevy, Max",2.5,0.3509,2.85,-0.1228,RBC Canadian Open,2026-06-10 09:51:07.45615,2.5,0.3509,0,FALSE,-0.12275,FALSE
"3_balls betmgm 17365 18424,25002",3_balls,betmgm,17365,"Mitchell, Keith","18424,25002","Roy, Kevin / Wu, Dylan",2.15,0.45624,2.192,-0.0191,RBC Canadian Open,2026-06-10 09:51:07.45615,2.15,0.45624,0,FALSE,-0.0190840000000001,FALSE
"3_balls betmgm 17381 20722,28159",3_balls,betmgm,17381,"Silverman, Ben","20722,28159","Schmid, Matti / Meissner, Mac",3.75,0.21924,4.561,-0.1779,RBC Canadian Open,2026-06-10 09:51:07.45615,3.75,0.21924,0,FALSE,-0.17785,FALSE
"3_balls betmgm 17538 13508,26657",3_balls,betmgm,17538,"Homa, Max","13508,26657","Vegas, Jhonattan / Fisk, Steven",2.5,0.34956,2.861,-0.1261,RBC Canadian Open,2026-06-10 09:51:07.45615,2.5,0.34956,0,FALSE,-0.1261,FALSE
"3_balls betmgm 17576 12294,23014",3_balls,betmgm,17576,"Conners, Corey","12294,23014","Fleetwood, Tommy / Theegala, Sahith",3.4,0.25513,3.92,-0.1326,RBC Canadian Open,2026-06-10 09:51:07.45615,3.4,0.25513,0,FALSE,-0.132558,FALSE
"3_balls betmgm 17646 18841,29925",3_balls,betmgm,17646,"Fitzpatrick, Matt","18841,29925","Hovland, Viktor / Yellamaraju, Sudarshan",2.2,0.44437,2.25,-0.0224,RBC Canadian Open,2026-06-10 09:51:07.45615,2.2,0.44437,0,FALSE,-0.0223859999999999,FALSE
"3_balls betmgm 17780 16394,29433",3_balls,betmgm,17780,"Pendrith, Taylor","16394,29433","Jaeger, Stephan / Bridgeman, Jacob",2.7,0.32802,3.049,-0.1143,RBC Canadian Open,2026-06-10 09:51:07.45615,2.7,0.32802,0,FALSE,-0.114346,FALSE
"3_balls betmgm 17786 10419,18628",3_balls,betmgm,17786,"Davis, Cam","10419,18628","Noren, Alex / Campbell, Brian",4.33,0.2137,4.68,-0.0747,RBC Canadian Open,2026-06-10 09:51:07.45615,4.33,0.2137,0,FALSE,-0.0746789999999999,FALSE
"3_balls betmgm 17881 19872,23602",3_balls,betmgm,17881,"Yu, Kevin","19872,23602","Riley, Davis / Hojgaard, Nicolai",2.88,0.31693,3.155,-0.0872,RBC Canadian Open,2026-06-10 09:51:07.45615,2.88,0.31693,0,FALSE,-0.0872416,FALSE
"3_balls betmgm 18424 17365,25002",3_balls,betmgm,18424,"Roy, Kevin","17365,25002","Mitchell, Keith / Wu, Dylan",2.88,0.30626,3.265,-0.118,RBC Canadian Open,2026-06-10 09:51:07.45615,2.88,0.30626,0,FALSE,-0.1179712,FALSE
"3_balls betmgm 18554 22085,6093",3_balls,betmgm,18554,"Rai, Aaron","22085,6093","Rose, Justin / Morikawa, Collin",2.9,0.32839,3.045,-0.0477,RBC Canadian Open,2026-06-10 09:51:07.45615,2.9,0.32839,0,FALSE,-0.047669,FALSE
"3_balls betmgm 18586 24766,26653",3_balls,betmgm,18586,"Smith, Jordan","24766,26653","Kim, Tom / Eckroat, Austin",2.5,0.38087,2.626,-0.0478,RBC Canadian Open,2026-06-10 09:51:07.45615,2.5,0.38087,0,FALSE,-0.047825,FALSE
"3_balls betmgm 18628 10419,17786",3_balls,betmgm,18628,"Campbell, Brian","10419,17786","Noren, Alex / Davis, Cam",3.75,0.22445,4.455,-0.1583,RBC Canadian Open,2026-06-10 09:51:07.45615,3.75,0.22445,0,FALSE,-0.1583125,FALSE
"3_balls betmgm 18841 17646,29925",3_balls,betmgm,18841,"Hovland, Viktor","17646,29925","Fitzpatrick, Matt / Yellamaraju, Sudarshan",2.8,0.3076,3.251,-0.1387,RBC Canadian Open,2026-06-10 09:51:07.45615,2.8,0.3076,0,FALSE,-0.13872,FALSE
"3_balls betmgm 19477 27194,27900",3_balls,betmgm,19477,"Schenk, Adam","27194,27900","Hall, Harry / Potgieter, Aldrich",4.33,0.20516,4.874,-0.1117,RBC Canadian Open,2026-06-10 09:51:07.45615,4.33,0.20516,0,FALSE,-0.1116572,FALSE
"3_balls betmgm 19483 21407,23604",3_balls,betmgm,19483,"Burns, Sam","21407,23604","Reitan, Kristoffer / Clark, Wyndham",2.5,0.36548,2.736,-0.0863,RBC Canadian Open,2026-06-10 09:51:07.45615,2.5,0.36548,0,FALSE,-0.0862999999999999,FALSE
"3_balls betmgm 19729 14926,20706",3_balls,betmgm,19729,"Kanaya, Takumi","14926,20706","Malnati, Peter / Wallace, Matt",2.8,0.32869,3.042,-0.0797,RBC Canadian Open,2026-06-10 09:51:07.45615,2.8,0.32869,0,FALSE,-0.0796680000000001,FALSE
"3_balls betmgm 19840 10104,25908",3_balls,betmgm,19840,"Ramey, Chad","10104,25908","Power, Seamus / Whaley, Vince",2.7,0.33544,2.981,-0.0943,RBC Canadian Open,2026-06-10 09:51:07.45615,2.7,0.33544,0,FALSE,-0.094312,FALSE
"3_balls betmgm 19870 14502,23465",3_balls,betmgm,19870,"McCarthy, Denny","14502,23465","Cauley, Bud / Greyserman, Max",3.2,0.28464,3.513,-0.0891,RBC Canadian Open,2026-06-10 09:51:07.45615,3.2,0.28464,0,FALSE,-0.0891519999999999,FALSE
"3_balls betmgm 19872 17881,23602",3_balls,betmgm,19872,"Riley, Davis","17881,23602","Yu, Kevin / Hojgaard, Nicolai",4.5,0.17916,5.582,-0.1938,RBC Canadian Open,2026-06-10 09:51:07.45615,4.5,0.17916,0,FALSE,-0.19378,FALSE
"3_balls betmgm 20706 14926,19729",3_balls,betmgm,20706,"Wallace, Matt","14926,19729","Malnati, Peter / Kanaya, Takumi",2.1,0.43061,2.322,-0.0957,RBC Canadian Open,2026-06-10 09:51:07.45615,2.1,0.43061,0,FALSE,-0.095719,FALSE
"3_balls betmgm 20722 17381,28159",3_balls,betmgm,20722,"Schmid, Matti","17381,28159","Silverman, Ben / Meissner, Mac",2.75,0.32924,3.037,-0.0946,RBC Canadian Open,2026-06-10 09:51:07.45615,2.75,0.32924,0,FALSE,-0.0945900000000001,FALSE
"3_balls betmgm 21407 19483,23604",3_balls,betmgm,21407,"Reitan, Kristoffer","19483,23604","Burns, Sam / Clark, Wyndham",2.9,0.31582,3.166,-0.0841,RBC Canadian Open,2026-06-10 09:51:07.45615,2.9,0.31582,0,FALSE,-0.084122,FALSE
"3_balls betmgm 21756 26649,27164",3_balls,betmgm,21756,"Cole, Eric","26649,27164","Thorbjornsen, Michael / Phillips, Chandler",2.3,0.41863,2.389,-0.0372,RBC Canadian Open,2026-06-10 09:51:07.45615,2.3,0.41863,0,FALSE,-0.037151,FALSE
"3_balls betmgm 22085 18554,6093",3_balls,betmgm,22085,"Morikawa, Collin","18554,6093","Rose, Justin / Rai, Aaron",2.6,0.34089,2.934,-0.1137,RBC Canadian Open,2026-06-10 09:51:07.45615,2.6,0.34089,0,FALSE,-0.113686,FALSE
"3_balls betmgm 23014 12294,17576",3_balls,betmgm,23014,"Theegala, Sahith","12294,17576","Fleetwood, Tommy / Conners, Corey",3.2,0.27046,3.697,-0.1345,RBC Canadian Open,2026-06-10 09:51:07.45615,3.2,0.27046,0,FALSE,-0.134528,FALSE
"3_balls betmgm 23323 13900,25362",3_balls,betmgm,23323,"MacIntyre, Robert","13900,25362","Lowry, Shane / Fitzpatrick, Alex",2.7,0.34559,2.894,-0.0669,RBC Canadian Open,2026-06-10 09:51:07.45615,2.7,0.34559,0,FALSE,-0.0669069999999999,FALSE
"3_balls betmgm 23465 14502,19870",3_balls,betmgm,23465,"Greyserman, Max","14502,19870","Cauley, Bud / McCarthy, Denny",2.75,0.30518,3.277,-0.1608,RBC Canadian Open,2026-06-10 09:51:07.45615,2.75,0.30518,0,FALSE,-0.160755,FALSE
"3_balls betmgm 23504 15575,28270",3_balls,betmgm,23504,"Hoey, Rico","15575,28270","Hoge, Tom / Dunlap, Nick",2.2,0.44095,2.268,-0.0299,RBC Canadian Open,2026-06-10 09:51:07.45615,2.2,0.44095,0,FALSE,-0.0299099999999999,FALSE
"3_balls betmgm 23505 12909,16715",3_balls,betmgm,23505,"McGreevy, Max","12909,16715","Campos, Rafael / Ryder, Sam",2.1,0.45805,2.183,-0.0381,RBC Canadian Open,2026-06-10 09:51:07.45615,2.1,0.45805,0,FALSE,-0.0380949999999999,FALSE
"3_balls betmgm 23602 17881,19872",3_balls,betmgm,23602,"Hojgaard, Nicolai","17881,19872","Yu, Kevin / Riley, Davis",1.91,0.50391,1.984,-0.0375,RBC Canadian Open,2026-06-10 09:51:07.45615,1.91,0.50391,0,FALSE,-0.0375319000000001,FALSE
"3_balls betmgm 23604 19483,21407",3_balls,betmgm,23604,"Clark, Wyndham","19483,21407","Burns, Sam / Reitan, Kristoffer",2.88,0.3187,3.138,-0.0822,RBC Canadian Open,2026-06-10 09:51:07.45615,2.88,0.3187,0,FALSE,-0.0821440000000001,FALSE
"3_balls betmgm 24304 29770,5768",3_balls,betmgm,24304,"Vilips, Karl","29770,5768","Hoffman, Charley / Mouw, William",2.6,0.33009,3.029,-0.1418,RBC Canadian Open,2026-06-10 09:51:07.45615,2.6,0.33009,0,FALSE,-0.141766,FALSE
"3_balls betmgm 24342 11676,29197",3_balls,betmgm,24342,"Higgo, Garrick","11676,29197","Finau, Tony / Brennan, Michael",3.4,0.26673,3.749,-0.0931,RBC Canadian Open,2026-06-10 09:51:07.45615,3.4,0.26673,0,FALSE,-0.0931179999999999,FALSE
"3_balls betmgm 24766 18586,26653",3_balls,betmgm,24766,"Kim, Tom","18586,26653","Smith, Jordan / Eckroat, Austin",2.7,0.34346,2.912,-0.0727,RBC Canadian Open,2026-06-10 09:51:07.45615,2.7,0.34346,0,FALSE,-0.072658,FALSE
"3_balls betmgm 25002 17365,18424",3_balls,betmgm,25002,"Wu, Dylan","17365,18424","Mitchell, Keith / Roy, Kevin",3.5,0.23751,4.21,-0.1687,RBC Canadian Open,2026-06-10 09:51:07.45615,3.5,0.23751,0,FALSE,-0.168715,FALSE
"3_balls betmgm 25362 13900,23323",3_balls,betmgm,25362,"Fitzpatrick, Alex","13900,23323","Lowry, Shane / MacIntyre, Robert",2.8,0.32802,3.049,-0.0816,RBC Canadian Open,2026-06-10 09:51:07.45615,2.8,0.32802,0,FALSE,-0.0815440000000002,FALSE
"3_balls betmgm 25908 10104,19840",3_balls,betmgm,25908,"Whaley, Vince","10104,19840","Power, Seamus / Ramey, Chad",2.9,0.31597,3.165,-0.0837,RBC Canadian Open,2026-06-10 09:51:07.45615,2.9,0.31597,0,FALSE,-0.0836870000000001,FALSE
"3_balls betmgm 26649 21756,27164",3_balls,betmgm,26649,"Thorbjornsen, Michael","21756,27164","Cole, Eric / Phillips, Chandler",2.3,0.3921,2.55,-0.0982,RBC Canadian Open,2026-06-10 09:51:07.45615,2.3,0.3921,0,FALSE,-0.0981700000000001,FALSE
"3_balls betmgm 26653 18586,24766",3_balls,betmgm,26653,"Eckroat, Austin","18586,24766","Smith, Jordan / Kim, Tom",3.1,0.27567,3.628,-0.1454,RBC Canadian Open,2026-06-10 09:51:07.45615,3.1,0.27567,0,FALSE,-0.145423,FALSE
"3_balls betmgm 26657 13508,17538",3_balls,betmgm,26657,"Fisk, Steven","13508,17538","Vegas, Jhonattan / Homa, Max",2.5,0.37428,2.672,-0.0643,RBC Canadian Open,2026-06-10 09:51:07.45615,2.5,0.37428,0,FALSE,-0.0643,FALSE
"3_balls betmgm 27164 21756,26649",3_balls,betmgm,27164,"Phillips, Chandler","21756,26649","Cole, Eric / Thorbjornsen, Michael",4.5,0.18927,5.283,-0.1483,RBC Canadian Open,2026-06-10 09:51:07.45615,4.5,0.18927,0,FALSE,-0.148285,FALSE
"3_balls betmgm 27194 19477,27900",3_balls,betmgm,27194,"Hall, Harry","19477,27900","Schenk, Adam / Potgieter, Aldrich",2.05,0.45229,2.211,-0.0728,RBC Canadian Open,2026-06-10 09:51:07.45615,2.05,0.45229,0,FALSE,-0.0728055000000001,FALSE
"3_balls betmgm 27364 11276,12423",3_balls,betmgm,27364,"Thompson, Davis","11276,12423","Horschel, Billy / Kirk, Chris",2.3,0.41304,2.421,-0.05,RBC Canadian Open,2026-06-10 09:51:07.45615,2.3,0.41304,0,FALSE,-0.0500080000000001,FALSE
"3_balls betmgm 27819 28469,7399",3_balls,betmgm,27819,"Castillo, Ricky","28469,7399","Glover, Lucas / Highsmith, Joe",2.2,0.44082,2.269,-0.0302,RBC Canadian Open,2026-06-10 09:51:07.45615,2.2,0.44082,0,FALSE,-0.0301959999999999,FALSE
"3_balls betmgm 27900 19477,27194",3_balls,betmgm,27900,"Potgieter, Aldrich","19477,27194","Schenk, Adam / Hall, Harry",2.63,0.34256,2.919,-0.0991,RBC Canadian Open,2026-06-10 09:51:07.45615,2.63,0.34256,0,FALSE,-0.0990672000000001,FALSE
"3_balls betmgm 28159 17381,20722",3_balls,betmgm,28159,"Meissner, Mac","17381,20722","Silverman, Ben / Schmid, Matti",2.15,0.45152,2.215,-0.0292,RBC Canadian Open,2026-06-10 09:51:07.45615,2.15,0.45152,0,FALSE,-0.029232,FALSE
"3_balls betmgm 28270 15575,23504",3_balls,betmgm,28270,"Dunlap, Nick","15575,23504","Hoge, Tom / Hoey, Rico",3.25,0.25802,3.876,-0.1614,RBC Canadian Open,2026-06-10 09:51:07.45615,3.25,0.25802,0,FALSE,-0.161435,FALSE
"3_balls betmgm 28469 27819,7399",3_balls,betmgm,28469,"Highsmith, Joe","27819,7399","Glover, Lucas / Castillo, Ricky",3.8,0.21824,4.582,-0.1707,RBC Canadian Open,2026-06-10 09:51:07.45615,3.8,0.21824,0,FALSE,-0.170688,FALSE
"3_balls betmgm 29197 11676,24342",3_balls,betmgm,29197,"Brennan, Michael","11676,24342","Finau, Tony / Higgo, Garrick",2.38,0.36314,2.754,-0.1357,RBC Canadian Open,2026-06-10 09:51:07.45615,2.38,0.36314,0,FALSE,-0.1357268,FALSE
"3_balls betmgm 29433 16394,17780",3_balls,betmgm,29433,"Bridgeman, Jacob","16394,17780","Jaeger, Stephan / Pendrith, Taylor",2.4,0.39871,2.508,-0.0431,RBC Canadian Open,2026-06-10 09:51:07.45615,2.4,0.39871,0,FALSE,-0.043096,FALSE
"3_balls betmgm 29770 24304,5768",3_balls,betmgm,29770,"Mouw, William","24304,5768","Hoffman, Charley / Vilips, Karl",2.25,0.42306,2.364,-0.0481,RBC Canadian Open,2026-06-10 09:51:07.45615,2.25,0.42306,0,FALSE,-0.048115,FALSE
"3_balls betmgm 29925 17646,18841",3_balls,betmgm,29925,"Yellamaraju, Sudarshan","17646,18841","Fitzpatrick, Matt / Hovland, Viktor",3.5,0.24803,4.032,-0.1319,RBC Canadian Open,2026-06-10 09:51:07.45615,3.5,0.24803,0,FALSE,-0.131895,FALSE
"3_balls betmgm 32457 14509,16333",3_balls,betmgm,32457,"Keefer, Johnny","14509,16333","Dahmen, Joel / Hubbard, Mark",2.4,0.38691,2.585,-0.0714,RBC Canadian Open,2026-06-10 09:51:07.45615,2.4,0.38691,0,FALSE,-0.0714160000000002,FALSE
"3_balls betmgm 5513 13965,15556",3_balls,betmgm,5513,"Weir, Mike","13965,15556","Hadwin, Adam / Hughes, Mackenzie",6,0.10619,9.417,-0.3629,RBC Canadian Open,2026-06-10 09:51:07.45615,6,0.10619,0,FALSE,-0.36286,FALSE
"3_balls betmgm 5768 24304,29770",3_balls,betmgm,5768,"Hoffman, Charley","24304,29770","Vilips, Karl / Mouw, William",3.75,0.24685,4.051,-0.0743,RBC Canadian Open,2026-06-10 09:51:07.45615,3.75,0.24685,0,FALSE,-0.0743125,FALSE
"3_balls betmgm 6093 18554,22085",3_balls,betmgm,6093,"Rose, Justin","18554,22085","Rai, Aaron / Morikawa, Collin",2.7,0.33072,3.024,-0.107,RBC Canadian Open,2026-06-10 09:51:07.45615,2.7,0.33072,0,FALSE,-0.107056,FALSE
"3_balls betmgm 7399 27819,28469",3_balls,betmgm,7399,"Glover, Lucas","27819,28469","Castillo, Ricky / Highsmith, Joe",2.63,0.34094,2.933,-0.1033,RBC Canadian Open,2026-06-10 09:51:07.45615,2.63,0.34094,0,FALSE,-0.1033278,FALSE
"3_balls betonline 11276 12423,27364",3_balls,betonline,11276,"Horschel, Billy","12423,27364","Kirk, Chris / Thompson, Davis",3.25,0.27127,3.686,-0.1184,RBC Canadian Open,2026-06-10 09:51:07.45615,3.25,0.27127,0,FALSE,-0.1183725,FALSE
"3_balls betonline 11676 24342,29197",3_balls,betonline,11676,"Finau, Tony","24342,29197","Higgo, Garrick / Brennan, Michael",2.6,0.37013,2.702,-0.0377,RBC Canadian Open,2026-06-10 09:51:07.45615,2.6,0.37013,0,FALSE,-0.037662,FALSE
"3_balls betonline 11889 13126,16243",3_balls,betonline,11889,"Fox, Ryan","13126,16243","Taylor, Nick / Koepka, Brooks",3,0.32072,3.118,-0.0378,RBC Canadian Open,2026-06-10 09:51:07.45615,3,0.32072,0,FALSE,-0.03784,FALSE
"3_balls betonline 12294 17576,23014",3_balls,betonline,12294,"Fleetwood, Tommy","17576,23014","Conners, Corey / Theegala, Sahith",2,0.47441,2.108,-0.0512,RBC Canadian Open,2026-06-10 09:51:07.45615,2,0.47441,0,FALSE,-0.05118,FALSE
"3_balls betonline 12423 11276,27364",3_balls,betonline,12423,"Kirk, Chris","11276,27364","Horschel, Billy / Thompson, Davis",2.9,0.31569,3.168,-0.0845,RBC Canadian Open,2026-06-10 09:51:07.45615,2.9,0.31569,0,FALSE,-0.084499,FALSE
"3_balls betonline 13126 11889,16243",3_balls,betonline,13126,"Taylor, Nick","11889,16243","Fox, Ryan / Koepka, Brooks",2.8,0.34166,2.927,-0.0433,RBC Canadian Open,2026-06-10 09:51:07.45615,2.8,0.34166,0,FALSE,-0.0433520000000001,FALSE
"3_balls betonline 13900 23323,25362",3_balls,betonline,13900,"Lowry, Shane","23323,25362","MacIntyre, Robert / Fitzpatrick, Alex",2.8,0.32639,3.064,-0.0861,RBC Canadian Open,2026-06-10 09:51:07.45615,2.8,0.32639,0,FALSE,-0.0861080000000001,FALSE
"3_balls betonline 15575 23504,28270",3_balls,betonline,15575,"Hoge, Tom","23504,28270","Hoey, Rico / Dunlap, Nick",3,0.30103,3.322,-0.0969,RBC Canadian Open,2026-06-10 09:51:07.45615,3,0.30103,0,FALSE,-0.0969099999999999,FALSE
"3_balls betonline 16243 11889,13126",3_balls,betonline,16243,"Koepka, Brooks","11889,13126","Fox, Ryan / Taylor, Nick",2.6,0.33761,2.962,-0.1222,RBC Canadian Open,2026-06-10 09:51:07.45615,2.6,0.33761,0,FALSE,-0.122214,FALSE
"3_balls betonline 17381 20722,28159",3_balls,betonline,17381,"Silverman, Ben","20722,28159","Schmid, Matti / Meissner, Mac",4,0.21924,4.561,-0.1231,RBC Canadian Open,2026-06-10 09:51:07.45615,4,0.21924,0,FALSE,-0.12304,FALSE
"3_balls betonline 17576 12294,23014",3_balls,betonline,17576,"Conners, Corey","12294,23014","Fleetwood, Tommy / Theegala, Sahith",3.5,0.25513,3.92,-0.1071,RBC Canadian Open,2026-06-10 09:51:07.45615,3.5,0.25513,0,FALSE,-0.107045,FALSE
"3_balls betonline 17646 18841,29925",3_balls,betonline,17646,"Fitzpatrick, Matt","18841,29925","Hovland, Viktor / Yellamaraju, Sudarshan",2.2,0.44437,2.25,-0.0224,RBC Canadian Open,2026-06-10 09:51:07.45615,2.2,0.44437,0,FALSE,-0.0223859999999999,FALSE
"3_balls betonline 18554 22085,6093",3_balls,betonline,18554,"Rai, Aaron","22085,6093","Rose, Justin / Morikawa, Collin",2.85,0.32839,3.045,-0.0641,RBC Canadian Open,2026-06-10 09:51:07.45615,2.85,0.32839,0,FALSE,-0.0640884999999999,FALSE
"3_balls betonline 18586 24766,26653",3_balls,betonline,18586,"Smith, Jordan","24766,26653","Kim, Tom / Eckroat, Austin",2.5,0.38087,2.626,-0.0478,RBC Canadian Open,2026-06-10 09:51:07.45615,2.5,0.38087,0,FALSE,-0.047825,FALSE
"3_balls betonline 18841 17646,29925",3_balls,betonline,18841,"Hovland, Viktor","17646,29925","Fitzpatrick, Matt / Yellamaraju, Sudarshan",3,0.3076,3.251,-0.0772,RBC Canadian Open,2026-06-10 09:51:07.45615,3,0.3076,0,FALSE,-0.0772,FALSE
"3_balls betonline 19483 21407,23604",3_balls,betonline,19483,"Burns, Sam","21407,23604","Reitan, Kristoffer / Clark, Wyndham",2.5,0.36548,2.736,-0.0863,RBC Canadian Open,2026-06-10 09:51:07.45615,2.5,0.36548,0,FALSE,-0.0862999999999999,FALSE
"3_balls betonline 20722 17381,28159",3_balls,betonline,20722,"Schmid, Matti","17381,28159","Silverman, Ben / Meissner, Mac",2.75,0.32924,3.037,-0.0946,RBC Canadian Open,2026-06-10 09:51:07.45615,2.75,0.32924,0,FALSE,-0.0945900000000001,FALSE
"3_balls betonline 21407 19483,23604",3_balls,betonline,21407,"Reitan, Kristoffer","19483,23604","Burns, Sam / Clark, Wyndham",3,0.31582,3.166,-0.0525,RBC Canadian Open,2026-06-10 09:51:07.45615,3,0.31582,0,FALSE,-0.05254,FALSE
"3_balls betonline 21756 26649,27164",3_balls,betonline,21756,"Cole, Eric","26649,27164","Thorbjornsen, Michael / Phillips, Chandler",2.3,0.41863,2.389,-0.0372,RBC Canadian Open,2026-06-10 09:51:07.45615,2.3,0.41863,0,FALSE,-0.037151,FALSE
"3_balls betonline 22085 18554,6093",3_balls,betonline,22085,"Morikawa, Collin","18554,6093","Rose, Justin / Rai, Aaron",2.7,0.34089,2.934,-0.0796,RBC Canadian Open,2026-06-10 09:51:07.45615,2.7,0.34089,0,FALSE,-0.0795969999999999,FALSE
"3_balls betonline 23014 12294,17576",3_balls,betonline,23014,"Theegala, Sahith","12294,17576","Fleetwood, Tommy / Conners, Corey",3.4,0.27046,3.697,-0.0804,RBC Canadian Open,2026-06-10 09:51:07.45615,3.4,0.27046,0,FALSE,-0.0804360000000001,FALSE
"3_balls betonline 23323 13900,25362",3_balls,betonline,23323,"MacIntyre, Robert","13900,25362","Lowry, Shane / Fitzpatrick, Alex",2.75,0.34559,2.894,-0.0496,RBC Canadian Open,2026-06-10 09:51:07.45615,2.75,0.34559,0,FALSE,-0.0496274999999999,FALSE
"3_balls betonline 23504 15575,28270",3_balls,betonline,23504,"Hoey, Rico","15575,28270","Hoge, Tom / Dunlap, Nick",2.2,0.44095,2.268,-0.0299,RBC Canadian Open,2026-06-10 09:51:07.45615,2.2,0.44095,0,FALSE,-0.0299099999999999,FALSE
"3_balls betonline 23604 19483,21407",3_balls,betonline,23604,"Clark, Wyndham","19483,21407","Burns, Sam / Reitan, Kristoffer",2.9,0.3187,3.138,-0.0758,RBC Canadian Open,2026-06-10 09:51:07.45615,2.9,0.3187,0,FALSE,-0.0757700000000001,FALSE
"3_balls betonline 24342 11676,29197",3_balls,betonline,24342,"Higgo, Garrick","11676,29197","Finau, Tony / Brennan, Michael",3.4,0.26673,3.749,-0.0931,RBC Canadian Open,2026-06-10 09:51:07.45615,3.4,0.26673,0,FALSE,-0.0931179999999999,FALSE
"3_balls betonline 24766 18586,26653",3_balls,betonline,24766,"Kim, Tom","18586,26653","Smith, Jordan / Eckroat, Austin",2.75,0.34346,2.912,-0.0555,RBC Canadian Open,2026-06-10 09:51:07.45615,2.75,0.34346,0,FALSE,-0.055485,FALSE
"3_balls betonline 25362 13900,23323",3_balls,betonline,25362,"Fitzpatrick, Alex","13900,23323","Lowry, Shane / MacIntyre, Robert",2.8,0.32802,3.049,-0.0816,RBC Canadian Open,2026-06-10 09:51:07.45615,2.8,0.32802,0,FALSE,-0.0815440000000002,FALSE
"3_balls betonline 26649 21756,27164",3_balls,betonline,26649,"Thorbjornsen, Michael","21756,27164","Cole, Eric / Phillips, Chandler",2.35,0.3921,2.55,-0.0786,RBC Canadian Open,2026-06-10 09:51:07.45615,2.35,0.3921,0,FALSE,-0.078565,FALSE
"3_balls betonline 26653 18586,24766",3_balls,betonline,26653,"Eckroat, Austin","18586,24766","Smith, Jordan / Kim, Tom",3.25,0.27567,3.628,-0.1041,RBC Canadian Open,2026-06-10 09:51:07.45615,3.25,0.27567,0,FALSE,-0.1040725,FALSE
"3_balls betonline 27164 21756,26649",3_balls,betonline,27164,"Phillips, Chandler","21756,26649","Cole, Eric / Thorbjornsen, Michael",4.5,0.18927,5.283,-0.1483,RBC Canadian Open,2026-06-10 09:51:07.45615,4.5,0.18927,0,FALSE,-0.148285,FALSE
"3_balls betonline 27364 11276,12423",3_balls,betonline,27364,"Thompson, Davis","11276,12423","Horschel, Billy / Kirk, Chris",2.35,0.41304,2.421,-0.0294,RBC Canadian Open,2026-06-10 09:51:07.45615,2.35,0.41304,0,FALSE,-0.0293559999999999,FALSE
"3_balls betonline 28159 17381,20722",3_balls,betonline,28159,"Meissner, Mac","17381,20722","Silverman, Ben / Schmid, Matti",2.15,0.45152,2.215,-0.0292,RBC Canadian Open,2026-06-10 09:51:07.45615,2.15,0.45152,0,FALSE,-0.029232,FALSE
"3_balls betonline 28270 15575,23504",3_balls,betonline,28270,"Dunlap, Nick","15575,23504","Hoge, Tom / Hoey, Rico",3.5,0.25802,3.876,-0.0969,RBC Canadian Open,2026-06-10 09:51:07.45615,3.5,0.25802,0,FALSE,-0.09693,FALSE
"3_balls betonline 29197 11676,24342",3_balls,betonline,29197,"Brennan, Michael","11676,24342","Finau, Tony / Higgo, Garrick",2.5,0.36314,2.754,-0.0921,RBC Canadian Open,2026-06-10 09:51:07.45615,2.5,0.36314,0,FALSE,-0.09215,FALSE
"3_balls betonline 29925 17646,18841",3_balls,betonline,29925,"Yellamaraju, Sudarshan","17646,18841","Fitzpatrick, Matt / Hovland, Viktor",3.5,0.24803,4.032,-0.1319,RBC Canadian Open,2026-06-10 09:51:07.45615,3.5,0.24803,0,FALSE,-0.131895,FALSE
"3_balls betonline 6093 18554,22085",3_balls,betonline,6093,"Rose, Justin","18554,22085","Rai, Aaron / Morikawa, Collin",2.8,0.33072,3.024,-0.074,RBC Canadian Open,2026-06-10 09:51:07.45615,2.8,0.33072,0,FALSE,-0.0739840000000001,FALSE
"3_balls bovada 10104 19840,25908",3_balls,bovada,10104,"Power, Seamus","19840,25908","Ramey, Chad / Whaley, Vince",2.6,0.34859,2.869,-0.0937,RBC Canadian Open,2026-06-10 09:51:07.45615,2.6,0.34859,0,FALSE,-0.0936659999999999,FALSE
"3_balls bovada 10419 17786,18628",3_balls,bovada,10419,"Noren, Alex","17786,18628","Davis, Cam / Campbell, Brian",1.714,0.56186,1.78,-0.0368,RBC Canadian Open,2026-06-10 09:51:07.45615,1.714,0.56186,0,FALSE,-0.03697196,FALSE
"3_balls bovada 10873 20766,30036882",3_balls,bovada,10873,"Skinns, David","20766,30036882","Brown, Dan / Zhao, Eric",2.25,0.43386,2.305,-0.0238,RBC Canadian Open,2026-06-10 09:51:07.45615,2.25,0.43386,0,FALSE,-0.0238149999999999,FALSE
"3_balls bovada 11276 12423,27364",3_balls,bovada,11276,"Horschel, Billy","12423,27364","Kirk, Chris / Thompson, Davis",3.1,0.27127,3.686,-0.1591,RBC Canadian Open,2026-06-10 09:51:07.45615,3.1,0.27127,0,FALSE,-0.159063,FALSE
"3_balls bovada 11441 17032,22002",3_balls,bovada,11441,"Covello, Vince","17032,22002","Tosti, Alejandro / Dumont De Chassart, Adrien",4.2,0.16239,6.158,-0.318,RBC Canadian Open,2026-06-10 09:51:07.45615,4.2,0.16239,0,FALSE,-0.317962,FALSE
"3_balls bovada 11451 15470,25157",3_balls,bovada,11451,"Garnett, Brice","15470,25157","Hossler, Beau / Hodges, Lee",3.5,0.25062,3.99,-0.1228,RBC Canadian Open,2026-06-10 09:51:07.45615,3.5,0.25062,0,FALSE,-0.12283,FALSE
"3_balls bovada 11676 24342,29197",3_balls,bovada,11676,"Finau, Tony","24342,29197","Higgo, Garrick / Brennan, Michael",2.6,0.37013,2.702,-0.0377,RBC Canadian Open,2026-06-10 09:51:07.45615,2.6,0.37013,0,FALSE,-0.037662,FALSE
"3_balls bovada 11889 13126,16243",3_balls,bovada,11889,"Fox, Ryan","13126,16243","Taylor, Nick / Koepka, Brooks",3,0.32072,3.118,-0.0378,RBC Canadian Open,2026-06-10 09:51:07.45615,3,0.32072,0,FALSE,-0.03784,FALSE
"3_balls bovada 12294 17576,23014",3_balls,bovada,12294,"Fleetwood, Tommy","17576,23014","Conners, Corey / Theegala, Sahith",2.05,0.47441,2.108,-0.0275,RBC Canadian Open,2026-06-10 09:51:07.45615,2.05,0.47441,0,FALSE,-0.0274595000000001,FALSE
"3_balls bovada 12423 11276,27364",3_balls,bovada,12423,"Kirk, Chris","11276,27364","Horschel, Billy / Thompson, Davis",2.85,0.31569,3.168,-0.1003,RBC Canadian Open,2026-06-10 09:51:07.45615,2.85,0.31569,0,FALSE,-0.1002835,FALSE
"3_balls bovada 12426 19846,31347",3_balls,bovada,12426,"Waring, Paul","19846,31347","Bauchou, Zach / Desmarchais, Laurent",2.45,0.3969,2.52,-0.0276,RBC Canadian Open,2026-06-10 09:51:07.45615,2.45,0.3969,0,FALSE,-0.027595,FALSE
"3_balls bovada 12808 17550,5716",3_balls,bovada,12808,"Grillo, Emiliano","17550,5716","Harrington, Padraig / Van Rooyen, Erik",2.3,0.42119,2.374,-0.0313,RBC Canadian Open,2026-06-10 09:51:07.45615,2.3,0.42119,0,FALSE,-0.031263,FALSE
"3_balls bovada 12909 16715,23505",3_balls,bovada,12909,"Campos, Rafael","16715,23505","Ryder, Sam / McGreevy, Max",4.3,0.19106,5.234,-0.1785,RBC Canadian Open,2026-06-10 09:51:07.45615,4.3,0.19106,0,FALSE,-0.178442,FALSE
"3_balls bovada 12920 17723,21943",3_balls,bovada,12920,"Willett, Danny","17723,21943","Lower, Justin / Lebioda, Hank",2.6,0.33356,2.998,-0.1327,RBC Canadian Open,2026-06-10 09:51:07.45615,2.6,0.33356,0,FALSE,-0.132744,FALSE
"3_balls bovada 13126 11889,16243",3_balls,bovada,13126,"Taylor, Nick","11889,16243","Fox, Ryan / Koepka, Brooks",2.6,0.34166,2.927,-0.1117,RBC Canadian Open,2026-06-10 09:51:07.45615,2.6,0.34166,0,FALSE,-0.111684,FALSE
"3_balls bovada 13412 13997,19960",3_balls,bovada,13412,"Olesen, Thorbjorn","13997,19960","Svensson, Adam / Pavon, Matthieu",2.35,0.3956,2.528,-0.0703,RBC Canadian Open,2026-06-10 09:51:07.45615,2.35,0.3956,0,FALSE,-0.07034,FALSE
"3_balls bovada 13470 15980,24550",3_balls,bovada,13470,"Kizzire, Patton","15980,24550","Lipsky, David / Ghim, Doug",4,0.19436,5.145,-0.2225,RBC Canadian Open,2026-06-10 09:51:07.45615,4,0.19436,0,FALSE,-0.22256,FALSE
"3_balls bovada 13508 17538,26657",3_balls,bovada,13508,"Vegas, Jhonattan","17538,26657","Homa, Max / Fisk, Steven",3.25,0.27616,3.621,-0.1025,RBC Canadian Open,2026-06-10 09:51:07.45615,3.25,0.27616,0,FALSE,-0.10248,FALSE
"3_balls bovada 13764 16591,30717",3_balls,bovada,13764,"Parry, John","16591,30717","Rozo, Marcelo / O'Donovan, Declan",2.1,0.46548,2.148,-0.0225,RBC Canadian Open,2026-06-10 09:51:07.45615,2.1,0.46548,0,FALSE,-0.022492,FALSE
"3_balls bovada 13900 23323,25362",3_balls,bovada,13900,"Lowry, Shane","23323,25362","MacIntyre, Robert / Fitzpatrick, Alex",2.8,0.32639,3.064,-0.0861,RBC Canadian Open,2026-06-10 09:51:07.45615,2.8,0.32639,0,FALSE,-0.0861080000000001,FALSE
"3_balls bovada 13965 15556,5513",3_balls,bovada,13965,"Hadwin, Adam","15556,5513","Weir, Mike / Hughes, Mackenzie",2.35,0.41786,2.393,-0.018,RBC Canadian Open,2026-06-10 09:51:07.45615,2.35,0.41786,0,FALSE,-0.018029,FALSE
"3_balls bovada 13997 13412,19960",3_balls,bovada,13997,"Svensson, Adam","13412,19960","Olesen, Thorbjorn / Pavon, Matthieu",2.9,0.30875,3.239,-0.1046,RBC Canadian Open,2026-06-10 09:51:07.45615,2.9,0.30875,0,FALSE,-0.104625,FALSE
"3_balls bovada 14007 14704,18103",3_balls,bovada,14007,"Martin, Ben","14704,18103","Putnam, Andrew / Bezuidenhout, Christiaan",4.5,0.15969,6.262,-0.2814,RBC Canadian Open,2026-06-10 09:51:07.45615,4.5,0.15969,0,FALSE,-0.281395,FALSE
"3_balls bovada 14050 22985,25003",3_balls,bovada,14050,"Sloan, Roger","22985,25003","Smotherman, Austin / Walker, Danny",3.2,0.29301,3.413,-0.0624,RBC Canadian Open,2026-06-10 09:51:07.45615,3.2,0.29301,0,FALSE,-0.062368,FALSE
"3_balls bovada 14502 19870,23465",3_balls,bovada,14502,"Cauley, Bud","19870,23465","McCarthy, Denny / Greyserman, Max",2.35,0.41018,2.438,-0.0361,RBC Canadian Open,2026-06-10 09:51:07.45615,2.35,0.41018,0,FALSE,-0.036077,FALSE
"3_balls bovada 14509 16333,32457",3_balls,bovada,14509,"Dahmen, Joel","16333,32457","Hubbard, Mark / Keefer, Johnny",3.25,0.2919,3.426,-0.0513,RBC Canadian Open,2026-06-10 09:51:07.45615,3.25,0.2919,0,FALSE,-0.0513250000000001,FALSE
"3_balls bovada 14704 14007,18103",3_balls,bovada,14704,"Putnam, Andrew","14007,18103","Martin, Ben / Bezuidenhout, Christiaan",2.3,0.4237,2.36,-0.0255,RBC Canadian Open,2026-06-10 09:51:07.45615,2.3,0.4237,0,FALSE,-0.02549,FALSE
"3_balls bovada 14926 19729,20706",3_balls,bovada,14926,"Malnati, Peter","19729,20706","Kanaya, Takumi / Wallace, Matt",3.75,0.2407,4.155,-0.0974,RBC Canadian Open,2026-06-10 09:51:07.45615,3.75,0.2407,0,FALSE,-0.097375,FALSE
"3_balls bovada 15310 24956,32259",3_balls,bovada,15310,"Li, Haotong","24956,32259","Blanchet, Chandler / Matthews, Justin",2.15,0.44371,2.254,-0.046,RBC Canadian Open,2026-06-10 09:51:07.45615,2.15,0.44371,0,FALSE,-0.0460235000000001,FALSE
"3_balls bovada 15330 21944,9171",3_balls,bovada,15330,"Griffin, Lanto","21944,9171","Villegas, Camilo / Moore, Taylor",2.75,0.33533,2.982,-0.0779,RBC Canadian Open,2026-06-10 09:51:07.45615,2.75,0.33533,0,FALSE,-0.0778424999999999,FALSE
"3_balls bovada 15470 11451,25157",3_balls,bovada,15470,"Hossler, Beau","11451,25157","Garnett, Brice / Hodges, Lee",2.5,0.37481,2.668,-0.063,RBC Canadian Open,2026-06-10 09:51:07.45615,2.5,0.37481,0,FALSE,-0.062975,FALSE
"3_balls bovada 15556 13965,5513",3_balls,bovada,15556,"Hughes, Mackenzie","13965,5513","Weir, Mike / Hadwin, Adam",2,0.47595,2.101,-0.0481,RBC Canadian Open,2026-06-10 09:51:07.45615,2,0.47595,0,FALSE,-0.0481,FALSE
"3_balls bovada 15575 23504,28270",3_balls,bovada,15575,"Hoge, Tom","23504,28270","Hoey, Rico / Dunlap, Nick",2.9,0.30103,3.322,-0.127,RBC Canadian Open,2026-06-10 09:51:07.45615,2.9,0.30103,0,FALSE,-0.127013,FALSE
"3_balls bovada 15651 16757,32260",3_balls,bovada,15651,"Ventura, Kris","16757,32260","Dou, Zecheng / McCulloch, Ashton",2.25,0.41627,2.402,-0.0634,RBC Canadian Open,2026-06-10 09:51:07.45615,2.25,0.41627,0,FALSE,-0.0633925000000001,FALSE
"3_balls bovada 15980 13470,24550",3_balls,bovada,15980,"Lipsky, David","13470,24550","Kizzire, Patton / Ghim, Doug",2.9,0.31291,3.196,-0.0926,RBC Canadian Open,2026-06-10 09:51:07.45615,2.9,0.31291,0,FALSE,-0.092561,FALSE
"3_balls bovada 16243 11889,13126",3_balls,bovada,16243,"Koepka, Brooks","11889,13126","Fox, Ryan / Taylor, Nick",2.6,0.33761,2.962,-0.1222,RBC Canadian Open,2026-06-10 09:51:07.45615,2.6,0.33761,0,FALSE,-0.122214,FALSE
"3_balls bovada 16333 14509,32457",3_balls,bovada,16333,"Hubbard, Mark","14509,32457","Dahmen, Joel / Keefer, Johnny",3,0.32119,3.113,-0.0364,RBC Canadian Open,2026-06-10 09:51:07.45615,3,0.32119,0,FALSE,-0.0364300000000001,FALSE
"3_balls bovada 16341 16492,25094",3_balls,bovada,16341,"Peterson, Paul","16492,25094","Nesbitt, Drew / Fishburn, Patrick",2.7,0.35002,2.857,-0.0549,RBC Canadian Open,2026-06-10 09:51:07.45615,2.7,0.35002,0,FALSE,-0.0549459999999999,FALSE
"3_balls bovada 16394 17780,29433",3_balls,bovada,16394,"Jaeger, Stephan","17780,29433","Pendrith, Taylor / Bridgeman, Jacob",3.1,0.27327,3.659,-0.1529,RBC Canadian Open,2026-06-10 09:51:07.45615,3.1,0.27327,0,FALSE,-0.152863,FALSE
"3_balls bovada 16492 16341,25094",3_balls,bovada,16492,"Nesbitt, Drew","16341,25094","Peterson, Paul / Fishburn, Patrick",3.5,0.24127,4.145,-0.1556,RBC Canadian Open,2026-06-10 09:51:07.45615,3.5,0.24127,0,FALSE,-0.155555,FALSE
"3_balls bovada 16591 13764,30717",3_balls,bovada,16591,"Rozo, Marcelo","13764,30717","Parry, John / O'Donovan, Declan",3,0.30012,3.332,-0.0996,RBC Canadian Open,2026-06-10 09:51:07.45615,3,0.30012,0,FALSE,-0.09964,FALSE
"3_balls bovada 16715 12909,23505",3_balls,bovada,16715,"Ryder, Sam","12909,23505","Campos, Rafael / McGreevy, Max",2.5,0.3509,2.85,-0.1228,RBC Canadian Open,2026-06-10 09:51:07.45615,2.5,0.3509,0,FALSE,-0.12275,FALSE
"3_balls bovada 16757 15651,32260",3_balls,bovada,16757,"Dou, Zecheng","15651,32260","Ventura, Kris / McCulloch, Ashton",2.25,0.43966,2.275,-0.0108,RBC Canadian Open,2026-06-10 09:51:07.45615,2.25,0.43966,0,FALSE,-0.010765,FALSE
"3_balls bovada 17032 11441,22002",3_balls,bovada,17032,"Tosti, Alejandro","11441,22002","Covello, Vince / Dumont De Chassart, Adrien",2.85,0.32672,3.061,-0.0688,RBC Canadian Open,2026-06-10 09:51:07.45615,2.85,0.32672,0,FALSE,-0.0688479999999999,FALSE
"3_balls bovada 17365 18424,25002",3_balls,bovada,17365,"Mitchell, Keith","18424,25002","Roy, Kevin / Wu, Dylan",2.1,0.45624,2.192,-0.0419,RBC Canadian Open,2026-06-10 09:51:07.45615,2.1,0.45624,0,FALSE,-0.041896,FALSE
"3_balls bovada 17381 20722,28159",3_balls,bovada,17381,"Silverman, Ben","20722,28159","Schmid, Matti / Meissner, Mac",4,0.21924,4.561,-0.1231,RBC Canadian Open,2026-06-10 09:51:07.45615,4,0.21924,0,FALSE,-0.12304,FALSE
"3_balls bovada 17538 13508,26657",3_balls,bovada,17538,"Homa, Max","13508,26657","Vegas, Jhonattan / Fisk, Steven",2.6,0.34956,2.861,-0.0911,RBC Canadian Open,2026-06-10 09:51:07.45615,2.6,0.34956,0,FALSE,-0.091144,FALSE
"3_balls bovada 17550 12808,5716",3_balls,bovada,17550,"Van Rooyen, Erik","12808,5716","Harrington, Padraig / Grillo, Emiliano",2.6,0.33345,2.999,-0.133,RBC Canadian Open,2026-06-10 09:51:07.45615,2.6,0.33345,0,FALSE,-0.13303,FALSE
"3_balls bovada 17576 12294,23014",3_balls,bovada,17576,"Conners, Corey","12294,23014","Fleetwood, Tommy / Theegala, Sahith",3.3,0.25513,3.92,-0.1581,RBC Canadian Open,2026-06-10 09:51:07.45615,3.3,0.25513,0,FALSE,-0.158071,FALSE
"3_balls bovada 17646 18841,29925",3_balls,bovada,17646,"Fitzpatrick, Matt","18841,29925","Hovland, Viktor / Yellamaraju, Sudarshan",2.2,0.44437,2.25,-0.0224,RBC Canadian Open,2026-06-10 09:51:07.45615,2.2,0.44437,0,FALSE,-0.0223859999999999,FALSE
"3_balls bovada 17723 12920,21943",3_balls,bovada,17723,"Lower, Justin","12920,21943","Willett, Danny / Lebioda, Hank",2.85,0.30971,3.229,-0.1173,RBC Canadian Open,2026-06-10 09:51:07.45615,2.85,0.30971,0,FALSE,-0.1173265,FALSE
"3_balls bovada 17780 16394,29433",3_balls,bovada,17780,"Pendrith, Taylor","16394,29433","Jaeger, Stephan / Bridgeman, Jacob",2.85,0.32802,3.049,-0.0651,RBC Canadian Open,2026-06-10 09:51:07.45615,2.85,0.32802,0,FALSE,-0.0651430000000001,FALSE
"3_balls bovada 17786 10419,18628",3_balls,bovada,17786,"Davis, Cam","10419,18628","Noren, Alex / Campbell, Brian",4,0.2137,4.68,-0.1452,RBC Canadian Open,2026-06-10 09:51:07.45615,4,0.2137,0,FALSE,-0.1452,FALSE
"3_balls bovada 17881 19872,23602",3_balls,bovada,17881,"Yu, Kevin","19872,23602","Riley, Davis / Hojgaard, Nicolai",2.8,0.31693,3.155,-0.1126,RBC Canadian Open,2026-06-10 09:51:07.45615,2.8,0.31693,0,FALSE,-0.112596,FALSE
"3_balls bovada 18103 14007,14704",3_balls,bovada,18103,"Bezuidenhout, Christiaan","14007,14704","Martin, Ben / Putnam, Andrew",2.3,0.41661,2.4,-0.0418,RBC Canadian Open,2026-06-10 09:51:07.45615,2.3,0.41661,0,FALSE,-0.0417970000000001,FALSE
"3_balls bovada 18424 17365,25002",3_balls,bovada,18424,"Roy, Kevin","17365,25002","Mitchell, Keith / Wu, Dylan",3,0.30626,3.265,-0.0812,RBC Canadian Open,2026-06-10 09:51:07.45615,3,0.30626,0,FALSE,-0.0812200000000001,FALSE
"3_balls bovada 18554 22085,6093",3_balls,bovada,18554,"Rai, Aaron","22085,6093","Rose, Justin / Morikawa, Collin",2.85,0.32839,3.045,-0.0641,RBC Canadian Open,2026-06-10 09:51:07.45615,2.85,0.32839,0,FALSE,-0.0640884999999999,FALSE
"3_balls bovada 18586 24766,26653",3_balls,bovada,18586,"Smith, Jordan","24766,26653","Kim, Tom / Eckroat, Austin",2.5,0.38087,2.626,-0.0478,RBC Canadian Open,2026-06-10 09:51:07.45615,2.5,0.38087,0,FALSE,-0.047825,FALSE
"3_balls bovada 18628 10419,17786",3_balls,bovada,18628,"Campbell, Brian","10419,17786","Noren, Alex / Davis, Cam",3.75,0.22445,4.455,-0.1583,RBC Canadian Open,2026-06-10 09:51:07.45615,3.75,0.22445,0,FALSE,-0.1583125,FALSE
"3_balls bovada 18841 17646,29925",3_balls,bovada,18841,"Hovland, Viktor","17646,29925","Fitzpatrick, Matt / Yellamaraju, Sudarshan",2.8,0.3076,3.251,-0.1387,RBC Canadian Open,2026-06-10 09:51:07.45615,2.8,0.3076,0,FALSE,-0.13872,FALSE
"3_balls bovada 19477 27194,27900",3_balls,bovada,19477,"Schenk, Adam","27194,27900","Hall, Harry / Potgieter, Aldrich",4.3,0.20516,4.874,-0.1178,RBC Canadian Open,2026-06-10 09:51:07.45615,4.3,0.20516,0,FALSE,-0.117812,FALSE
"3_balls bovada 19483 21407,23604",3_balls,bovada,19483,"Burns, Sam","21407,23604","Reitan, Kristoffer / Clark, Wyndham",2.5,0.36548,2.736,-0.0863,RBC Canadian Open,2026-06-10 09:51:07.45615,2.5,0.36548,0,FALSE,-0.0862999999999999,FALSE
"3_balls bovada 19729 14926,20706",3_balls,bovada,19729,"Kanaya, Takumi","14926,20706","Malnati, Peter / Wallace, Matt",2.85,0.32869,3.042,-0.0632,RBC Canadian Open,2026-06-10 09:51:07.45615,2.85,0.32869,0,FALSE,-0.0632335000000001,FALSE
"3_balls bovada 19840 10104,25908",3_balls,bovada,19840,"Ramey, Chad","10104,25908","Power, Seamus / Whaley, Vince",2.7,0.33544,2.981,-0.0943,RBC Canadian Open,2026-06-10 09:51:07.45615,2.7,0.33544,0,FALSE,-0.094312,FALSE
"3_balls bovada 19846 12426,31347",3_balls,bovada,19846,"Bauchou, Zach","12426,31347","Waring, Paul / Desmarchais, Laurent",1.833,0.53671,1.863,-0.016,RBC Canadian Open,2026-06-10 09:51:07.45615,1.833,0.53671,0,FALSE,-0.01621057,FALSE
"3_balls bovada 19870 14502,23465",3_balls,bovada,19870,"McCarthy, Denny","14502,23465","Cauley, Bud / Greyserman, Max",3.2,0.28464,3.513,-0.0891,RBC Canadian Open,2026-06-10 09:51:07.45615,3.2,0.28464,0,FALSE,-0.0891519999999999,FALSE
"3_balls bovada 19872 17881,23602",3_balls,bovada,19872,"Riley, Davis","17881,23602","Yu, Kevin / Hojgaard, Nicolai",4.3,0.17916,5.582,-0.2296,RBC Canadian Open,2026-06-10 09:51:07.45615,4.3,0.17916,0,FALSE,-0.229612,FALSE
"3_balls bovada 19960 13412,13997",3_balls,bovada,19960,"Pavon, Matthieu","13412,13997","Olesen, Thorbjorn / Svensson, Adam",3,0.29565,3.382,-0.113,RBC Canadian Open,2026-06-10 09:51:07.45615,3,0.29565,0,FALSE,-0.11305,FALSE
"3_balls bovada 20706 14926,19729",3_balls,bovada,20706,"Wallace, Matt","14926,19729","Malnati, Peter / Kanaya, Takumi",2.1,0.43061,2.322,-0.0957,RBC Canadian Open,2026-06-10 09:51:07.45615,2.1,0.43061,0,FALSE,-0.095719,FALSE
"3_balls bovada 20722 17381,28159",3_balls,bovada,20722,"Schmid, Matti","17381,28159","Silverman, Ben / Meissner, Mac",2.6,0.32924,3.037,-0.144,RBC Canadian Open,2026-06-10 09:51:07.45615,2.6,0.32924,0,FALSE,-0.143976,FALSE
"3_balls bovada 20766 10873,30036882",3_balls,bovada,20766,"Brown, Dan","10873,30036882","Skinns, David / Zhao, Eric",1.952,0.50012,2,-0.0236,RBC Canadian Open,2026-06-10 09:51:07.45615,1.952,0.50012,0,FALSE,-0.02376576,FALSE
"3_balls bovada 20954 21995,9457",3_balls,bovada,20954,"Hirata, Kensei","21995,9457","Benson, Yohann / Springer, Hayden",2.45,0.40258,2.484,-0.0137,RBC Canadian Open,2026-06-10 09:51:07.45615,2.45,0.40258,0,FALSE,-0.013679,FALSE
"3_balls bovada 21074 27780,30040252",3_balls,bovada,21074,"Nakajima, Keita","27780,30040252","Crowe, Trace / Lew, Dawson",2.15,0.46044,2.172,-0.0101,RBC Canadian Open,2026-06-10 09:51:07.45615,2.15,0.46044,0,FALSE,-0.010054,FALSE
"3_balls bovada 21407 19483,23604",3_balls,bovada,21407,"Reitan, Kristoffer","19483,23604","Burns, Sam / Clark, Wyndham",3,0.31582,3.166,-0.0525,RBC Canadian Open,2026-06-10 09:51:07.45615,3,0.31582,0,FALSE,-0.05254,FALSE
"3_balls bovada 21756 26649,27164",3_balls,bovada,21756,"Cole, Eric","26649,27164","Thorbjornsen, Michael / Phillips, Chandler",2.2,0.41863,2.389,-0.079,RBC Canadian Open,2026-06-10 09:51:07.45615,2.2,0.41863,0,FALSE,-0.0790139999999999,FALSE
"3_balls bovada 21883 25289,32330",3_balls,bovada,21883,"Ewart, A.J.","25289,32330","Savoie, Joey / Clanton, Luke",2.25,0.40181,2.489,-0.0959,RBC Canadian Open,2026-06-10 09:51:07.45615,2.25,0.40181,0,FALSE,-0.0959275,FALSE
"3_balls bovada 21889 24343,7626",3_balls,bovada,21889,"Kang, Jeffrey","24343,7626","O'Hair, Sean / Lamprecht, Christo",2.45,0.40847,2.448,8e-04,RBC Canadian Open,2026-06-10 09:51:07.45615,2.45,0.40847,0,FALSE,0.000751500000000016,FALSE
"3_balls bovada 21943 12920,17723",3_balls,bovada,21943,"Lebioda, Hank","12920,17723","Willett, Danny / Lower, Justin",2.7,0.35673,2.803,-0.0368,RBC Canadian Open,2026-06-10 09:51:07.45615,2.7,0.35673,0,FALSE,-0.036829,FALSE
"3_balls bovada 21944 15330,9171",3_balls,bovada,21944,"Moore, Taylor","15330,9171","Villegas, Camilo / Griffin, Lanto",2.2,0.44423,2.251,-0.0227,RBC Canadian Open,2026-06-10 09:51:07.45615,2.2,0.44423,0,FALSE,-0.0226939999999999,FALSE
"3_balls bovada 21995 20954,9457",3_balls,bovada,21995,"Springer, Hayden","20954,9457","Benson, Yohann / Hirata, Kensei",2.2,0.44939,2.225,-0.0114,RBC Canadian Open,2026-06-10 09:51:07.45615,2.2,0.44939,0,FALSE,-0.0113419999999999,FALSE
"3_balls bovada 22002 11441,17032",3_balls,bovada,22002,"Dumont De Chassart, Adrien","11441,17032","Covello, Vince / Tosti, Alejandro",1.952,0.51089,1.957,-0.0025,RBC Canadian Open,2026-06-10 09:51:07.45615,1.952,0.51089,0,FALSE,-0.00274272000000009,FALSE
"3_balls bovada 22085 18554,6093",3_balls,bovada,22085,"Morikawa, Collin","18554,6093","Rose, Justin / Rai, Aaron",2.6,0.34089,2.934,-0.1137,RBC Canadian Open,2026-06-10 09:51:07.45615,2.6,0.34089,0,FALSE,-0.113686,FALSE
"3_balls bovada 22985 14050,25003",3_balls,bovada,22985,"Smotherman, Austin","14050,25003","Sloan, Roger / Walker, Danny",2.2,0.43701,2.288,-0.0386,RBC Canadian Open,2026-06-10 09:51:07.45615,2.2,0.43701,0,FALSE,-0.0385779999999999,FALSE
"3_balls bovada 23014 12294,17576",3_balls,bovada,23014,"Theegala, Sahith","12294,17576","Fleetwood, Tommy / Conners, Corey",3.25,0.27046,3.697,-0.121,RBC Canadian Open,2026-06-10 09:51:07.45615,3.25,0.27046,0,FALSE,-0.121005,FALSE
"3_balls bovada 23048 25475,35395",3_balls,bovada,23048,"Stanger, Jimmy","25475,35395","Nyholm, Pontus / Sanderson, Calen",2.25,0.41288,2.422,-0.071,RBC Canadian Open,2026-06-10 09:51:07.45615,2.25,0.41288,0,FALSE,-0.07102,FALSE
"3_balls bovada 23323 13900,25362",3_balls,bovada,23323,"MacIntyre, Robert","13900,25362","Lowry, Shane / Fitzpatrick, Alex",2.6,0.34559,2.894,-0.1015,RBC Canadian Open,2026-06-10 09:51:07.45615,2.6,0.34559,0,FALSE,-0.101466,FALSE
"3_balls bovada 23465 14502,19870",3_balls,bovada,23465,"Greyserman, Max","14502,19870","Cauley, Bud / McCarthy, Denny",2.75,0.30518,3.277,-0.1608,RBC Canadian Open,2026-06-10 09:51:07.45615,2.75,0.30518,0,FALSE,-0.160755,FALSE
"3_balls bovada 23504 15575,28270",3_balls,bovada,23504,"Hoey, Rico","15575,28270","Hoge, Tom / Dunlap, Nick",2.25,0.44095,2.268,-0.0079,RBC Canadian Open,2026-06-10 09:51:07.45615,2.25,0.44095,0,FALSE,-0.00786249999999999,FALSE
"3_balls bovada 23505 12909,16715",3_balls,bovada,23505,"McGreevy, Max","12909,16715","Campos, Rafael / Ryder, Sam",2.15,0.45805,2.183,-0.0152,RBC Canadian Open,2026-06-10 09:51:07.45615,2.15,0.45805,0,FALSE,-0.0151925000000001,FALSE
"3_balls bovada 23602 17881,19872",3_balls,bovada,23602,"Hojgaard, Nicolai","17881,19872","Yu, Kevin / Riley, Davis",1.952,0.50391,1.984,-0.0162,RBC Canadian Open,2026-06-10 09:51:07.45615,1.952,0.50391,0,FALSE,-0.0163676800000001,FALSE
"3_balls bovada 23604 19483,21407",3_balls,bovada,23604,"Clark, Wyndham","19483,21407","Burns, Sam / Reitan, Kristoffer",2.8,0.3187,3.138,-0.1076,RBC Canadian Open,2026-06-10 09:51:07.45615,2.8,0.3187,0,FALSE,-0.10764,FALSE
"3_balls bovada 23841 29702,30620",3_balls,bovada,23841,"Neergaard-Petersen, Rasmus","29702,30620","Sihota, Jeevan / Chatfield, Davis",1.714,0.56589,1.767,-0.0299,RBC Canadian Open,2026-06-10 09:51:07.45615,1.714,0.56589,0,FALSE,-0.03006454,FALSE
"3_balls bovada 24304 29770,5768",3_balls,bovada,24304,"Vilips, Karl","29770,5768","Hoffman, Charley / Mouw, William",2.7,0.33009,3.029,-0.1088,RBC Canadian Open,2026-06-10 09:51:07.45615,2.7,0.33009,0,FALSE,-0.108757,FALSE
"3_balls bovada 24342 11676,29197",3_balls,bovada,24342,"Higgo, Garrick","11676,29197","Finau, Tony / Brennan, Michael",3.4,0.26673,3.749,-0.0931,RBC Canadian Open,2026-06-10 09:51:07.45615,3.4,0.26673,0,FALSE,-0.0931179999999999,FALSE
"3_balls bovada 24343 21889,7626",3_balls,bovada,24343,"Lamprecht, Christo","21889,7626","O'Hair, Sean / Kang, Jeffrey",2.45,0.38611,2.59,-0.054,RBC Canadian Open,2026-06-10 09:51:07.45615,2.45,0.38611,0,FALSE,-0.0540304999999999,FALSE
"3_balls bovada 24550 13470,15980",3_balls,bovada,24550,"Ghim, Doug","13470,15980","Kizzire, Patton / Lipsky, David",2,0.49273,2.03,-0.0145,RBC Canadian Open,2026-06-10 09:51:07.45615,2,0.49273,0,FALSE,-0.01454,FALSE
"3_balls bovada 24766 18586,26653",3_balls,bovada,24766,"Kim, Tom","18586,26653","Smith, Jordan / Eckroat, Austin",2.6,0.34346,2.912,-0.107,RBC Canadian Open,2026-06-10 09:51:07.45615,2.6,0.34346,0,FALSE,-0.107004,FALSE
"3_balls bovada 24956 15310,32259",3_balls,bovada,24956,"Blanchet, Chandler","15310,32259","Li, Haotong / Matthews, Justin",2.5,0.39567,2.527,-0.0108,RBC Canadian Open,2026-06-10 09:51:07.45615,2.5,0.39567,0,FALSE,-0.010825,FALSE
"3_balls bovada 25002 17365,18424",3_balls,bovada,25002,"Wu, Dylan","17365,18424","Mitchell, Keith / Roy, Kevin",3.5,0.23751,4.21,-0.1687,RBC Canadian Open,2026-06-10 09:51:07.45615,3.5,0.23751,0,FALSE,-0.168715,FALSE
"3_balls bovada 25003 14050,22985",3_balls,bovada,25003,"Walker, Danny","14050,22985","Sloan, Roger / Smotherman, Austin",3.1,0.26999,3.704,-0.163,RBC Canadian Open,2026-06-10 09:51:07.45615,3.1,0.26999,0,FALSE,-0.163031,FALSE
"3_balls bovada 25094 16341,16492",3_balls,bovada,25094,"Fishburn, Patrick","16341,16492","Peterson, Paul / Nesbitt, Drew",2.3,0.40871,2.447,-0.06,RBC Canadian Open,2026-06-10 09:51:07.45615,2.3,0.40871,0,FALSE,-0.059967,FALSE
"3_balls bovada 25157 11451,15470",3_balls,bovada,25157,"Hodges, Lee","11451,15470","Garnett, Brice / Hossler, Beau",2.45,0.37457,2.67,-0.0823,RBC Canadian Open,2026-06-10 09:51:07.45615,2.45,0.37457,0,FALSE,-0.0823034999999999,FALSE
"3_balls bovada 25289 21883,32330",3_balls,bovada,25289,"Savoie, Joey","21883,32330","Ewart, A.J. / Clanton, Luke",3.5,0.23862,4.191,-0.1648,RBC Canadian Open,2026-06-10 09:51:07.45615,3.5,0.23862,0,FALSE,-0.16483,FALSE
"3_balls bovada 25319 26617,26850",3_balls,bovada,25319,"VanDerLaan, John","26617,26850","Anderson, Matthew / Svensson, Jesper",2.7,0.36042,2.775,-0.0269,RBC Canadian Open,2026-06-10 09:51:07.45615,2.7,0.36042,0,FALSE,-0.0268659999999998,FALSE
"3_balls bovada 25362 13900,23323",3_balls,bovada,25362,"Fitzpatrick, Alex","13900,23323","Lowry, Shane / MacIntyre, Robert",2.8,0.32802,3.049,-0.0816,RBC Canadian Open,2026-06-10 09:51:07.45615,2.8,0.32802,0,FALSE,-0.0815440000000002,FALSE
"3_balls bovada 25475 23048,35395",3_balls,bovada,25475,"Nyholm, Pontus","23048,35395","Stanger, Jimmy / Sanderson, Calen",2.2,0.45059,2.219,-0.0087,RBC Canadian Open,2026-06-10 09:51:07.45615,2.2,0.45059,0,FALSE,-0.00870199999999999,FALSE
"3_balls bovada 25908 10104,19840",3_balls,bovada,25908,"Whaley, Vince","10104,19840","Power, Seamus / Ramey, Chad",2.9,0.31597,3.165,-0.0837,RBC Canadian Open,2026-06-10 09:51:07.45615,2.9,0.31597,0,FALSE,-0.0836870000000001,FALSE
"3_balls bovada 26617 25319,26850",3_balls,bovada,26617,"Anderson, Matthew","25319,26850","VanDerLaan, John / Svensson, Jesper",3.6,0.2379,4.203,-0.1436,RBC Canadian Open,2026-06-10 09:51:07.45615,3.6,0.2379,0,FALSE,-0.14356,FALSE
"3_balls bovada 26649 21756,27164",3_balls,bovada,26649,"Thorbjornsen, Michael","21756,27164","Cole, Eric / Phillips, Chandler",2.35,0.3921,2.55,-0.0786,RBC Canadian Open,2026-06-10 09:51:07.45615,2.35,0.3921,0,FALSE,-0.078565,FALSE
"3_balls bovada 26653 18586,24766",3_balls,bovada,26653,"Eckroat, Austin","18586,24766","Smith, Jordan / Kim, Tom",3.2,0.27567,3.628,-0.1179,RBC Canadian Open,2026-06-10 09:51:07.45615,3.2,0.27567,0,FALSE,-0.117856,FALSE
"3_balls bovada 26657 13508,17538",3_balls,bovada,26657,"Fisk, Steven","13508,17538","Vegas, Jhonattan / Homa, Max",2.5,0.37428,2.672,-0.0643,RBC Canadian Open,2026-06-10 09:51:07.45615,2.5,0.37428,0,FALSE,-0.0643,FALSE
"3_balls bovada 26850 25319,26617",3_balls,bovada,26850,"Svensson, Jesper","25319,26617","VanDerLaan, John / Anderson, Matthew",2.25,0.40168,2.49,-0.0962,RBC Canadian Open,2026-06-10 09:51:07.45615,2.25,0.40168,0,FALSE,-0.0962200000000001,FALSE
"3_balls bovada 27164 21756,26649",3_balls,bovada,27164,"Phillips, Chandler","21756,26649","Cole, Eric / Thorbjornsen, Michael",4.5,0.18927,5.283,-0.1483,RBC Canadian Open,2026-06-10 09:51:07.45615,4.5,0.18927,0,FALSE,-0.148285,FALSE
"3_balls bovada 27194 19477,27900",3_balls,bovada,27194,"Hall, Harry","19477,27900","Schenk, Adam / Potgieter, Aldrich",2.2,0.45229,2.211,-0.005,RBC Canadian Open,2026-06-10 09:51:07.45615,2.2,0.45229,0,FALSE,-0.00496199999999991,FALSE
"3_balls bovada 27364 11276,12423",3_balls,bovada,27364,"Thompson, Davis","11276,12423","Horschel, Billy / Kirk, Chris",2.35,0.41304,2.421,-0.0294,RBC Canadian Open,2026-06-10 09:51:07.45615,2.35,0.41304,0,FALSE,-0.0293559999999999,FALSE
"3_balls bovada 27780 21074,30040252",3_balls,bovada,27780,"Crowe, Trace","21074,30040252","Nakajima, Keita / Lew, Dawson",2.6,0.38651,2.587,0.0049,RBC Canadian Open,2026-06-10 09:51:07.45615,2.6,0.38651,0,FALSE,0.00492599999999999,FALSE
"3_balls bovada 27819 28469,7399",3_balls,bovada,27819,"Castillo, Ricky","28469,7399","Glover, Lucas / Highsmith, Joe",2.25,0.44082,2.269,-0.0082,RBC Canadian Open,2026-06-10 09:51:07.45615,2.25,0.44082,0,FALSE,-0.00815500000000002,FALSE
"3_balls bovada 27900 19477,27194",3_balls,bovada,27900,"Potgieter, Aldrich","19477,27194","Schenk, Adam / Hall, Harry",2.45,0.34256,2.919,-0.1607,RBC Canadian Open,2026-06-10 09:51:07.45615,2.45,0.34256,0,FALSE,-0.160728,FALSE
"3_balls bovada 28159 17381,20722",3_balls,bovada,28159,"Meissner, Mac","17381,20722","Silverman, Ben / Schmid, Matti",2.15,0.45152,2.215,-0.0292,RBC Canadian Open,2026-06-10 09:51:07.45615,2.15,0.45152,0,FALSE,-0.029232,FALSE
"3_balls bovada 28270 15575,23504",3_balls,bovada,28270,"Dunlap, Nick","15575,23504","Hoge, Tom / Hoey, Rico",3.25,0.25802,3.876,-0.1614,RBC Canadian Open,2026-06-10 09:51:07.45615,3.25,0.25802,0,FALSE,-0.161435,FALSE
"3_balls bovada 28469 27819,7399",3_balls,bovada,28469,"Highsmith, Joe","27819,7399","Glover, Lucas / Castillo, Ricky",3.8,0.21824,4.582,-0.1707,RBC Canadian Open,2026-06-10 09:51:07.45615,3.8,0.21824,0,FALSE,-0.170688,FALSE
"3_balls bovada 29197 11676,24342",3_balls,bovada,29197,"Brennan, Michael","11676,24342","Finau, Tony / Higgo, Garrick",2.4,0.36314,2.754,-0.1285,RBC Canadian Open,2026-06-10 09:51:07.45615,2.4,0.36314,0,FALSE,-0.128464,FALSE
"3_balls bovada 29279 29827,32055",3_balls,bovada,29279,"Suber, Jackson","29827,32055","James, Ben / Shipley, Neal",2.5,0.33527,2.983,-0.1618,RBC Canadian Open,2026-06-10 09:51:07.45615,2.5,0.33527,0,FALSE,-0.161825,FALSE
"3_balls bovada 29433 16394,17780",3_balls,bovada,29433,"Bridgeman, Jacob","16394,17780","Jaeger, Stephan / Pendrith, Taylor",2.35,0.39871,2.508,-0.063,RBC Canadian Open,2026-06-10 09:51:07.45615,2.35,0.39871,0,FALSE,-0.0630314999999999,FALSE
"3_balls bovada 29702 23841,30620",3_balls,bovada,29702,"Sihota, Jeevan","23841,30620","Neergaard-Petersen, Rasmus / Chatfield, Davis",5.75,0.09564,10.456,-0.4501,RBC Canadian Open,2026-06-10 09:51:07.45615,5.75,0.09564,0,FALSE,-0.45007,FALSE
"3_balls bovada 29770 24304,5768",3_balls,bovada,29770,"Mouw, William","24304,5768","Hoffman, Charley / Vilips, Karl",2.25,0.42306,2.364,-0.0481,RBC Canadian Open,2026-06-10 09:51:07.45615,2.25,0.42306,0,FALSE,-0.048115,FALSE
"3_balls bovada 29827 29279,32055",3_balls,bovada,29827,"James, Ben","29279,32055","Suber, Jackson / Shipley, Neal",2.6,0.37534,2.664,-0.0241,RBC Canadian Open,2026-06-10 09:51:07.45615,2.6,0.37534,0,FALSE,-0.0241159999999999,FALSE
"3_balls bovada 29925 17646,18841",3_balls,bovada,29925,"Yellamaraju, Sudarshan","17646,18841","Fitzpatrick, Matt / Hovland, Viktor",3.5,0.24803,4.032,-0.1319,RBC Canadian Open,2026-06-10 09:51:07.45615,3.5,0.24803,0,FALSE,-0.131895,FALSE
"3_balls bovada 30036882 10873,20766",3_balls,bovada,30036882,"Zhao, Eric","10873,20766","Skinns, David / Brown, Dan",7,0.06601,15.148,-0.5379,RBC Canadian Open,2026-06-10 09:51:07.45615,7,0.06601,0,FALSE,-0.53793,FALSE
"3_balls bovada 30040252 21074,27780",3_balls,bovada,30040252,"Lew, Dawson","21074,27780","Nakajima, Keita / Crowe, Trace",4,0.15306,6.534,-0.3878,RBC Canadian Open,2026-06-10 09:51:07.45615,4,0.15306,0,FALSE,-0.38776,FALSE
"3_balls bovada 30620 23841,29702",3_balls,bovada,30620,"Chatfield, Davis","23841,29702","Neergaard-Petersen, Rasmus / Sihota, Jeevan",2.9,0.33847,2.955,-0.0184,RBC Canadian Open,2026-06-10 09:51:07.45615,2.9,0.33847,0,FALSE,-0.018437,FALSE
"3_balls bovada 30717 13764,16591",3_balls,bovada,30717,"O'Donovan, Declan","13764,16591","Parry, John / Rozo, Marcelo",3.5,0.2344,4.266,-0.1796,RBC Canadian Open,2026-06-10 09:51:07.45615,3.5,0.2344,0,FALSE,-0.1796,FALSE
"3_balls bovada 31347 12426,19846",3_balls,bovada,31347,"Desmarchais, Laurent","12426,19846","Waring, Paul / Bauchou, Zach",7,0.06639,15.063,-0.5353,RBC Canadian Open,2026-06-10 09:51:07.45615,7,0.06639,0,FALSE,-0.53527,FALSE
"3_balls bovada 32055 29279,29827",3_balls,bovada,32055,"Shipley, Neal","29279,29827","Suber, Jackson / James, Ben",3.25,0.28939,3.456,-0.0595,RBC Canadian Open,2026-06-10 09:51:07.45615,3.25,0.28939,0,FALSE,-0.0594825000000001,FALSE
"3_balls bovada 32259 15310,24956",3_balls,bovada,32259,"Matthews, Justin","15310,24956","Li, Haotong / Blanchet, Chandler",4.3,0.16062,6.226,-0.3093,RBC Canadian Open,2026-06-10 09:51:07.45615,4.3,0.16062,0,FALSE,-0.309334,FALSE
"3_balls bovada 32260 15651,16757",3_balls,bovada,32260,"McCulloch, Ashton","15651,16757","Ventura, Kris / Dou, Zecheng",4.75,0.14407,6.941,-0.3157,RBC Canadian Open,2026-06-10 09:51:07.45615,4.75,0.14407,0,FALSE,-0.3156675,FALSE
"3_balls bovada 32330 21883,25289",3_balls,bovada,32330,"Clanton, Luke","21883,25289","Ewart, A.J. / Savoie, Joey",2.75,0.35957,2.781,-0.0112,RBC Canadian Open,2026-06-10 09:51:07.45615,2.75,0.35957,0,FALSE,-0.0111825,FALSE
"3_balls bovada 32457 14509,16333",3_balls,bovada,32457,"Keefer, Johnny","14509,16333","Dahmen, Joel / Hubbard, Mark",2.2,0.38691,2.585,-0.1488,RBC Canadian Open,2026-06-10 09:51:07.45615,2.2,0.38691,0,FALSE,-0.148798,FALSE
"3_balls bovada 35395 23048,25475",3_balls,bovada,35395,"Sanderson, Calen","23048,25475","Stanger, Jimmy / Nyholm, Pontus",5,0.13653,7.325,-0.3174,RBC Canadian Open,2026-06-10 09:51:07.45615,5,0.13653,0,FALSE,-0.31735,FALSE
"3_balls bovada 5513 13965,15556",3_balls,bovada,5513,"Weir, Mike","13965,15556","Hadwin, Adam / Hughes, Mackenzie",5.75,0.10619,9.417,-0.3894,RBC Canadian Open,2026-06-10 09:51:07.45615,5.75,0.10619,0,FALSE,-0.3894075,FALSE
"3_balls bovada 5716 12808,17550",3_balls,bovada,5716,"Harrington, Padraig","12808,17550","Grillo, Emiliano / Van Rooyen, Erik",3.6,0.24536,4.076,-0.1167,RBC Canadian Open,2026-06-10 09:51:07.45615,3.6,0.24536,0,FALSE,-0.116704,FALSE
"3_balls bovada 5768 24304,29770",3_balls,bovada,5768,"Hoffman, Charley","24304,29770","Vilips, Karl / Mouw, William",3.6,0.24685,4.051,-0.1113,RBC Canadian Open,2026-06-10 09:51:07.45615,3.6,0.24685,0,FALSE,-0.11134,FALSE
"3_balls bovada 6093 18554,22085",3_balls,bovada,6093,"Rose, Justin","18554,22085","Rai, Aaron / Morikawa, Collin",2.7,0.33072,3.024,-0.107,RBC Canadian Open,2026-06-10 09:51:07.45615,2.7,0.33072,0,FALSE,-0.107056,FALSE
"3_balls bovada 7399 27819,28469",3_balls,bovada,7399,"Glover, Lucas","27819,28469","Castillo, Ricky / Highsmith, Joe",2.6,0.34094,2.933,-0.1136,RBC Canadian Open,2026-06-10 09:51:07.45615,2.6,0.34094,0,FALSE,-0.113556,FALSE
"3_balls bovada 7626 21889,24343",3_balls,bovada,7626,"O'Hair, Sean","21889,24343","Kang, Jeffrey / Lamprecht, Christo",3.6,0.20541,4.868,-0.2605,RBC Canadian Open,2026-06-10 09:51:07.45615,3.6,0.20541,0,FALSE,-0.260524,FALSE
"3_balls bovada 9171 15330,21944",3_balls,bovada,9171,"Villegas, Camilo","15330,21944","Griffin, Lanto / Moore, Taylor",3.6,0.22044,4.536,-0.2064,RBC Canadian Open,2026-06-10 09:51:07.45615,3.6,0.22044,0,FALSE,-0.206416,FALSE
"3_balls bovada 9457 20954,21995",3_balls,bovada,9457,"Benson, Yohann","20954,21995","Hirata, Kensei / Springer, Hayden",4.3,0.14804,6.755,-0.3634,RBC Canadian Open,2026-06-10 09:51:07.45615,4.3,0.14804,0,FALSE,-0.363428,FALSE
"3_balls caesars 10104 19840,25908",3_balls,caesars,10104,"Power, Seamus","19840,25908","Ramey, Chad / Whaley, Vince",2.55,0.34859,2.869,-0.1111,RBC Canadian Open,2026-06-10 09:51:07.45615,2.55,0.34859,0,FALSE,-0.1110955,FALSE
"3_balls caesars 10419 17786,18628",3_balls,caesars,10419,"Noren, Alex","17786,18628","Davis, Cam / Campbell, Brian",1.69,0.56186,1.78,-0.0507,RBC Canadian Open,2026-06-10 09:51:07.45615,1.69,0.56186,0,FALSE,-0.0504566,FALSE
"3_balls caesars 11276 12423,27364",3_balls,caesars,11276,"Horschel, Billy","12423,27364","Kirk, Chris / Thompson, Davis",2.9,0.27127,3.686,-0.2133,RBC Canadian Open,2026-06-10 09:51:07.45615,2.9,0.27127,0,FALSE,-0.213317,FALSE
"3_balls caesars 11451 15470,25157",3_balls,caesars,11451,"Garnett, Brice","15470,25157","Hossler, Beau / Hodges, Lee",3.4,0.25062,3.99,-0.1479,RBC Canadian Open,2026-06-10 09:51:07.45615,3.4,0.25062,0,FALSE,-0.147892,FALSE
"3_balls caesars 11676 24342,29197",3_balls,caesars,11676,"Finau, Tony","24342,29197","Higgo, Garrick / Brennan, Michael",2.5,0.37013,2.702,-0.0747,RBC Canadian Open,2026-06-10 09:51:07.45615,2.5,0.37013,0,FALSE,-0.0746749999999999,FALSE
"3_balls caesars 11889 13126,16243",3_balls,caesars,11889,"Fox, Ryan","13126,16243","Taylor, Nick / Koepka, Brooks",2.95,0.32072,3.118,-0.0539,RBC Canadian Open,2026-06-10 09:51:07.45615,2.95,0.32072,0,FALSE,-0.0538759999999999,FALSE
"3_balls caesars 12294 17576,23014",3_balls,caesars,12294,"Fleetwood, Tommy","17576,23014","Conners, Corey / Theegala, Sahith",2,0.47441,2.108,-0.0512,RBC Canadian Open,2026-06-10 09:51:07.45615,2,0.47441,0,FALSE,-0.05118,FALSE
"3_balls caesars 12423 11276,27364",3_balls,caesars,12423,"Kirk, Chris","11276,27364","Horschel, Billy / Thompson, Davis",2.9,0.31569,3.168,-0.0845,RBC Canadian Open,2026-06-10 09:51:07.45615,2.9,0.31569,0,FALSE,-0.084499,FALSE
"3_balls caesars 12808 17550,5716",3_balls,caesars,12808,"Grillo, Emiliano","17550,5716","Harrington, Padraig / Van Rooyen, Erik",2.25,0.42119,2.374,-0.0523,RBC Canadian Open,2026-06-10 09:51:07.45615,2.25,0.42119,0,FALSE,-0.0523224999999999,FALSE
"3_balls caesars 12920 17723,21943",3_balls,caesars,12920,"Willett, Danny","17723,21943","Lower, Justin / Lebioda, Hank",2.6,0.33356,2.998,-0.1327,RBC Canadian Open,2026-06-10 09:51:07.45615,2.6,0.33356,0,FALSE,-0.132744,FALSE
"3_balls caesars 13126 11889,16243",3_balls,caesars,13126,"Taylor, Nick","11889,16243","Fox, Ryan / Koepka, Brooks",2.65,0.34166,2.927,-0.0946,RBC Canadian Open,2026-06-10 09:51:07.45615,2.65,0.34166,0,FALSE,-0.0946009999999999,FALSE
"3_balls caesars 13412 13997,19960",3_balls,caesars,13412,"Olesen, Thorbjorn","13997,19960","Svensson, Adam / Pavon, Matthieu",2.3,0.3956,2.528,-0.0901,RBC Canadian Open,2026-06-10 09:51:07.45615,2.3,0.3956,0,FALSE,-0.0901200000000001,FALSE
"3_balls caesars 13470 15980,24550",3_balls,caesars,13470,"Kizzire, Patton","15980,24550","Lipsky, David / Ghim, Doug",3.75,0.19436,5.145,-0.2711,RBC Canadian Open,2026-06-10 09:51:07.45615,3.75,0.19436,0,FALSE,-0.27115,FALSE
"3_balls caesars 13508 17538,26657",3_balls,caesars,13508,"Vegas, Jhonattan","17538,26657","Homa, Max / Fisk, Steven",3.15,0.27616,3.621,-0.1301,RBC Canadian Open,2026-06-10 09:51:07.45615,3.15,0.27616,0,FALSE,-0.130096,FALSE
"3_balls caesars 13900 23323,25362",3_balls,caesars,13900,"Lowry, Shane","23323,25362","MacIntyre, Robert / Fitzpatrick, Alex",2.85,0.32639,3.064,-0.0698,RBC Canadian Open,2026-06-10 09:51:07.45615,2.85,0.32639,0,FALSE,-0.0697884999999999,FALSE
"3_balls caesars 13997 13412,19960",3_balls,caesars,13997,"Svensson, Adam","13412,19960","Olesen, Thorbjorn / Pavon, Matthieu",2.9,0.30875,3.239,-0.1046,RBC Canadian Open,2026-06-10 09:51:07.45615,2.9,0.30875,0,FALSE,-0.104625,FALSE
"3_balls caesars 14007 14704,18103",3_balls,caesars,14007,"Martin, Ben","14704,18103","Putnam, Andrew / Bezuidenhout, Christiaan",3.75,0.15969,6.262,-0.4012,RBC Canadian Open,2026-06-10 09:51:07.45615,3.75,0.15969,0,FALSE,-0.4011625,FALSE
"3_balls caesars 14050 22985,25003",3_balls,caesars,14050,"Sloan, Roger","22985,25003","Smotherman, Austin / Walker, Danny",3.05,0.29301,3.413,-0.1063,RBC Canadian Open,2026-06-10 09:51:07.45615,3.05,0.29301,0,FALSE,-0.1063195,FALSE
"3_balls caesars 14502 19870,23465",3_balls,caesars,14502,"Cauley, Bud","19870,23465","McCarthy, Denny / Greyserman, Max",2.3,0.41018,2.438,-0.0566,RBC Canadian Open,2026-06-10 09:51:07.45615,2.3,0.41018,0,FALSE,-0.0565860000000001,FALSE
"3_balls caesars 14509 16333,32457",3_balls,caesars,14509,"Dahmen, Joel","16333,32457","Hubbard, Mark / Keefer, Johnny",3.05,0.2919,3.426,-0.1097,RBC Canadian Open,2026-06-10 09:51:07.45615,3.05,0.2919,0,FALSE,-0.109705,FALSE
"3_balls caesars 14704 14007,18103",3_balls,caesars,14704,"Putnam, Andrew","14007,18103","Martin, Ben / Bezuidenhout, Christiaan",2.4,0.4237,2.36,0.0169,RBC Canadian Open,2026-06-10 09:51:07.45615,2.4,0.4237,0,FALSE,0.01688,FALSE
"3_balls caesars 14926 19729,20706",3_balls,caesars,14926,"Malnati, Peter","19729,20706","Kanaya, Takumi / Wallace, Matt",3.6,0.2407,4.155,-0.1335,RBC Canadian Open,2026-06-10 09:51:07.45615,3.6,0.2407,0,FALSE,-0.13348,FALSE
"3_balls caesars 15330 21944,9171",3_balls,caesars,15330,"Griffin, Lanto","21944,9171","Villegas, Camilo / Moore, Taylor",2.75,0.33533,2.982,-0.0779,RBC Canadian Open,2026-06-10 09:51:07.45615,2.75,0.33533,0,FALSE,-0.0778424999999999,FALSE
"3_balls caesars 15470 11451,25157",3_balls,caesars,15470,"Hossler, Beau","11451,25157","Garnett, Brice / Hodges, Lee",2.5,0.37481,2.668,-0.063,RBC Canadian Open,2026-06-10 09:51:07.45615,2.5,0.37481,0,FALSE,-0.062975,FALSE
"3_balls caesars 15575 23504,28270",3_balls,caesars,15575,"Hoge, Tom","23504,28270","Hoey, Rico / Dunlap, Nick",2.95,0.30103,3.322,-0.112,RBC Canadian Open,2026-06-10 09:51:07.45615,2.95,0.30103,0,FALSE,-0.1119615,FALSE
"3_balls caesars 15980 13470,24550",3_balls,caesars,15980,"Lipsky, David","13470,24550","Kizzire, Patton / Ghim, Doug",3.1,0.31291,3.196,-0.03,RBC Canadian Open,2026-06-10 09:51:07.45615,3.1,0.31291,0,FALSE,-0.0299789999999999,FALSE
"3_balls caesars 16243 11889,13126",3_balls,caesars,16243,"Koepka, Brooks","11889,13126","Fox, Ryan / Taylor, Nick",2.5,0.33761,2.962,-0.156,RBC Canadian Open,2026-06-10 09:51:07.45615,2.5,0.33761,0,FALSE,-0.155975,FALSE
"3_balls caesars 16333 14509,32457",3_balls,caesars,16333,"Hubbard, Mark","14509,32457","Dahmen, Joel / Keefer, Johnny",2.95,0.32119,3.113,-0.0525,RBC Canadian Open,2026-06-10 09:51:07.45615,2.95,0.32119,0,FALSE,-0.0524895,FALSE
"3_balls caesars 16394 17780,29433",3_balls,caesars,16394,"Jaeger, Stephan","17780,29433","Pendrith, Taylor / Bridgeman, Jacob",2.95,0.27327,3.659,-0.1939,RBC Canadian Open,2026-06-10 09:51:07.45615,2.95,0.27327,0,FALSE,-0.1938535,FALSE
"3_balls caesars 17365 18424,25002",3_balls,caesars,17365,"Mitchell, Keith","18424,25002","Roy, Kevin / Wu, Dylan",2.05,0.45624,2.192,-0.0647,RBC Canadian Open,2026-06-10 09:51:07.45615,2.05,0.45624,0,FALSE,-0.0647080000000001,FALSE
"3_balls caesars 17381 20722,28159",3_balls,caesars,17381,"Silverman, Ben","20722,28159","Schmid, Matti / Meissner, Mac",3.8,0.21924,4.561,-0.1669,RBC Canadian Open,2026-06-10 09:51:07.45615,3.8,0.21924,0,FALSE,-0.166888,FALSE
"3_balls caesars 17538 13508,26657",3_balls,caesars,17538,"Homa, Max","13508,26657","Vegas, Jhonattan / Fisk, Steven",2.6,0.34956,2.861,-0.0911,RBC Canadian Open,2026-06-10 09:51:07.45615,2.6,0.34956,0,FALSE,-0.091144,FALSE
"3_balls caesars 17550 12808,5716",3_balls,caesars,17550,"Van Rooyen, Erik","12808,5716","Harrington, Padraig / Grillo, Emiliano",2.75,0.33345,2.999,-0.083,RBC Canadian Open,2026-06-10 09:51:07.45615,2.75,0.33345,0,FALSE,-0.0830124999999999,FALSE
"3_balls caesars 17576 12294,23014",3_balls,caesars,17576,"Conners, Corey","12294,23014","Fleetwood, Tommy / Theegala, Sahith",3.3,0.25513,3.92,-0.1581,RBC Canadian Open,2026-06-10 09:51:07.45615,3.3,0.25513,0,FALSE,-0.158071,FALSE
"3_balls caesars 17646 18841,29925",3_balls,caesars,17646,"Fitzpatrick, Matt","18841,29925","Hovland, Viktor / Yellamaraju, Sudarshan",2.2,0.44437,2.25,-0.0224,RBC Canadian Open,2026-06-10 09:51:07.45615,2.2,0.44437,0,FALSE,-0.0223859999999999,FALSE
"3_balls caesars 17723 12920,21943",3_balls,caesars,17723,"Lower, Justin","12920,21943","Willett, Danny / Lebioda, Hank",2.85,0.30971,3.229,-0.1173,RBC Canadian Open,2026-06-10 09:51:07.45615,2.85,0.30971,0,FALSE,-0.1173265,FALSE
"3_balls caesars 17780 16394,29433",3_balls,caesars,17780,"Pendrith, Taylor","16394,29433","Jaeger, Stephan / Bridgeman, Jacob",2.75,0.32802,3.049,-0.0979,RBC Canadian Open,2026-06-10 09:51:07.45615,2.75,0.32802,0,FALSE,-0.0979450000000001,FALSE
"3_balls caesars 17786 10419,18628",3_balls,caesars,17786,"Davis, Cam","10419,18628","Noren, Alex / Campbell, Brian",4,0.2137,4.68,-0.1452,RBC Canadian Open,2026-06-10 09:51:07.45615,4,0.2137,0,FALSE,-0.1452,FALSE
"3_balls caesars 17881 19872,23602",3_balls,caesars,17881,"Yu, Kevin","19872,23602","Riley, Davis / Hojgaard, Nicolai",2.7,0.31693,3.155,-0.1443,RBC Canadian Open,2026-06-10 09:51:07.45615,2.7,0.31693,0,FALSE,-0.144289,FALSE
"3_balls caesars 18103 14007,14704",3_balls,caesars,18103,"Bezuidenhout, Christiaan","14007,14704","Martin, Ben / Putnam, Andrew",2.3,0.41661,2.4,-0.0418,RBC Canadian Open,2026-06-10 09:51:07.45615,2.3,0.41661,0,FALSE,-0.0417970000000001,FALSE
"3_balls caesars 18424 17365,25002",3_balls,caesars,18424,"Roy, Kevin","17365,25002","Mitchell, Keith / Wu, Dylan",3,0.30626,3.265,-0.0812,RBC Canadian Open,2026-06-10 09:51:07.45615,3,0.30626,0,FALSE,-0.0812200000000001,FALSE
"3_balls caesars 18554 22085,6093",3_balls,caesars,18554,"Rai, Aaron","22085,6093","Rose, Justin / Morikawa, Collin",2.75,0.32839,3.045,-0.0969,RBC Canadian Open,2026-06-10 09:51:07.45615,2.75,0.32839,0,FALSE,-0.0969274999999999,FALSE
"3_balls caesars 18586 24766,26653",3_balls,caesars,18586,"Smith, Jordan","24766,26653","Kim, Tom / Eckroat, Austin",2.4,0.38087,2.626,-0.0859,RBC Canadian Open,2026-06-10 09:51:07.45615,2.4,0.38087,0,FALSE,-0.0859120000000001,FALSE
"3_balls caesars 18628 10419,17786",3_balls,caesars,18628,"Campbell, Brian","10419,17786","Noren, Alex / Davis, Cam",3.7,0.22445,4.455,-0.1695,RBC Canadian Open,2026-06-10 09:51:07.45615,3.7,0.22445,0,FALSE,-0.169535,FALSE
"3_balls caesars 18841 17646,29925",3_balls,caesars,18841,"Hovland, Viktor","17646,29925","Fitzpatrick, Matt / Yellamaraju, Sudarshan",2.8,0.3076,3.251,-0.1387,RBC Canadian Open,2026-06-10 09:51:07.45615,2.8,0.3076,0,FALSE,-0.13872,FALSE
"3_balls caesars 19477 27194,27900",3_balls,caesars,19477,"Schenk, Adam","27194,27900","Hall, Harry / Potgieter, Aldrich",4.25,0.20516,4.874,-0.1281,RBC Canadian Open,2026-06-10 09:51:07.45615,4.25,0.20516,0,FALSE,-0.12807,FALSE
"3_balls caesars 19483 21407,23604",3_balls,caesars,19483,"Burns, Sam","21407,23604","Reitan, Kristoffer / Clark, Wyndham",2.5,0.36548,2.736,-0.0863,RBC Canadian Open,2026-06-10 09:51:07.45615,2.5,0.36548,0,FALSE,-0.0862999999999999,FALSE
"3_balls caesars 19729 14926,20706",3_balls,caesars,19729,"Kanaya, Takumi","14926,20706","Malnati, Peter / Wallace, Matt",2.8,0.32869,3.042,-0.0797,RBC Canadian Open,2026-06-10 09:51:07.45615,2.8,0.32869,0,FALSE,-0.0796680000000001,FALSE
"3_balls caesars 19840 10104,25908",3_balls,caesars,19840,"Ramey, Chad","10104,25908","Power, Seamus / Whaley, Vince",2.55,0.33544,2.981,-0.1446,RBC Canadian Open,2026-06-10 09:51:07.45615,2.55,0.33544,0,FALSE,-0.144628,FALSE
"3_balls caesars 19870 14502,23465",3_balls,caesars,19870,"McCarthy, Denny","14502,23465","Cauley, Bud / Greyserman, Max",3.2,0.28464,3.513,-0.0891,RBC Canadian Open,2026-06-10 09:51:07.45615,3.2,0.28464,0,FALSE,-0.0891519999999999,FALSE
"3_balls caesars 19872 17881,23602",3_balls,caesars,19872,"Riley, Davis","17881,23602","Yu, Kevin / Hojgaard, Nicolai",4.2,0.17916,5.582,-0.2475,RBC Canadian Open,2026-06-10 09:51:07.45615,4.2,0.17916,0,FALSE,-0.247528,FALSE
"3_balls caesars 19960 13412,13997",3_balls,caesars,19960,"Pavon, Matthieu","13412,13997","Olesen, Thorbjorn / Svensson, Adam",2.95,0.29565,3.382,-0.1278,RBC Canadian Open,2026-06-10 09:51:07.45615,2.95,0.29565,0,FALSE,-0.1278325,FALSE
"3_balls caesars 20706 14926,19729",3_balls,caesars,20706,"Wallace, Matt","14926,19729","Malnati, Peter / Kanaya, Takumi",2.05,0.43061,2.322,-0.1173,RBC Canadian Open,2026-06-10 09:51:07.45615,2.05,0.43061,0,FALSE,-0.1172495,FALSE
"3_balls caesars 20722 17381,28159",3_balls,caesars,20722,"Schmid, Matti","17381,28159","Silverman, Ben / Meissner, Mac",2.65,0.32924,3.037,-0.1275,RBC Canadian Open,2026-06-10 09:51:07.45615,2.65,0.32924,0,FALSE,-0.127514,FALSE
"3_balls caesars 21407 19483,23604",3_balls,caesars,21407,"Reitan, Kristoffer","19483,23604","Burns, Sam / Clark, Wyndham",2.85,0.31582,3.166,-0.0999,RBC Canadian Open,2026-06-10 09:51:07.45615,2.85,0.31582,0,FALSE,-0.099913,FALSE
"3_balls caesars 21756 26649,27164",3_balls,caesars,21756,"Cole, Eric","26649,27164","Thorbjornsen, Michael / Phillips, Chandler",2.3,0.41863,2.389,-0.0372,RBC Canadian Open,2026-06-10 09:51:07.45615,2.3,0.41863,0,FALSE,-0.037151,FALSE
"3_balls caesars 21943 12920,17723",3_balls,caesars,21943,"Lebioda, Hank","12920,17723","Willett, Danny / Lower, Justin",2.6,0.35673,2.803,-0.0725,RBC Canadian Open,2026-06-10 09:51:07.45615,2.6,0.35673,0,FALSE,-0.072502,FALSE
"3_balls caesars 21944 15330,9171",3_balls,caesars,21944,"Moore, Taylor","15330,9171","Villegas, Camilo / Griffin, Lanto",2.2,0.44423,2.251,-0.0227,RBC Canadian Open,2026-06-10 09:51:07.45615,2.2,0.44423,0,FALSE,-0.0226939999999999,FALSE
"3_balls caesars 22085 18554,6093",3_balls,caesars,22085,"Morikawa, Collin","18554,6093","Rose, Justin / Rai, Aaron",2.6,0.34089,2.934,-0.1137,RBC Canadian Open,2026-06-10 09:51:07.45615,2.6,0.34089,0,FALSE,-0.113686,FALSE
"3_balls caesars 22985 14050,25003",3_balls,caesars,22985,"Smotherman, Austin","14050,25003","Sloan, Roger / Walker, Danny",2.05,0.43701,2.288,-0.1041,RBC Canadian Open,2026-06-10 09:51:07.45615,2.05,0.43701,0,FALSE,-0.1041295,FALSE
"3_balls caesars 23014 12294,17576",3_balls,caesars,23014,"Theegala, Sahith","12294,17576","Fleetwood, Tommy / Conners, Corey",3.2,0.27046,3.697,-0.1345,RBC Canadian Open,2026-06-10 09:51:07.45615,3.2,0.27046,0,FALSE,-0.134528,FALSE
"3_balls caesars 23323 13900,25362",3_balls,caesars,23323,"MacIntyre, Robert","13900,25362","Lowry, Shane / Fitzpatrick, Alex",2.5,0.34559,2.894,-0.136,RBC Canadian Open,2026-06-10 09:51:07.45615,2.5,0.34559,0,FALSE,-0.136025,FALSE
"3_balls caesars 23465 14502,19870",3_balls,caesars,23465,"Greyserman, Max","14502,19870","Cauley, Bud / McCarthy, Denny",2.75,0.30518,3.277,-0.1608,RBC Canadian Open,2026-06-10 09:51:07.45615,2.75,0.30518,0,FALSE,-0.160755,FALSE
"3_balls caesars 23504 15575,28270",3_balls,caesars,23504,"Hoey, Rico","15575,28270","Hoge, Tom / Dunlap, Nick",2.15,0.44095,2.268,-0.052,RBC Canadian Open,2026-06-10 09:51:07.45615,2.15,0.44095,0,FALSE,-0.0519575,FALSE
"3_balls caesars 23602 17881,19872",3_balls,caesars,23602,"Hojgaard, Nicolai","17881,19872","Yu, Kevin / Riley, Davis",1.943,0.50391,1.984,-0.0207,RBC Canadian Open,2026-06-10 09:51:07.45615,1.943,0.50391,0,FALSE,-0.02090287,FALSE
"3_balls caesars 23604 19483,21407",3_balls,caesars,23604,"Clark, Wyndham","19483,21407","Burns, Sam / Reitan, Kristoffer",2.8,0.3187,3.138,-0.1076,RBC Canadian Open,2026-06-10 09:51:07.45615,2.8,0.3187,0,FALSE,-0.10764,FALSE
"3_balls caesars 24304 29770,5768",3_balls,caesars,24304,"Vilips, Karl","29770,5768","Hoffman, Charley / Mouw, William",2.65,0.33009,3.029,-0.1253,RBC Canadian Open,2026-06-10 09:51:07.45615,2.65,0.33009,0,FALSE,-0.1252615,FALSE
"3_balls caesars 24342 11676,29197",3_balls,caesars,24342,"Higgo, Garrick","11676,29197","Finau, Tony / Brennan, Michael",3.35,0.26673,3.749,-0.1065,RBC Canadian Open,2026-06-10 09:51:07.45615,3.35,0.26673,0,FALSE,-0.1064545,FALSE
"3_balls caesars 24550 13470,15980",3_balls,caesars,24550,"Ghim, Doug","13470,15980","Kizzire, Patton / Lipsky, David",1.943,0.49273,2.03,-0.0424,RBC Canadian Open,2026-06-10 09:51:07.45615,1.943,0.49273,0,FALSE,-0.04262561,FALSE
"3_balls caesars 24766 18586,26653",3_balls,caesars,24766,"Kim, Tom","18586,26653","Smith, Jordan / Eckroat, Austin",2.7,0.34346,2.912,-0.0727,RBC Canadian Open,2026-06-10 09:51:07.45615,2.7,0.34346,0,FALSE,-0.072658,FALSE
"3_balls caesars 25002 17365,18424",3_balls,caesars,25002,"Wu, Dylan","17365,18424","Mitchell, Keith / Roy, Kevin",3.45,0.23751,4.21,-0.1806,RBC Canadian Open,2026-06-10 09:51:07.45615,3.45,0.23751,0,FALSE,-0.1805905,FALSE
"3_balls caesars 25003 14050,22985",3_balls,caesars,25003,"Walker, Danny","14050,22985","Sloan, Roger / Smotherman, Austin",3.25,0.26999,3.704,-0.1225,RBC Canadian Open,2026-06-10 09:51:07.45615,3.25,0.26999,0,FALSE,-0.1225325,FALSE
"3_balls caesars 25157 11451,15470",3_balls,caesars,25157,"Hodges, Lee","11451,15470","Garnett, Brice / Hossler, Beau",2.5,0.37457,2.67,-0.0636,RBC Canadian Open,2026-06-10 09:51:07.45615,2.5,0.37457,0,FALSE,-0.0635749999999999,FALSE
"3_balls caesars 25362 13900,23323",3_balls,caesars,25362,"Fitzpatrick, Alex","13900,23323","Lowry, Shane / MacIntyre, Robert",2.8,0.32802,3.049,-0.0816,RBC Canadian Open,2026-06-10 09:51:07.45615,2.8,0.32802,0,FALSE,-0.0815440000000002,FALSE
"3_balls caesars 25908 10104,19840",3_balls,caesars,25908,"Whaley, Vince","10104,19840","Power, Seamus / Ramey, Chad",2.95,0.31597,3.165,-0.0679,RBC Canadian Open,2026-06-10 09:51:07.45615,2.95,0.31597,0,FALSE,-0.0678885,FALSE
"3_balls caesars 26649 21756,27164",3_balls,caesars,26649,"Thorbjornsen, Michael","21756,27164","Cole, Eric / Phillips, Chandler",2.3,0.3921,2.55,-0.0982,RBC Canadian Open,2026-06-10 09:51:07.45615,2.3,0.3921,0,FALSE,-0.0981700000000001,FALSE
"3_balls caesars 26653 18586,24766",3_balls,caesars,26653,"Eckroat, Austin","18586,24766","Smith, Jordan / Kim, Tom",3.05,0.27567,3.628,-0.1592,RBC Canadian Open,2026-06-10 09:51:07.45615,3.05,0.27567,0,FALSE,-0.1592065,FALSE
"3_balls caesars 26657 13508,17538",3_balls,caesars,26657,"Fisk, Steven","13508,17538","Vegas, Jhonattan / Homa, Max",2.5,0.37428,2.672,-0.0643,RBC Canadian Open,2026-06-10 09:51:07.45615,2.5,0.37428,0,FALSE,-0.0643,FALSE
"3_balls caesars 27164 21756,26649",3_balls,caesars,27164,"Phillips, Chandler","21756,26649","Cole, Eric / Thorbjornsen, Michael",4.1,0.18927,5.283,-0.224,RBC Canadian Open,2026-06-10 09:51:07.45615,4.1,0.18927,0,FALSE,-0.223993,FALSE
"3_balls caesars 27194 19477,27900",3_balls,caesars,27194,"Hall, Harry","19477,27900","Schenk, Adam / Potgieter, Aldrich",2.05,0.45229,2.211,-0.0728,RBC Canadian Open,2026-06-10 09:51:07.45615,2.05,0.45229,0,FALSE,-0.0728055000000001,FALSE
"3_balls caesars 27364 11276,12423",3_balls,caesars,27364,"Thompson, Davis","11276,12423","Horschel, Billy / Kirk, Chris",2.4,0.41304,2.421,-0.0087,RBC Canadian Open,2026-06-10 09:51:07.45615,2.4,0.41304,0,FALSE,-0.00870400000000005,FALSE
"3_balls caesars 27819 28469,7399",3_balls,caesars,27819,"Castillo, Ricky","28469,7399","Glover, Lucas / Highsmith, Joe",2.1,0.44082,2.269,-0.0743,RBC Canadian Open,2026-06-10 09:51:07.45615,2.1,0.44082,0,FALSE,-0.074278,FALSE
"3_balls caesars 27900 19477,27194",3_balls,caesars,27900,"Potgieter, Aldrich","19477,27194","Schenk, Adam / Hall, Harry",2.5,0.34256,2.919,-0.1436,RBC Canadian Open,2026-06-10 09:51:07.45615,2.5,0.34256,0,FALSE,-0.1436,FALSE
"3_balls caesars 28159 17381,20722",3_balls,caesars,28159,"Meissner, Mac","17381,20722","Silverman, Ben / Schmid, Matti",2.1,0.45152,2.215,-0.0518,RBC Canadian Open,2026-06-10 09:51:07.45615,2.1,0.45152,0,FALSE,-0.051808,FALSE
"3_balls caesars 28270 15575,23504",3_balls,caesars,28270,"Dunlap, Nick","15575,23504","Hoge, Tom / Hoey, Rico",3.25,0.25802,3.876,-0.1614,RBC Canadian Open,2026-06-10 09:51:07.45615,3.25,0.25802,0,FALSE,-0.161435,FALSE
"3_balls caesars 28469 27819,7399",3_balls,caesars,28469,"Highsmith, Joe","27819,7399","Glover, Lucas / Castillo, Ricky",3.95,0.21824,4.582,-0.1379,RBC Canadian Open,2026-06-10 09:51:07.45615,3.95,0.21824,0,FALSE,-0.137952,FALSE
"3_balls caesars 29197 11676,24342",3_balls,caesars,29197,"Brennan, Michael","11676,24342","Finau, Tony / Higgo, Garrick",2.4,0.36314,2.754,-0.1285,RBC Canadian Open,2026-06-10 09:51:07.45615,2.4,0.36314,0,FALSE,-0.128464,FALSE
"3_balls caesars 29279 29827,32055",3_balls,caesars,29279,"Suber, Jackson","29827,32055","James, Ben / Shipley, Neal",2.6,0.33527,2.983,-0.1283,RBC Canadian Open,2026-06-10 09:51:07.45615,2.6,0.33527,0,FALSE,-0.128298,FALSE
"3_balls caesars 29433 16394,17780",3_balls,caesars,29433,"Bridgeman, Jacob","16394,17780","Jaeger, Stephan / Pendrith, Taylor",2.4,0.39871,2.508,-0.0431,RBC Canadian Open,2026-06-10 09:51:07.45615,2.4,0.39871,0,FALSE,-0.043096,FALSE
"3_balls caesars 29770 24304,5768",3_balls,caesars,29770,"Mouw, William","24304,5768","Hoffman, Charley / Vilips, Karl",2.3,0.42306,2.364,-0.027,RBC Canadian Open,2026-06-10 09:51:07.45615,2.3,0.42306,0,FALSE,-0.026962,FALSE
"3_balls caesars 29827 29279,32055",3_balls,caesars,29827,"James, Ben","29279,32055","Suber, Jackson / Shipley, Neal",2.5,0.37534,2.664,-0.0617,RBC Canadian Open,2026-06-10 09:51:07.45615,2.5,0.37534,0,FALSE,-0.06165,FALSE
"3_balls caesars 29925 17646,18841",3_balls,caesars,29925,"Yellamaraju, Sudarshan","17646,18841","Fitzpatrick, Matt / Hovland, Viktor",3.25,0.24803,4.032,-0.1939,RBC Canadian Open,2026-06-10 09:51:07.45615,3.25,0.24803,0,FALSE,-0.1939025,FALSE
"3_balls caesars 32055 29279,29827",3_balls,caesars,32055,"Shipley, Neal","29279,29827","Suber, Jackson / James, Ben",2.95,0.28939,3.456,-0.1463,RBC Canadian Open,2026-06-10 09:51:07.45615,2.95,0.28939,0,FALSE,-0.1462995,FALSE
"3_balls caesars 32457 14509,16333",3_balls,caesars,32457,"Keefer, Johnny","14509,16333","Dahmen, Joel / Hubbard, Mark",2.25,0.38691,2.585,-0.1295,RBC Canadian Open,2026-06-10 09:51:07.45615,2.25,0.38691,0,FALSE,-0.1294525,FALSE
"3_balls caesars 5716 12808,17550",3_balls,caesars,5716,"Harrington, Padraig","12808,17550","Grillo, Emiliano / Van Rooyen, Erik",3.35,0.24536,4.076,-0.178,RBC Canadian Open,2026-06-10 09:51:07.45615,3.35,0.24536,0,FALSE,-0.178044,FALSE
"3_balls caesars 5768 24304,29770",3_balls,caesars,5768,"Hoffman, Charley","24304,29770","Vilips, Karl / Mouw, William",3.35,0.24685,4.051,-0.1731,RBC Canadian Open,2026-06-10 09:51:07.45615,3.35,0.24685,0,FALSE,-0.1730525,FALSE
"3_balls caesars 6093 18554,22085",3_balls,caesars,6093,"Rose, Justin","18554,22085","Rai, Aaron / Morikawa, Collin",2.75,0.33072,3.024,-0.0905,RBC Canadian Open,2026-06-10 09:51:07.45615,2.75,0.33072,0,FALSE,-0.0905199999999999,FALSE
"3_balls caesars 7399 27819,28469",3_balls,caesars,7399,"Glover, Lucas","27819,28469","Castillo, Ricky / Highsmith, Joe",2.7,0.34094,2.933,-0.0795,RBC Canadian Open,2026-06-10 09:51:07.45615,2.7,0.34094,0,FALSE,-0.0794619999999999,FALSE
"3_balls caesars 9171 15330,21944",3_balls,caesars,9171,"Villegas, Camilo","15330,21944","Griffin, Lanto / Moore, Taylor",3.4,0.22044,4.536,-0.2505,RBC Canadian Open,2026-06-10 09:51:07.45615,3.4,0.22044,0,FALSE,-0.250504,FALSE
"3_balls draftkings 10104 19840,25908",3_balls,draftkings,10104,"Power, Seamus","19840,25908","Ramey, Chad / Whaley, Vince",2.62,0.34859,2.869,-0.0867,RBC Canadian Open,2026-06-10 09:51:07.45615,2.62,0.34859,0,FALSE,-0.0866942,FALSE
"3_balls draftkings 10419 17786,18628",3_balls,draftkings,10419,"Noren, Alex","17786,18628","Davis, Cam / Campbell, Brian",1.769,0.56186,1.78,-0.0059,RBC Canadian Open,2026-06-10 09:51:07.45615,1.769,0.56186,0,FALSE,-0.00606965999999998,FALSE
"3_balls draftkings 11276 12423,27364",3_balls,draftkings,11276,"Horschel, Billy","12423,27364","Kirk, Chris / Thompson, Davis",3.2,0.27127,3.686,-0.1319,RBC Canadian Open,2026-06-10 09:51:07.45615,3.2,0.27127,0,FALSE,-0.131936,FALSE
"3_balls draftkings 11451 15470,25157",3_balls,draftkings,11451,"Garnett, Brice","15470,25157","Hossler, Beau / Hodges, Lee",3.7,0.25062,3.99,-0.0727,RBC Canadian Open,2026-06-10 09:51:07.45615,3.7,0.25062,0,FALSE,-0.0727059999999999,FALSE
"3_balls draftkings 11676 24342,29197",3_balls,draftkings,11676,"Finau, Tony","24342,29197","Higgo, Garrick / Brennan, Michael",2.64,0.37013,2.702,-0.0229,RBC Canadian Open,2026-06-10 09:51:07.45615,2.64,0.37013,0,FALSE,-0.0228567999999999,FALSE
"3_balls draftkings 11889 13126,16243",3_balls,draftkings,11889,"Fox, Ryan","13126,16243","Taylor, Nick / Koepka, Brooks",3,0.32072,3.118,-0.0378,RBC Canadian Open,2026-06-10 09:51:07.45615,3,0.32072,0,FALSE,-0.03784,FALSE
"3_balls draftkings 12294 17576,23014",3_balls,draftkings,12294,"Fleetwood, Tommy","17576,23014","Conners, Corey / Theegala, Sahith",2.08,0.47441,2.108,-0.0132,RBC Canadian Open,2026-06-10 09:51:07.45615,2.08,0.47441,0,FALSE,-0.0132272,FALSE
"3_balls draftkings 12423 11276,27364",3_balls,draftkings,12423,"Kirk, Chris","11276,27364","Horschel, Billy / Thompson, Davis",2.88,0.31569,3.168,-0.0908,RBC Canadian Open,2026-06-10 09:51:07.45615,2.88,0.31569,0,FALSE,-0.0908127999999999,FALSE
"3_balls draftkings 12808 17550,5716",3_balls,draftkings,12808,"Grillo, Emiliano","17550,5716","Harrington, Padraig / Van Rooyen, Erik",2.3,0.42119,2.374,-0.0313,RBC Canadian Open,2026-06-10 09:51:07.45615,2.3,0.42119,0,FALSE,-0.031263,FALSE
"3_balls draftkings 12920 17723,21943",3_balls,draftkings,12920,"Willett, Danny","17723,21943","Lower, Justin / Lebioda, Hank",2.82,0.33356,2.998,-0.0593,RBC Canadian Open,2026-06-10 09:51:07.45615,2.82,0.33356,0,FALSE,-0.0593608,FALSE
"3_balls draftkings 13126 11889,16243",3_balls,draftkings,13126,"Taylor, Nick","11889,16243","Fox, Ryan / Koepka, Brooks",2.84,0.34166,2.927,-0.0297,RBC Canadian Open,2026-06-10 09:51:07.45615,2.84,0.34166,0,FALSE,-0.0296856,FALSE
"3_balls draftkings 13412 13997,19960",3_balls,draftkings,13412,"Olesen, Thorbjorn","13997,19960","Svensson, Adam / Pavon, Matthieu",2.36,0.3956,2.528,-0.0664,RBC Canadian Open,2026-06-10 09:51:07.45615,2.36,0.3956,0,FALSE,-0.066384,FALSE
"3_balls draftkings 13470 15980,24550",3_balls,draftkings,13470,"Kizzire, Patton","15980,24550","Lipsky, David / Ghim, Doug",4.05,0.19436,5.145,-0.2128,RBC Canadian Open,2026-06-10 09:51:07.45615,4.05,0.19436,0,FALSE,-0.212842,FALSE
"3_balls draftkings 13508 17538,26657",3_balls,draftkings,13508,"Vegas, Jhonattan","17538,26657","Homa, Max / Fisk, Steven",3.25,0.27616,3.621,-0.1025,RBC Canadian Open,2026-06-10 09:51:07.45615,3.25,0.27616,0,FALSE,-0.10248,FALSE
"3_balls draftkings 13900 23323,25362",3_balls,draftkings,13900,"Lowry, Shane","23323,25362","MacIntyre, Robert / Fitzpatrick, Alex",2.82,0.32639,3.064,-0.0796,RBC Canadian Open,2026-06-10 09:51:07.45615,2.82,0.32639,0,FALSE,-0.0795802,FALSE
"3_balls draftkings 13997 13412,19960",3_balls,draftkings,13997,"Svensson, Adam","13412,19960","Olesen, Thorbjorn / Pavon, Matthieu",3.05,0.30875,3.239,-0.0583,RBC Canadian Open,2026-06-10 09:51:07.45615,3.05,0.30875,0,FALSE,-0.0583125,FALSE
"3_balls draftkings 14007 14704,18103",3_balls,draftkings,14007,"Martin, Ben","14704,18103","Putnam, Andrew / Bezuidenhout, Christiaan",4.6,0.15969,6.262,-0.2654,RBC Canadian Open,2026-06-10 09:51:07.45615,4.6,0.15969,0,FALSE,-0.265426,FALSE
"3_balls draftkings 14050 22985,25003",3_balls,draftkings,14050,"Sloan, Roger","22985,25003","Smotherman, Austin / Walker, Danny",3.15,0.29301,3.413,-0.077,RBC Canadian Open,2026-06-10 09:51:07.45615,3.15,0.29301,0,FALSE,-0.0770185000000001,FALSE
"3_balls draftkings 14502 19870,23465",3_balls,draftkings,14502,"Cauley, Bud","19870,23465","McCarthy, Denny / Greyserman, Max",2.42,0.41018,2.438,-0.0074,RBC Canadian Open,2026-06-10 09:51:07.45615,2.42,0.41018,0,FALSE,-0.00736440000000005,FALSE
"3_balls draftkings 14509 16333,32457",3_balls,draftkings,14509,"Dahmen, Joel","16333,32457","Hubbard, Mark / Keefer, Johnny",3.05,0.2919,3.426,-0.1097,RBC Canadian Open,2026-06-10 09:51:07.45615,3.05,0.2919,0,FALSE,-0.109705,FALSE
"3_balls draftkings 14704 14007,18103",3_balls,draftkings,14704,"Putnam, Andrew","14007,18103","Martin, Ben / Bezuidenhout, Christiaan",2.28,0.4237,2.36,-0.034,RBC Canadian Open,2026-06-10 09:51:07.45615,2.28,0.4237,0,FALSE,-0.033964,FALSE
"3_balls draftkings 14926 19729,20706",3_balls,draftkings,14926,"Malnati, Peter","19729,20706","Kanaya, Takumi / Wallace, Matt",3.8,0.2407,4.155,-0.0853,RBC Canadian Open,2026-06-10 09:51:07.45615,3.8,0.2407,0,FALSE,-0.0853400000000001,FALSE
"3_balls draftkings 15330 21944,9171",3_balls,draftkings,15330,"Griffin, Lanto","21944,9171","Villegas, Camilo / Moore, Taylor",2.88,0.33533,2.982,-0.0343,RBC Canadian Open,2026-06-10 09:51:07.45615,2.88,0.33533,0,FALSE,-0.0342496,FALSE
"3_balls draftkings 15470 11451,25157",3_balls,draftkings,15470,"Hossler, Beau","11451,25157","Garnett, Brice / Hodges, Lee",2.44,0.37481,2.668,-0.0855,RBC Canadian Open,2026-06-10 09:51:07.45615,2.44,0.37481,0,FALSE,-0.0854636000000001,FALSE
"3_balls draftkings 15575 23504,28270",3_balls,draftkings,15575,"Hoge, Tom","23504,28270","Hoey, Rico / Dunlap, Nick",3,0.30103,3.322,-0.0969,RBC Canadian Open,2026-06-10 09:51:07.45615,3,0.30103,0,FALSE,-0.0969099999999999,FALSE
"3_balls draftkings 15980 13470,24550",3_balls,draftkings,15980,"Lipsky, David","13470,24550","Kizzire, Patton / Ghim, Doug",2.96,0.31291,3.196,-0.0738,RBC Canadian Open,2026-06-10 09:51:07.45615,2.96,0.31291,0,FALSE,-0.0737863999999999,FALSE
"3_balls draftkings 16243 11889,13126",3_balls,draftkings,16243,"Koepka, Brooks","11889,13126","Fox, Ryan / Taylor, Nick",2.54,0.33761,2.962,-0.1425,RBC Canadian Open,2026-06-10 09:51:07.45615,2.54,0.33761,0,FALSE,-0.1424706,FALSE
"3_balls draftkings 16333 14509,32457",3_balls,draftkings,16333,"Hubbard, Mark","14509,32457","Dahmen, Joel / Keefer, Johnny",2.98,0.32119,3.113,-0.0429,RBC Canadian Open,2026-06-10 09:51:07.45615,2.98,0.32119,0,FALSE,-0.0428538000000001,FALSE
"3_balls draftkings 16394 17780,29433",3_balls,draftkings,16394,"Jaeger, Stephan","17780,29433","Pendrith, Taylor / Bridgeman, Jacob",3.05,0.27327,3.659,-0.1665,RBC Canadian Open,2026-06-10 09:51:07.45615,3.05,0.27327,0,FALSE,-0.1665265,FALSE
"3_balls draftkings 17365 18424,25002",3_balls,draftkings,17365,"Mitchell, Keith","18424,25002","Roy, Kevin / Wu, Dylan",2.1,0.45624,2.192,-0.0419,RBC Canadian Open,2026-06-10 09:51:07.45615,2.1,0.45624,0,FALSE,-0.041896,FALSE
"3_balls draftkings 17381 20722,28159",3_balls,draftkings,17381,"Silverman, Ben","20722,28159","Schmid, Matti / Meissner, Mac",3.7,0.21924,4.561,-0.1888,RBC Canadian Open,2026-06-10 09:51:07.45615,3.7,0.21924,0,FALSE,-0.188812,FALSE
"3_balls draftkings 17538 13508,26657",3_balls,draftkings,17538,"Homa, Max","13508,26657","Vegas, Jhonattan / Fisk, Steven",2.58,0.34956,2.861,-0.0981,RBC Canadian Open,2026-06-10 09:51:07.45615,2.58,0.34956,0,FALSE,-0.0981352,FALSE
"3_balls draftkings 17550 12808,5716",3_balls,draftkings,17550,"Van Rooyen, Erik","12808,5716","Harrington, Padraig / Grillo, Emiliano",2.76,0.33345,2.999,-0.0797,RBC Canadian Open,2026-06-10 09:51:07.45615,2.76,0.33345,0,FALSE,-0.079678,FALSE
"3_balls draftkings 17576 12294,23014",3_balls,draftkings,17576,"Conners, Corey","12294,23014","Fleetwood, Tommy / Theegala, Sahith",3.45,0.25513,3.92,-0.1198,RBC Canadian Open,2026-06-10 09:51:07.45615,3.45,0.25513,0,FALSE,-0.1198015,FALSE
"3_balls draftkings 17646 18841,29925",3_balls,draftkings,17646,"Fitzpatrick, Matt","18841,29925","Hovland, Viktor / Yellamaraju, Sudarshan",2.18,0.44437,2.25,-0.0313,RBC Canadian Open,2026-06-10 09:51:07.45615,2.18,0.44437,0,FALSE,-0.0312734,FALSE
"3_balls draftkings 17723 12920,21943",3_balls,draftkings,17723,"Lower, Justin","12920,21943","Willett, Danny / Lebioda, Hank",2.86,0.30971,3.229,-0.1142,RBC Canadian Open,2026-06-10 09:51:07.45615,2.86,0.30971,0,FALSE,-0.1142294,FALSE
"3_balls draftkings 17780 16394,29433",3_balls,draftkings,17780,"Pendrith, Taylor","16394,29433","Jaeger, Stephan / Bridgeman, Jacob",2.86,0.32802,3.049,-0.0618,RBC Canadian Open,2026-06-10 09:51:07.45615,2.86,0.32802,0,FALSE,-0.0618628000000001,FALSE
"3_balls draftkings 17786 10419,18628",3_balls,draftkings,17786,"Davis, Cam","10419,18628","Noren, Alex / Campbell, Brian",3.95,0.2137,4.68,-0.1559,RBC Canadian Open,2026-06-10 09:51:07.45615,3.95,0.2137,0,FALSE,-0.155885,FALSE
"3_balls draftkings 17881 19872,23602",3_balls,draftkings,17881,"Yu, Kevin","19872,23602","Riley, Davis / Hojgaard, Nicolai",2.84,0.31693,3.155,-0.0999,RBC Canadian Open,2026-06-10 09:51:07.45615,2.84,0.31693,0,FALSE,-0.0999188000000001,FALSE
"3_balls draftkings 18103 14007,14704",3_balls,draftkings,18103,"Bezuidenhout, Christiaan","14007,14704","Martin, Ben / Putnam, Andrew",2.34,0.41661,2.4,-0.0251,RBC Canadian Open,2026-06-10 09:51:07.45615,2.34,0.41661,0,FALSE,-0.0251326000000001,FALSE
"3_balls draftkings 18424 17365,25002",3_balls,draftkings,18424,"Roy, Kevin","17365,25002","Mitchell, Keith / Wu, Dylan",3,0.30626,3.265,-0.0812,RBC Canadian Open,2026-06-10 09:51:07.45615,3,0.30626,0,FALSE,-0.0812200000000001,FALSE
"3_balls draftkings 18554 22085,6093",3_balls,draftkings,18554,"Rai, Aaron","22085,6093","Rose, Justin / Morikawa, Collin",3.05,0.32839,3.045,0.0016,RBC Canadian Open,2026-06-10 09:51:07.45615,3.05,0.32839,0,FALSE,0.00158949999999991,FALSE
"3_balls draftkings 18586 24766,26653",3_balls,draftkings,18586,"Smith, Jordan","24766,26653","Kim, Tom / Eckroat, Austin",2.5,0.38087,2.626,-0.0478,RBC Canadian Open,2026-06-10 09:51:07.45615,2.5,0.38087,0,FALSE,-0.047825,FALSE
"3_balls draftkings 18628 10419,17786",3_balls,draftkings,18628,"Campbell, Brian","10419,17786","Noren, Alex / Davis, Cam",3.6,0.22445,4.455,-0.192,RBC Canadian Open,2026-06-10 09:51:07.45615,3.6,0.22445,0,FALSE,-0.19198,FALSE
"3_balls draftkings 18841 17646,29925",3_balls,draftkings,18841,"Hovland, Viktor","17646,29925","Fitzpatrick, Matt / Yellamaraju, Sudarshan",2.92,0.3076,3.251,-0.1018,RBC Canadian Open,2026-06-10 09:51:07.45615,2.92,0.3076,0,FALSE,-0.101808,FALSE
"3_balls draftkings 19477 27194,27900",3_balls,draftkings,19477,"Schenk, Adam","27194,27900","Hall, Harry / Potgieter, Aldrich",4.25,0.20516,4.874,-0.1281,RBC Canadian Open,2026-06-10 09:51:07.45615,4.25,0.20516,0,FALSE,-0.12807,FALSE
"3_balls draftkings 19483 21407,23604",3_balls,draftkings,19483,"Burns, Sam","21407,23604","Reitan, Kristoffer / Clark, Wyndham",2.46,0.36548,2.736,-0.1009,RBC Canadian Open,2026-06-10 09:51:07.45615,2.46,0.36548,0,FALSE,-0.1009192,FALSE
"3_balls draftkings 19729 14926,20706",3_balls,draftkings,19729,"Kanaya, Takumi","14926,20706","Malnati, Peter / Wallace, Matt",2.84,0.32869,3.042,-0.0665,RBC Canadian Open,2026-06-10 09:51:07.45615,2.84,0.32869,0,FALSE,-0.0665204000000002,FALSE
"3_balls draftkings 19840 10104,25908",3_balls,draftkings,19840,"Ramey, Chad","10104,25908","Power, Seamus / Whaley, Vince",2.76,0.33544,2.981,-0.0742,RBC Canadian Open,2026-06-10 09:51:07.45615,2.76,0.33544,0,FALSE,-0.0741856000000001,FALSE
"3_balls draftkings 19870 14502,23465",3_balls,draftkings,19870,"McCarthy, Denny","14502,23465","Cauley, Bud / Greyserman, Max",3.05,0.28464,3.513,-0.1318,RBC Canadian Open,2026-06-10 09:51:07.45615,3.05,0.28464,0,FALSE,-0.131848,FALSE
"3_balls draftkings 19872 17881,23602",3_balls,draftkings,19872,"Riley, Davis","17881,23602","Yu, Kevin / Hojgaard, Nicolai",4.6,0.17916,5.582,-0.1759,RBC Canadian Open,2026-06-10 09:51:07.45615,4.6,0.17916,0,FALSE,-0.175864,FALSE
"3_balls draftkings 19960 13412,13997",3_balls,draftkings,19960,"Pavon, Matthieu","13412,13997","Olesen, Thorbjorn / Svensson, Adam",3.05,0.29565,3.382,-0.0983,RBC Canadian Open,2026-06-10 09:51:07.45615,3.05,0.29565,0,FALSE,-0.0982675,FALSE
"3_balls draftkings 20706 14926,19729",3_balls,draftkings,20706,"Wallace, Matt","14926,19729","Malnati, Peter / Kanaya, Takumi",2.16,0.43061,2.322,-0.0699,RBC Canadian Open,2026-06-10 09:51:07.45615,2.16,0.43061,0,FALSE,-0.0698823999999999,FALSE
"3_balls draftkings 20722 17381,28159",3_balls,draftkings,20722,"Schmid, Matti","17381,28159","Silverman, Ben / Meissner, Mac",2.76,0.32924,3.037,-0.0913,RBC Canadian Open,2026-06-10 09:51:07.45615,2.76,0.32924,0,FALSE,-0.0912976000000001,FALSE
"3_balls draftkings 21407 19483,23604",3_balls,draftkings,21407,"Reitan, Kristoffer","19483,23604","Burns, Sam / Clark, Wyndham",3,0.31582,3.166,-0.0525,RBC Canadian Open,2026-06-10 09:51:07.45615,3,0.31582,0,FALSE,-0.05254,FALSE
"3_balls draftkings 21756 26649,27164",3_balls,draftkings,21756,"Cole, Eric","26649,27164","Thorbjornsen, Michael / Phillips, Chandler",2.38,0.41863,2.389,-0.0037,RBC Canadian Open,2026-06-10 09:51:07.45615,2.38,0.41863,0,FALSE,-0.00366060000000001,FALSE
"3_balls draftkings 21883 25289,32330",3_balls,draftkings,21883,"Ewart, A.J.","25289,32330","Savoie, Joey / Clanton, Luke",2.3,0.40181,2.489,-0.0758,RBC Canadian Open,2026-06-10 09:51:07.45615,2.3,0.40181,0,FALSE,-0.075837,FALSE
"3_balls draftkings 21943 12920,17723",3_balls,draftkings,21943,"Lebioda, Hank","12920,17723","Willett, Danny / Lower, Justin",2.64,0.35673,2.803,-0.0582,RBC Canadian Open,2026-06-10 09:51:07.45615,2.64,0.35673,0,FALSE,-0.0582328,FALSE
"3_balls draftkings 21944 15330,9171",3_balls,draftkings,21944,"Moore, Taylor","15330,9171","Villegas, Camilo / Griffin, Lanto",2.16,0.44423,2.251,-0.0405,RBC Canadian Open,2026-06-10 09:51:07.45615,2.16,0.44423,0,FALSE,-0.0404631999999999,FALSE
"3_balls draftkings 22085 18554,6093",3_balls,draftkings,22085,"Morikawa, Collin","18554,6093","Rose, Justin / Rai, Aaron",2.62,0.34089,2.934,-0.1069,RBC Canadian Open,2026-06-10 09:51:07.45615,2.62,0.34089,0,FALSE,-0.1068682,FALSE
"3_balls draftkings 22985 14050,25003",3_balls,draftkings,22985,"Smotherman, Austin","14050,25003","Sloan, Roger / Walker, Danny",2.18,0.43701,2.288,-0.0473,RBC Canadian Open,2026-06-10 09:51:07.45615,2.18,0.43701,0,FALSE,-0.0473181999999999,FALSE
"3_balls draftkings 23014 12294,17576",3_balls,draftkings,23014,"Theegala, Sahith","12294,17576","Fleetwood, Tommy / Conners, Corey",3.2,0.27046,3.697,-0.1345,RBC Canadian Open,2026-06-10 09:51:07.45615,3.2,0.27046,0,FALSE,-0.134528,FALSE
"3_balls draftkings 23323 13900,25362",3_balls,draftkings,23323,"MacIntyre, Robert","13900,25362","Lowry, Shane / Fitzpatrick, Alex",2.58,0.34559,2.894,-0.1084,RBC Canadian Open,2026-06-10 09:51:07.45615,2.58,0.34559,0,FALSE,-0.1083778,FALSE
"3_balls draftkings 23465 14502,19870",3_balls,draftkings,23465,"Greyserman, Max","14502,19870","Cauley, Bud / McCarthy, Denny",2.92,0.30518,3.277,-0.1089,RBC Canadian Open,2026-06-10 09:51:07.45615,2.92,0.30518,0,FALSE,-0.1088744,FALSE
"3_balls draftkings 23504 15575,28270",3_balls,draftkings,23504,"Hoey, Rico","15575,28270","Hoge, Tom / Dunlap, Nick",2.16,0.44095,2.268,-0.0475,RBC Canadian Open,2026-06-10 09:51:07.45615,2.16,0.44095,0,FALSE,-0.0475479999999999,FALSE
"3_balls draftkings 23602 17881,19872",3_balls,draftkings,23602,"Hojgaard, Nicolai","17881,19872","Yu, Kevin / Riley, Davis",1.962,0.50391,1.984,-0.0116,RBC Canadian Open,2026-06-10 09:51:07.45615,1.962,0.50391,0,FALSE,-0.01132858,FALSE
"3_balls draftkings 23604 19483,21407",3_balls,draftkings,23604,"Clark, Wyndham","19483,21407","Burns, Sam / Reitan, Kristoffer",2.94,0.3187,3.138,-0.063,RBC Canadian Open,2026-06-10 09:51:07.45615,2.94,0.3187,0,FALSE,-0.063022,FALSE
"3_balls draftkings 24304 29770,5768",3_balls,draftkings,24304,"Vilips, Karl","29770,5768","Hoffman, Charley / Mouw, William",2.72,0.33009,3.029,-0.1022,RBC Canadian Open,2026-06-10 09:51:07.45615,2.72,0.33009,0,FALSE,-0.1021552,FALSE
"3_balls draftkings 24342 11676,29197",3_balls,draftkings,24342,"Higgo, Garrick","11676,29197","Finau, Tony / Brennan, Michael",3.25,0.26673,3.749,-0.1331,RBC Canadian Open,2026-06-10 09:51:07.45615,3.25,0.26673,0,FALSE,-0.1331275,FALSE
"3_balls draftkings 24550 13470,15980",3_balls,draftkings,24550,"Ghim, Doug","13470,15980","Kizzire, Patton / Lipsky, David",2.02,0.49273,2.03,-0.0047,RBC Canadian Open,2026-06-10 09:51:07.45615,2.02,0.49273,0,FALSE,-0.00468539999999995,FALSE
"3_balls draftkings 24766 18586,26653",3_balls,draftkings,24766,"Kim, Tom","18586,26653","Smith, Jordan / Eckroat, Austin",2.76,0.34346,2.912,-0.0521,RBC Canadian Open,2026-06-10 09:51:07.45615,2.76,0.34346,0,FALSE,-0.0520504000000001,FALSE
"3_balls draftkings 25002 17365,18424",3_balls,draftkings,25002,"Wu, Dylan","17365,18424","Mitchell, Keith / Roy, Kevin",3.65,0.23751,4.21,-0.1331,RBC Canadian Open,2026-06-10 09:51:07.45615,3.65,0.23751,0,FALSE,-0.1330885,FALSE
"3_balls draftkings 25003 14050,22985",3_balls,draftkings,25003,"Walker, Danny","14050,22985","Sloan, Roger / Smotherman, Austin",3.25,0.26999,3.704,-0.1225,RBC Canadian Open,2026-06-10 09:51:07.45615,3.25,0.26999,0,FALSE,-0.1225325,FALSE
"3_balls draftkings 25157 11451,15470",3_balls,draftkings,25157,"Hodges, Lee","11451,15470","Garnett, Brice / Hossler, Beau",2.48,0.37457,2.67,-0.0711,RBC Canadian Open,2026-06-10 09:51:07.45615,2.48,0.37457,0,FALSE,-0.0710664,FALSE
"3_balls draftkings 25289 21883,32330",3_balls,draftkings,25289,"Savoie, Joey","21883,32330","Ewart, A.J. / Clanton, Luke",3.7,0.23862,4.191,-0.1171,RBC Canadian Open,2026-06-10 09:51:07.45615,3.7,0.23862,0,FALSE,-0.117106,FALSE
"3_balls draftkings 25362 13900,23323",3_balls,draftkings,25362,"Fitzpatrick, Alex","13900,23323","Lowry, Shane / MacIntyre, Robert",2.96,0.32802,3.049,-0.0291,RBC Canadian Open,2026-06-10 09:51:07.45615,2.96,0.32802,0,FALSE,-0.0290608000000001,FALSE
"3_balls draftkings 25908 10104,19840",3_balls,draftkings,25908,"Whaley, Vince","10104,19840","Power, Seamus / Ramey, Chad",2.96,0.31597,3.165,-0.0647,RBC Canadian Open,2026-06-10 09:51:07.45615,2.96,0.31597,0,FALSE,-0.0647288000000001,FALSE
"3_balls draftkings 26649 21756,27164",3_balls,draftkings,26649,"Thorbjornsen, Michael","21756,27164","Cole, Eric / Phillips, Chandler",2.3,0.3921,2.55,-0.0982,RBC Canadian Open,2026-06-10 09:51:07.45615,2.3,0.3921,0,FALSE,-0.0981700000000001,FALSE
"3_balls draftkings 26653 18586,24766",3_balls,draftkings,26653,"Eckroat, Austin","18586,24766","Smith, Jordan / Kim, Tom",3.15,0.27567,3.628,-0.1316,RBC Canadian Open,2026-06-10 09:51:07.45615,3.15,0.27567,0,FALSE,-0.1316395,FALSE
"3_balls draftkings 26657 13508,17538",3_balls,draftkings,26657,"Fisk, Steven","13508,17538","Vegas, Jhonattan / Homa, Max",2.58,0.37428,2.672,-0.0344,RBC Canadian Open,2026-06-10 09:51:07.45615,2.58,0.37428,0,FALSE,-0.0343576,FALSE
"3_balls draftkings 27164 21756,26649",3_balls,draftkings,27164,"Phillips, Chandler","21756,26649","Cole, Eric / Thorbjornsen, Michael",4.5,0.18927,5.283,-0.1483,RBC Canadian Open,2026-06-10 09:51:07.45615,4.5,0.18927,0,FALSE,-0.148285,FALSE
"3_balls draftkings 27194 19477,27900",3_balls,draftkings,27194,"Hall, Harry","19477,27900","Schenk, Adam / Potgieter, Aldrich",2.16,0.45229,2.211,-0.0231,RBC Canadian Open,2026-06-10 09:51:07.45615,2.16,0.45229,0,FALSE,-0.0230535999999999,FALSE
"3_balls draftkings 27364 11276,12423",3_balls,draftkings,27364,"Thompson, Davis","11276,12423","Horschel, Billy / Kirk, Chris",2.36,0.41304,2.421,-0.0252,RBC Canadian Open,2026-06-10 09:51:07.45615,2.36,0.41304,0,FALSE,-0.0252256,FALSE
"3_balls draftkings 27819 28469,7399",3_balls,draftkings,27819,"Castillo, Ricky","28469,7399","Glover, Lucas / Highsmith, Joe",2.2,0.44082,2.269,-0.0302,RBC Canadian Open,2026-06-10 09:51:07.45615,2.2,0.44082,0,FALSE,-0.0301959999999999,FALSE
"3_balls draftkings 27900 19477,27194",3_balls,draftkings,27900,"Potgieter, Aldrich","19477,27194","Schenk, Adam / Hall, Harry",2.62,0.34256,2.919,-0.1025,RBC Canadian Open,2026-06-10 09:51:07.45615,2.62,0.34256,0,FALSE,-0.1024928,FALSE
"3_balls draftkings 28159 17381,20722",3_balls,draftkings,28159,"Meissner, Mac","17381,20722","Silverman, Ben / Schmid, Matti",2.22,0.45152,2.215,0.0024,RBC Canadian Open,2026-06-10 09:51:07.45615,2.22,0.45152,0,FALSE,0.00237440000000011,FALSE
"3_balls draftkings 28270 15575,23504",3_balls,draftkings,28270,"Dunlap, Nick","15575,23504","Hoge, Tom / Hoey, Rico",3.5,0.25802,3.876,-0.0969,RBC Canadian Open,2026-06-10 09:51:07.45615,3.5,0.25802,0,FALSE,-0.09693,FALSE
"3_balls draftkings 28469 27819,7399",3_balls,draftkings,28469,"Highsmith, Joe","27819,7399","Glover, Lucas / Castillo, Ricky",3.9,0.21824,4.582,-0.1489,RBC Canadian Open,2026-06-10 09:51:07.45615,3.9,0.21824,0,FALSE,-0.148864,FALSE
"3_balls draftkings 29197 11676,24342",3_balls,draftkings,29197,"Brennan, Michael","11676,24342","Finau, Tony / Higgo, Garrick",2.52,0.36314,2.754,-0.0849,RBC Canadian Open,2026-06-10 09:51:07.45615,2.52,0.36314,0,FALSE,-0.0848871999999999,FALSE
"3_balls draftkings 29279 29827,32055",3_balls,draftkings,29279,"Suber, Jackson","29827,32055","James, Ben / Shipley, Neal",2.72,0.33527,2.983,-0.0881,RBC Canadian Open,2026-06-10 09:51:07.45615,2.72,0.33527,0,FALSE,-0.0880655999999999,FALSE
"3_balls draftkings 29433 16394,17780",3_balls,draftkings,29433,"Bridgeman, Jacob","16394,17780","Jaeger, Stephan / Pendrith, Taylor",2.46,0.39871,2.508,-0.0192,RBC Canadian Open,2026-06-10 09:51:07.45615,2.46,0.39871,0,FALSE,-0.0191734,FALSE
"3_balls draftkings 29770 24304,5768",3_balls,draftkings,29770,"Mouw, William","24304,5768","Hoffman, Charley / Vilips, Karl",2.28,0.42306,2.364,-0.0354,RBC Canadian Open,2026-06-10 09:51:07.45615,2.28,0.42306,0,FALSE,-0.0354232000000001,FALSE
"3_balls draftkings 29827 29279,32055",3_balls,draftkings,29827,"James, Ben","29279,32055","Suber, Jackson / Shipley, Neal",2.6,0.37534,2.664,-0.0241,RBC Canadian Open,2026-06-10 09:51:07.45615,2.6,0.37534,0,FALSE,-0.0241159999999999,FALSE
"3_balls draftkings 29925 17646,18841",3_balls,draftkings,29925,"Yellamaraju, Sudarshan","17646,18841","Fitzpatrick, Matt / Hovland, Viktor",3.6,0.24803,4.032,-0.1071,RBC Canadian Open,2026-06-10 09:51:07.45615,3.6,0.24803,0,FALSE,-0.107092,FALSE
"3_balls draftkings 32055 29279,29827",3_balls,draftkings,32055,"Shipley, Neal","29279,29827","Suber, Jackson / James, Ben",3.05,0.28939,3.456,-0.1174,RBC Canadian Open,2026-06-10 09:51:07.45615,3.05,0.28939,0,FALSE,-0.1173605,FALSE
"3_balls draftkings 32330 21883,25289",3_balls,draftkings,32330,"Clanton, Luke","21883,25289","Ewart, A.J. / Savoie, Joey",2.64,0.35957,2.781,-0.0507,RBC Canadian Open,2026-06-10 09:51:07.45615,2.64,0.35957,0,FALSE,-0.0507352,FALSE
"3_balls draftkings 32457 14509,16333",3_balls,draftkings,32457,"Keefer, Johnny","14509,16333","Dahmen, Joel / Hubbard, Mark",2.38,0.38691,2.585,-0.0792,RBC Canadian Open,2026-06-10 09:51:07.45615,2.38,0.38691,0,FALSE,-0.0791542000000001,FALSE
"3_balls draftkings 5716 12808,17550",3_balls,draftkings,5716,"Harrington, Padraig","12808,17550","Grillo, Emiliano / Van Rooyen, Erik",3.35,0.24536,4.076,-0.178,RBC Canadian Open,2026-06-10 09:51:07.45615,3.35,0.24536,0,FALSE,-0.178044,FALSE
"3_balls draftkings 5768 24304,29770",3_balls,draftkings,5768,"Hoffman, Charley","24304,29770","Vilips, Karl / Mouw, William",3.5,0.24685,4.051,-0.136,RBC Canadian Open,2026-06-10 09:51:07.45615,3.5,0.24685,0,FALSE,-0.136025,FALSE
"3_balls draftkings 6093 18554,22085",3_balls,draftkings,6093,"Rose, Justin","18554,22085","Rai, Aaron / Morikawa, Collin",2.7,0.33072,3.024,-0.107,RBC Canadian Open,2026-06-10 09:51:07.45615,2.7,0.33072,0,FALSE,-0.107056,FALSE
"3_balls draftkings 7399 27819,28469",3_balls,draftkings,7399,"Glover, Lucas","27819,28469","Castillo, Ricky / Highsmith, Joe",2.72,0.34094,2.933,-0.0726,RBC Canadian Open,2026-06-10 09:51:07.45615,2.72,0.34094,0,FALSE,-0.0726431999999999,FALSE
"3_balls draftkings 9171 15330,21944",3_balls,draftkings,9171,"Villegas, Camilo","15330,21944","Griffin, Lanto / Moore, Taylor",3.7,0.22044,4.536,-0.1844,RBC Canadian Open,2026-06-10 09:51:07.45615,3.7,0.22044,0,FALSE,-0.184372,FALSE
"3_balls fanduel 10104 19840,25908",3_balls,fanduel,10104,"Power, Seamus","19840,25908","Ramey, Chad / Whaley, Vince",2.7,0.34859,2.869,-0.0588,RBC Canadian Open,2026-06-10 09:51:07.45615,2.7,0.34859,0,FALSE,-0.0588069999999999,FALSE
"3_balls fanduel 10419 17786,18628",3_balls,fanduel,10419,"Noren, Alex","17786,18628","Davis, Cam / Campbell, Brian",1.741,0.56186,1.78,-0.022,RBC Canadian Open,2026-06-10 09:51:07.45615,1.741,0.56186,0,FALSE,-0.0218017399999999,FALSE
"3_balls fanduel 11276 12423,27364",3_balls,fanduel,11276,"Horschel, Billy","12423,27364","Kirk, Chris / Thompson, Davis",3,0.27127,3.686,-0.1862,RBC Canadian Open,2026-06-10 09:51:07.45615,3,0.27127,0,FALSE,-0.18619,FALSE
"3_balls fanduel 11451 15470,25157",3_balls,fanduel,11451,"Garnett, Brice","15470,25157","Hossler, Beau / Hodges, Lee",3.5,0.25062,3.99,-0.1228,RBC Canadian Open,2026-06-10 09:51:07.45615,3.5,0.25062,0,FALSE,-0.12283,FALSE
"3_balls fanduel 11676 24342,29197",3_balls,fanduel,11676,"Finau, Tony","24342,29197","Higgo, Garrick / Brennan, Michael",2.65,0.37013,2.702,-0.0192,RBC Canadian Open,2026-06-10 09:51:07.45615,2.65,0.37013,0,FALSE,-0.0191555,FALSE
"3_balls fanduel 11889 13126,16243",3_balls,fanduel,11889,"Fox, Ryan","13126,16243","Taylor, Nick / Koepka, Brooks",3.1,0.32072,3.118,-0.0058,RBC Canadian Open,2026-06-10 09:51:07.45615,3.1,0.32072,0,FALSE,-0.005768,FALSE
"3_balls fanduel 12294 17576,23014",3_balls,fanduel,12294,"Fleetwood, Tommy","17576,23014","Conners, Corey / Theegala, Sahith",2.1,0.47441,2.108,-0.0037,RBC Canadian Open,2026-06-10 09:51:07.45615,2.1,0.47441,0,FALSE,-0.00373899999999994,FALSE
"3_balls fanduel 12423 11276,27364",3_balls,fanduel,12423,"Kirk, Chris","11276,27364","Horschel, Billy / Thompson, Davis",3,0.31569,3.168,-0.0529,RBC Canadian Open,2026-06-10 09:51:07.45615,3,0.31569,0,FALSE,-0.0529299999999999,FALSE
"3_balls fanduel 12808 17550,5716",3_balls,fanduel,12808,"Grillo, Emiliano","17550,5716","Harrington, Padraig / Van Rooyen, Erik",2.35,0.42119,2.374,-0.0102,RBC Canadian Open,2026-06-10 09:51:07.45615,2.35,0.42119,0,FALSE,-0.0102034999999999,FALSE
"3_balls fanduel 12920 17723,21943",3_balls,fanduel,12920,"Willett, Danny","17723,21943","Lower, Justin / Lebioda, Hank",2.75,0.33356,2.998,-0.0827,RBC Canadian Open,2026-06-10 09:51:07.45615,2.75,0.33356,0,FALSE,-0.08271,FALSE
"3_balls fanduel 13126 11889,16243",3_balls,fanduel,13126,"Taylor, Nick","11889,16243","Fox, Ryan / Koepka, Brooks",2.75,0.34166,2.927,-0.0604,RBC Canadian Open,2026-06-10 09:51:07.45615,2.75,0.34166,0,FALSE,-0.0604349999999999,FALSE
"3_balls fanduel 13412 13997,19960",3_balls,fanduel,13412,"Olesen, Thorbjorn","13997,19960","Svensson, Adam / Pavon, Matthieu",2.35,0.3956,2.528,-0.0703,RBC Canadian Open,2026-06-10 09:51:07.45615,2.35,0.3956,0,FALSE,-0.07034,FALSE
"3_balls fanduel 13470 15980,24550",3_balls,fanduel,13470,"Kizzire, Patton","15980,24550","Lipsky, David / Ghim, Doug",3.9,0.19436,5.145,-0.242,RBC Canadian Open,2026-06-10 09:51:07.45615,3.9,0.19436,0,FALSE,-0.241996,FALSE
"3_balls fanduel 13508 17538,26657",3_balls,fanduel,13508,"Vegas, Jhonattan","17538,26657","Homa, Max / Fisk, Steven",3.4,0.27616,3.621,-0.0611,RBC Canadian Open,2026-06-10 09:51:07.45615,3.4,0.27616,0,FALSE,-0.061056,FALSE
"3_balls fanduel 13900 23323,25362",3_balls,fanduel,13900,"Lowry, Shane","23323,25362","MacIntyre, Robert / Fitzpatrick, Alex",3,0.32639,3.064,-0.0208,RBC Canadian Open,2026-06-10 09:51:07.45615,3,0.32639,0,FALSE,-0.0208299999999999,FALSE
"3_balls fanduel 13997 13412,19960",3_balls,fanduel,13997,"Svensson, Adam","13412,19960","Olesen, Thorbjorn / Pavon, Matthieu",3,0.30875,3.239,-0.0737,RBC Canadian Open,2026-06-10 09:51:07.45615,3,0.30875,0,FALSE,-0.07375,FALSE
"3_balls fanduel 14007 14704,18103",3_balls,fanduel,14007,"Martin, Ben","14704,18103","Putnam, Andrew / Bezuidenhout, Christiaan",4.2,0.15969,6.262,-0.3293,RBC Canadian Open,2026-06-10 09:51:07.45615,4.2,0.15969,0,FALSE,-0.329302,FALSE
"3_balls fanduel 14050 22985,25003",3_balls,fanduel,14050,"Sloan, Roger","22985,25003","Smotherman, Austin / Walker, Danny",3.3,0.29301,3.413,-0.0331,RBC Canadian Open,2026-06-10 09:51:07.45615,3.3,0.29301,0,FALSE,-0.0330670000000001,FALSE
"3_balls fanduel 14502 19870,23465",3_balls,fanduel,14502,"Cauley, Bud","19870,23465","McCarthy, Denny / Greyserman, Max",2.45,0.41018,2.438,0.0049,RBC Canadian Open,2026-06-10 09:51:07.45615,2.45,0.41018,0,FALSE,0.00494100000000008,FALSE
"3_balls fanduel 14509 16333,32457",3_balls,fanduel,14509,"Dahmen, Joel","16333,32457","Hubbard, Mark / Keefer, Johnny",3.2,0.2919,3.426,-0.0659,RBC Canadian Open,2026-06-10 09:51:07.45615,3.2,0.2919,0,FALSE,-0.06592,FALSE
"3_balls fanduel 14704 14007,18103",3_balls,fanduel,14704,"Putnam, Andrew","14007,18103","Martin, Ben / Bezuidenhout, Christiaan",2.45,0.4237,2.36,0.0381,RBC Canadian Open,2026-06-10 09:51:07.45615,2.45,0.4237,0,FALSE,0.0380650000000002,TRUE
"3_balls fanduel 14926 19729,20706",3_balls,fanduel,14926,"Malnati, Peter","19729,20706","Kanaya, Takumi / Wallace, Matt",3.9,0.2407,4.155,-0.0613,RBC Canadian Open,2026-06-10 09:51:07.45615,3.9,0.2407,0,FALSE,-0.06127,FALSE
"3_balls fanduel 15330 21944,9171",3_balls,fanduel,15330,"Griffin, Lanto","21944,9171","Villegas, Camilo / Moore, Taylor",2.8,0.33533,2.982,-0.0611,RBC Canadian Open,2026-06-10 09:51:07.45615,2.8,0.33533,0,FALSE,-0.061076,FALSE
"3_balls fanduel 15470 11451,25157",3_balls,fanduel,15470,"Hossler, Beau","11451,25157","Garnett, Brice / Hodges, Lee",2.55,0.37481,2.668,-0.0442,RBC Canadian Open,2026-06-10 09:51:07.45615,2.55,0.37481,0,FALSE,-0.0442345000000002,FALSE
"3_balls fanduel 15575 23504,28270",3_balls,fanduel,15575,"Hoge, Tom","23504,28270","Hoey, Rico / Dunlap, Nick",3.1,0.30103,3.322,-0.0668,RBC Canadian Open,2026-06-10 09:51:07.45615,3.1,0.30103,0,FALSE,-0.066807,FALSE
"3_balls fanduel 15980 13470,24550",3_balls,fanduel,15980,"Lipsky, David","13470,24550","Kizzire, Patton / Ghim, Doug",3.2,0.31291,3.196,0.0013,RBC Canadian Open,2026-06-10 09:51:07.45615,3.2,0.31291,0,FALSE,0.0013120000000002,FALSE
"3_balls fanduel 16243 11889,13126",3_balls,fanduel,16243,"Koepka, Brooks","11889,13126","Fox, Ryan / Taylor, Nick",2.65,0.33761,2.962,-0.1053,RBC Canadian Open,2026-06-10 09:51:07.45615,2.65,0.33761,0,FALSE,-0.1053335,FALSE
"3_balls fanduel 16333 14509,32457",3_balls,fanduel,16333,"Hubbard, Mark","14509,32457","Dahmen, Joel / Keefer, Johnny",3.2,0.32119,3.113,0.0278,RBC Canadian Open,2026-06-10 09:51:07.45615,3.2,0.32119,0,FALSE,0.0278080000000001,TRUE
"3_balls fanduel 16394 17780,29433",3_balls,fanduel,16394,"Jaeger, Stephan","17780,29433","Pendrith, Taylor / Bridgeman, Jacob",3.2,0.27327,3.659,-0.1255,RBC Canadian Open,2026-06-10 09:51:07.45615,3.2,0.27327,0,FALSE,-0.125536,FALSE
"3_balls fanduel 17365 18424,25002",3_balls,fanduel,17365,"Mitchell, Keith","18424,25002","Roy, Kevin / Wu, Dylan",2.1,0.45624,2.192,-0.0419,RBC Canadian Open,2026-06-10 09:51:07.45615,2.1,0.45624,0,FALSE,-0.041896,FALSE
"3_balls fanduel 17381 20722,28159",3_balls,fanduel,17381,"Silverman, Ben","20722,28159","Schmid, Matti / Meissner, Mac",4,0.21924,4.561,-0.1231,RBC Canadian Open,2026-06-10 09:51:07.45615,4,0.21924,0,FALSE,-0.12304,FALSE
"3_balls fanduel 17538 13508,26657",3_balls,fanduel,17538,"Homa, Max","13508,26657","Vegas, Jhonattan / Fisk, Steven",2.7,0.34956,2.861,-0.0562,RBC Canadian Open,2026-06-10 09:51:07.45615,2.7,0.34956,0,FALSE,-0.056188,FALSE
"3_balls fanduel 17550 12808,5716",3_balls,fanduel,17550,"Van Rooyen, Erik","12808,5716","Harrington, Padraig / Grillo, Emiliano",2.8,0.33345,2.999,-0.0663,RBC Canadian Open,2026-06-10 09:51:07.45615,2.8,0.33345,0,FALSE,-0.06634,FALSE
"3_balls fanduel 17576 12294,23014",3_balls,fanduel,17576,"Conners, Corey","12294,23014","Fleetwood, Tommy / Theegala, Sahith",3.5,0.25513,3.92,-0.1071,RBC Canadian Open,2026-06-10 09:51:07.45615,3.5,0.25513,0,FALSE,-0.107045,FALSE
"3_balls fanduel 17646 18841,29925",3_balls,fanduel,17646,"Fitzpatrick, Matt","18841,29925","Hovland, Viktor / Yellamaraju, Sudarshan",2.25,0.44437,2.25,-2e-04,RBC Canadian Open,2026-06-10 09:51:07.45615,2.25,0.44437,0,FALSE,-0.000167499999999987,FALSE
"3_balls fanduel 17723 12920,21943",3_balls,fanduel,17723,"Lower, Justin","12920,21943","Willett, Danny / Lebioda, Hank",3,0.30971,3.229,-0.0709,RBC Canadian Open,2026-06-10 09:51:07.45615,3,0.30971,0,FALSE,-0.07087,FALSE
"3_balls fanduel 17780 16394,29433",3_balls,fanduel,17780,"Pendrith, Taylor","16394,29433","Jaeger, Stephan / Bridgeman, Jacob",2.8,0.32802,3.049,-0.0815,RBC Canadian Open,2026-06-10 09:51:07.45615,2.8,0.32802,0,FALSE,-0.0815440000000002,FALSE
"3_balls fanduel 17786 10419,18628",3_balls,fanduel,17786,"Davis, Cam","10419,18628","Noren, Alex / Campbell, Brian",4.2,0.2137,4.68,-0.1025,RBC Canadian Open,2026-06-10 09:51:07.45615,4.2,0.2137,0,FALSE,-0.10246,FALSE
"3_balls fanduel 17881 19872,23602",3_balls,fanduel,17881,"Yu, Kevin","19872,23602","Riley, Davis / Hojgaard, Nicolai",2.8,0.31693,3.155,-0.1126,RBC Canadian Open,2026-06-10 09:51:07.45615,2.8,0.31693,0,FALSE,-0.112596,FALSE
"3_balls fanduel 18103 14007,14704",3_balls,fanduel,18103,"Bezuidenhout, Christiaan","14007,14704","Martin, Ben / Putnam, Andrew",2.35,0.41661,2.4,-0.021,RBC Canadian Open,2026-06-10 09:51:07.45615,2.35,0.41661,0,FALSE,-0.0209665,FALSE
"3_balls fanduel 18424 17365,25002",3_balls,fanduel,18424,"Roy, Kevin","17365,25002","Mitchell, Keith / Wu, Dylan",3.1,0.30626,3.265,-0.0506,RBC Canadian Open,2026-06-10 09:51:07.45615,3.1,0.30626,0,FALSE,-0.050594,FALSE
"3_balls fanduel 18554 22085,6093",3_balls,fanduel,18554,"Rai, Aaron","22085,6093","Rose, Justin / Morikawa, Collin",2.9,0.32839,3.045,-0.0477,RBC Canadian Open,2026-06-10 09:51:07.45615,2.9,0.32839,0,FALSE,-0.047669,FALSE
"3_balls fanduel 18586 24766,26653",3_balls,fanduel,18586,"Smith, Jordan","24766,26653","Kim, Tom / Eckroat, Austin",2.45,0.38087,2.626,-0.0669,RBC Canadian Open,2026-06-10 09:51:07.45615,2.45,0.38087,0,FALSE,-0.0668685,FALSE
"3_balls fanduel 18628 10419,17786",3_balls,fanduel,18628,"Campbell, Brian","10419,17786","Noren, Alex / Davis, Cam",4,0.22445,4.455,-0.1022,RBC Canadian Open,2026-06-10 09:51:07.45615,4,0.22445,0,FALSE,-0.1022,FALSE
"3_balls fanduel 18841 17646,29925",3_balls,fanduel,18841,"Hovland, Viktor","17646,29925","Fitzpatrick, Matt / Yellamaraju, Sudarshan",3,0.3076,3.251,-0.0772,RBC Canadian Open,2026-06-10 09:51:07.45615,3,0.3076,0,FALSE,-0.0772,FALSE
"3_balls fanduel 19477 27194,27900",3_balls,fanduel,19477,"Schenk, Adam","27194,27900","Hall, Harry / Potgieter, Aldrich",4.6,0.20516,4.874,-0.0563,RBC Canadian Open,2026-06-10 09:51:07.45615,4.6,0.20516,0,FALSE,-0.056264,FALSE
"3_balls fanduel 19483 21407,23604",3_balls,fanduel,19483,"Burns, Sam","21407,23604","Reitan, Kristoffer / Clark, Wyndham",2.6,0.36548,2.736,-0.0498,RBC Canadian Open,2026-06-10 09:51:07.45615,2.6,0.36548,0,FALSE,-0.0497519999999999,FALSE
"3_balls fanduel 19729 14926,20706",3_balls,fanduel,19729,"Kanaya, Takumi","14926,20706","Malnati, Peter / Wallace, Matt",3,0.32869,3.042,-0.0139,RBC Canadian Open,2026-06-10 09:51:07.45615,3,0.32869,0,FALSE,-0.01393,FALSE
"3_balls fanduel 19840 10104,25908",3_balls,fanduel,19840,"Ramey, Chad","10104,25908","Power, Seamus / Whaley, Vince",2.65,0.33544,2.981,-0.1111,RBC Canadian Open,2026-06-10 09:51:07.45615,2.65,0.33544,0,FALSE,-0.111084,FALSE
"3_balls fanduel 19870 14502,23465",3_balls,fanduel,19870,"McCarthy, Denny","14502,23465","Cauley, Bud / Greyserman, Max",3.4,0.28464,3.513,-0.0322,RBC Canadian Open,2026-06-10 09:51:07.45615,3.4,0.28464,0,FALSE,-0.032224,FALSE
"3_balls fanduel 19872 17881,23602",3_balls,fanduel,19872,"Riley, Davis","17881,23602","Yu, Kevin / Hojgaard, Nicolai",4.6,0.17916,5.582,-0.1759,RBC Canadian Open,2026-06-10 09:51:07.45615,4.6,0.17916,0,FALSE,-0.175864,FALSE
"3_balls fanduel 19960 13412,13997",3_balls,fanduel,19960,"Pavon, Matthieu","13412,13997","Olesen, Thorbjorn / Svensson, Adam",3.2,0.29565,3.382,-0.0539,RBC Canadian Open,2026-06-10 09:51:07.45615,3.2,0.29565,0,FALSE,-0.0539199999999999,FALSE
"3_balls fanduel 20706 14926,19729",3_balls,fanduel,20706,"Wallace, Matt","14926,19729","Malnati, Peter / Kanaya, Takumi",2.1,0.43061,2.322,-0.0957,RBC Canadian Open,2026-06-10 09:51:07.45615,2.1,0.43061,0,FALSE,-0.095719,FALSE
"3_balls fanduel 20722 17381,28159",3_balls,fanduel,20722,"Schmid, Matti","17381,28159","Silverman, Ben / Meissner, Mac",2.8,0.32924,3.037,-0.0781,RBC Canadian Open,2026-06-10 09:51:07.45615,2.8,0.32924,0,FALSE,-0.0781280000000001,FALSE
"3_balls fanduel 21407 19483,23604",3_balls,fanduel,21407,"Reitan, Kristoffer","19483,23604","Burns, Sam / Clark, Wyndham",3,0.31582,3.166,-0.0525,RBC Canadian Open,2026-06-10 09:51:07.45615,3,0.31582,0,FALSE,-0.05254,FALSE
"3_balls fanduel 21756 26649,27164",3_balls,fanduel,21756,"Cole, Eric","26649,27164","Thorbjornsen, Michael / Phillips, Chandler",2.45,0.41863,2.389,0.0256,RBC Canadian Open,2026-06-10 09:51:07.45615,2.45,0.41863,0,FALSE,0.0256435000000002,TRUE
"3_balls fanduel 21943 12920,17723",3_balls,fanduel,21943,"Lebioda, Hank","12920,17723","Willett, Danny / Lower, Justin",2.7,0.35673,2.803,-0.0368,RBC Canadian Open,2026-06-10 09:51:07.45615,2.7,0.35673,0,FALSE,-0.036829,FALSE
"3_balls fanduel 21944 15330,9171",3_balls,fanduel,21944,"Moore, Taylor","15330,9171","Villegas, Camilo / Griffin, Lanto",2.25,0.44423,2.251,-5e-04,RBC Canadian Open,2026-06-10 09:51:07.45615,2.25,0.44423,0,FALSE,-0.000482499999999941,FALSE
"3_balls fanduel 22085 18554,6093",3_balls,fanduel,22085,"Morikawa, Collin","18554,6093","Rose, Justin / Rai, Aaron",2.7,0.34089,2.934,-0.0796,RBC Canadian Open,2026-06-10 09:51:07.45615,2.7,0.34089,0,FALSE,-0.0795969999999999,FALSE
"3_balls fanduel 22985 14050,25003",3_balls,fanduel,22985,"Smotherman, Austin","14050,25003","Sloan, Roger / Walker, Danny",2.1,0.43701,2.288,-0.0823,RBC Canadian Open,2026-06-10 09:51:07.45615,2.1,0.43701,0,FALSE,-0.082279,FALSE
"3_balls fanduel 23014 12294,17576",3_balls,fanduel,23014,"Theegala, Sahith","12294,17576","Fleetwood, Tommy / Conners, Corey",3.4,0.27046,3.697,-0.0804,RBC Canadian Open,2026-06-10 09:51:07.45615,3.4,0.27046,0,FALSE,-0.0804360000000001,FALSE
"3_balls fanduel 23323 13900,25362",3_balls,fanduel,23323,"MacIntyre, Robert","13900,25362","Lowry, Shane / Fitzpatrick, Alex",2.6,0.34559,2.894,-0.1015,RBC Canadian Open,2026-06-10 09:51:07.45615,2.6,0.34559,0,FALSE,-0.101466,FALSE
"3_balls fanduel 23465 14502,19870",3_balls,fanduel,23465,"Greyserman, Max","14502,19870","Cauley, Bud / McCarthy, Denny",2.8,0.30518,3.277,-0.1455,RBC Canadian Open,2026-06-10 09:51:07.45615,2.8,0.30518,0,FALSE,-0.145496,FALSE
"3_balls fanduel 23504 15575,28270",3_balls,fanduel,23504,"Hoey, Rico","15575,28270","Hoge, Tom / Dunlap, Nick",2.25,0.44095,2.268,-0.0079,RBC Canadian Open,2026-06-10 09:51:07.45615,2.25,0.44095,0,FALSE,-0.00786249999999999,FALSE
"3_balls fanduel 23602 17881,19872",3_balls,fanduel,23602,"Hojgaard, Nicolai","17881,19872","Yu, Kevin / Riley, Davis",2.05,0.50391,1.984,0.033,RBC Canadian Open,2026-06-10 09:51:07.45615,2.05,0.50391,0,FALSE,0.0330154999999999,TRUE
"3_balls fanduel 23604 19483,21407",3_balls,fanduel,23604,"Clark, Wyndham","19483,21407","Burns, Sam / Reitan, Kristoffer",2.9,0.3187,3.138,-0.0758,RBC Canadian Open,2026-06-10 09:51:07.45615,2.9,0.3187,0,FALSE,-0.0757700000000001,FALSE
"3_balls fanduel 24304 29770,5768",3_balls,fanduel,24304,"Vilips, Karl","29770,5768","Hoffman, Charley / Mouw, William",2.75,0.33009,3.029,-0.0922,RBC Canadian Open,2026-06-10 09:51:07.45615,2.75,0.33009,0,FALSE,-0.0922525000000001,FALSE
"3_balls fanduel 24342 11676,29197",3_balls,fanduel,24342,"Higgo, Garrick","11676,29197","Finau, Tony / Brennan, Michael",3.5,0.26673,3.749,-0.0665,RBC Canadian Open,2026-06-10 09:51:07.45615,3.5,0.26673,0,FALSE,-0.0664449999999999,FALSE
"3_balls fanduel 24550 13470,15980",3_balls,fanduel,24550,"Ghim, Doug","13470,15980","Kizzire, Patton / Lipsky, David",2.05,0.49273,2.03,0.0101,RBC Canadian Open,2026-06-10 09:51:07.45615,2.05,0.49273,0,FALSE,0.0100965,FALSE
"3_balls fanduel 24766 18586,26653",3_balls,fanduel,24766,"Kim, Tom","18586,26653","Smith, Jordan / Eckroat, Austin",2.8,0.34346,2.912,-0.0383,RBC Canadian Open,2026-06-10 09:51:07.45615,2.8,0.34346,0,FALSE,-0.0383120000000001,FALSE
"3_balls fanduel 25002 17365,18424",3_balls,fanduel,25002,"Wu, Dylan","17365,18424","Mitchell, Keith / Roy, Kevin",3.7,0.23751,4.21,-0.1212,RBC Canadian Open,2026-06-10 09:51:07.45615,3.7,0.23751,0,FALSE,-0.121213,FALSE
"3_balls fanduel 25003 14050,22985",3_balls,fanduel,25003,"Walker, Danny","14050,22985","Sloan, Roger / Smotherman, Austin",3.4,0.26999,3.704,-0.082,RBC Canadian Open,2026-06-10 09:51:07.45615,3.4,0.26999,0,FALSE,-0.0820340000000001,FALSE
"3_balls fanduel 25157 11451,15470",3_balls,fanduel,25157,"Hodges, Lee","11451,15470","Garnett, Brice / Hossler, Beau",2.55,0.37457,2.67,-0.0448,RBC Canadian Open,2026-06-10 09:51:07.45615,2.55,0.37457,0,FALSE,-0.0448465,FALSE
"3_balls fanduel 25362 13900,23323",3_balls,fanduel,25362,"Fitzpatrick, Alex","13900,23323","Lowry, Shane / MacIntyre, Robert",2.9,0.32802,3.049,-0.0488,RBC Canadian Open,2026-06-10 09:51:07.45615,2.9,0.32802,0,FALSE,-0.0487420000000001,FALSE
"3_balls fanduel 25908 10104,19840",3_balls,fanduel,25908,"Whaley, Vince","10104,19840","Power, Seamus / Ramey, Chad",3.2,0.31597,3.165,0.0111,RBC Canadian Open,2026-06-10 09:51:07.45615,3.2,0.31597,0,FALSE,0.011104,FALSE
"3_balls fanduel 26649 21756,27164",3_balls,fanduel,26649,"Thorbjornsen, Michael","21756,27164","Cole, Eric / Phillips, Chandler",2.35,0.3921,2.55,-0.0786,RBC Canadian Open,2026-06-10 09:51:07.45615,2.35,0.3921,0,FALSE,-0.078565,FALSE
"3_balls fanduel 26653 18586,24766",3_balls,fanduel,26653,"Eckroat, Austin","18586,24766","Smith, Jordan / Kim, Tom",3.3,0.27567,3.628,-0.0903,RBC Canadian Open,2026-06-10 09:51:07.45615,3.3,0.27567,0,FALSE,-0.0902889999999999,FALSE
"3_balls fanduel 26657 13508,17538",3_balls,fanduel,26657,"Fisk, Steven","13508,17538","Vegas, Jhonattan / Homa, Max",2.55,0.37428,2.672,-0.0456,RBC Canadian Open,2026-06-10 09:51:07.45615,2.55,0.37428,0,FALSE,-0.045586,FALSE
"3_balls fanduel 27164 21756,26649",3_balls,fanduel,27164,"Phillips, Chandler","21756,26649","Cole, Eric / Thorbjornsen, Michael",4.3,0.18927,5.283,-0.1861,RBC Canadian Open,2026-06-10 09:51:07.45615,4.3,0.18927,0,FALSE,-0.186139,FALSE
"3_balls fanduel 27194 19477,27900",3_balls,fanduel,27194,"Hall, Harry","19477,27900","Schenk, Adam / Potgieter, Aldrich",2.1,0.45229,2.211,-0.0502,RBC Canadian Open,2026-06-10 09:51:07.45615,2.1,0.45229,0,FALSE,-0.0501909999999999,FALSE
"3_balls fanduel 27364 11276,12423",3_balls,fanduel,27364,"Thompson, Davis","11276,12423","Horschel, Billy / Kirk, Chris",2.45,0.41304,2.421,0.012,RBC Canadian Open,2026-06-10 09:51:07.45615,2.45,0.41304,0,FALSE,0.0119480000000001,FALSE
"3_balls fanduel 27819 28469,7399",3_balls,fanduel,27819,"Castillo, Ricky","28469,7399","Glover, Lucas / Highsmith, Joe",2.15,0.44082,2.269,-0.0522,RBC Canadian Open,2026-06-10 09:51:07.45615,2.15,0.44082,0,FALSE,-0.0522370000000001,FALSE
"3_balls fanduel 27900 19477,27194",3_balls,fanduel,27900,"Potgieter, Aldrich","19477,27194","Schenk, Adam / Hall, Harry",2.65,0.34256,2.919,-0.0922,RBC Canadian Open,2026-06-10 09:51:07.45615,2.65,0.34256,0,FALSE,-0.0922160000000001,FALSE
"3_balls fanduel 28159 17381,20722",3_balls,fanduel,28159,"Meissner, Mac","17381,20722","Silverman, Ben / Schmid, Matti",2.15,0.45152,2.215,-0.0292,RBC Canadian Open,2026-06-10 09:51:07.45615,2.15,0.45152,0,FALSE,-0.029232,FALSE
"3_balls fanduel 28270 15575,23504",3_balls,fanduel,28270,"Dunlap, Nick","15575,23504","Hoge, Tom / Hoey, Rico",3.4,0.25802,3.876,-0.1227,RBC Canadian Open,2026-06-10 09:51:07.45615,3.4,0.25802,0,FALSE,-0.122732,FALSE
"3_balls fanduel 28469 27819,7399",3_balls,fanduel,28469,"Highsmith, Joe","27819,7399","Glover, Lucas / Castillo, Ricky",4.2,0.21824,4.582,-0.0834,RBC Canadian Open,2026-06-10 09:51:07.45615,4.2,0.21824,0,FALSE,-0.083392,FALSE
"3_balls fanduel 29197 11676,24342",3_balls,fanduel,29197,"Brennan, Michael","11676,24342","Finau, Tony / Higgo, Garrick",2.45,0.36314,2.754,-0.1103,RBC Canadian Open,2026-06-10 09:51:07.45615,2.45,0.36314,0,FALSE,-0.110307,FALSE
"3_balls fanduel 29279 29827,32055",3_balls,fanduel,29279,"Suber, Jackson","29827,32055","James, Ben / Shipley, Neal",2.7,0.33527,2.983,-0.0948,RBC Canadian Open,2026-06-10 09:51:07.45615,2.7,0.33527,0,FALSE,-0.0947709999999999,FALSE
"3_balls fanduel 29433 16394,17780",3_balls,fanduel,29433,"Bridgeman, Jacob","16394,17780","Jaeger, Stephan / Pendrith, Taylor",2.55,0.39871,2.508,0.0167,RBC Canadian Open,2026-06-10 09:51:07.45615,2.55,0.39871,0,FALSE,0.0167104999999999,FALSE
"3_balls fanduel 29770 24304,5768",3_balls,fanduel,29770,"Mouw, William","24304,5768","Hoffman, Charley / Vilips, Karl",2.35,0.42306,2.364,-0.0058,RBC Canadian Open,2026-06-10 09:51:07.45615,2.35,0.42306,0,FALSE,-0.00580899999999995,FALSE
"3_balls fanduel 29827 29279,32055",3_balls,fanduel,29827,"James, Ben","29279,32055","Suber, Jackson / Shipley, Neal",2.65,0.37534,2.664,-0.0054,RBC Canadian Open,2026-06-10 09:51:07.45615,2.65,0.37534,0,FALSE,-0.00534900000000005,FALSE
"3_balls fanduel 29925 17646,18841",3_balls,fanduel,29925,"Yellamaraju, Sudarshan","17646,18841","Fitzpatrick, Matt / Hovland, Viktor",3.5,0.24803,4.032,-0.1319,RBC Canadian Open,2026-06-10 09:51:07.45615,3.5,0.24803,0,FALSE,-0.131895,FALSE
"3_balls fanduel 32055 29279,29827",3_balls,fanduel,32055,"Shipley, Neal","29279,29827","Suber, Jackson / James, Ben",3.2,0.28939,3.456,-0.074,RBC Canadian Open,2026-06-10 09:51:07.45615,3.2,0.28939,0,FALSE,-0.073952,FALSE
"3_balls fanduel 32457 14509,16333",3_balls,fanduel,32457,"Keefer, Johnny","14509,16333","Dahmen, Joel / Hubbard, Mark",2.35,0.38691,2.585,-0.0908,RBC Canadian Open,2026-06-10 09:51:07.45615,2.35,0.38691,0,FALSE,-0.0907615000000001,FALSE
"3_balls fanduel 5716 12808,17550",3_balls,fanduel,5716,"Harrington, Padraig","12808,17550","Grillo, Emiliano / Van Rooyen, Erik",3.5,0.24536,4.076,-0.1412,RBC Canadian Open,2026-06-10 09:51:07.45615,3.5,0.24536,0,FALSE,-0.14124,FALSE
"3_balls fanduel 5768 24304,29770",3_balls,fanduel,5768,"Hoffman, Charley","24304,29770","Vilips, Karl / Mouw, William",3.5,0.24685,4.051,-0.136,RBC Canadian Open,2026-06-10 09:51:07.45615,3.5,0.24685,0,FALSE,-0.136025,FALSE
"3_balls fanduel 6093 18554,22085",3_balls,fanduel,6093,"Rose, Justin","18554,22085","Rai, Aaron / Morikawa, Collin",2.8,0.33072,3.024,-0.074,RBC Canadian Open,2026-06-10 09:51:07.45615,2.8,0.33072,0,FALSE,-0.0739840000000001,FALSE
"3_balls fanduel 7399 27819,28469",3_balls,fanduel,7399,"Glover, Lucas","27819,28469","Castillo, Ricky / Highsmith, Joe",2.8,0.34094,2.933,-0.0454,RBC Canadian Open,2026-06-10 09:51:07.45615,2.8,0.34094,0,FALSE,-0.045368,FALSE
"3_balls fanduel 9171 15330,21944",3_balls,fanduel,9171,"Villegas, Camilo","15330,21944","Griffin, Lanto / Moore, Taylor",3.5,0.22044,4.536,-0.2285,RBC Canadian Open,2026-06-10 09:51:07.45615,3.5,0.22044,0,FALSE,-0.22846,FALSE
"3_balls pointsbet 10104 19840,25908",3_balls,pointsbet,10104,"Power, Seamus","19840,25908","Ramey, Chad / Whaley, Vince",2.55,0.34859,2.869,-0.1111,RBC Canadian Open,2026-06-10 09:51:07.45615,2.55,0.34859,0,FALSE,-0.1110955,FALSE
"3_balls pointsbet 10419 17786,18628",3_balls,pointsbet,10419,"Noren, Alex","17786,18628","Davis, Cam / Campbell, Brian",1.714,0.56186,1.78,-0.0368,RBC Canadian Open,2026-06-10 09:51:07.45615,1.714,0.56186,0,FALSE,-0.03697196,FALSE
"3_balls pointsbet 11276 12423,27364",3_balls,pointsbet,11276,"Horschel, Billy","12423,27364","Kirk, Chris / Thompson, Davis",2.85,0.27127,3.686,-0.2269,RBC Canadian Open,2026-06-10 09:51:07.45615,2.85,0.27127,0,FALSE,-0.2268805,FALSE
"3_balls pointsbet 11451 15470,25157",3_balls,pointsbet,11451,"Garnett, Brice","15470,25157","Hossler, Beau / Hodges, Lee",3.25,0.25062,3.99,-0.1855,RBC Canadian Open,2026-06-10 09:51:07.45615,3.25,0.25062,0,FALSE,-0.185485,FALSE
"3_balls pointsbet 11676 24342,29197",3_balls,pointsbet,11676,"Finau, Tony","24342,29197","Higgo, Garrick / Brennan, Michael",2.5,0.37013,2.702,-0.0747,RBC Canadian Open,2026-06-10 09:51:07.45615,2.5,0.37013,0,FALSE,-0.0746749999999999,FALSE
"3_balls pointsbet 11889 13126,16243",3_balls,pointsbet,11889,"Fox, Ryan","13126,16243","Taylor, Nick / Koepka, Brooks",2.85,0.32072,3.118,-0.0859,RBC Canadian Open,2026-06-10 09:51:07.45615,2.85,0.32072,0,FALSE,-0.0859479999999999,FALSE
"3_balls pointsbet 12423 11276,27364",3_balls,pointsbet,12423,"Kirk, Chris","11276,27364","Horschel, Billy / Thompson, Davis",2.85,0.31569,3.168,-0.1003,RBC Canadian Open,2026-06-10 09:51:07.45615,2.85,0.31569,0,FALSE,-0.1002835,FALSE
"3_balls pointsbet 12808 17550,5716",3_balls,pointsbet,12808,"Grillo, Emiliano","17550,5716","Harrington, Padraig / Van Rooyen, Erik",2.25,0.42119,2.374,-0.0523,RBC Canadian Open,2026-06-10 09:51:07.45615,2.25,0.42119,0,FALSE,-0.0523224999999999,FALSE
"3_balls pointsbet 12920 17723,21943",3_balls,pointsbet,12920,"Willett, Danny","17723,21943","Lower, Justin / Lebioda, Hank",2.55,0.33356,2.998,-0.1494,RBC Canadian Open,2026-06-10 09:51:07.45615,2.55,0.33356,0,FALSE,-0.149422,FALSE
"3_balls pointsbet 13126 11889,16243",3_balls,pointsbet,13126,"Taylor, Nick","11889,16243","Fox, Ryan / Koepka, Brooks",2.55,0.34166,2.927,-0.1288,RBC Canadian Open,2026-06-10 09:51:07.45615,2.55,0.34166,0,FALSE,-0.128767,FALSE
"3_balls pointsbet 13412 13997,19960",3_balls,pointsbet,13412,"Olesen, Thorbjorn","13997,19960","Svensson, Adam / Pavon, Matthieu",2.25,0.3956,2.528,-0.1099,RBC Canadian Open,2026-06-10 09:51:07.45615,2.25,0.3956,0,FALSE,-0.1099,FALSE
"3_balls pointsbet 13470 15980,24550",3_balls,pointsbet,13470,"Kizzire, Patton","15980,24550","Lipsky, David / Ghim, Doug",3.6,0.19436,5.145,-0.3003,RBC Canadian Open,2026-06-10 09:51:07.45615,3.6,0.19436,0,FALSE,-0.300304,FALSE
"3_balls pointsbet 13508 17538,26657",3_balls,pointsbet,13508,"Vegas, Jhonattan","17538,26657","Homa, Max / Fisk, Steven",3.1,0.27616,3.621,-0.1439,RBC Canadian Open,2026-06-10 09:51:07.45615,3.1,0.27616,0,FALSE,-0.143904,FALSE
"3_balls pointsbet 13900 23323,25362",3_balls,pointsbet,13900,"Lowry, Shane","23323,25362","MacIntyre, Robert / Fitzpatrick, Alex",2.75,0.32639,3.064,-0.1024,RBC Canadian Open,2026-06-10 09:51:07.45615,2.75,0.32639,0,FALSE,-0.1024275,FALSE
"3_balls pointsbet 13997 13412,19960",3_balls,pointsbet,13997,"Svensson, Adam","13412,19960","Olesen, Thorbjorn / Pavon, Matthieu",2.75,0.30875,3.239,-0.1509,RBC Canadian Open,2026-06-10 09:51:07.45615,2.75,0.30875,0,FALSE,-0.1509375,FALSE
"3_balls pointsbet 14050 22985,25003",3_balls,pointsbet,14050,"Sloan, Roger","22985,25003","Smotherman, Austin / Walker, Danny",3,0.29301,3.413,-0.121,RBC Canadian Open,2026-06-10 09:51:07.45615,3,0.29301,0,FALSE,-0.12097,FALSE
"3_balls pointsbet 14502 19870,23465",3_balls,pointsbet,14502,"Cauley, Bud","19870,23465","McCarthy, Denny / Greyserman, Max",2.35,0.41018,2.438,-0.0361,RBC Canadian Open,2026-06-10 09:51:07.45615,2.35,0.41018,0,FALSE,-0.036077,FALSE
"3_balls pointsbet 14509 16333,32457",3_balls,pointsbet,14509,"Dahmen, Joel","16333,32457","Hubbard, Mark / Keefer, Johnny",2.9,0.2919,3.426,-0.1535,RBC Canadian Open,2026-06-10 09:51:07.45615,2.9,0.2919,0,FALSE,-0.15349,FALSE
"3_balls pointsbet 14926 19729,20706",3_balls,pointsbet,14926,"Malnati, Peter","19729,20706","Kanaya, Takumi / Wallace, Matt",3.6,0.2407,4.155,-0.1335,RBC Canadian Open,2026-06-10 09:51:07.45615,3.6,0.2407,0,FALSE,-0.13348,FALSE
"3_balls pointsbet 15330 21944,9171",3_balls,pointsbet,15330,"Griffin, Lanto","21944,9171","Villegas, Camilo / Moore, Taylor",2.6,0.33533,2.982,-0.1282,RBC Canadian Open,2026-06-10 09:51:07.45615,2.6,0.33533,0,FALSE,-0.128142,FALSE
"3_balls pointsbet 15470 11451,25157",3_balls,pointsbet,15470,"Hossler, Beau","11451,25157","Garnett, Brice / Hodges, Lee",2.4,0.37481,2.668,-0.1005,RBC Canadian Open,2026-06-10 09:51:07.45615,2.4,0.37481,0,FALSE,-0.100456,FALSE
"3_balls pointsbet 15575 23504,28270",3_balls,pointsbet,15575,"Hoge, Tom","23504,28270","Hoey, Rico / Dunlap, Nick",2.85,0.30103,3.322,-0.1421,RBC Canadian Open,2026-06-10 09:51:07.45615,2.85,0.30103,0,FALSE,-0.1420645,FALSE
"3_balls pointsbet 15980 13470,24550",3_balls,pointsbet,15980,"Lipsky, David","13470,24550","Kizzire, Patton / Ghim, Doug",2.9,0.31291,3.196,-0.0926,RBC Canadian Open,2026-06-10 09:51:07.45615,2.9,0.31291,0,FALSE,-0.092561,FALSE
"3_balls pointsbet 16243 11889,13126",3_balls,pointsbet,16243,"Koepka, Brooks","11889,13126","Fox, Ryan / Taylor, Nick",2.5,0.33761,2.962,-0.156,RBC Canadian Open,2026-06-10 09:51:07.45615,2.5,0.33761,0,FALSE,-0.155975,FALSE
"3_balls pointsbet 16333 14509,32457",3_balls,pointsbet,16333,"Hubbard, Mark","14509,32457","Dahmen, Joel / Keefer, Johnny",2.9,0.32119,3.113,-0.0686,RBC Canadian Open,2026-06-10 09:51:07.45615,2.9,0.32119,0,FALSE,-0.0685490000000001,FALSE
"3_balls pointsbet 16394 17780,29433",3_balls,pointsbet,16394,"Jaeger, Stephan","17780,29433","Pendrith, Taylor / Bridgeman, Jacob",2.9,0.27327,3.659,-0.2075,RBC Canadian Open,2026-06-10 09:51:07.45615,2.9,0.27327,0,FALSE,-0.207517,FALSE
"3_balls pointsbet 17365 18424,25002",3_balls,pointsbet,17365,"Mitchell, Keith","18424,25002","Roy, Kevin / Wu, Dylan",2.05,0.45624,2.192,-0.0647,RBC Canadian Open,2026-06-10 09:51:07.45615,2.05,0.45624,0,FALSE,-0.0647080000000001,FALSE
"3_balls pointsbet 17381 20722,28159",3_balls,pointsbet,17381,"Silverman, Ben","20722,28159","Schmid, Matti / Meissner, Mac",3.7,0.21924,4.561,-0.1888,RBC Canadian Open,2026-06-10 09:51:07.45615,3.7,0.21924,0,FALSE,-0.188812,FALSE
"3_balls pointsbet 17538 13508,26657",3_balls,pointsbet,17538,"Homa, Max","13508,26657","Vegas, Jhonattan / Fisk, Steven",2.55,0.34956,2.861,-0.1086,RBC Canadian Open,2026-06-10 09:51:07.45615,2.55,0.34956,0,FALSE,-0.108622,FALSE
"3_balls pointsbet 17550 12808,5716",3_balls,pointsbet,17550,"Van Rooyen, Erik","12808,5716","Harrington, Padraig / Grillo, Emiliano",2.6,0.33345,2.999,-0.133,RBC Canadian Open,2026-06-10 09:51:07.45615,2.6,0.33345,0,FALSE,-0.13303,FALSE
"3_balls pointsbet 17646 18841,29925",3_balls,pointsbet,17646,"Fitzpatrick, Matt","18841,29925","Hovland, Viktor / Yellamaraju, Sudarshan",2.2,0.44437,2.25,-0.0224,RBC Canadian Open,2026-06-10 09:51:07.45615,2.2,0.44437,0,FALSE,-0.0223859999999999,FALSE
"3_balls pointsbet 17723 12920,21943",3_balls,pointsbet,17723,"Lower, Justin","12920,21943","Willett, Danny / Lebioda, Hank",2.85,0.30971,3.229,-0.1173,RBC Canadian Open,2026-06-10 09:51:07.45615,2.85,0.30971,0,FALSE,-0.1173265,FALSE
"3_balls pointsbet 17780 16394,29433",3_balls,pointsbet,17780,"Pendrith, Taylor","16394,29433","Jaeger, Stephan / Bridgeman, Jacob",2.6,0.32802,3.049,-0.1471,RBC Canadian Open,2026-06-10 09:51:07.45615,2.6,0.32802,0,FALSE,-0.147148,FALSE
"3_balls pointsbet 17786 10419,18628",3_balls,pointsbet,17786,"Davis, Cam","10419,18628","Noren, Alex / Campbell, Brian",3.7,0.2137,4.68,-0.2093,RBC Canadian Open,2026-06-10 09:51:07.45615,3.7,0.2137,0,FALSE,-0.20931,FALSE
"3_balls pointsbet 17881 19872,23602",3_balls,pointsbet,17881,"Yu, Kevin","19872,23602","Riley, Davis / Hojgaard, Nicolai",2.6,0.31693,3.155,-0.176,RBC Canadian Open,2026-06-10 09:51:07.45615,2.6,0.31693,0,FALSE,-0.175982,FALSE
"3_balls pointsbet 18424 17365,25002",3_balls,pointsbet,18424,"Roy, Kevin","17365,25002","Mitchell, Keith / Wu, Dylan",2.85,0.30626,3.265,-0.1272,RBC Canadian Open,2026-06-10 09:51:07.45615,2.85,0.30626,0,FALSE,-0.127159,FALSE
"3_balls pointsbet 18554 22085,6093",3_balls,pointsbet,18554,"Rai, Aaron","22085,6093","Rose, Justin / Morikawa, Collin",2.7,0.32839,3.045,-0.1133,RBC Canadian Open,2026-06-10 09:51:07.45615,2.7,0.32839,0,FALSE,-0.113347,FALSE
"3_balls pointsbet 18628 10419,17786",3_balls,pointsbet,18628,"Campbell, Brian","10419,17786","Noren, Alex / Davis, Cam",3.7,0.22445,4.455,-0.1695,RBC Canadian Open,2026-06-10 09:51:07.45615,3.7,0.22445,0,FALSE,-0.169535,FALSE
"3_balls pointsbet 18841 17646,29925",3_balls,pointsbet,18841,"Hovland, Viktor","17646,29925","Fitzpatrick, Matt / Yellamaraju, Sudarshan",2.75,0.3076,3.251,-0.1541,RBC Canadian Open,2026-06-10 09:51:07.45615,2.75,0.3076,0,FALSE,-0.1541,FALSE
"3_balls pointsbet 19477 27194,27900",3_balls,pointsbet,19477,"Schenk, Adam","27194,27900","Hall, Harry / Potgieter, Aldrich",4.2,0.20516,4.874,-0.1383,RBC Canadian Open,2026-06-10 09:51:07.45615,4.2,0.20516,0,FALSE,-0.138328,FALSE
"3_balls pointsbet 19483 21407,23604",3_balls,pointsbet,19483,"Burns, Sam","21407,23604","Reitan, Kristoffer / Clark, Wyndham",2.5,0.36548,2.736,-0.0863,RBC Canadian Open,2026-06-10 09:51:07.45615,2.5,0.36548,0,FALSE,-0.0862999999999999,FALSE
"3_balls pointsbet 19729 14926,20706",3_balls,pointsbet,19729,"Kanaya, Takumi","14926,20706","Malnati, Peter / Wallace, Matt",2.75,0.32869,3.042,-0.0961,RBC Canadian Open,2026-06-10 09:51:07.45615,2.75,0.32869,0,FALSE,-0.0961025000000001,FALSE
"3_balls pointsbet 19840 10104,25908",3_balls,pointsbet,19840,"Ramey, Chad","10104,25908","Power, Seamus / Whaley, Vince",2.5,0.33544,2.981,-0.1614,RBC Canadian Open,2026-06-10 09:51:07.45615,2.5,0.33544,0,FALSE,-0.1614,FALSE
"3_balls pointsbet 19870 14502,23465",3_balls,pointsbet,19870,"McCarthy, Denny","14502,23465","Cauley, Bud / Greyserman, Max",3.1,0.28464,3.513,-0.1176,RBC Canadian Open,2026-06-10 09:51:07.45615,3.1,0.28464,0,FALSE,-0.117616,FALSE
"3_balls pointsbet 19872 17881,23602",3_balls,pointsbet,19872,"Riley, Davis","17881,23602","Yu, Kevin / Hojgaard, Nicolai",4.2,0.17916,5.582,-0.2475,RBC Canadian Open,2026-06-10 09:51:07.45615,4.2,0.17916,0,FALSE,-0.247528,FALSE
"3_balls pointsbet 19960 13412,13997",3_balls,pointsbet,19960,"Pavon, Matthieu","13412,13997","Olesen, Thorbjorn / Svensson, Adam",2.9,0.29565,3.382,-0.1426,RBC Canadian Open,2026-06-10 09:51:07.45615,2.9,0.29565,0,FALSE,-0.142615,FALSE
"3_balls pointsbet 20706 14926,19729",3_balls,pointsbet,20706,"Wallace, Matt","14926,19729","Malnati, Peter / Kanaya, Takumi",2.05,0.43061,2.322,-0.1173,RBC Canadian Open,2026-06-10 09:51:07.45615,2.05,0.43061,0,FALSE,-0.1172495,FALSE
"3_balls pointsbet 20722 17381,28159",3_balls,pointsbet,20722,"Schmid, Matti","17381,28159","Silverman, Ben / Meissner, Mac",2.6,0.32924,3.037,-0.144,RBC Canadian Open,2026-06-10 09:51:07.45615,2.6,0.32924,0,FALSE,-0.143976,FALSE
"3_balls pointsbet 21407 19483,23604",3_balls,pointsbet,21407,"Reitan, Kristoffer","19483,23604","Burns, Sam / Clark, Wyndham",2.75,0.31582,3.166,-0.1315,RBC Canadian Open,2026-06-10 09:51:07.45615,2.75,0.31582,0,FALSE,-0.131495,FALSE
"3_balls pointsbet 21756 26649,27164",3_balls,pointsbet,21756,"Cole, Eric","26649,27164","Thorbjornsen, Michael / Phillips, Chandler",2.35,0.41863,2.389,-0.0162,RBC Canadian Open,2026-06-10 09:51:07.45615,2.35,0.41863,0,FALSE,-0.0162194999999999,FALSE
"3_balls pointsbet 21943 12920,17723",3_balls,pointsbet,21943,"Lebioda, Hank","12920,17723","Willett, Danny / Lower, Justin",2.55,0.35673,2.803,-0.0903,RBC Canadian Open,2026-06-10 09:51:07.45615,2.55,0.35673,0,FALSE,-0.0903385000000001,FALSE
"3_balls pointsbet 21944 15330,9171",3_balls,pointsbet,21944,"Moore, Taylor","15330,9171","Villegas, Camilo / Griffin, Lanto",2.2,0.44423,2.251,-0.0227,RBC Canadian Open,2026-06-10 09:51:07.45615,2.2,0.44423,0,FALSE,-0.0226939999999999,FALSE
"3_balls pointsbet 22085 18554,6093",3_balls,pointsbet,22085,"Morikawa, Collin","18554,6093","Rose, Justin / Rai, Aaron",2.55,0.34089,2.934,-0.1307,RBC Canadian Open,2026-06-10 09:51:07.45615,2.55,0.34089,0,FALSE,-0.1307305,FALSE
"3_balls pointsbet 22985 14050,25003",3_balls,pointsbet,22985,"Smotherman, Austin","14050,25003","Sloan, Roger / Walker, Danny",2.05,0.43701,2.288,-0.1041,RBC Canadian Open,2026-06-10 09:51:07.45615,2.05,0.43701,0,FALSE,-0.1041295,FALSE
"3_balls pointsbet 23323 13900,25362",3_balls,pointsbet,23323,"MacIntyre, Robert","13900,25362","Lowry, Shane / Fitzpatrick, Alex",2.5,0.34559,2.894,-0.136,RBC Canadian Open,2026-06-10 09:51:07.45615,2.5,0.34559,0,FALSE,-0.136025,FALSE
"3_balls pointsbet 23465 14502,19870",3_balls,pointsbet,23465,"Greyserman, Max","14502,19870","Cauley, Bud / McCarthy, Denny",2.6,0.30518,3.277,-0.2065,RBC Canadian Open,2026-06-10 09:51:07.45615,2.6,0.30518,0,FALSE,-0.206532,FALSE
"3_balls pointsbet 23504 15575,28270",3_balls,pointsbet,23504,"Hoey, Rico","15575,28270","Hoge, Tom / Dunlap, Nick",2.15,0.44095,2.268,-0.052,RBC Canadian Open,2026-06-10 09:51:07.45615,2.15,0.44095,0,FALSE,-0.0519575,FALSE
"3_balls pointsbet 23602 17881,19872",3_balls,pointsbet,23602,"Hojgaard, Nicolai","17881,19872","Yu, Kevin / Riley, Davis",1.952,0.50391,1.984,-0.0162,RBC Canadian Open,2026-06-10 09:51:07.45615,1.952,0.50391,0,FALSE,-0.0163676800000001,FALSE
"3_balls pointsbet 23604 19483,21407",3_balls,pointsbet,23604,"Clark, Wyndham","19483,21407","Burns, Sam / Reitan, Kristoffer",2.7,0.3187,3.138,-0.1395,RBC Canadian Open,2026-06-10 09:51:07.45615,2.7,0.3187,0,FALSE,-0.13951,FALSE
"3_balls pointsbet 24304 29770,5768",3_balls,pointsbet,24304,"Vilips, Karl","29770,5768","Hoffman, Charley / Mouw, William",2.55,0.33009,3.029,-0.1583,RBC Canadian Open,2026-06-10 09:51:07.45615,2.55,0.33009,0,FALSE,-0.1582705,FALSE
"3_balls pointsbet 24342 11676,29197",3_balls,pointsbet,24342,"Higgo, Garrick","11676,29197","Finau, Tony / Brennan, Michael",3.25,0.26673,3.749,-0.1331,RBC Canadian Open,2026-06-10 09:51:07.45615,3.25,0.26673,0,FALSE,-0.1331275,FALSE
"3_balls pointsbet 24550 13470,15980",3_balls,pointsbet,24550,"Ghim, Doug","13470,15980","Kizzire, Patton / Lipsky, David",1.952,0.49273,2.03,-0.038,RBC Canadian Open,2026-06-10 09:51:07.45615,1.952,0.49273,0,FALSE,-0.0381910400000001,FALSE
"3_balls pointsbet 25002 17365,18424",3_balls,pointsbet,25002,"Wu, Dylan","17365,18424","Mitchell, Keith / Roy, Kevin",3.4,0.23751,4.21,-0.1925,RBC Canadian Open,2026-06-10 09:51:07.45615,3.4,0.23751,0,FALSE,-0.192466,FALSE
"3_balls pointsbet 25003 14050,22985",3_balls,pointsbet,25003,"Walker, Danny","14050,22985","Sloan, Roger / Smotherman, Austin",3.1,0.26999,3.704,-0.163,RBC Canadian Open,2026-06-10 09:51:07.45615,3.1,0.26999,0,FALSE,-0.163031,FALSE
"3_balls pointsbet 25157 11451,15470",3_balls,pointsbet,25157,"Hodges, Lee","11451,15470","Garnett, Brice / Hossler, Beau",2.4,0.37457,2.67,-0.101,RBC Canadian Open,2026-06-10 09:51:07.45615,2.4,0.37457,0,FALSE,-0.101032,FALSE
"3_balls pointsbet 25362 13900,23323",3_balls,pointsbet,25362,"Fitzpatrick, Alex","13900,23323","Lowry, Shane / MacIntyre, Robert",2.7,0.32802,3.049,-0.1144,RBC Canadian Open,2026-06-10 09:51:07.45615,2.7,0.32802,0,FALSE,-0.114346,FALSE
"3_balls pointsbet 25908 10104,19840",3_balls,pointsbet,25908,"Whaley, Vince","10104,19840","Power, Seamus / Ramey, Chad",2.9,0.31597,3.165,-0.0837,RBC Canadian Open,2026-06-10 09:51:07.45615,2.9,0.31597,0,FALSE,-0.0836870000000001,FALSE
"3_balls pointsbet 26649 21756,27164",3_balls,pointsbet,26649,"Thorbjornsen, Michael","21756,27164","Cole, Eric / Phillips, Chandler",2.25,0.3921,2.55,-0.1178,RBC Canadian Open,2026-06-10 09:51:07.45615,2.25,0.3921,0,FALSE,-0.117775,FALSE
"3_balls pointsbet 26657 13508,17538",3_balls,pointsbet,26657,"Fisk, Steven","13508,17538","Vegas, Jhonattan / Homa, Max",2.4,0.37428,2.672,-0.1017,RBC Canadian Open,2026-06-10 09:51:07.45615,2.4,0.37428,0,FALSE,-0.101728,FALSE
"3_balls pointsbet 27164 21756,26649",3_balls,pointsbet,27164,"Phillips, Chandler","21756,26649","Cole, Eric / Thorbjornsen, Michael",3.9,0.18927,5.283,-0.2618,RBC Canadian Open,2026-06-10 09:51:07.45615,3.9,0.18927,0,FALSE,-0.261847,FALSE
"3_balls pointsbet 27194 19477,27900",3_balls,pointsbet,27194,"Hall, Harry","19477,27900","Schenk, Adam / Potgieter, Aldrich",2.05,0.45229,2.211,-0.0728,RBC Canadian Open,2026-06-10 09:51:07.45615,2.05,0.45229,0,FALSE,-0.0728055000000001,FALSE
"3_balls pointsbet 27364 11276,12423",3_balls,pointsbet,27364,"Thompson, Davis","11276,12423","Horschel, Billy / Kirk, Chris",2.35,0.41304,2.421,-0.0294,RBC Canadian Open,2026-06-10 09:51:07.45615,2.35,0.41304,0,FALSE,-0.0293559999999999,FALSE
"3_balls pointsbet 27819 28469,7399",3_balls,pointsbet,27819,"Castillo, Ricky","28469,7399","Glover, Lucas / Highsmith, Joe",2.1,0.44082,2.269,-0.0743,RBC Canadian Open,2026-06-10 09:51:07.45615,2.1,0.44082,0,FALSE,-0.074278,FALSE
"3_balls pointsbet 27900 19477,27194",3_balls,pointsbet,27900,"Potgieter, Aldrich","19477,27194","Schenk, Adam / Hall, Harry",2.5,0.34256,2.919,-0.1436,RBC Canadian Open,2026-06-10 09:51:07.45615,2.5,0.34256,0,FALSE,-0.1436,FALSE
"3_balls pointsbet 28159 17381,20722",3_balls,pointsbet,28159,"Meissner, Mac","17381,20722","Silverman, Ben / Schmid, Matti",2.1,0.45152,2.215,-0.0518,RBC Canadian Open,2026-06-10 09:51:07.45615,2.1,0.45152,0,FALSE,-0.051808,FALSE
"3_balls pointsbet 28270 15575,23504",3_balls,pointsbet,28270,"Dunlap, Nick","15575,23504","Hoge, Tom / Hoey, Rico",3.1,0.25802,3.876,-0.2001,RBC Canadian Open,2026-06-10 09:51:07.45615,3.1,0.25802,0,FALSE,-0.200138,FALSE
"3_balls pointsbet 28469 27819,7399",3_balls,pointsbet,28469,"Highsmith, Joe","27819,7399","Glover, Lucas / Castillo, Ricky",3.7,0.21824,4.582,-0.1925,RBC Canadian Open,2026-06-10 09:51:07.45615,3.7,0.21824,0,FALSE,-0.192512,FALSE
"3_balls pointsbet 29197 11676,24342",3_balls,pointsbet,29197,"Brennan, Michael","11676,24342","Finau, Tony / Higgo, Garrick",2.35,0.36314,2.754,-0.1466,RBC Canadian Open,2026-06-10 09:51:07.45615,2.35,0.36314,0,FALSE,-0.146621,FALSE
"3_balls pointsbet 29433 16394,17780",3_balls,pointsbet,29433,"Bridgeman, Jacob","16394,17780","Jaeger, Stephan / Pendrith, Taylor",2.4,0.39871,2.508,-0.0431,RBC Canadian Open,2026-06-10 09:51:07.45615,2.4,0.39871,0,FALSE,-0.043096,FALSE
"3_balls pointsbet 29770 24304,5768",3_balls,pointsbet,29770,"Mouw, William","24304,5768","Hoffman, Charley / Vilips, Karl",2.25,0.42306,2.364,-0.0481,RBC Canadian Open,2026-06-10 09:51:07.45615,2.25,0.42306,0,FALSE,-0.048115,FALSE
"3_balls pointsbet 29925 17646,18841",3_balls,pointsbet,29925,"Yellamaraju, Sudarshan","17646,18841","Fitzpatrick, Matt / Hovland, Viktor",3.25,0.24803,4.032,-0.1939,RBC Canadian Open,2026-06-10 09:51:07.45615,3.25,0.24803,0,FALSE,-0.1939025,FALSE
"3_balls pointsbet 32457 14509,16333",3_balls,pointsbet,32457,"Keefer, Johnny","14509,16333","Dahmen, Joel / Hubbard, Mark",2.25,0.38691,2.585,-0.1295,RBC Canadian Open,2026-06-10 09:51:07.45615,2.25,0.38691,0,FALSE,-0.1294525,FALSE
"3_balls pointsbet 5716 12808,17550",3_balls,pointsbet,5716,"Harrington, Padraig","12808,17550","Grillo, Emiliano / Van Rooyen, Erik",3.25,0.24536,4.076,-0.2026,RBC Canadian Open,2026-06-10 09:51:07.45615,3.25,0.24536,0,FALSE,-0.20258,FALSE
"3_balls pointsbet 5768 24304,29770",3_balls,pointsbet,5768,"Hoffman, Charley","24304,29770","Vilips, Karl / Mouw, William",3.25,0.24685,4.051,-0.1977,RBC Canadian Open,2026-06-10 09:51:07.45615,3.25,0.24685,0,FALSE,-0.1977375,FALSE
"3_balls pointsbet 6093 18554,22085",3_balls,pointsbet,6093,"Rose, Justin","18554,22085","Rai, Aaron / Morikawa, Collin",2.6,0.33072,3.024,-0.1401,RBC Canadian Open,2026-06-10 09:51:07.45615,2.6,0.33072,0,FALSE,-0.140128,FALSE
"3_balls pointsbet 7399 27819,28469",3_balls,pointsbet,7399,"Glover, Lucas","27819,28469","Castillo, Ricky / Highsmith, Joe",2.6,0.34094,2.933,-0.1136,RBC Canadian Open,2026-06-10 09:51:07.45615,2.6,0.34094,0,FALSE,-0.113556,FALSE
"3_balls pointsbet 9171 15330,21944",3_balls,pointsbet,9171,"Villegas, Camilo","15330,21944","Griffin, Lanto / Moore, Taylor",3.25,0.22044,4.536,-0.2836,RBC Canadian Open,2026-06-10 09:51:07.45615,3.25,0.22044,0,FALSE,-0.28357,FALSE
"3_balls unibet 10104 19840,25908",3_balls,unibet,10104,"Power, Seamus","19840,25908","Ramey, Chad / Whaley, Vince",2.6,0.34859,2.869,-0.0937,RBC Canadian Open,2026-06-10 09:51:07.45615,2.6,0.34859,0,FALSE,-0.0936659999999999,FALSE
"3_balls unibet 10419 17786,18628",3_balls,unibet,10419,"Noren, Alex","17786,18628","Davis, Cam / Campbell, Brian",1.599,0.56186,1.78,-0.1017,RBC Canadian Open,2026-06-10 09:51:07.45615,1.599,0.56186,0,FALSE,-0.10158586,FALSE
"3_balls unibet 10873 20766,30036882",3_balls,unibet,10873,"Skinns, David","20766,30036882","Brown, Dan / Zhao, Eric",2.15,0.43386,2.305,-0.0672,RBC Canadian Open,2026-06-10 09:51:07.45615,2.15,0.43386,0,FALSE,-0.067201,FALSE
"3_balls unibet 11276 12423,27364",3_balls,unibet,11276,"Horschel, Billy","12423,27364","Kirk, Chris / Thompson, Davis",3.4,0.27127,3.686,-0.0777,RBC Canadian Open,2026-06-10 09:51:07.45615,3.4,0.27127,0,FALSE,-0.077682,FALSE
"3_balls unibet 11441 17032,22002",3_balls,unibet,11441,"Covello, Vince","17032,22002","Tosti, Alejandro / Dumont De Chassart, Adrien",5.5,0.16239,6.158,-0.1069,RBC Canadian Open,2026-06-10 09:51:07.45615,5.5,0.16239,0,FALSE,-0.106855,FALSE
"3_balls unibet 11451 15470,25157",3_balls,unibet,11451,"Garnett, Brice","15470,25157","Hossler, Beau / Hodges, Lee",3.6,0.25062,3.99,-0.0978,RBC Canadian Open,2026-06-10 09:51:07.45615,3.6,0.25062,0,FALSE,-0.097768,FALSE
"3_balls unibet 11676 24342,29197",3_balls,unibet,11676,"Finau, Tony","24342,29197","Higgo, Garrick / Brennan, Michael",2.45,0.37013,2.702,-0.0932,RBC Canadian Open,2026-06-10 09:51:07.45615,2.45,0.37013,0,FALSE,-0.0931814999999999,FALSE
"3_balls unibet 11889 13126,16243",3_balls,unibet,11889,"Fox, Ryan","13126,16243","Taylor, Nick / Koepka, Brooks",2.85,0.32072,3.118,-0.0859,RBC Canadian Open,2026-06-10 09:51:07.45615,2.85,0.32072,0,FALSE,-0.0859479999999999,FALSE
"3_balls unibet 12294 17576,23014",3_balls,unibet,12294,"Fleetwood, Tommy","17576,23014","Conners, Corey / Theegala, Sahith",1.909,0.47441,2.108,-0.0943,RBC Canadian Open,2026-06-10 09:51:07.45615,1.909,0.47441,0,FALSE,-0.09435131,FALSE
"3_balls unibet 12423 11276,27364",3_balls,unibet,12423,"Kirk, Chris","11276,27364","Horschel, Billy / Thompson, Davis",2.88,0.31569,3.168,-0.0908,RBC Canadian Open,2026-06-10 09:51:07.45615,2.88,0.31569,0,FALSE,-0.0908127999999999,FALSE
"3_balls unibet 12426 19846,31347",3_balls,unibet,12426,"Waring, Paul","19846,31347","Bauchou, Zach / Desmarchais, Laurent",2.4,0.3969,2.52,-0.0474,RBC Canadian Open,2026-06-10 09:51:07.45615,2.4,0.3969,0,FALSE,-0.0474400000000002,FALSE
"3_balls unibet 12808 17550,5716",3_balls,unibet,12808,"Grillo, Emiliano","17550,5716","Harrington, Padraig / Van Rooyen, Erik",2.15,0.42119,2.374,-0.0944,RBC Canadian Open,2026-06-10 09:51:07.45615,2.15,0.42119,0,FALSE,-0.0944415000000001,FALSE
"3_balls unibet 12909 16715,23505",3_balls,unibet,12909,"Campos, Rafael","16715,23505","Ryder, Sam / McGreevy, Max",4.75,0.19106,5.234,-0.0925,RBC Canadian Open,2026-06-10 09:51:07.45615,4.75,0.19106,0,FALSE,-0.092465,FALSE
"3_balls unibet 12920 17723,21943",3_balls,unibet,12920,"Willett, Danny","17723,21943","Lower, Justin / Lebioda, Hank",2.7,0.33356,2.998,-0.0994,RBC Canadian Open,2026-06-10 09:51:07.45615,2.7,0.33356,0,FALSE,-0.0993879999999999,FALSE
"3_balls unibet 13126 11889,16243",3_balls,unibet,13126,"Taylor, Nick","11889,16243","Fox, Ryan / Koepka, Brooks",2.65,0.34166,2.927,-0.0946,RBC Canadian Open,2026-06-10 09:51:07.45615,2.65,0.34166,0,FALSE,-0.0946009999999999,FALSE
"3_balls unibet 13412 13997,19960",3_balls,unibet,13412,"Olesen, Thorbjorn","13997,19960","Svensson, Adam / Pavon, Matthieu",2.3,0.3956,2.528,-0.0901,RBC Canadian Open,2026-06-10 09:51:07.45615,2.3,0.3956,0,FALSE,-0.0901200000000001,FALSE
"3_balls unibet 13470 15980,24550",3_balls,unibet,13470,"Kizzire, Patton","15980,24550","Lipsky, David / Ghim, Doug",4.75,0.19436,5.145,-0.0768,RBC Canadian Open,2026-06-10 09:51:07.45615,4.75,0.19436,0,FALSE,-0.07679,FALSE
"3_balls unibet 13508 17538,26657",3_balls,unibet,13508,"Vegas, Jhonattan","17538,26657","Homa, Max / Fisk, Steven",3.3,0.27616,3.621,-0.0887,RBC Canadian Open,2026-06-10 09:51:07.45615,3.3,0.27616,0,FALSE,-0.088672,FALSE
"3_balls unibet 13764 16591,30717",3_balls,unibet,13764,"Parry, John","16591,30717","Rozo, Marcelo / O'Donovan, Declan",1.943,0.46548,2.148,-0.0954,RBC Canadian Open,2026-06-10 09:51:07.45615,1.943,0.46548,0,FALSE,-0.0955723599999999,FALSE
"3_balls unibet 13900 23323,25362",3_balls,unibet,13900,"Lowry, Shane","23323,25362","MacIntyre, Robert / Fitzpatrick, Alex",2.8,0.32639,3.064,-0.0861,RBC Canadian Open,2026-06-10 09:51:07.45615,2.8,0.32639,0,FALSE,-0.0861080000000001,FALSE
"3_balls unibet 13965 15556,5513",3_balls,unibet,13965,"Hadwin, Adam","15556,5513","Weir, Mike / Hughes, Mackenzie",2.25,0.41786,2.393,-0.0598,RBC Canadian Open,2026-06-10 09:51:07.45615,2.25,0.41786,0,FALSE,-0.059815,FALSE
"3_balls unibet 13997 13412,19960",3_balls,unibet,13997,"Svensson, Adam","13412,19960","Olesen, Thorbjorn / Pavon, Matthieu",2.95,0.30875,3.239,-0.0892,RBC Canadian Open,2026-06-10 09:51:07.45615,2.95,0.30875,0,FALSE,-0.0891874999999999,FALSE
"3_balls unibet 14007 14704,18103",3_balls,unibet,14007,"Martin, Ben","14704,18103","Putnam, Andrew / Bezuidenhout, Christiaan",5.5,0.15969,6.262,-0.1217,RBC Canadian Open,2026-06-10 09:51:07.45615,5.5,0.15969,0,FALSE,-0.121705,FALSE
"3_balls unibet 14050 22985,25003",3_balls,unibet,14050,"Sloan, Roger","22985,25003","Smotherman, Austin / Walker, Danny",3.2,0.29301,3.413,-0.0624,RBC Canadian Open,2026-06-10 09:51:07.45615,3.2,0.29301,0,FALSE,-0.062368,FALSE
"3_balls unibet 14502 19870,23465",3_balls,unibet,14502,"Cauley, Bud","19870,23465","McCarthy, Denny / Greyserman, Max",2.25,0.41018,2.438,-0.0771,RBC Canadian Open,2026-06-10 09:51:07.45615,2.25,0.41018,0,FALSE,-0.077095,FALSE
"3_balls unibet 14509 16333,32457",3_balls,unibet,14509,"Dahmen, Joel","16333,32457","Hubbard, Mark / Keefer, Johnny",3.2,0.2919,3.426,-0.0659,RBC Canadian Open,2026-06-10 09:51:07.45615,3.2,0.2919,0,FALSE,-0.06592,FALSE
"3_balls unibet 14704 14007,18103",3_balls,unibet,14704,"Putnam, Andrew","14007,18103","Martin, Ben / Bezuidenhout, Christiaan",2.2,0.4237,2.36,-0.0679,RBC Canadian Open,2026-06-10 09:51:07.45615,2.2,0.4237,0,FALSE,-0.0678599999999999,FALSE
"3_balls unibet 14926 19729,20706",3_balls,unibet,14926,"Malnati, Peter","19729,20706","Kanaya, Takumi / Wallace, Matt",3.8,0.2407,4.155,-0.0853,RBC Canadian Open,2026-06-10 09:51:07.45615,3.8,0.2407,0,FALSE,-0.0853400000000001,FALSE
"3_balls unibet 15310 24956,32259",3_balls,unibet,15310,"Li, Haotong","24956,32259","Blanchet, Chandler / Matthews, Justin",2.05,0.44371,2.254,-0.0904,RBC Canadian Open,2026-06-10 09:51:07.45615,2.05,0.44371,0,FALSE,-0.0903945,FALSE
"3_balls unibet 15330 21944,9171",3_balls,unibet,15330,"Griffin, Lanto","21944,9171","Villegas, Camilo / Moore, Taylor",2.75,0.33533,2.982,-0.0779,RBC Canadian Open,2026-06-10 09:51:07.45615,2.75,0.33533,0,FALSE,-0.0778424999999999,FALSE
"3_balls unibet 15470 11451,25157",3_balls,unibet,15470,"Hossler, Beau","11451,25157","Garnett, Brice / Hodges, Lee",2.45,0.37481,2.668,-0.0817,RBC Canadian Open,2026-06-10 09:51:07.45615,2.45,0.37481,0,FALSE,-0.0817155,FALSE
"3_balls unibet 15556 13965,5513",3_balls,unibet,15556,"Hughes, Mackenzie","13965,5513","Weir, Mike / Hadwin, Adam",1.943,0.47595,2.101,-0.075,RBC Canadian Open,2026-06-10 09:51:07.45615,1.943,0.47595,0,FALSE,-0.07522915,FALSE
"3_balls unibet 15575 23504,28270",3_balls,unibet,15575,"Hoge, Tom","23504,28270","Hoey, Rico / Dunlap, Nick",3.05,0.30103,3.322,-0.0818,RBC Canadian Open,2026-06-10 09:51:07.45615,3.05,0.30103,0,FALSE,-0.0818585,FALSE
"3_balls unibet 15651 16757,32260",3_balls,unibet,15651,"Ventura, Kris","16757,32260","Dou, Zecheng / McCulloch, Ashton",2.2,0.41627,2.402,-0.0842,RBC Canadian Open,2026-06-10 09:51:07.45615,2.2,0.41627,0,FALSE,-0.084206,FALSE
"3_balls unibet 15980 13470,24550",3_balls,unibet,15980,"Lipsky, David","13470,24550","Kizzire, Patton / Ghim, Doug",2.95,0.31291,3.196,-0.0769,RBC Canadian Open,2026-06-10 09:51:07.45615,2.95,0.31291,0,FALSE,-0.0769154999999999,FALSE
"3_balls unibet 16243 11889,13126",3_balls,unibet,16243,"Koepka, Brooks","11889,13126","Fox, Ryan / Taylor, Nick",2.7,0.33761,2.962,-0.0884,RBC Canadian Open,2026-06-10 09:51:07.45615,2.7,0.33761,0,FALSE,-0.0884529999999999,FALSE
"3_balls unibet 16333 14509,32457",3_balls,unibet,16333,"Hubbard, Mark","14509,32457","Dahmen, Joel / Keefer, Johnny",2.85,0.32119,3.113,-0.0846,RBC Canadian Open,2026-06-10 09:51:07.45615,2.85,0.32119,0,FALSE,-0.0846085000000001,FALSE
"3_balls unibet 16341 16492,25094",3_balls,unibet,16341,"Peterson, Paul","16492,25094","Nesbitt, Drew / Fishburn, Patrick",2.63,0.35002,2.857,-0.0794,RBC Canadian Open,2026-06-10 09:51:07.45615,2.63,0.35002,0,FALSE,-0.0794474000000001,FALSE
"3_balls unibet 16394 17780,29433",3_balls,unibet,16394,"Jaeger, Stephan","17780,29433","Pendrith, Taylor / Bridgeman, Jacob",3.1,0.27327,3.659,-0.1529,RBC Canadian Open,2026-06-10 09:51:07.45615,3.1,0.27327,0,FALSE,-0.152863,FALSE
"3_balls unibet 16492 16341,25094",3_balls,unibet,16492,"Nesbitt, Drew","16341,25094","Peterson, Paul / Fishburn, Patrick",3.75,0.24127,4.145,-0.0952,RBC Canadian Open,2026-06-10 09:51:07.45615,3.75,0.24127,0,FALSE,-0.0952375,FALSE
"3_balls unibet 16591 13764,30717",3_balls,unibet,16591,"Rozo, Marcelo","13764,30717","Parry, John / O'Donovan, Declan",3.05,0.30012,3.332,-0.0846,RBC Canadian Open,2026-06-10 09:51:07.45615,3.05,0.30012,0,FALSE,-0.0846340000000001,FALSE
"3_balls unibet 16715 12909,23505",3_balls,unibet,16715,"Ryder, Sam","12909,23505","Campos, Rafael / McGreevy, Max",2.63,0.3509,2.85,-0.0771,RBC Canadian Open,2026-06-10 09:51:07.45615,2.63,0.3509,0,FALSE,-0.0771330000000001,FALSE
"3_balls unibet 16757 15651,32260",3_balls,unibet,16757,"Dou, Zecheng","15651,32260","Ventura, Kris / McCulloch, Ashton",2.1,0.43966,2.275,-0.0767,RBC Canadian Open,2026-06-10 09:51:07.45615,2.1,0.43966,0,FALSE,-0.076714,FALSE
"3_balls unibet 17032 11441,22002",3_balls,unibet,17032,"Tosti, Alejandro","11441,22002","Covello, Vince / Dumont De Chassart, Adrien",2.8,0.32672,3.061,-0.0852,RBC Canadian Open,2026-06-10 09:51:07.45615,2.8,0.32672,0,FALSE,-0.085184,FALSE
"3_balls unibet 17365 18424,25002",3_balls,unibet,17365,"Mitchell, Keith","18424,25002","Roy, Kevin / Wu, Dylan",2,0.45624,2.192,-0.0875,RBC Canadian Open,2026-06-10 09:51:07.45615,2,0.45624,0,FALSE,-0.08752,FALSE
"3_balls unibet 17381 20722,28159",3_balls,unibet,17381,"Silverman, Ben","20722,28159","Schmid, Matti / Meissner, Mac",4.35,0.21924,4.561,-0.0463,RBC Canadian Open,2026-06-10 09:51:07.45615,4.35,0.21924,0,FALSE,-0.0463060000000001,FALSE
"3_balls unibet 17538 13508,26657",3_balls,unibet,17538,"Homa, Max","13508,26657","Vegas, Jhonattan / Fisk, Steven",2.63,0.34956,2.861,-0.0807,RBC Canadian Open,2026-06-10 09:51:07.45615,2.63,0.34956,0,FALSE,-0.0806572000000001,FALSE
"3_balls unibet 17550 12808,5716",3_balls,unibet,17550,"Van Rooyen, Erik","12808,5716","Harrington, Padraig / Grillo, Emiliano",2.75,0.33345,2.999,-0.083,RBC Canadian Open,2026-06-10 09:51:07.45615,2.75,0.33345,0,FALSE,-0.0830124999999999,FALSE
"3_balls unibet 17576 12294,23014",3_balls,unibet,17576,"Conners, Corey","12294,23014","Fleetwood, Tommy / Theegala, Sahith",3.6,0.25513,3.92,-0.0815,RBC Canadian Open,2026-06-10 09:51:07.45615,3.6,0.25513,0,FALSE,-0.081532,FALSE
"3_balls unibet 17646 18841,29925",3_balls,unibet,17646,"Fitzpatrick, Matt","18841,29925","Hovland, Viktor / Yellamaraju, Sudarshan",2.05,0.44437,2.25,-0.089,RBC Canadian Open,2026-06-10 09:51:07.45615,2.05,0.44437,0,FALSE,-0.0890415000000001,FALSE
"3_balls unibet 17723 12920,21943",3_balls,unibet,17723,"Lower, Justin","12920,21943","Willett, Danny / Lebioda, Hank",3,0.30971,3.229,-0.0709,RBC Canadian Open,2026-06-10 09:51:07.45615,3,0.30971,0,FALSE,-0.07087,FALSE
"3_balls unibet 17780 16394,29433",3_balls,unibet,17780,"Pendrith, Taylor","16394,29433","Jaeger, Stephan / Bridgeman, Jacob",2.63,0.32802,3.049,-0.1373,RBC Canadian Open,2026-06-10 09:51:07.45615,2.63,0.32802,0,FALSE,-0.1373074,FALSE
"3_balls unibet 17786 10419,18628",3_balls,unibet,17786,"Davis, Cam","10419,18628","Noren, Alex / Campbell, Brian",4.35,0.2137,4.68,-0.0704,RBC Canadian Open,2026-06-10 09:51:07.45615,4.35,0.2137,0,FALSE,-0.0704050000000001,FALSE
"3_balls unibet 17881 19872,23602",3_balls,unibet,17881,"Yu, Kevin","19872,23602","Riley, Davis / Hojgaard, Nicolai",2.88,0.31693,3.155,-0.0872,RBC Canadian Open,2026-06-10 09:51:07.45615,2.88,0.31693,0,FALSE,-0.0872416,FALSE
"3_balls unibet 18103 14007,14704",3_balls,unibet,18103,"Bezuidenhout, Christiaan","14007,14704","Martin, Ben / Putnam, Andrew",2.2,0.41661,2.4,-0.0835,RBC Canadian Open,2026-06-10 09:51:07.45615,2.2,0.41661,0,FALSE,-0.0834579999999999,FALSE
"3_balls unibet 18424 17365,25002",3_balls,unibet,18424,"Roy, Kevin","17365,25002","Mitchell, Keith / Wu, Dylan",3,0.30626,3.265,-0.0812,RBC Canadian Open,2026-06-10 09:51:07.45615,3,0.30626,0,FALSE,-0.0812200000000001,FALSE
"3_balls unibet 18554 22085,6093",3_balls,unibet,18554,"Rai, Aaron","22085,6093","Rose, Justin / Morikawa, Collin",2.75,0.32839,3.045,-0.0969,RBC Canadian Open,2026-06-10 09:51:07.45615,2.75,0.32839,0,FALSE,-0.0969274999999999,FALSE
"3_balls unibet 18586 24766,26653",3_balls,unibet,18586,"Smith, Jordan","24766,26653","Kim, Tom / Eckroat, Austin",2.4,0.38087,2.626,-0.0859,RBC Canadian Open,2026-06-10 09:51:07.45615,2.4,0.38087,0,FALSE,-0.0859120000000001,FALSE
"3_balls unibet 18628 10419,17786",3_balls,unibet,18628,"Campbell, Brian","10419,17786","Noren, Alex / Davis, Cam",4.2,0.22445,4.455,-0.0573,RBC Canadian Open,2026-06-10 09:51:07.45615,4.2,0.22445,0,FALSE,-0.0573099999999999,FALSE
"3_balls unibet 18841 17646,29925",3_balls,unibet,18841,"Hovland, Viktor","17646,29925","Fitzpatrick, Matt / Yellamaraju, Sudarshan",3,0.3076,3.251,-0.0772,RBC Canadian Open,2026-06-10 09:51:07.45615,3,0.3076,0,FALSE,-0.0772,FALSE
"3_balls unibet 19477 27194,27900",3_balls,unibet,19477,"Schenk, Adam","27194,27900","Hall, Harry / Potgieter, Aldrich",4.5,0.20516,4.874,-0.0768,RBC Canadian Open,2026-06-10 09:51:07.45615,4.5,0.20516,0,FALSE,-0.07678,FALSE
"3_balls unibet 19483 21407,23604",3_balls,unibet,19483,"Burns, Sam","21407,23604","Reitan, Kristoffer / Clark, Wyndham",2.5,0.36548,2.736,-0.0863,RBC Canadian Open,2026-06-10 09:51:07.45615,2.5,0.36548,0,FALSE,-0.0862999999999999,FALSE
"3_balls unibet 19729 14926,20706",3_balls,unibet,19729,"Kanaya, Takumi","14926,20706","Malnati, Peter / Wallace, Matt",2.8,0.32869,3.042,-0.0797,RBC Canadian Open,2026-06-10 09:51:07.45615,2.8,0.32869,0,FALSE,-0.0796680000000001,FALSE
"3_balls unibet 19840 10104,25908",3_balls,unibet,19840,"Ramey, Chad","10104,25908","Power, Seamus / Whaley, Vince",2.75,0.33544,2.981,-0.0775,RBC Canadian Open,2026-06-10 09:51:07.45615,2.75,0.33544,0,FALSE,-0.0775399999999999,FALSE
"3_balls unibet 19846 12426,31347",3_balls,unibet,19846,"Bauchou, Zach","12426,31347","Waring, Paul / Desmarchais, Laurent",1.8,0.53671,1.863,-0.0339,RBC Canadian Open,2026-06-10 09:51:07.45615,1.8,0.53671,0,FALSE,-0.0339219999999999,FALSE
"3_balls unibet 19870 14502,23465",3_balls,unibet,19870,"McCarthy, Denny","14502,23465","Cauley, Bud / Greyserman, Max",3.25,0.28464,3.513,-0.0749,RBC Canadian Open,2026-06-10 09:51:07.45615,3.25,0.28464,0,FALSE,-0.07492,FALSE
"3_balls unibet 19872 17881,23602",3_balls,unibet,19872,"Riley, Davis","17881,23602","Yu, Kevin / Hojgaard, Nicolai",5.2,0.17916,5.582,-0.0684,RBC Canadian Open,2026-06-10 09:51:07.45615,5.2,0.17916,0,FALSE,-0.0683679999999999,FALSE
"3_balls unibet 19960 13412,13997",3_balls,unibet,19960,"Pavon, Matthieu","13412,13997","Olesen, Thorbjorn / Svensson, Adam",3.1,0.29565,3.382,-0.0835,RBC Canadian Open,2026-06-10 09:51:07.45615,3.1,0.29565,0,FALSE,-0.0834849999999999,FALSE
"3_balls unibet 20706 14926,19729",3_balls,unibet,20706,"Wallace, Matt","14926,19729","Malnati, Peter / Kanaya, Takumi",2.1,0.43061,2.322,-0.0957,RBC Canadian Open,2026-06-10 09:51:07.45615,2.1,0.43061,0,FALSE,-0.095719,FALSE
"3_balls unibet 20722 17381,28159",3_balls,unibet,20722,"Schmid, Matti","17381,28159","Silverman, Ben / Meissner, Mac",2.75,0.32924,3.037,-0.0946,RBC Canadian Open,2026-06-10 09:51:07.45615,2.75,0.32924,0,FALSE,-0.0945900000000001,FALSE
"3_balls unibet 20766 10873,30036882",3_balls,unibet,20766,"Brown, Dan","10873,30036882","Skinns, David / Zhao, Eric",1.877,0.50012,2,-0.0612,RBC Canadian Open,2026-06-10 09:51:07.45615,1.877,0.50012,0,FALSE,-0.06127476,FALSE
"3_balls unibet 20954 21995,9457",3_balls,unibet,20954,"Hirata, Kensei","21995,9457","Benson, Yohann / Springer, Hayden",2.25,0.40258,2.484,-0.0942,RBC Canadian Open,2026-06-10 09:51:07.45615,2.25,0.40258,0,FALSE,-0.094195,FALSE
"3_balls unibet 21074 27780,30040252",3_balls,unibet,21074,"Nakajima, Keita","27780,30040252","Crowe, Trace / Lew, Dawson",1.943,0.46044,2.172,-0.1052,RBC Canadian Open,2026-06-10 09:51:07.45615,1.943,0.46044,0,FALSE,-0.10536508,FALSE
"3_balls unibet 21407 19483,23604",3_balls,unibet,21407,"Reitan, Kristoffer","19483,23604","Burns, Sam / Clark, Wyndham",2.88,0.31582,3.166,-0.0904,RBC Canadian Open,2026-06-10 09:51:07.45615,2.88,0.31582,0,FALSE,-0.0904384,FALSE
"3_balls unibet 21756 26649,27164",3_balls,unibet,21756,"Cole, Eric","26649,27164","Thorbjornsen, Michael / Phillips, Chandler",2.2,0.41863,2.389,-0.079,RBC Canadian Open,2026-06-10 09:51:07.45615,2.2,0.41863,0,FALSE,-0.0790139999999999,FALSE
"3_balls unibet 21883 25289,32330",3_balls,unibet,21883,"Ewart, A.J.","25289,32330","Savoie, Joey / Clanton, Luke",2.25,0.40181,2.489,-0.0959,RBC Canadian Open,2026-06-10 09:51:07.45615,2.25,0.40181,0,FALSE,-0.0959275,FALSE
"3_balls unibet 21889 24343,7626",3_balls,unibet,21889,"Kang, Jeffrey","24343,7626","O'Hair, Sean / Lamprecht, Christo",2.25,0.40847,2.448,-0.0809,RBC Canadian Open,2026-06-10 09:51:07.45615,2.25,0.40847,0,FALSE,-0.0809425,FALSE
"3_balls unibet 21943 12920,17723",3_balls,unibet,21943,"Lebioda, Hank","12920,17723","Willett, Danny / Lower, Justin",2.55,0.35673,2.803,-0.0903,RBC Canadian Open,2026-06-10 09:51:07.45615,2.55,0.35673,0,FALSE,-0.0903385000000001,FALSE
"3_balls unibet 21944 15330,9171",3_balls,unibet,21944,"Moore, Taylor","15330,9171","Villegas, Camilo / Griffin, Lanto",2.05,0.44423,2.251,-0.0893,RBC Canadian Open,2026-06-10 09:51:07.45615,2.05,0.44423,0,FALSE,-0.0893285,FALSE
"3_balls unibet 21995 20954,9457",3_balls,unibet,21995,"Springer, Hayden","20954,9457","Benson, Yohann / Hirata, Kensei",2.05,0.44939,2.225,-0.0788,RBC Canadian Open,2026-06-10 09:51:07.45615,2.05,0.44939,0,FALSE,-0.0787505000000001,FALSE
"3_balls unibet 22002 11441,17032",3_balls,unibet,22002,"Dumont De Chassart, Adrien","11441,17032","Covello, Vince / Tosti, Alejandro",1.8,0.51089,1.957,-0.0804,RBC Canadian Open,2026-06-10 09:51:07.45615,1.8,0.51089,0,FALSE,-0.0803980000000001,FALSE
"3_balls unibet 22085 18554,6093",3_balls,unibet,22085,"Morikawa, Collin","18554,6093","Rose, Justin / Rai, Aaron",2.7,0.34089,2.934,-0.0796,RBC Canadian Open,2026-06-10 09:51:07.45615,2.7,0.34089,0,FALSE,-0.0795969999999999,FALSE
"3_balls unibet 22985 14050,25003",3_balls,unibet,22985,"Smotherman, Austin","14050,25003","Sloan, Roger / Walker, Danny",2.05,0.43701,2.288,-0.1041,RBC Canadian Open,2026-06-10 09:51:07.45615,2.05,0.43701,0,FALSE,-0.1041295,FALSE
"3_balls unibet 23014 12294,17576",3_balls,unibet,23014,"Theegala, Sahith","12294,17576","Fleetwood, Tommy / Conners, Corey",3.4,0.27046,3.697,-0.0804,RBC Canadian Open,2026-06-10 09:51:07.45615,3.4,0.27046,0,FALSE,-0.0804360000000001,FALSE
"3_balls unibet 23048 25475,35395",3_balls,unibet,23048,"Stanger, Jimmy","25475,35395","Nyholm, Pontus / Sanderson, Calen",2.2,0.41288,2.422,-0.0917,RBC Canadian Open,2026-06-10 09:51:07.45615,2.2,0.41288,0,FALSE,-0.0916639999999999,FALSE
"3_balls unibet 23323 13900,25362",3_balls,unibet,23323,"MacIntyre, Robert","13900,25362","Lowry, Shane / Fitzpatrick, Alex",2.63,0.34559,2.894,-0.0911,RBC Canadian Open,2026-06-10 09:51:07.45615,2.63,0.34559,0,FALSE,-0.0910983,FALSE
"3_balls unibet 23465 14502,19870",3_balls,unibet,23465,"Greyserman, Max","14502,19870","Cauley, Bud / McCarthy, Denny",2.95,0.30518,3.277,-0.0997,RBC Canadian Open,2026-06-10 09:51:07.45615,2.95,0.30518,0,FALSE,-0.0997189999999999,FALSE
"3_balls unibet 23504 15575,28270",3_balls,unibet,23504,"Hoey, Rico","15575,28270","Hoge, Tom / Dunlap, Nick",2.05,0.44095,2.268,-0.0961,RBC Canadian Open,2026-06-10 09:51:07.45615,2.05,0.44095,0,FALSE,-0.0960525000000001,FALSE
"3_balls unibet 23505 12909,16715",3_balls,unibet,23505,"McGreevy, Max","12909,16715","Campos, Rafael / Ryder, Sam",2,0.45805,2.183,-0.0839,RBC Canadian Open,2026-06-10 09:51:07.45615,2,0.45805,0,FALSE,-0.0839,FALSE
"3_balls unibet 23602 17881,19872",3_balls,unibet,23602,"Hojgaard, Nicolai","17881,19872","Yu, Kevin / Riley, Davis",1.8,0.50391,1.984,-0.093,RBC Canadian Open,2026-06-10 09:51:07.45615,1.8,0.50391,0,FALSE,-0.092962,FALSE
"3_balls unibet 23604 19483,21407",3_balls,unibet,23604,"Clark, Wyndham","19483,21407","Burns, Sam / Reitan, Kristoffer",2.88,0.3187,3.138,-0.0822,RBC Canadian Open,2026-06-10 09:51:07.45615,2.88,0.3187,0,FALSE,-0.0821440000000001,FALSE
"3_balls unibet 24304 29770,5768",3_balls,unibet,24304,"Vilips, Karl","29770,5768","Hoffman, Charley / Mouw, William",2.8,0.33009,3.029,-0.0757,RBC Canadian Open,2026-06-10 09:51:07.45615,2.8,0.33009,0,FALSE,-0.075748,FALSE
"3_balls unibet 24342 11676,29197",3_balls,unibet,24342,"Higgo, Garrick","11676,29197","Finau, Tony / Brennan, Michael",3.4,0.26673,3.749,-0.0931,RBC Canadian Open,2026-06-10 09:51:07.45615,3.4,0.26673,0,FALSE,-0.0931179999999999,FALSE
"3_balls unibet 24343 21889,7626",3_balls,unibet,24343,"Lamprecht, Christo","21889,7626","O'Hair, Sean / Kang, Jeffrey",2.35,0.38611,2.59,-0.0926,RBC Canadian Open,2026-06-10 09:51:07.45615,2.35,0.38611,0,FALSE,-0.0926414999999999,FALSE
"3_balls unibet 24550 13470,15980",3_balls,unibet,24550,"Ghim, Doug","13470,15980","Kizzire, Patton / Lipsky, David",1.833,0.49273,2.03,-0.0967,RBC Canadian Open,2026-06-10 09:51:07.45615,1.833,0.49273,0,FALSE,-0.0968259100000001,FALSE
"3_balls unibet 24766 18586,26653",3_balls,unibet,24766,"Kim, Tom","18586,26653","Smith, Jordan / Eckroat, Austin",2.65,0.34346,2.912,-0.0898,RBC Canadian Open,2026-06-10 09:51:07.45615,2.65,0.34346,0,FALSE,-0.0898310000000001,FALSE
"3_balls unibet 24956 15310,32259",3_balls,unibet,24956,"Blanchet, Chandler","15310,32259","Li, Haotong / Matthews, Justin",2.3,0.39567,2.527,-0.09,RBC Canadian Open,2026-06-10 09:51:07.45615,2.3,0.39567,0,FALSE,-0.089959,FALSE
"3_balls unibet 25002 17365,18424",3_balls,unibet,25002,"Wu, Dylan","17365,18424","Mitchell, Keith / Roy, Kevin",3.9,0.23751,4.21,-0.0737,RBC Canadian Open,2026-06-10 09:51:07.45615,3.9,0.23751,0,FALSE,-0.073711,FALSE
"3_balls unibet 25003 14050,22985",3_balls,unibet,25003,"Walker, Danny","14050,22985","Sloan, Roger / Smotherman, Austin",3.4,0.26999,3.704,-0.082,RBC Canadian Open,2026-06-10 09:51:07.45615,3.4,0.26999,0,FALSE,-0.0820340000000001,FALSE
"3_balls unibet 25094 16341,16492",3_balls,unibet,25094,"Fishburn, Patrick","16341,16492","Peterson, Paul / Nesbitt, Drew",2.25,0.40871,2.447,-0.0804,RBC Canadian Open,2026-06-10 09:51:07.45615,2.25,0.40871,0,FALSE,-0.0804024999999999,FALSE
"3_balls unibet 25157 11451,15470",3_balls,unibet,25157,"Hodges, Lee","11451,15470","Garnett, Brice / Hossler, Beau",2.45,0.37457,2.67,-0.0823,RBC Canadian Open,2026-06-10 09:51:07.45615,2.45,0.37457,0,FALSE,-0.0823034999999999,FALSE
"3_balls unibet 25289 21883,32330",3_balls,unibet,25289,"Savoie, Joey","21883,32330","Ewart, A.J. / Clanton, Luke",4,0.23862,4.191,-0.0455,RBC Canadian Open,2026-06-10 09:51:07.45615,4,0.23862,0,FALSE,-0.04552,FALSE
"3_balls unibet 25319 26617,26850",3_balls,unibet,25319,"VanDerLaan, John","26617,26850","Anderson, Matthew / Svensson, Jesper",2.55,0.36042,2.775,-0.0809,RBC Canadian Open,2026-06-10 09:51:07.45615,2.55,0.36042,0,FALSE,-0.080929,FALSE
"3_balls unibet 25362 13900,23323",3_balls,unibet,25362,"Fitzpatrick, Alex","13900,23323","Lowry, Shane / MacIntyre, Robert",2.8,0.32802,3.049,-0.0816,RBC Canadian Open,2026-06-10 09:51:07.45615,2.8,0.32802,0,FALSE,-0.0815440000000002,FALSE
"3_balls unibet 25475 23048,35395",3_balls,unibet,25475,"Nyholm, Pontus","23048,35395","Stanger, Jimmy / Sanderson, Calen",2,0.45059,2.219,-0.0988,RBC Canadian Open,2026-06-10 09:51:07.45615,2,0.45059,0,FALSE,-0.09882,FALSE
"3_balls unibet 25908 10104,19840",3_balls,unibet,25908,"Whaley, Vince","10104,19840","Power, Seamus / Ramey, Chad",2.9,0.31597,3.165,-0.0837,RBC Canadian Open,2026-06-10 09:51:07.45615,2.9,0.31597,0,FALSE,-0.0836870000000001,FALSE
"3_balls unibet 26617 25319,26850",3_balls,unibet,26617,"Anderson, Matthew","25319,26850","VanDerLaan, John / Svensson, Jesper",3.9,0.2379,4.203,-0.0722,RBC Canadian Open,2026-06-10 09:51:07.45615,3.9,0.2379,0,FALSE,-0.07219,FALSE
"3_balls unibet 26649 21756,27164",3_balls,unibet,26649,"Thorbjornsen, Michael","21756,27164","Cole, Eric / Phillips, Chandler",2.3,0.3921,2.55,-0.0982,RBC Canadian Open,2026-06-10 09:51:07.45615,2.3,0.3921,0,FALSE,-0.0981700000000001,FALSE
"3_balls unibet 26653 18586,24766",3_balls,unibet,26653,"Eckroat, Austin","18586,24766","Smith, Jordan / Kim, Tom",3.3,0.27567,3.628,-0.0903,RBC Canadian Open,2026-06-10 09:51:07.45615,3.3,0.27567,0,FALSE,-0.0902889999999999,FALSE
"3_balls unibet 26657 13508,17538",3_balls,unibet,26657,"Fisk, Steven","13508,17538","Vegas, Jhonattan / Homa, Max",2.45,0.37428,2.672,-0.083,RBC Canadian Open,2026-06-10 09:51:07.45615,2.45,0.37428,0,FALSE,-0.0830139999999999,FALSE
"3_balls unibet 26850 25319,26617",3_balls,unibet,26850,"Svensson, Jesper","25319,26617","VanDerLaan, John / Anderson, Matthew",2.25,0.40168,2.49,-0.0962,RBC Canadian Open,2026-06-10 09:51:07.45615,2.25,0.40168,0,FALSE,-0.0962200000000001,FALSE
"3_balls unibet 27164 21756,26649",3_balls,unibet,27164,"Phillips, Chandler","21756,26649","Cole, Eric / Thorbjornsen, Michael",5,0.18927,5.283,-0.0537,RBC Canadian Open,2026-06-10 09:51:07.45615,5,0.18927,0,FALSE,-0.05365,FALSE
"3_balls unibet 27194 19477,27900",3_balls,unibet,27194,"Hall, Harry","19477,27900","Schenk, Adam / Potgieter, Aldrich",2,0.45229,2.211,-0.0954,RBC Canadian Open,2026-06-10 09:51:07.45615,2,0.45229,0,FALSE,-0.0954199999999999,FALSE
"3_balls unibet 27364 11276,12423",3_balls,unibet,27364,"Thompson, Davis","11276,12423","Horschel, Billy / Kirk, Chris",2.2,0.41304,2.421,-0.0913,RBC Canadian Open,2026-06-10 09:51:07.45615,2.2,0.41304,0,FALSE,-0.0913119999999998,FALSE
"3_balls unibet 27780 21074,30040252",3_balls,unibet,27780,"Crowe, Trace","21074,30040252","Nakajima, Keita / Lew, Dawson",2.38,0.38651,2.587,-0.0801,RBC Canadian Open,2026-06-10 09:51:07.45615,2.38,0.38651,0,FALSE,-0.0801062,FALSE
"3_balls unibet 27819 28469,7399",3_balls,unibet,27819,"Castillo, Ricky","28469,7399","Glover, Lucas / Highsmith, Joe",2.05,0.44082,2.269,-0.0963,RBC Canadian Open,2026-06-10 09:51:07.45615,2.05,0.44082,0,FALSE,-0.0963190000000002,FALSE
"3_balls unibet 27900 19477,27194",3_balls,unibet,27900,"Potgieter, Aldrich","19477,27194","Schenk, Adam / Hall, Harry",2.7,0.34256,2.919,-0.0751,RBC Canadian Open,2026-06-10 09:51:07.45615,2.7,0.34256,0,FALSE,-0.075088,FALSE
"3_balls unibet 28159 17381,20722",3_balls,unibet,28159,"Meissner, Mac","17381,20722","Silverman, Ben / Schmid, Matti",2,0.45152,2.215,-0.097,RBC Canadian Open,2026-06-10 09:51:07.45615,2,0.45152,0,FALSE,-0.0969600000000001,FALSE
"3_balls unibet 28270 15575,23504",3_balls,unibet,28270,"Dunlap, Nick","15575,23504","Hoge, Tom / Hoey, Rico",3.6,0.25802,3.876,-0.0711,RBC Canadian Open,2026-06-10 09:51:07.45615,3.6,0.25802,0,FALSE,-0.0711279999999999,FALSE
"3_balls unibet 28469 27819,7399",3_balls,unibet,28469,"Highsmith, Joe","27819,7399","Glover, Lucas / Castillo, Ricky",4.2,0.21824,4.582,-0.0834,RBC Canadian Open,2026-06-10 09:51:07.45615,4.2,0.21824,0,FALSE,-0.083392,FALSE
"3_balls unibet 29197 11676,24342",3_balls,unibet,29197,"Brennan, Michael","11676,24342","Finau, Tony / Higgo, Garrick",2.55,0.36314,2.754,-0.074,RBC Canadian Open,2026-06-10 09:51:07.45615,2.55,0.36314,0,FALSE,-0.073993,FALSE
"3_balls unibet 29279 29827,32055",3_balls,unibet,29279,"Suber, Jackson","29827,32055","James, Ben / Shipley, Neal",2.75,0.33527,2.983,-0.078,RBC Canadian Open,2026-06-10 09:51:07.45615,2.75,0.33527,0,FALSE,-0.0780075,FALSE
"3_balls unibet 29433 16394,17780",3_balls,unibet,29433,"Bridgeman, Jacob","16394,17780","Jaeger, Stephan / Pendrith, Taylor",2.55,0.39871,2.508,0.0167,RBC Canadian Open,2026-06-10 09:51:07.45615,2.55,0.39871,0,FALSE,0.0167104999999999,FALSE
"3_balls unibet 29770 24304,5768",3_balls,unibet,29770,"Mouw, William","24304,5768","Hoffman, Charley / Vilips, Karl",2.2,0.42306,2.364,-0.0693,RBC Canadian Open,2026-06-10 09:51:07.45615,2.2,0.42306,0,FALSE,-0.069268,FALSE
"3_balls unibet 29827 29279,32055",3_balls,unibet,29827,"James, Ben","29279,32055","Suber, Jackson / Shipley, Neal",2.45,0.37534,2.664,-0.0804,RBC Canadian Open,2026-06-10 09:51:07.45615,2.45,0.37534,0,FALSE,-0.080417,FALSE
"3_balls unibet 29925 17646,18841",3_balls,unibet,29925,"Yellamaraju, Sudarshan","17646,18841","Fitzpatrick, Matt / Hovland, Viktor",3.75,0.24803,4.032,-0.0699,RBC Canadian Open,2026-06-10 09:51:07.45615,3.75,0.24803,0,FALSE,-0.0698875,FALSE
"3_balls unibet 30036882 10873,20766",3_balls,unibet,30036882,"Zhao, Eric","10873,20766","Skinns, David / Brown, Dan",10,0.06601,15.148,-0.3399,RBC Canadian Open,2026-06-10 09:51:07.45615,10,0.06601,0,FALSE,-0.3399,FALSE
"3_balls unibet 30040252 21074,27780",3_balls,unibet,30040252,"Lew, Dawson","21074,27780","Nakajima, Keita / Crowe, Trace",6,0.15306,6.534,-0.0817,RBC Canadian Open,2026-06-10 09:51:07.45615,6,0.15306,0,FALSE,-0.0816399999999999,FALSE
"3_balls unibet 30717 13764,16591",3_balls,unibet,30717,"O'Donovan, Declan","13764,16591","Parry, John / Rozo, Marcelo",4,0.2344,4.266,-0.0624,RBC Canadian Open,2026-06-10 09:51:07.45615,4,0.2344,0,FALSE,-0.0624,FALSE
"3_balls unibet 31347 12426,19846",3_balls,unibet,31347,"Desmarchais, Laurent","12426,19846","Waring, Paul / Bauchou, Zach",8,0.06639,15.063,-0.4689,RBC Canadian Open,2026-06-10 09:51:07.45615,8,0.06639,0,FALSE,-0.46888,FALSE
"3_balls unibet 32055 29279,29827",3_balls,unibet,32055,"Shipley, Neal","29279,29827","Suber, Jackson / James, Ben",3.1,0.28939,3.456,-0.1029,RBC Canadian Open,2026-06-10 09:51:07.45615,3.1,0.28939,0,FALSE,-0.102891,FALSE
"3_balls unibet 32259 15310,24956",3_balls,unibet,32259,"Matthews, Justin","15310,24956","Li, Haotong / Blanchet, Chandler",5.75,0.16062,6.226,-0.0764,RBC Canadian Open,2026-06-10 09:51:07.45615,5.75,0.16062,0,FALSE,-0.0764349999999999,FALSE
"3_balls unibet 32260 15651,16757",3_balls,unibet,32260,"McCulloch, Ashton","15651,16757","Ventura, Kris / Dou, Zecheng",6,0.14407,6.941,-0.1356,RBC Canadian Open,2026-06-10 09:51:07.45615,6,0.14407,0,FALSE,-0.13558,FALSE
"3_balls unibet 32330 21883,25289",3_balls,unibet,32330,"Clanton, Luke","21883,25289","Ewart, A.J. / Savoie, Joey",2.5,0.35957,2.781,-0.1011,RBC Canadian Open,2026-06-10 09:51:07.45615,2.5,0.35957,0,FALSE,-0.101075,FALSE
"3_balls unibet 32457 14509,16333",3_balls,unibet,32457,"Keefer, Johnny","14509,16333","Dahmen, Joel / Hubbard, Mark",2.35,0.38691,2.585,-0.0908,RBC Canadian Open,2026-06-10 09:51:07.45615,2.35,0.38691,0,FALSE,-0.0907615000000001,FALSE
"3_balls unibet 35395 23048,25475",3_balls,unibet,35395,"Sanderson, Calen","23048,25475","Stanger, Jimmy / Nyholm, Pontus",7,0.13653,7.325,-0.0443,RBC Canadian Open,2026-06-10 09:51:07.45615,7,0.13653,0,FALSE,-0.0442899999999999,FALSE
"3_balls unibet 5513 13965,15556",3_balls,unibet,5513,"Weir, Mike","13965,15556","Hadwin, Adam / Hughes, Mackenzie",7.25,0.10619,9.417,-0.2301,RBC Canadian Open,2026-06-10 09:51:07.45615,7.25,0.10619,0,FALSE,-0.2301225,FALSE
"3_balls unibet 5716 12808,17550",3_balls,unibet,5716,"Harrington, Padraig","12808,17550","Grillo, Emiliano / Van Rooyen, Erik",3.75,0.24536,4.076,-0.0799,RBC Canadian Open,2026-06-10 09:51:07.45615,3.75,0.24536,0,FALSE,-0.0799,FALSE
"3_balls unibet 5768 24304,29770",3_balls,unibet,5768,"Hoffman, Charley","24304,29770","Vilips, Karl / Mouw, William",3.6,0.24685,4.051,-0.1113,RBC Canadian Open,2026-06-10 09:51:07.45615,3.6,0.24685,0,FALSE,-0.11134,FALSE
"3_balls unibet 6093 18554,22085",3_balls,unibet,6093,"Rose, Justin","18554,22085","Rai, Aaron / Morikawa, Collin",2.75,0.33072,3.024,-0.0905,RBC Canadian Open,2026-06-10 09:51:07.45615,2.75,0.33072,0,FALSE,-0.0905199999999999,FALSE
"3_balls unibet 7399 27819,28469",3_balls,unibet,7399,"Glover, Lucas","27819,28469","Castillo, Ricky / Highsmith, Joe",2.7,0.34094,2.933,-0.0795,RBC Canadian Open,2026-06-10 09:51:07.45615,2.7,0.34094,0,FALSE,-0.0794619999999999,FALSE
"3_balls unibet 7626 21889,24343",3_balls,unibet,7626,"O'Hair, Sean","21889,24343","Kang, Jeffrey / Lamprecht, Christo",4.5,0.20541,4.868,-0.0756,RBC Canadian Open,2026-06-10 09:51:07.45615,4.5,0.20541,0,FALSE,-0.0756549999999999,FALSE
"3_balls unibet 9171 15330,21944",3_balls,unibet,9171,"Villegas, Camilo","15330,21944","Griffin, Lanto / Moore, Taylor",4.1,0.22044,4.536,-0.0962,RBC Canadian Open,2026-06-10 09:51:07.45615,4.1,0.22044,0,FALSE,-0.0961960000000001,FALSE
"3_balls unibet 9457 20954,21995",3_balls,unibet,9457,"Benson, Yohann","20954,21995","Hirata, Kensei / Springer, Hayden",6,0.14804,6.755,-0.1118,RBC Canadian Open,2026-06-10 09:51:07.45615,6,0.14804,0,FALSE,-0.11176,FALSE
round_matchups bet365 10419 13900,round_matchups,bet365,10419,"Noren, Alex",13900,"Lowry, Shane",1.909,0.5055,1.978,-0.035,RBC Canadian Open,2026-06-10 09:51:07.45615,1.909,0.5055,0,FALSE,-0.0350005000000001,FALSE
round_matchups bet365 11676 23465,round_matchups,bet365,11676,"Finau, Tony",23465,"Greyserman, Max",1.833,0.54037,1.851,-0.0093,RBC Canadian Open,2026-06-10 09:51:07.45615,1.833,0.54037,0,FALSE,-0.00950178999999995,FALSE
round_matchups bet365 12294 17646,round_matchups,bet365,12294,"Fleetwood, Tommy",17646,"Fitzpatrick, Matt",1.87,0.51547,1.94,-0.0363,RBC Canadian Open,2026-06-10 09:51:07.45615,1.87,0.51547,0,FALSE,-0.0360711,FALSE
round_matchups bet365 13126 26649,round_matchups,bet365,13126,"Taylor, Nick",26649,"Thorbjornsen, Michael",1.87,0.51159,1.955,-0.0435,RBC Canadian Open,2026-06-10 09:51:07.45615,1.87,0.51159,0,FALSE,-0.0433266999999999,FALSE
round_matchups bet365 13900 10419,round_matchups,bet365,13900,"Lowry, Shane",10419,"Noren, Alex",1.909,0.4945,2.022,-0.056,RBC Canadian Open,2026-06-10 09:51:07.45615,1.909,0.4945,0,FALSE,-0.0559995,FALSE
round_matchups bet365 14502 29197,round_matchups,bet365,14502,"Cauley, Bud",29197,"Brennan, Michael",1.833,0.53757,1.86,-0.0145,RBC Canadian Open,2026-06-10 09:51:07.45615,1.833,0.53757,0,FALSE,-0.01463419,FALSE
round_matchups bet365 16243 21407,round_matchups,bet365,16243,"Koepka, Brooks",21407,"Reitan, Kristoffer",2.05,0.44844,2.23,-0.0807,RBC Canadian Open,2026-06-10 09:51:07.45615,2.05,0.44844,0,FALSE,-0.080698,FALSE
round_matchups bet365 17365 28159,round_matchups,bet365,17365,"Mitchell, Keith",28159,"Meissner, Mac",1.909,0.49375,2.025,-0.0574,RBC Canadian Open,2026-06-10 09:51:07.45615,1.909,0.49375,0,FALSE,-0.0574312499999999,FALSE
round_matchups bet365 17646 12294,round_matchups,bet365,17646,"Fitzpatrick, Matt",12294,"Fleetwood, Tommy",1.952,0.48453,2.064,-0.054,RBC Canadian Open,2026-06-10 09:51:07.45615,1.952,0.48453,0,FALSE,-0.05419744,FALSE
round_matchups bet365 17780 27819,round_matchups,bet365,17780,"Pendrith, Taylor",27819,"Castillo, Ricky",1.87,0.51647,1.936,-0.0344,RBC Canadian Open,2026-06-10 09:51:07.45615,1.87,0.51647,0,FALSE,-0.0342011,FALSE
round_matchups bet365 18554 29433,round_matchups,bet365,18554,"Rai, Aaron",29433,"Bridgeman, Jacob",1.87,0.5319,1.88,-0.0056,RBC Canadian Open,2026-06-10 09:51:07.45615,1.87,0.5319,0,FALSE,-0.00534699999999988,FALSE
round_matchups bet365 18586 24550,round_matchups,bet365,18586,"Smith, Jordan",24550,"Ghim, Doug",1.87,0.51291,1.95,-0.0411,RBC Canadian Open,2026-06-10 09:51:07.45615,1.87,0.51291,0,FALSE,-0.0408583,FALSE
round_matchups bet365 18841 6093,round_matchups,bet365,18841,"Hovland, Viktor",6093,"Rose, Justin",1.952,0.47393,2.11,-0.0747,RBC Canadian Open,2026-06-10 09:51:07.45615,1.952,0.47393,0,FALSE,-0.07488864,FALSE
round_matchups bet365 19483 23323,round_matchups,bet365,19483,"Burns, Sam",23323,"MacIntyre, Robert",1.769,0.54349,1.84,-0.0384,RBC Canadian Open,2026-06-10 09:51:07.45615,1.769,0.54349,0,FALSE,-0.0385661900000001,FALSE
round_matchups bet365 20722 23505,round_matchups,bet365,20722,"Schmid, Matti",23505,"McGreevy, Max",1.952,0.47252,2.116,-0.0775,RBC Canadian Open,2026-06-10 09:51:07.45615,1.952,0.47252,0,FALSE,-0.07764096,FALSE
round_matchups bet365 21407 16243,round_matchups,bet365,21407,"Reitan, Kristoffer",16243,"Koepka, Brooks",1.8,0.55156,1.813,-0.0072,RBC Canadian Open,2026-06-10 09:51:07.45615,1.8,0.55156,0,FALSE,-0.00719199999999987,FALSE
round_matchups bet365 21756 25362,round_matchups,bet365,21756,"Cole, Eric",25362,"Fitzpatrick, Alex",1.952,0.47792,2.092,-0.0669,RBC Canadian Open,2026-06-10 09:51:07.45615,1.952,0.47792,0,FALSE,-0.06710016,FALSE
round_matchups bet365 22002 23841,round_matchups,bet365,22002,"Dumont De Chassart, Adrien",23841,"Neergaard-Petersen, Rasmus",2.05,0.45998,2.174,-0.057,RBC Canadian Open,2026-06-10 09:51:07.45615,2.05,0.45998,0,FALSE,-0.0570410000000001,FALSE
round_matchups bet365 23323 19483,round_matchups,bet365,23323,"MacIntyre, Robert",19483,"Burns, Sam",2.1,0.45651,2.191,-0.0413,RBC Canadian Open,2026-06-10 09:51:07.45615,2.1,0.45651,0,FALSE,-0.041329,FALSE
round_matchups bet365 23465 11676,round_matchups,bet365,23465,"Greyserman, Max",11676,"Finau, Tony",2,0.45963,2.176,-0.0807,RBC Canadian Open,2026-06-10 09:51:07.45615,2,0.45963,0,FALSE,-0.08074,FALSE
round_matchups bet365 23505 20722,round_matchups,bet365,23505,"McGreevy, Max",20722,"Schmid, Matti",1.87,0.52748,1.896,-0.0138,RBC Canadian Open,2026-06-10 09:51:07.45615,1.87,0.52748,0,FALSE,-0.0136124000000001,FALSE
round_matchups bet365 23602 23604,round_matchups,bet365,23602,"Hojgaard, Nicolai",23604,"Clark, Wyndham",1.952,0.49102,2.037,-0.0413,RBC Canadian Open,2026-06-10 09:51:07.45615,1.952,0.49102,0,FALSE,-0.04152896,FALSE
round_matchups bet365 23604 23602,round_matchups,bet365,23604,"Clark, Wyndham",23602,"Hojgaard, Nicolai",1.87,0.50898,1.965,-0.0484,RBC Canadian Open,2026-06-10 09:51:07.45615,1.87,0.50898,0,FALSE,-0.0482074,FALSE
round_matchups bet365 23841 22002,round_matchups,bet365,23841,"Neergaard-Petersen, Rasmus",22002,"Dumont De Chassart, Adrien",1.8,0.54002,1.852,-0.028,RBC Canadian Open,2026-06-10 09:51:07.45615,1.8,0.54002,0,FALSE,-0.0279640000000001,FALSE
round_matchups bet365 24550 18586,round_matchups,bet365,24550,"Ghim, Doug",18586,"Smith, Jordan",1.952,0.48709,2.053,-0.049,RBC Canadian Open,2026-06-10 09:51:07.45615,1.952,0.48709,0,FALSE,-0.04920032,FALSE
round_matchups bet365 25362 21756,round_matchups,bet365,25362,"Fitzpatrick, Alex",21756,"Cole, Eric",1.87,0.52208,1.915,-0.0239,RBC Canadian Open,2026-06-10 09:51:07.45615,1.87,0.52208,0,FALSE,-0.0237104,FALSE
round_matchups bet365 26649 13126,round_matchups,bet365,26649,"Thorbjornsen, Michael",13126,"Taylor, Nick",1.952,0.48841,2.047,-0.0464,RBC Canadian Open,2026-06-10 09:51:07.45615,1.952,0.48841,0,FALSE,-0.04662368,FALSE
round_matchups bet365 27819 17780,round_matchups,bet365,27819,"Castillo, Ricky",17780,"Pendrith, Taylor",1.952,0.48353,2.068,-0.056,RBC Canadian Open,2026-06-10 09:51:07.45615,1.952,0.48353,0,FALSE,-0.05614944,FALSE
round_matchups bet365 28159 17365,round_matchups,bet365,28159,"Meissner, Mac",17365,"Mitchell, Keith",1.909,0.50625,1.975,-0.0335,RBC Canadian Open,2026-06-10 09:51:07.45615,1.909,0.50625,0,FALSE,-0.03356875,FALSE
round_matchups bet365 29197 14502,round_matchups,bet365,29197,"Brennan, Michael",14502,"Cauley, Bud",2,0.46243,2.163,-0.0751,RBC Canadian Open,2026-06-10 09:51:07.45615,2,0.46243,0,FALSE,-0.07514,FALSE
round_matchups bet365 29433 18554,round_matchups,bet365,29433,"Bridgeman, Jacob",18554,"Rai, Aaron",1.952,0.4681,2.136,-0.0861,RBC Canadian Open,2026-06-10 09:51:07.45615,1.952,0.4681,0,FALSE,-0.0862688,FALSE
round_matchups bet365 6093 18841,round_matchups,bet365,6093,"Rose, Justin",18841,"Hovland, Viktor",1.87,0.52607,1.901,-0.0165,RBC Canadian Open,2026-06-10 09:51:07.45615,1.87,0.52607,0,FALSE,-0.0162490999999999,FALSE
round_matchups betcris 10104 14704,round_matchups,betcris,10104,"Power, Seamus",14704,"Putnam, Andrew",2,0.43525,2.298,-0.1295,RBC Canadian Open,2026-06-10 09:51:07.45615,2,0.43525,0,FALSE,-0.1295,FALSE
round_matchups betcris 10419 27194,round_matchups,betcris,10419,"Noren, Alex",27194,"Hall, Harry",1.862,0.52811,1.894,-0.0166,RBC Canadian Open,2026-06-10 09:51:07.45615,1.862,0.52811,0,FALSE,-0.01665918,FALSE
round_matchups betcris 11676 27364,round_matchups,betcris,11676,"Finau, Tony",27364,"Thompson, Davis",1.952,0.51298,1.949,0.0015,RBC Canadian Open,2026-06-10 09:51:07.45615,1.952,0.51298,0,FALSE,0.00133695999999994,FALSE
round_matchups betcris 11889 12808,round_matchups,betcris,11889,"Fox, Ryan",12808,"Grillo, Emiliano",1.694,0.59373,1.684,0.006,RBC Canadian Open,2026-06-10 09:51:07.45615,1.694,0.59373,0,FALSE,0.00577861999999985,FALSE
round_matchups betcris 12294 17646,round_matchups,betcris,12294,"Fleetwood, Tommy",17646,"Fitzpatrick, Matt",1.806,0.51547,1.94,-0.0688,RBC Canadian Open,2026-06-10 09:51:07.45615,1.806,0.51547,0,FALSE,-0.0690611800000001,FALSE
round_matchups betcris 12423 21944,round_matchups,betcris,12423,"Kirk, Chris",21944,"Moore, Taylor",1.855,0.4703,2.126,-0.1277,RBC Canadian Open,2026-06-10 09:51:07.45615,1.855,0.4703,0,FALSE,-0.1275935,FALSE
round_matchups betcris 12808 11889,round_matchups,betcris,12808,"Grillo, Emiliano",11889,"Fox, Ryan",2.14,0.40627,2.461,-0.1306,RBC Canadian Open,2026-06-10 09:51:07.45615,2.14,0.40627,0,FALSE,-0.1305822,FALSE
round_matchups betcris 13126 16243,round_matchups,betcris,13126,"Taylor, Nick",16243,"Koepka, Brooks",1.87,0.50744,1.971,-0.0513,RBC Canadian Open,2026-06-10 09:51:07.45615,1.87,0.50744,0,FALSE,-0.0510871999999999,FALSE
round_matchups betcris 13412 19870,round_matchups,betcris,13412,"Olesen, Thorbjorn",19870,"McCarthy, Denny",1.909,0.49982,2.001,-0.0458,RBC Canadian Open,2026-06-10 09:51:07.45615,1.909,0.49982,0,FALSE,-0.04584362,FALSE
round_matchups betcris 13900 23602,round_matchups,betcris,13900,"Lowry, Shane",23602,"Hojgaard, Nicolai",1.862,0.48791,2.05,-0.0915,RBC Canadian Open,2026-06-10 09:51:07.45615,1.862,0.48791,0,FALSE,-0.0915115799999999,FALSE
round_matchups betcris 14502 29925,round_matchups,betcris,14502,"Cauley, Bud",29925,"Yellamaraju, Sudarshan",1.775,0.55383,1.806,-0.0168,RBC Canadian Open,2026-06-10 09:51:07.45615,1.775,0.55383,0,FALSE,-0.0169517499999999,FALSE
round_matchups betcris 14704 10104,round_matchups,betcris,14704,"Putnam, Andrew",10104,"Power, Seamus",1.769,0.56475,1.771,-8e-04,RBC Canadian Open,2026-06-10 09:51:07.45615,1.769,0.56475,0,FALSE,-0.000957250000000132,FALSE
round_matchups betcris 15470 25157,round_matchups,betcris,15470,"Hossler, Beau",25157,"Hodges, Lee",1.885,0.49816,2.007,-0.061,RBC Canadian Open,2026-06-10 09:51:07.45615,1.885,0.49816,0,FALSE,-0.0609684,FALSE
round_matchups betcris 16243 13126,round_matchups,betcris,16243,"Koepka, Brooks",13126,"Taylor, Nick",1.87,0.49256,2.03,-0.0791,RBC Canadian Open,2026-06-10 09:51:07.45615,1.87,0.49256,0,FALSE,-0.0789128,FALSE
round_matchups betcris 17365 6093,round_matchups,betcris,17365,"Mitchell, Keith",6093,"Rose, Justin",2.02,0.4604,2.172,-0.07,RBC Canadian Open,2026-06-10 09:51:07.45615,2.02,0.4604,0,FALSE,-0.0699920000000001,FALSE
round_matchups betcris 17538 26657,round_matchups,betcris,17538,"Homa, Max",26657,"Fisk, Steven",2.01,0.48186,2.075,-0.0315,RBC Canadian Open,2026-06-10 09:51:07.45615,2.01,0.48186,0,FALSE,-0.0314614000000001,FALSE
round_matchups betcris 17576 23014,round_matchups,betcris,17576,"Conners, Corey",23014,"Theegala, Sahith",1.893,0.49206,2.032,-0.0686,RBC Canadian Open,2026-06-10 09:51:07.45615,1.893,0.49206,0,FALSE,-0.06853042,FALSE
round_matchups betcris 17646 12294,round_matchups,betcris,17646,"Fitzpatrick, Matt",12294,"Fleetwood, Tommy",1.943,0.48453,2.064,-0.0584,RBC Canadian Open,2026-06-10 09:51:07.45615,1.943,0.48453,0,FALSE,-0.0585582099999999,FALSE
round_matchups betcris 17780 23465,round_matchups,betcris,17780,"Pendrith, Taylor",23465,"Greyserman, Max",1.926,0.52377,1.909,0.0087,RBC Canadian Open,2026-06-10 09:51:07.45615,1.926,0.52377,0,FALSE,0.00878101999999981,FALSE
round_matchups betcris 18103 23504,round_matchups,betcris,18103,"Bezuidenhout, Christiaan",23504,"Hoey, Rico",1.794,0.49025,2.04,-0.1207,RBC Canadian Open,2026-06-10 09:51:07.45615,1.794,0.49025,0,FALSE,-0.1204915,FALSE
round_matchups betcris 18554 22085,round_matchups,betcris,18554,"Rai, Aaron",22085,"Morikawa, Collin",1.99,0.49229,2.031,-0.0203,RBC Canadian Open,2026-06-10 09:51:07.45615,1.99,0.49229,0,FALSE,-0.0203428999999999,FALSE
round_matchups betcris 18586 24766,round_matchups,betcris,18586,"Smith, Jordan",24766,"Kim, Tom",1.813,0.52751,1.896,-0.0436,RBC Canadian Open,2026-06-10 09:51:07.45615,1.813,0.52751,0,FALSE,-0.04362437,FALSE
round_matchups betcris 18841 29433,round_matchups,betcris,18841,"Hovland, Viktor",29433,"Bridgeman, Jacob",1.862,0.50053,1.998,-0.068,RBC Canadian Open,2026-06-10 09:51:07.45615,1.862,0.50053,0,FALSE,-0.0680131399999999,FALSE
round_matchups betcris 19483 23604,round_matchups,betcris,19483,"Burns, Sam",23604,"Clark, Wyndham",1.763,0.53752,1.86,-0.0522,RBC Canadian Open,2026-06-10 09:51:07.45615,1.763,0.53752,0,FALSE,-0.0523522400000001,FALSE
round_matchups betcris 19846 27819,round_matchups,betcris,19846,"Bauchou, Zach",27819,"Castillo, Ricky",1.8,0.49361,2.026,-0.1115,RBC Canadian Open,2026-06-10 09:51:07.45615,1.8,0.49361,0,FALSE,-0.111502,FALSE
round_matchups betcris 19870 13412,round_matchups,betcris,19870,"McCarthy, Denny",13412,"Olesen, Thorbjorn",1.833,0.50018,1.999,-0.083,RBC Canadian Open,2026-06-10 09:51:07.45615,1.833,0.50018,0,FALSE,-0.0831700600000001,FALSE
round_matchups betcris 20706 22985,round_matchups,betcris,20706,"Wallace, Matt",22985,"Smotherman, Austin",1.794,0.50607,1.976,-0.0923,RBC Canadian Open,2026-06-10 09:51:07.45615,1.794,0.50607,0,FALSE,-0.0921104199999999,FALSE
round_matchups betcris 21074 23841,round_matchups,betcris,21074,"Nakajima, Keita",23841,"Neergaard-Petersen, Rasmus",2.1,0.44584,2.243,-0.0637,RBC Canadian Open,2026-06-10 09:51:07.45615,2.1,0.44584,0,FALSE,-0.0637359999999999,FALSE
round_matchups betcris 21407 23323,round_matchups,betcris,21407,"Reitan, Kristoffer",23323,"MacIntyre, Robert",1.926,0.50781,1.969,-0.022,RBC Canadian Open,2026-06-10 09:51:07.45615,1.926,0.50781,0,FALSE,-0.0219579400000001,FALSE
round_matchups betcris 21756 26649,round_matchups,betcris,21756,"Cole, Eric",26649,"Thorbjornsen, Michael",1.877,0.51824,1.93,-0.0272,RBC Canadian Open,2026-06-10 09:51:07.45615,1.877,0.51824,0,FALSE,-0.02726352,FALSE
round_matchups betcris 21944 12423,round_matchups,betcris,21944,"Moore, Taylor",12423,"Kirk, Chris",1.885,0.5297,1.888,-0.0015,RBC Canadian Open,2026-06-10 09:51:07.45615,1.885,0.5297,0,FALSE,-0.00151550000000011,FALSE
round_matchups betcris 22085 18554,round_matchups,betcris,22085,"Morikawa, Collin",18554,"Rai, Aaron",1.775,0.50771,1.97,-0.0987,RBC Canadian Open,2026-06-10 09:51:07.45615,1.775,0.50771,0,FALSE,-0.0988147500000001,FALSE
round_matchups betcris 22985 20706,round_matchups,betcris,22985,"Smotherman, Austin",20706,"Wallace, Matt",1.962,0.49393,2.025,-0.0311,RBC Canadian Open,2026-06-10 09:51:07.45615,1.962,0.49393,0,FALSE,-0.03090934,FALSE
round_matchups betcris 23014 17576,round_matchups,betcris,23014,"Theegala, Sahith",17576,"Conners, Corey",1.847,0.50794,1.969,-0.0616,RBC Canadian Open,2026-06-10 09:51:07.45615,1.847,0.50794,0,FALSE,-0.0618348200000001,FALSE
round_matchups betcris 23323 21407,round_matchups,betcris,23323,"MacIntyre, Robert",21407,"Reitan, Kristoffer",1.82,0.49219,2.032,-0.1044,RBC Canadian Open,2026-06-10 09:51:07.45615,1.82,0.49219,0,FALSE,-0.1042142,FALSE
round_matchups betcris 23465 17780,round_matchups,betcris,23465,"Greyserman, Max",17780,"Pendrith, Taylor",1.82,0.47623,2.1,-0.1334,RBC Canadian Open,2026-06-10 09:51:07.45615,1.82,0.47623,0,FALSE,-0.1332614,FALSE
round_matchups betcris 23504 18103,round_matchups,betcris,23504,"Hoey, Rico",18103,"Bezuidenhout, Christiaan",1.962,0.50975,1.962,-1e-04,RBC Canadian Open,2026-06-10 09:51:07.45615,1.962,0.50975,0,FALSE,0.000129500000000116,FALSE
round_matchups betcris 23505 29770,round_matchups,betcris,23505,"McGreevy, Max",29770,"Mouw, William",1.84,0.53453,1.871,-0.0163,RBC Canadian Open,2026-06-10 09:51:07.45615,1.84,0.53453,0,FALSE,-0.0164648000000001,FALSE
round_matchups betcris 23602 13900,round_matchups,betcris,23602,"Hojgaard, Nicolai",13900,"Lowry, Shane",1.877,0.51209,1.953,-0.0387,RBC Canadian Open,2026-06-10 09:51:07.45615,1.877,0.51209,0,FALSE,-0.0388070699999999,FALSE
round_matchups betcris 23604 19483,round_matchups,betcris,23604,"Clark, Wyndham",19483,"Burns, Sam",2.01,0.46248,2.162,-0.0704,RBC Canadian Open,2026-06-10 09:51:07.45615,2.01,0.46248,0,FALSE,-0.0704152000000001,FALSE
round_matchups betcris 23841 21074,round_matchups,betcris,23841,"Neergaard-Petersen, Rasmus",21074,"Nakajima, Keita",1.714,0.55416,1.805,-0.05,RBC Canadian Open,2026-06-10 09:51:07.45615,1.714,0.55416,0,FALSE,-0.0501697600000001,FALSE
round_matchups betcris 24550 25362,round_matchups,betcris,24550,"Ghim, Doug",25362,"Fitzpatrick, Alex",1.962,0.44503,2.247,-0.1271,RBC Canadian Open,2026-06-10 09:51:07.45615,1.962,0.44503,0,FALSE,-0.12685114,FALSE
round_matchups betcris 24766 18586,round_matchups,betcris,24766,"Kim, Tom",18586,"Smith, Jordan",1.935,0.47249,2.116,-0.0859,RBC Canadian Open,2026-06-10 09:51:07.45615,1.935,0.47249,0,FALSE,-0.08573185,FALSE
round_matchups betcris 25157 15470,round_matchups,betcris,25157,"Hodges, Lee",15470,"Hossler, Beau",1.855,0.50184,1.993,-0.0692,RBC Canadian Open,2026-06-10 09:51:07.45615,1.855,0.50184,0,FALSE,-0.0690868000000001,FALSE
round_matchups betcris 25362 24550,round_matchups,betcris,25362,"Fitzpatrick, Alex",24550,"Ghim, Doug",1.794,0.55497,1.802,-0.0046,RBC Canadian Open,2026-06-10 09:51:07.45615,1.794,0.55497,0,FALSE,-0.00438382000000004,FALSE
round_matchups betcris 26649 21756,round_matchups,betcris,26649,"Thorbjornsen, Michael",21756,"Cole, Eric",1.862,0.48176,2.076,-0.1029,RBC Canadian Open,2026-06-10 09:51:07.45615,1.862,0.48176,0,FALSE,-0.10296288,FALSE
round_matchups betcris 26653 27900,round_matchups,betcris,26653,"Eckroat, Austin",27900,"Potgieter, Aldrich",1.893,0.47777,2.093,-0.0956,RBC Canadian Open,2026-06-10 09:51:07.45615,1.893,0.47777,0,FALSE,-0.0955813900000001,FALSE
round_matchups betcris 26657 17538,round_matchups,betcris,26657,"Fisk, Steven",17538,"Homa, Max",1.763,0.51814,1.93,-0.0863,RBC Canadian Open,2026-06-10 09:51:07.45615,1.763,0.51814,0,FALSE,-0.0865191799999999,FALSE
round_matchups betcris 27194 10419,round_matchups,betcris,27194,"Hall, Harry",10419,"Noren, Alex",1.877,0.47189,2.119,-0.1142,RBC Canadian Open,2026-06-10 09:51:07.45615,1.877,0.47189,0,FALSE,-0.11426247,FALSE
round_matchups betcris 27364 11676,round_matchups,betcris,27364,"Thompson, Davis",11676,"Finau, Tony",1.8,0.48702,2.053,-0.1234,RBC Canadian Open,2026-06-10 09:51:07.45615,1.8,0.48702,0,FALSE,-0.123364,FALSE
round_matchups betcris 27819 19846,round_matchups,betcris,27819,"Castillo, Ricky",19846,"Bauchou, Zach",1.952,0.50639,1.975,-0.0113,RBC Canadian Open,2026-06-10 09:51:07.45615,1.952,0.50639,0,FALSE,-0.01152672,FALSE
round_matchups betcris 27900 26653,round_matchups,betcris,27900,"Potgieter, Aldrich",26653,"Eckroat, Austin",1.847,0.52223,1.915,-0.0352,RBC Canadian Open,2026-06-10 09:51:07.45615,1.847,0.52223,0,FALSE,-0.03544119,FALSE
round_matchups betcris 28159 29197,round_matchups,betcris,28159,"Meissner, Mac",29197,"Brennan, Michael",1.862,0.5286,1.892,-0.0157,RBC Canadian Open,2026-06-10 09:51:07.45615,1.862,0.5286,0,FALSE,-0.0157468000000001,FALSE
round_matchups betcris 29197 28159,round_matchups,betcris,29197,"Brennan, Michael",28159,"Meissner, Mac",1.877,0.4714,2.121,-0.1151,RBC Canadian Open,2026-06-10 09:51:07.45615,1.877,0.4714,0,FALSE,-0.1151822,FALSE
round_matchups betcris 29433 18841,round_matchups,betcris,29433,"Bridgeman, Jacob",18841,"Hovland, Viktor",1.877,0.49947,2.002,-0.0624,RBC Canadian Open,2026-06-10 09:51:07.45615,1.877,0.49947,0,FALSE,-0.0624948099999999,FALSE
round_matchups betcris 29770 23505,round_matchups,betcris,29770,"Mouw, William",23505,"McGreevy, Max",1.901,0.46547,2.148,-0.1152,RBC Canadian Open,2026-06-10 09:51:07.45615,1.901,0.46547,0,FALSE,-0.11514153,FALSE
round_matchups betcris 29827 32457,round_matchups,betcris,29827,"James, Ben",32457,"Keefer, Johnny",1.943,0.49714,2.011,-0.0339,RBC Canadian Open,2026-06-10 09:51:07.45615,1.943,0.49714,0,FALSE,-0.0340569799999999,FALSE
round_matchups betcris 29925 14502,round_matchups,betcris,29925,"Yellamaraju, Sudarshan",14502,"Cauley, Bud",1.99,0.44617,2.241,-0.1121,RBC Canadian Open,2026-06-10 09:51:07.45615,1.99,0.44617,0,FALSE,-0.1121217,FALSE
round_matchups betcris 32457 29827,round_matchups,betcris,32457,"Keefer, Johnny",29827,"James, Ben",1.806,0.50286,1.989,-0.0916,RBC Canadian Open,2026-06-10 09:51:07.45615,1.806,0.50286,0,FALSE,-0.09183484,FALSE
round_matchups betcris 6093 17365,round_matchups,betcris,6093,"Rose, Justin",17365,"Mitchell, Keith",1.758,0.5396,1.853,-0.0516,RBC Canadian Open,2026-06-10 09:51:07.45615,1.758,0.5396,0,FALSE,-0.0513832000000001,FALSE
round_matchups betonline 10419 16243,round_matchups,betonline,10419,"Noren, Alex",16243,"Koepka, Brooks",1.87,0.5356,1.867,0.0013,RBC Canadian Open,2026-06-10 09:51:07.45615,1.87,0.5356,0,FALSE,0.00157199999999991,FALSE
round_matchups betonline 11676 29197,round_matchups,betonline,11676,"Finau, Tony",29197,"Brennan, Michael",1.952,0.50434,1.983,-0.0153,RBC Canadian Open,2026-06-10 09:51:07.45615,1.952,0.50434,0,FALSE,-0.01552832,FALSE
round_matchups betonline 11889 13126,round_matchups,betonline,11889,"Fox, Ryan",13126,"Taylor, Nick",2.05,0.48004,2.083,-0.0159,RBC Canadian Open,2026-06-10 09:51:07.45615,2.05,0.48004,0,FALSE,-0.015918,FALSE
round_matchups betonline 12294 22085,round_matchups,betonline,12294,"Fleetwood, Tommy",22085,"Morikawa, Collin",1.667,0.57512,1.739,-0.0415,RBC Canadian Open,2026-06-10 09:51:07.45615,1.667,0.57512,0,FALSE,-0.0412749600000001,FALSE
round_matchups betonline 13126 11889,round_matchups,betonline,13126,"Taylor, Nick",11889,"Fox, Ryan",1.8,0.51996,1.923,-0.0641,RBC Canadian Open,2026-06-10 09:51:07.45615,1.8,0.51996,0,FALSE,-0.064072,FALSE
round_matchups betonline 13900 25362,round_matchups,betonline,13900,"Lowry, Shane",25362,"Fitzpatrick, Alex",1.98,0.50086,1.997,-0.0081,RBC Canadian Open,2026-06-10 09:51:07.45615,1.98,0.50086,0,FALSE,-0.00829720000000012,FALSE
round_matchups betonline 14502 29433,round_matchups,betonline,14502,"Cauley, Bud",29433,"Bridgeman, Jacob",1.847,0.50155,1.994,-0.0734,RBC Canadian Open,2026-06-10 09:51:07.45615,1.847,0.50155,0,FALSE,-0.0736371499999999,FALSE
round_matchups betonline 14704 18103,round_matchups,betonline,14704,"Putnam, Andrew",18103,"Bezuidenhout, Christiaan",1.87,0.50543,1.979,-0.0551,RBC Canadian Open,2026-06-10 09:51:07.45615,1.87,0.50543,0,FALSE,-0.0548458999999999,FALSE
round_matchups betonline 15310 29279,round_matchups,betonline,15310,"Li, Haotong",29279,"Suber, Jackson",1.885,0.53112,1.883,0.0011,RBC Canadian Open,2026-06-10 09:51:07.45615,1.885,0.53112,0,FALSE,0.00116120000000008,FALSE
round_matchups betonline 15556 23504,round_matchups,betonline,15556,"Hughes, Mackenzie",23504,"Hoey, Rico",2.13,0.44948,2.225,-0.0426,RBC Canadian Open,2026-06-10 09:51:07.45615,2.13,0.44948,0,FALSE,-0.0426076000000001,FALSE
round_matchups betonline 16243 10419,round_matchups,betonline,16243,"Koepka, Brooks",10419,"Noren, Alex",1.952,0.4644,2.153,-0.0933,RBC Canadian Open,2026-06-10 09:51:07.45615,1.952,0.4644,0,FALSE,-0.0934912000000001,FALSE
round_matchups betonline 16394 27819,round_matchups,betonline,16394,"Jaeger, Stephan",27819,"Castillo, Ricky",1.935,0.47303,2.114,-0.0849,RBC Canadian Open,2026-06-10 09:51:07.45615,1.935,0.47303,0,FALSE,-0.0846869499999999,FALSE
round_matchups betonline 17365 28159,round_matchups,betonline,17365,"Mitchell, Keith",28159,"Meissner, Mac",1.87,0.49375,2.025,-0.0769,RBC Canadian Open,2026-06-10 09:51:07.45615,1.87,0.49375,0,FALSE,-0.0766874999999999,FALSE
round_matchups betonline 17576 23014,round_matchups,betonline,17576,"Conners, Corey",23014,"Theegala, Sahith",1.909,0.49206,2.032,-0.0606,RBC Canadian Open,2026-06-10 09:51:07.45615,1.909,0.49206,0,FALSE,-0.0606574599999999,FALSE
round_matchups betonline 17646 6093,round_matchups,betonline,17646,"Fitzpatrick, Matt",6093,"Rose, Justin",1.725,0.56201,1.779,-0.0307,RBC Canadian Open,2026-06-10 09:51:07.45615,1.725,0.56201,0,FALSE,-0.0305327499999999,FALSE
round_matchups betonline 17780 23465,round_matchups,betonline,17780,"Pendrith, Taylor",23465,"Greyserman, Max",1.909,0.52377,1.909,-1e-04,RBC Canadian Open,2026-06-10 09:51:07.45615,1.909,0.52377,0,FALSE,-0.000123070000000114,FALSE
round_matchups betonline 18103 14704,round_matchups,betonline,18103,"Bezuidenhout, Christiaan",14704,"Putnam, Andrew",1.952,0.49457,2.022,-0.0344,RBC Canadian Open,2026-06-10 09:51:07.45615,1.952,0.49457,0,FALSE,-0.03459936,FALSE
round_matchups betonline 18554 18841,round_matchups,betonline,18554,"Rai, Aaron",18841,"Hovland, Viktor",1.769,0.52863,1.892,-0.0647,RBC Canadian Open,2026-06-10 09:51:07.45615,1.769,0.52863,0,FALSE,-0.0648535299999999,FALSE
round_matchups betonline 18586 24550,round_matchups,betonline,18586,"Smith, Jordan",24550,"Ghim, Doug",1.935,0.51291,1.95,-0.0077,RBC Canadian Open,2026-06-10 09:51:07.45615,1.935,0.51291,0,FALSE,-0.00751915000000003,FALSE
round_matchups betonline 18841 18554,round_matchups,betonline,18841,"Hovland, Viktor",18554,"Rai, Aaron",2.09,0.47137,2.121,-0.0148,RBC Canadian Open,2026-06-10 09:51:07.45615,2.09,0.47137,0,FALSE,-0.0148367,FALSE
round_matchups betonline 19483 21407,round_matchups,betonline,19483,"Burns, Sam",21407,"Reitan, Kristoffer",1.769,0.53657,1.864,-0.0507,RBC Canadian Open,2026-06-10 09:51:07.45615,1.769,0.53657,0,FALSE,-0.0508076700000001,FALSE
round_matchups betonline 19846 21944,round_matchups,betonline,19846,"Bauchou, Zach",21944,"Moore, Taylor",1.833,0.50295,1.988,-0.0779,RBC Canadian Open,2026-06-10 09:51:07.45615,1.833,0.50295,0,FALSE,-0.07809265,FALSE
round_matchups betonline 20706 23505,round_matchups,betonline,20706,"Wallace, Matt",23505,"McGreevy, Max",1.885,0.49275,2.029,-0.0712,RBC Canadian Open,2026-06-10 09:51:07.45615,1.885,0.49275,0,FALSE,-0.07116625,FALSE
round_matchups betonline 20722 22985,round_matchups,betonline,20722,"Schmid, Matti",22985,"Smotherman, Austin",2,0.48771,2.05,-0.0246,RBC Canadian Open,2026-06-10 09:51:07.45615,2,0.48771,0,FALSE,-0.02458,FALSE
round_matchups betonline 21407 19483,round_matchups,betonline,21407,"Reitan, Kristoffer",19483,"Burns, Sam",2.09,0.46343,2.158,-0.0314,RBC Canadian Open,2026-06-10 09:51:07.45615,2.09,0.46343,0,FALSE,-0.0314313000000001,FALSE
round_matchups betonline 21756 26649,round_matchups,betonline,21756,"Cole, Eric",26649,"Thorbjornsen, Michael",1.8,0.51824,1.93,-0.0672,RBC Canadian Open,2026-06-10 09:51:07.45615,1.8,0.51824,0,FALSE,-0.0671679999999999,FALSE
round_matchups betonline 21944 19846,round_matchups,betonline,21944,"Moore, Taylor",19846,"Bauchou, Zach",2,0.49705,2.012,-0.0059,RBC Canadian Open,2026-06-10 09:51:07.45615,2,0.49705,0,FALSE,-0.00590000000000002,FALSE
round_matchups betonline 22085 12294,round_matchups,betonline,22085,"Morikawa, Collin",12294,"Fleetwood, Tommy",2.25,0.42488,2.354,-0.044,RBC Canadian Open,2026-06-10 09:51:07.45615,2.25,0.42488,0,FALSE,-0.0440200000000001,FALSE
round_matchups betonline 22985 20722,round_matchups,betonline,22985,"Smotherman, Austin",20722,"Schmid, Matti",1.833,0.51229,1.952,-0.0608,RBC Canadian Open,2026-06-10 09:51:07.45615,1.833,0.51229,0,FALSE,-0.06097243,FALSE
round_matchups betonline 23014 17576,round_matchups,betonline,23014,"Theegala, Sahith",17576,"Conners, Corey",1.909,0.50794,1.969,-0.0303,RBC Canadian Open,2026-06-10 09:51:07.45615,1.909,0.50794,0,FALSE,-0.0303425400000001,FALSE
round_matchups betonline 23323 23604,round_matchups,betonline,23323,"MacIntyre, Robert",23604,"Clark, Wyndham",2,0.49227,2.031,-0.0155,RBC Canadian Open,2026-06-10 09:51:07.45615,2,0.49227,0,FALSE,-0.01546,FALSE
round_matchups betonline 23465 17780,round_matchups,betonline,23465,"Greyserman, Max",17780,"Pendrith, Taylor",1.909,0.47623,2.1,-0.0908,RBC Canadian Open,2026-06-10 09:51:07.45615,1.909,0.47623,0,FALSE,-0.09087693,FALSE
round_matchups betonline 23504 15556,round_matchups,betonline,23504,"Hoey, Rico",15556,"Hughes, Mackenzie",1.741,0.55052,1.816,-0.0417,RBC Canadian Open,2026-06-10 09:51:07.45615,1.741,0.55052,0,FALSE,-0.0415446799999999,FALSE
round_matchups betonline 23505 20706,round_matchups,betonline,23505,"McGreevy, Max",20706,"Wallace, Matt",1.935,0.50725,1.971,-0.0187,RBC Canadian Open,2026-06-10 09:51:07.45615,1.935,0.50725,0,FALSE,-0.0184712500000001,FALSE
round_matchups betonline 23602 27194,round_matchups,betonline,23602,"Hojgaard, Nicolai",27194,"Hall, Harry",1.769,0.53745,1.861,-0.0491,RBC Canadian Open,2026-06-10 09:51:07.45615,1.769,0.53745,0,FALSE,-0.0492509500000001,FALSE
round_matchups betonline 23604 23323,round_matchups,betonline,23604,"Clark, Wyndham",23323,"MacIntyre, Robert",1.833,0.50773,1.97,-0.0692,RBC Canadian Open,2026-06-10 09:51:07.45615,1.833,0.50773,0,FALSE,-0.06933091,FALSE
round_matchups betonline 24550 18586,round_matchups,betonline,24550,"Ghim, Doug",18586,"Smith, Jordan",1.885,0.48709,2.053,-0.0819,RBC Canadian Open,2026-06-10 09:51:07.45615,1.885,0.48709,0,FALSE,-0.08183535,FALSE
round_matchups betonline 25362 13900,round_matchups,betonline,25362,"Fitzpatrick, Alex",13900,"Lowry, Shane",1.847,0.49914,2.003,-0.0779,RBC Canadian Open,2026-06-10 09:51:07.45615,1.847,0.49914,0,FALSE,-0.0780884200000001,FALSE
round_matchups betonline 26649 21756,round_matchups,betonline,26649,"Thorbjornsen, Michael",21756,"Cole, Eric",2.05,0.48176,2.076,-0.0124,RBC Canadian Open,2026-06-10 09:51:07.45615,2.05,0.48176,0,FALSE,-0.0123920000000001,FALSE
round_matchups betonline 27194 23602,round_matchups,betonline,27194,"Hall, Harry",23602,"Hojgaard, Nicolai",2.09,0.46255,2.162,-0.0333,RBC Canadian Open,2026-06-10 09:51:07.45615,2.09,0.46255,0,FALSE,-0.0332705,FALSE
round_matchups betonline 27364 29925,round_matchups,betonline,27364,"Thompson, Davis",29925,"Yellamaraju, Sudarshan",1.909,0.50882,1.965,-0.0286,RBC Canadian Open,2026-06-10 09:51:07.45615,1.909,0.50882,0,FALSE,-0.0286626199999999,FALSE
round_matchups betonline 27819 16394,round_matchups,betonline,27819,"Castillo, Ricky",16394,"Jaeger, Stephan",1.885,0.52697,1.898,-0.0067,RBC Canadian Open,2026-06-10 09:51:07.45615,1.885,0.52697,0,FALSE,-0.00666154999999991,FALSE
round_matchups betonline 27900 32457,round_matchups,betonline,27900,"Potgieter, Aldrich",32457,"Keefer, Johnny",1.952,0.49713,2.012,-0.0294,RBC Canadian Open,2026-06-10 09:51:07.45615,1.952,0.49713,0,FALSE,-0.02960224,FALSE
round_matchups betonline 28159 17365,round_matchups,betonline,28159,"Meissner, Mac",17365,"Mitchell, Keith",1.952,0.50625,1.975,-0.0116,RBC Canadian Open,2026-06-10 09:51:07.45615,1.952,0.50625,0,FALSE,-0.0118,FALSE
round_matchups betonline 29197 11676,round_matchups,betonline,29197,"Brennan, Michael",11676,"Finau, Tony",1.87,0.49566,2.018,-0.0733,RBC Canadian Open,2026-06-10 09:51:07.45615,1.87,0.49566,0,FALSE,-0.0731158,FALSE
round_matchups betonline 29279 15310,round_matchups,betonline,29279,"Suber, Jackson",15310,"Li, Haotong",1.935,0.46888,2.133,-0.0929,RBC Canadian Open,2026-06-10 09:51:07.45615,1.935,0.46888,0,FALSE,-0.0927171999999999,FALSE
round_matchups betonline 29433 14502,round_matchups,betonline,29433,"Bridgeman, Jacob",14502,"Cauley, Bud",1.98,0.49845,2.006,-0.0129,RBC Canadian Open,2026-06-10 09:51:07.45615,1.98,0.49845,0,FALSE,-0.013069,FALSE
round_matchups betonline 29925 27364,round_matchups,betonline,29925,"Yellamaraju, Sudarshan",27364,"Thompson, Davis",1.909,0.49118,2.036,-0.0623,RBC Canadian Open,2026-06-10 09:51:07.45615,1.909,0.49118,0,FALSE,-0.06233738,FALSE
round_matchups betonline 32457 27900,round_matchups,betonline,32457,"Keefer, Johnny",27900,"Potgieter, Aldrich",1.87,0.50287,1.989,-0.0598,RBC Canadian Open,2026-06-10 09:51:07.45615,1.87,0.50287,0,FALSE,-0.0596330999999999,FALSE
round_matchups betonline 6093 17646,round_matchups,betonline,6093,"Rose, Justin",17646,"Fitzpatrick, Matt",2.15,0.43799,2.283,-0.0583,RBC Canadian Open,2026-06-10 09:51:07.45615,2.15,0.43799,0,FALSE,-0.0583215,FALSE
round_matchups bovada 10419 13900,round_matchups,bovada,10419,"Noren, Alex",13900,"Lowry, Shane",1.909,0.5055,1.978,-0.035,RBC Canadian Open,2026-06-10 09:51:07.45615,1.909,0.5055,0,FALSE,-0.0350005000000001,FALSE
round_matchups bovada 11676 23465,round_matchups,bovada,11676,"Finau, Tony",23465,"Greyserman, Max",1.833,0.54037,1.851,-0.0093,RBC Canadian Open,2026-06-10 09:51:07.45615,1.833,0.54037,0,FALSE,-0.00950178999999995,FALSE
round_matchups bovada 12294 17646,round_matchups,bovada,12294,"Fleetwood, Tommy",17646,"Fitzpatrick, Matt",1.87,0.51547,1.94,-0.0361,RBC Canadian Open,2026-06-10 09:51:07.45615,1.87,0.51547,0,FALSE,-0.0360711,FALSE
round_matchups bovada 13126 26649,round_matchups,bovada,13126,"Taylor, Nick",26649,"Thorbjornsen, Michael",1.87,0.51159,1.955,-0.0433,RBC Canadian Open,2026-06-10 09:51:07.45615,1.87,0.51159,0,FALSE,-0.0433266999999999,FALSE
round_matchups bovada 13900 10419,round_matchups,bovada,13900,"Lowry, Shane",10419,"Noren, Alex",1.909,0.4945,2.022,-0.056,RBC Canadian Open,2026-06-10 09:51:07.45615,1.909,0.4945,0,FALSE,-0.0559995,FALSE
round_matchups bovada 14502 29197,round_matchups,bovada,14502,"Cauley, Bud",29197,"Brennan, Michael",1.833,0.53757,1.86,-0.0145,RBC Canadian Open,2026-06-10 09:51:07.45615,1.833,0.53757,0,FALSE,-0.01463419,FALSE
round_matchups bovada 16243 21407,round_matchups,bovada,16243,"Koepka, Brooks",21407,"Reitan, Kristoffer",2.05,0.44844,2.23,-0.0807,RBC Canadian Open,2026-06-10 09:51:07.45615,2.05,0.44844,0,FALSE,-0.080698,FALSE
round_matchups bovada 17365 28159,round_matchups,bovada,17365,"Mitchell, Keith",28159,"Meissner, Mac",1.909,0.49375,2.025,-0.0574,RBC Canadian Open,2026-06-10 09:51:07.45615,1.909,0.49375,0,FALSE,-0.0574312499999999,FALSE
round_matchups bovada 17646 12294,round_matchups,bovada,17646,"Fitzpatrick, Matt",12294,"Fleetwood, Tommy",1.952,0.48453,2.064,-0.054,RBC Canadian Open,2026-06-10 09:51:07.45615,1.952,0.48453,0,FALSE,-0.05419744,FALSE
round_matchups bovada 17780 27819,round_matchups,bovada,17780,"Pendrith, Taylor",27819,"Castillo, Ricky",1.87,0.51647,1.936,-0.0342,RBC Canadian Open,2026-06-10 09:51:07.45615,1.87,0.51647,0,FALSE,-0.0342011,FALSE
round_matchups bovada 18554 29433,round_matchups,bovada,18554,"Rai, Aaron",29433,"Bridgeman, Jacob",1.87,0.5319,1.88,-0.0053,RBC Canadian Open,2026-06-10 09:51:07.45615,1.87,0.5319,0,FALSE,-0.00534699999999988,FALSE
round_matchups bovada 18586 24550,round_matchups,bovada,18586,"Smith, Jordan",24550,"Ghim, Doug",1.87,0.51291,1.95,-0.0409,RBC Canadian Open,2026-06-10 09:51:07.45615,1.87,0.51291,0,FALSE,-0.0408583,FALSE
round_matchups bovada 18841 6093,round_matchups,bovada,18841,"Hovland, Viktor",6093,"Rose, Justin",1.952,0.47393,2.11,-0.0747,RBC Canadian Open,2026-06-10 09:51:07.45615,1.952,0.47393,0,FALSE,-0.07488864,FALSE
round_matchups bovada 19483 23323,round_matchups,bovada,19483,"Burns, Sam",23323,"MacIntyre, Robert",1.769,0.54349,1.84,-0.0384,RBC Canadian Open,2026-06-10 09:51:07.45615,1.769,0.54349,0,FALSE,-0.0385661900000001,FALSE
round_matchups bovada 20722 23505,round_matchups,bovada,20722,"Schmid, Matti",23505,"McGreevy, Max",1.952,0.47252,2.116,-0.0775,RBC Canadian Open,2026-06-10 09:51:07.45615,1.952,0.47252,0,FALSE,-0.07764096,FALSE
round_matchups bovada 21407 16243,round_matchups,bovada,21407,"Reitan, Kristoffer",16243,"Koepka, Brooks",1.8,0.55156,1.813,-0.0072,RBC Canadian Open,2026-06-10 09:51:07.45615,1.8,0.55156,0,FALSE,-0.00719199999999987,FALSE
round_matchups bovada 21756 25362,round_matchups,bovada,21756,"Cole, Eric",25362,"Fitzpatrick, Alex",1.952,0.47792,2.092,-0.0669,RBC Canadian Open,2026-06-10 09:51:07.45615,1.952,0.47792,0,FALSE,-0.06710016,FALSE
round_matchups bovada 22002 23841,round_matchups,bovada,22002,"Dumont De Chassart, Adrien",23841,"Neergaard-Petersen, Rasmus",2.05,0.45998,2.174,-0.057,RBC Canadian Open,2026-06-10 09:51:07.45615,2.05,0.45998,0,FALSE,-0.0570410000000001,FALSE
round_matchups bovada 23323 19483,round_matchups,bovada,23323,"MacIntyre, Robert",19483,"Burns, Sam",2.1,0.45651,2.191,-0.0413,RBC Canadian Open,2026-06-10 09:51:07.45615,2.1,0.45651,0,FALSE,-0.041329,FALSE
round_matchups bovada 23465 11676,round_matchups,bovada,23465,"Greyserman, Max",11676,"Finau, Tony",2,0.45963,2.176,-0.0807,RBC Canadian Open,2026-06-10 09:51:07.45615,2,0.45963,0,FALSE,-0.08074,FALSE
round_matchups bovada 23505 20722,round_matchups,bovada,23505,"McGreevy, Max",20722,"Schmid, Matti",1.87,0.52748,1.896,-0.0136,RBC Canadian Open,2026-06-10 09:51:07.45615,1.87,0.52748,0,FALSE,-0.0136124000000001,FALSE
round_matchups bovada 23602 23604,round_matchups,bovada,23602,"Hojgaard, Nicolai",23604,"Clark, Wyndham",1.952,0.49102,2.037,-0.0413,RBC Canadian Open,2026-06-10 09:51:07.45615,1.952,0.49102,0,FALSE,-0.04152896,FALSE
round_matchups bovada 23604 23602,round_matchups,bovada,23604,"Clark, Wyndham",23602,"Hojgaard, Nicolai",1.87,0.50898,1.965,-0.0482,RBC Canadian Open,2026-06-10 09:51:07.45615,1.87,0.50898,0,FALSE,-0.0482074,FALSE
round_matchups bovada 23841 22002,round_matchups,bovada,23841,"Neergaard-Petersen, Rasmus",22002,"Dumont De Chassart, Adrien",1.8,0.54002,1.852,-0.028,RBC Canadian Open,2026-06-10 09:51:07.45615,1.8,0.54002,0,FALSE,-0.0279640000000001,FALSE
round_matchups bovada 24550 18586,round_matchups,bovada,24550,"Ghim, Doug",18586,"Smith, Jordan",1.952,0.48709,2.053,-0.049,RBC Canadian Open,2026-06-10 09:51:07.45615,1.952,0.48709,0,FALSE,-0.04920032,FALSE
round_matchups bovada 25362 21756,round_matchups,bovada,25362,"Fitzpatrick, Alex",21756,"Cole, Eric",1.87,0.52208,1.915,-0.0237,RBC Canadian Open,2026-06-10 09:51:07.45615,1.87,0.52208,0,FALSE,-0.0237104,FALSE
round_matchups bovada 26649 13126,round_matchups,bovada,26649,"Thorbjornsen, Michael",13126,"Taylor, Nick",1.952,0.48841,2.047,-0.0464,RBC Canadian Open,2026-06-10 09:51:07.45615,1.952,0.48841,0,FALSE,-0.04662368,FALSE
round_matchups bovada 27819 17780,round_matchups,bovada,27819,"Castillo, Ricky",17780,"Pendrith, Taylor",1.952,0.48353,2.068,-0.056,RBC Canadian Open,2026-06-10 09:51:07.45615,1.952,0.48353,0,FALSE,-0.05614944,FALSE
round_matchups bovada 28159 17365,round_matchups,bovada,28159,"Meissner, Mac",17365,"Mitchell, Keith",1.909,0.50625,1.975,-0.0335,RBC Canadian Open,2026-06-10 09:51:07.45615,1.909,0.50625,0,FALSE,-0.03356875,FALSE
round_matchups bovada 29197 14502,round_matchups,bovada,29197,"Brennan, Michael",14502,"Cauley, Bud",2,0.46243,2.163,-0.0751,RBC Canadian Open,2026-06-10 09:51:07.45615,2,0.46243,0,FALSE,-0.07514,FALSE
round_matchups bovada 29433 18554,round_matchups,bovada,29433,"Bridgeman, Jacob",18554,"Rai, Aaron",1.952,0.4681,2.136,-0.0861,RBC Canadian Open,2026-06-10 09:51:07.45615,1.952,0.4681,0,FALSE,-0.0862688,FALSE
round_matchups bovada 6093 18841,round_matchups,bovada,6093,"Rose, Justin",18841,"Hovland, Viktor",1.87,0.52607,1.901,-0.0163,RBC Canadian Open,2026-06-10 09:51:07.45615,1.87,0.52607,0,FALSE,-0.0162490999999999,FALSE
round_matchups draftkings 10419 25362,round_matchups,draftkings,10419,"Noren, Alex",25362,"Fitzpatrick, Alex",1.847,0.50331,1.987,-0.0702,RBC Canadian Open,2026-06-10 09:51:07.45615,1.847,0.50331,0,FALSE,-0.07038643,FALSE
round_matchups draftkings 11889 21756,round_matchups,draftkings,11889,"Fox, Ryan",21756,"Cole, Eric",1.909,0.4755,2.103,-0.0922,RBC Canadian Open,2026-06-10 09:51:07.45615,1.909,0.4755,0,FALSE,-0.0922705,FALSE
round_matchups draftkings 12294 22085,round_matchups,draftkings,12294,"Fleetwood, Tommy",22085,"Morikawa, Collin",1.694,0.57512,1.739,-0.0255,RBC Canadian Open,2026-06-10 09:51:07.45615,1.694,0.57512,0,FALSE,-0.0257467200000001,FALSE
round_matchups draftkings 13126 18586,round_matchups,draftkings,13126,"Taylor, Nick",18586,"Smith, Jordan",1.769,0.51814,1.93,-0.0833,RBC Canadian Open,2026-06-10 09:51:07.45615,1.769,0.51814,0,FALSE,-0.0834103399999999,FALSE
round_matchups draftkings 13900 26649,round_matchups,draftkings,13900,"Lowry, Shane",26649,"Thorbjornsen, Michael",1.82,0.53917,1.855,-0.0189,RBC Canadian Open,2026-06-10 09:51:07.45615,1.82,0.53917,0,FALSE,-0.0187105999999999,FALSE
round_matchups draftkings 14502 29433,round_matchups,draftkings,14502,"Cauley, Bud",29433,"Bridgeman, Jacob",1.909,0.50155,1.994,-0.0425,RBC Canadian Open,2026-06-10 09:51:07.45615,1.909,0.50155,0,FALSE,-0.0425410499999999,FALSE
round_matchups draftkings 16243 19483,round_matchups,draftkings,16243,"Koepka, Brooks",19483,"Burns, Sam",2.12,0.41279,2.423,-0.1249,RBC Canadian Open,2026-06-10 09:51:07.45615,2.12,0.41279,0,FALSE,-0.1248852,FALSE
round_matchups draftkings 17365 18841,round_matchups,draftkings,17365,"Mitchell, Keith",18841,"Hovland, Viktor",1.98,0.48452,2.064,-0.0405,RBC Canadian Open,2026-06-10 09:51:07.45615,1.98,0.48452,0,FALSE,-0.0406504,FALSE
round_matchups draftkings 17576 29197,round_matchups,draftkings,17576,"Conners, Corey",29197,"Brennan, Michael",1.893,0.49479,2.021,-0.0634,RBC Canadian Open,2026-06-10 09:51:07.45615,1.893,0.49479,0,FALSE,-0.06336253,FALSE
round_matchups draftkings 17646 6093,round_matchups,draftkings,17646,"Fitzpatrick, Matt",6093,"Rose, Justin",1.676,0.56201,1.779,-0.0582,RBC Canadian Open,2026-06-10 09:51:07.45615,1.676,0.56201,0,FALSE,-0.05807124,FALSE
round_matchups draftkings 17780 27364,round_matchups,draftkings,17780,"Pendrith, Taylor",27364,"Thompson, Davis",1.877,0.49427,2.023,-0.0722,RBC Canadian Open,2026-06-10 09:51:07.45615,1.877,0.49427,0,FALSE,-0.07225521,FALSE
round_matchups draftkings 18554 23014,round_matchups,draftkings,18554,"Rai, Aaron",23014,"Theegala, Sahith",1.794,0.56327,1.775,0.0103,RBC Canadian Open,2026-06-10 09:51:07.45615,1.794,0.56327,0,FALSE,0.01050638,FALSE
round_matchups draftkings 18586 13126,round_matchups,draftkings,18586,"Smith, Jordan",13126,"Taylor, Nick",1.98,0.48186,2.075,-0.0457,RBC Canadian Open,2026-06-10 09:51:07.45615,1.98,0.48186,0,FALSE,-0.0459172,FALSE
round_matchups draftkings 18841 17365,round_matchups,draftkings,18841,"Hovland, Viktor",17365,"Mitchell, Keith",1.769,0.51548,1.94,-0.088,RBC Canadian Open,2026-06-10 09:51:07.45615,1.769,0.51548,0,FALSE,-0.0881158799999999,FALSE
round_matchups draftkings 19483 16243,round_matchups,draftkings,19483,"Burns, Sam",16243,"Koepka, Brooks",1.685,0.58721,1.703,-0.0106,RBC Canadian Open,2026-06-10 09:51:07.45615,1.685,0.58721,0,FALSE,-0.01055115,FALSE
round_matchups draftkings 21407 23602,round_matchups,draftkings,21407,"Reitan, Kristoffer",23602,"Hojgaard, Nicolai",1.833,0.50823,1.968,-0.0682,RBC Canadian Open,2026-06-10 09:51:07.45615,1.833,0.50823,0,FALSE,-0.0684144100000002,FALSE
round_matchups draftkings 21756 11889,round_matchups,draftkings,21756,"Cole, Eric",11889,"Fox, Ryan",1.833,0.5245,1.907,-0.0384,RBC Canadian Open,2026-06-10 09:51:07.45615,1.833,0.5245,0,FALSE,-0.0385915000000001,FALSE
round_matchups draftkings 22085 12294,round_matchups,draftkings,22085,"Morikawa, Collin",12294,"Fleetwood, Tommy",2.1,0.42488,2.354,-0.1078,RBC Canadian Open,2026-06-10 09:51:07.45615,2.1,0.42488,0,FALSE,-0.107752,FALSE
round_matchups draftkings 23014 18554,round_matchups,draftkings,23014,"Theegala, Sahith",18554,"Rai, Aaron",1.962,0.43673,2.29,-0.1433,RBC Canadian Open,2026-06-10 09:51:07.45615,1.962,0.43673,0,FALSE,-0.14313574,FALSE
round_matchups draftkings 23323 23604,round_matchups,draftkings,23323,"MacIntyre, Robert",23604,"Clark, Wyndham",1.87,0.49227,2.031,-0.0797,RBC Canadian Open,2026-06-10 09:51:07.45615,1.87,0.49227,0,FALSE,-0.0794551,FALSE
round_matchups draftkings 23504 27194,round_matchups,draftkings,23504,"Hoey, Rico",27194,"Hall, Harry",1.962,0.46858,2.134,-0.0809,RBC Canadian Open,2026-06-10 09:51:07.45615,1.962,0.46858,0,FALSE,-0.08064604,FALSE
round_matchups draftkings 23602 21407,round_matchups,draftkings,23602,"Hojgaard, Nicolai",21407,"Reitan, Kristoffer",1.909,0.49177,2.033,-0.0612,RBC Canadian Open,2026-06-10 09:51:07.45615,1.909,0.49177,0,FALSE,-0.06121107,FALSE
round_matchups draftkings 23604 23323,round_matchups,draftkings,23604,"Clark, Wyndham",23323,"MacIntyre, Robert",1.877,0.50773,1.97,-0.0469,RBC Canadian Open,2026-06-10 09:51:07.45615,1.877,0.50773,0,FALSE,-0.04699079,FALSE
round_matchups draftkings 24550 27900,round_matchups,draftkings,24550,"Ghim, Doug",27900,"Potgieter, Aldrich",1.833,0.54559,1.833,2e-04,RBC Canadian Open,2026-06-10 09:51:07.45615,1.833,0.54559,0,FALSE,6.64699999999296e-05,FALSE
round_matchups draftkings 25362 10419,round_matchups,draftkings,25362,"Fitzpatrick, Alex",10419,"Noren, Alex",1.893,0.49669,2.013,-0.0598,RBC Canadian Open,2026-06-10 09:51:07.45615,1.893,0.49669,0,FALSE,-0.0597658299999999,FALSE
round_matchups draftkings 26649 13900,round_matchups,draftkings,26649,"Thorbjornsen, Michael",13900,"Lowry, Shane",1.926,0.46083,2.17,-0.1125,RBC Canadian Open,2026-06-10 09:51:07.45615,1.926,0.46083,0,FALSE,-0.11244142,FALSE
round_matchups draftkings 27194 23504,round_matchups,draftkings,27194,"Hall, Harry",23504,"Hoey, Rico",1.781,0.53142,1.882,-0.0534,RBC Canadian Open,2026-06-10 09:51:07.45615,1.781,0.53142,0,FALSE,-0.0535409800000001,FALSE
round_matchups draftkings 27364 17780,round_matchups,draftkings,27364,"Thompson, Davis",17780,"Pendrith, Taylor",1.877,0.50573,1.977,-0.0506,RBC Canadian Open,2026-06-10 09:51:07.45615,1.877,0.50573,0,FALSE,-0.05074479,FALSE
round_matchups draftkings 27900 24550,round_matchups,draftkings,27900,"Potgieter, Aldrich",24550,"Ghim, Doug",1.909,0.45441,2.201,-0.1325,RBC Canadian Open,2026-06-10 09:51:07.45615,1.909,0.45441,0,FALSE,-0.13253131,FALSE
round_matchups draftkings 29197 17576,round_matchups,draftkings,29197,"Brennan, Michael",17576,"Conners, Corey",1.847,0.50521,1.979,-0.0666,RBC Canadian Open,2026-06-10 09:51:07.45615,1.847,0.50521,0,FALSE,-0.06687713,FALSE
round_matchups draftkings 29433 14502,round_matchups,draftkings,29433,"Bridgeman, Jacob",14502,"Cauley, Bud",1.833,0.49845,2.006,-0.0862,RBC Canadian Open,2026-06-10 09:51:07.45615,1.833,0.49845,0,FALSE,-0.08634115,FALSE
round_matchups draftkings 6093 17646,round_matchups,draftkings,6093,"Rose, Justin",17646,"Fitzpatrick, Matt",2.14,0.43799,2.283,-0.0627,RBC Canadian Open,2026-06-10 09:51:07.45615,2.14,0.43799,0,FALSE,-0.0627014,FALSE
round_matchups fanduel 10419 21407,round_matchups,fanduel,10419,"Noren, Alex",21407,"Reitan, Kristoffer",2,0.48207,2.074,-0.0359,RBC Canadian Open,2026-06-10 09:51:07.45615,2,0.48207,0,FALSE,-0.03586,FALSE
round_matchups fanduel 12294 17646,round_matchups,fanduel,12294,"Fleetwood, Tommy",17646,"Fitzpatrick, Matt",1.8,0.51547,1.94,-0.0721,RBC Canadian Open,2026-06-10 09:51:07.45615,1.8,0.51547,0,FALSE,-0.0721540000000001,FALSE
round_matchups fanduel 13126 25362,round_matchups,fanduel,13126,"Taylor, Nick",25362,"Fitzpatrick, Alex",1.9,0.47136,2.122,-0.1044,RBC Canadian Open,2026-06-10 09:51:07.45615,1.9,0.47136,0,FALSE,-0.104416,FALSE
round_matchups fanduel 13900 16243,round_matchups,fanduel,13900,"Lowry, Shane",16243,"Koepka, Brooks",1.909,0.53476,1.87,0.0209,RBC Canadian Open,2026-06-10 09:51:07.45615,1.909,0.53476,0,FALSE,0.02085684,TRUE
round_matchups fanduel 16243 13900,round_matchups,fanduel,16243,"Koepka, Brooks",13900,"Lowry, Shane",1.833,0.46524,2.149,-0.1471,RBC Canadian Open,2026-06-10 09:51:07.45615,1.833,0.46524,0,FALSE,-0.14721508,FALSE
round_matchups fanduel 17576 29925,round_matchups,fanduel,17576,"Conners, Corey",29925,"Yellamaraju, Sudarshan",1.909,0.5094,1.963,-0.0275,RBC Canadian Open,2026-06-10 09:51:07.45615,1.909,0.5094,0,FALSE,-0.0275554,FALSE
round_matchups fanduel 17646 12294,round_matchups,fanduel,17646,"Fitzpatrick, Matt",12294,"Fleetwood, Tommy",2,0.48453,2.064,-0.0309,RBC Canadian Open,2026-06-10 09:51:07.45615,2,0.48453,0,FALSE,-0.03094,FALSE
round_matchups fanduel 18554 23014,round_matchups,fanduel,18554,"Rai, Aaron",23014,"Theegala, Sahith",1.727,0.56327,1.775,-0.0271,RBC Canadian Open,2026-06-10 09:51:07.45615,1.727,0.56327,0,FALSE,-0.0272327099999998,FALSE
round_matchups fanduel 18841 22085,round_matchups,fanduel,18841,"Hovland, Viktor",22085,"Morikawa, Collin",2,0.46489,2.151,-0.0702,RBC Canadian Open,2026-06-10 09:51:07.45615,2,0.46489,0,FALSE,-0.07022,FALSE
round_matchups fanduel 19483 23323,round_matchups,fanduel,19483,"Burns, Sam",23323,"MacIntyre, Robert",1.727,0.54349,1.84,-0.0612,RBC Canadian Open,2026-06-10 09:51:07.45615,1.727,0.54349,0,FALSE,-0.0613927699999999,FALSE
round_matchups fanduel 21407 10419,round_matchups,fanduel,21407,"Reitan, Kristoffer",10419,"Noren, Alex",1.8,0.51793,1.931,-0.0677,RBC Canadian Open,2026-06-10 09:51:07.45615,1.8,0.51793,0,FALSE,-0.067726,FALSE
round_matchups fanduel 22085 18841,round_matchups,fanduel,22085,"Morikawa, Collin",18841,"Hovland, Viktor",1.8,0.53511,1.869,-0.0368,RBC Canadian Open,2026-06-10 09:51:07.45615,1.8,0.53511,0,FALSE,-0.036802,FALSE
round_matchups fanduel 23014 18554,round_matchups,fanduel,23014,"Theegala, Sahith",18554,"Rai, Aaron",2.1,0.43673,2.29,-0.0829,RBC Canadian Open,2026-06-10 09:51:07.45615,2.1,0.43673,0,FALSE,-0.0828669999999999,FALSE
round_matchups fanduel 23323 19483,round_matchups,fanduel,23323,"MacIntyre, Robert",19483,"Burns, Sam",2.1,0.45651,2.191,-0.0413,RBC Canadian Open,2026-06-10 09:51:07.45615,2.1,0.45651,0,FALSE,-0.041329,FALSE
round_matchups fanduel 23602 23604,round_matchups,fanduel,23602,"Hojgaard, Nicolai",23604,"Clark, Wyndham",2,0.49102,2.037,-0.018,RBC Canadian Open,2026-06-10 09:51:07.45615,2,0.49102,0,FALSE,-0.01796,FALSE
round_matchups fanduel 23604 23602,round_matchups,fanduel,23604,"Clark, Wyndham",23602,"Hojgaard, Nicolai",1.8,0.50898,1.965,-0.0838,RBC Canadian Open,2026-06-10 09:51:07.45615,1.8,0.50898,0,FALSE,-0.083836,FALSE
round_matchups fanduel 25362 13126,round_matchups,fanduel,25362,"Fitzpatrick, Alex",13126,"Taylor, Nick",1.9,0.52864,1.892,0.0044,RBC Canadian Open,2026-06-10 09:51:07.45615,1.9,0.52864,0,FALSE,0.00441599999999998,FALSE
round_matchups fanduel 29433 6093,round_matchups,fanduel,29433,"Bridgeman, Jacob",6093,"Rose, Justin",2,0.47528,2.104,-0.0494,RBC Canadian Open,2026-06-10 09:51:07.45615,2,0.47528,0,FALSE,-0.04944,FALSE
round_matchups fanduel 29925 17576,round_matchups,fanduel,29925,"Yellamaraju, Sudarshan",17576,"Conners, Corey",1.8,0.4906,2.038,-0.1169,RBC Canadian Open,2026-06-10 09:51:07.45615,1.8,0.4906,0,FALSE,-0.11692,FALSE
round_matchups fanduel 6093 29433,round_matchups,fanduel,6093,"Rose, Justin",29433,"Bridgeman, Jacob",1.8,0.52472,1.906,-0.0555,RBC Canadian Open,2026-06-10 09:51:07.45615,1.8,0.52472,0,FALSE,-0.055504,FALSE
round_matchups unibet 10104 25908,round_matchups,unibet,10104,"Power, Seamus",25908,"Whaley, Vince",1.775,0.52395,1.909,-0.0699,RBC Canadian Open,2026-06-10 09:51:07.45615,1.775,0.52395,0,FALSE,-0.06998875,FALSE
round_matchups unibet 10419 18628,round_matchups,unibet,10419,"Noren, Alex",18628,"Campbell, Brian",1.328,0.71688,1.395,-0.0481,RBC Canadian Open,2026-06-10 09:51:07.45615,1.328,0.71688,0,FALSE,-0.04798336,FALSE
round_matchups unibet 10873 20766,round_matchups,unibet,10873,"Skinns, David",20766,"Brown, Dan",2.02,0.46221,2.163,-0.0663,RBC Canadian Open,2026-06-10 09:51:07.45615,2.02,0.46221,0,FALSE,-0.0663358,FALSE
round_matchups unibet 11676 29197,round_matchups,unibet,11676,"Finau, Tony",29197,"Brennan, Michael",1.855,0.50434,1.983,-0.0646,RBC Canadian Open,2026-06-10 09:51:07.45615,1.855,0.50434,0,FALSE,-0.0644493000000001,FALSE
round_matchups unibet 12294 17576,round_matchups,unibet,12294,"Fleetwood, Tommy",17576,"Conners, Corey",1.455,0.64941,1.54,-0.0554,RBC Canadian Open,2026-06-10 09:51:07.45615,1.455,0.64941,0,FALSE,-0.0551084499999999,FALSE
round_matchups unibet 12423 27364,round_matchups,unibet,12423,"Kirk, Chris",27364,"Thompson, Davis",2.16,0.43393,2.305,-0.0627,RBC Canadian Open,2026-06-10 09:51:07.45615,2.16,0.43393,0,FALSE,-0.0627112,FALSE
round_matchups unibet 12426 19846,round_matchups,unibet,12426,"Waring, Paul",19846,"Bauchou, Zach",2.2,0.41831,2.391,-0.0797,RBC Canadian Open,2026-06-10 09:51:07.45615,2.2,0.41831,0,FALSE,-0.0797179999999998,FALSE
round_matchups unibet 12808 17550,round_matchups,unibet,12808,"Grillo, Emiliano",17550,"Van Rooyen, Erik",1.676,0.56184,1.78,-0.0585,RBC Canadian Open,2026-06-10 09:51:07.45615,1.676,0.56184,0,FALSE,-0.05835616,FALSE
round_matchups unibet 13126 16243,round_matchups,unibet,13126,"Taylor, Nick",16243,"Koepka, Brooks",1.855,0.50744,1.971,-0.0588,RBC Canadian Open,2026-06-10 09:51:07.45615,1.855,0.50744,0,FALSE,-0.0586988000000001,FALSE
round_matchups unibet 13412 19960,round_matchups,unibet,13412,"Olesen, Thorbjorn",19960,"Pavon, Matthieu",1.658,0.57152,1.75,-0.0525,RBC Canadian Open,2026-06-10 09:51:07.45615,1.658,0.57152,0,FALSE,-0.05241984,FALSE
round_matchups unibet 13764 16591,round_matchups,unibet,13764,"Parry, John",16591,"Rozo, Marcelo",1.556,0.61286,1.632,-0.0467,RBC Canadian Open,2026-06-10 09:51:07.45615,1.556,0.61286,0,FALSE,-0.04638984,FALSE
round_matchups unibet 13900 23323,round_matchups,unibet,13900,"Lowry, Shane",23323,"MacIntyre, Robert",1.952,0.48627,2.056,-0.0506,RBC Canadian Open,2026-06-10 09:51:07.45615,1.952,0.48627,0,FALSE,-0.05080096,FALSE
round_matchups unibet 13965 15556,round_matchups,unibet,13965,"Hadwin, Adam",15556,"Hughes, Mackenzie",2.02,0.46581,2.147,-0.0591,RBC Canadian Open,2026-06-10 09:51:07.45615,2.02,0.46581,0,FALSE,-0.0590638,FALSE
round_matchups unibet 14502 23465,round_matchups,unibet,14502,"Cauley, Bud",23465,"Greyserman, Max",1.676,0.5758,1.737,-0.0351,RBC Canadian Open,2026-06-10 09:51:07.45615,1.676,0.5758,0,FALSE,-0.0349592000000001,FALSE
round_matchups unibet 14704 18103,round_matchups,unibet,14704,"Putnam, Andrew",18103,"Bezuidenhout, Christiaan",1.877,0.50543,1.979,-0.0512,RBC Canadian Open,2026-06-10 09:51:07.45615,1.877,0.50543,0,FALSE,-0.0513078899999999,FALSE
round_matchups unibet 15310 24956,round_matchups,unibet,15310,"Li, Haotong",24956,"Blanchet, Chandler",1.775,0.52869,1.891,-0.0615,RBC Canadian Open,2026-06-10 09:51:07.45615,1.775,0.52869,0,FALSE,-0.0615752500000001,FALSE
round_matchups unibet 15330 21944,round_matchups,unibet,15330,"Griffin, Lanto",21944,"Moore, Taylor",2.2,0.43022,2.324,-0.0535,RBC Canadian Open,2026-06-10 09:51:07.45615,2.2,0.43022,0,FALSE,-0.0535159999999999,FALSE
round_matchups unibet 15470 25157,round_matchups,unibet,15470,"Hossler, Beau",25157,"Hodges, Lee",1.877,0.49816,2.007,-0.0649,RBC Canadian Open,2026-06-10 09:51:07.45615,1.877,0.49816,0,FALSE,-0.06495368,FALSE
round_matchups unibet 15556 13965,round_matchups,unibet,15556,"Hughes, Mackenzie",13965,"Hadwin, Adam",1.775,0.53419,1.872,-0.0517,RBC Canadian Open,2026-06-10 09:51:07.45615,1.775,0.53419,0,FALSE,-0.05181275,FALSE
round_matchups unibet 15575 23504,round_matchups,unibet,15575,"Hoge, Tom",23504,"Hoey, Rico",2.35,0.40421,2.474,-0.0501,RBC Canadian Open,2026-06-10 09:51:07.45615,2.35,0.40421,0,FALSE,-0.0501065,FALSE
round_matchups unibet 15651 16757,round_matchups,unibet,15651,"Ventura, Kris",16757,"Dou, Zecheng",1.917,0.48712,2.053,-0.066,RBC Canadian Open,2026-06-10 09:51:07.45615,1.917,0.48712,0,FALSE,-0.06619096,FALSE
round_matchups unibet 15980 24550,round_matchups,unibet,15980,"Lipsky, David",24550,"Ghim, Doug",2.5,0.38751,2.581,-0.0312,RBC Canadian Open,2026-06-10 09:51:07.45615,2.5,0.38751,0,FALSE,-0.0312249999999999,FALSE
round_matchups unibet 16243 13126,round_matchups,unibet,16243,"Koepka, Brooks",13126,"Taylor, Nick",1.917,0.49256,2.03,-0.0556,RBC Canadian Open,2026-06-10 09:51:07.45615,1.917,0.49256,0,FALSE,-0.0557624799999999,FALSE
round_matchups unibet 16333 32457,round_matchups,unibet,16333,"Hubbard, Mark",32457,"Keefer, Johnny",2.1,0.45576,2.194,-0.0429,RBC Canadian Open,2026-06-10 09:51:07.45615,2.1,0.45576,0,FALSE,-0.0429039999999999,FALSE
round_matchups unibet 16341 25094,round_matchups,unibet,16341,"Peterson, Paul",25094,"Fishburn, Patrick",2.06,0.4655,2.148,-0.0411,RBC Canadian Open,2026-06-10 09:51:07.45615,2.06,0.4655,0,FALSE,-0.0410699999999999,FALSE
round_matchups unibet 16394 29433,round_matchups,unibet,16394,"Jaeger, Stephan",29433,"Bridgeman, Jacob",2.1,0.40651,2.46,-0.1463,RBC Canadian Open,2026-06-10 09:51:07.45615,2.1,0.40651,0,FALSE,-0.146329,FALSE
round_matchups unibet 16591 13764,round_matchups,unibet,16591,"Rozo, Marcelo",13764,"Parry, John",2.4,0.38714,2.583,-0.0709,RBC Canadian Open,2026-06-10 09:51:07.45615,2.4,0.38714,0,FALSE,-0.070864,FALSE
round_matchups unibet 16715 23505,round_matchups,unibet,16715,"Ryder, Sam",23505,"McGreevy, Max",2.2,0.43094,2.321,-0.0519,RBC Canadian Open,2026-06-10 09:51:07.45615,2.2,0.43094,0,FALSE,-0.051932,FALSE
round_matchups unibet 16757 15651,round_matchups,unibet,16757,"Dou, Zecheng",15651,"Ventura, Kris",1.855,0.51288,1.95,-0.0488,RBC Canadian Open,2026-06-10 09:51:07.45615,1.855,0.51288,0,FALSE,-0.0486076,FALSE
round_matchups unibet 17032 22002,round_matchups,unibet,17032,"Tosti, Alejandro",22002,"Dumont De Chassart, Adrien",2.4,0.38143,2.622,-0.0846,RBC Canadian Open,2026-06-10 09:51:07.45615,2.4,0.38143,0,FALSE,-0.0845680000000001,FALSE
round_matchups unibet 17365 18424,round_matchups,unibet,17365,"Mitchell, Keith",18424,"Roy, Kevin",1.571,0.59996,1.667,-0.0572,RBC Canadian Open,2026-06-10 09:51:07.45615,1.571,0.59996,0,FALSE,-0.0574628399999999,FALSE
round_matchups unibet 17538 26657,round_matchups,unibet,17538,"Homa, Max",26657,"Fisk, Steven",1.952,0.48186,2.075,-0.0592,RBC Canadian Open,2026-06-10 09:51:07.45615,1.952,0.48186,0,FALSE,-0.05940928,FALSE
round_matchups unibet 17550 12808,round_matchups,unibet,17550,"Van Rooyen, Erik",12808,"Grillo, Emiliano",2.16,0.43816,2.282,-0.0536,RBC Canadian Open,2026-06-10 09:51:07.45615,2.16,0.43816,0,FALSE,-0.0535743999999999,FALSE
round_matchups unibet 17576 12294,round_matchups,unibet,17576,"Conners, Corey",12294,"Fleetwood, Tommy",2.65,0.35059,2.852,-0.0709,RBC Canadian Open,2026-06-10 09:51:07.45615,2.65,0.35059,0,FALSE,-0.0709365,FALSE
round_matchups unibet 17646 18841,round_matchups,unibet,17646,"Fitzpatrick, Matt",18841,"Hovland, Viktor",1.617,0.59204,1.689,-0.0425,RBC Canadian Open,2026-06-10 09:51:07.45615,1.617,0.59204,0,FALSE,-0.04267132,FALSE
round_matchups unibet 17723 21943,round_matchups,unibet,17723,"Lower, Justin",21943,"Lebioda, Hank",2.06,0.46303,2.16,-0.0462,RBC Canadian Open,2026-06-10 09:51:07.45615,2.06,0.46303,0,FALSE,-0.0461581999999999,FALSE
round_matchups unibet 17881 23602,round_matchups,unibet,17881,"Yu, Kevin",23602,"Hojgaard, Nicolai",2.5,0.38455,2.6,-0.0386,RBC Canadian Open,2026-06-10 09:51:07.45615,2.5,0.38455,0,FALSE,-0.038625,FALSE
round_matchups unibet 18103 14704,round_matchups,unibet,18103,"Bezuidenhout, Christiaan",14704,"Putnam, Andrew",1.877,0.49457,2.022,-0.0716,RBC Canadian Open,2026-06-10 09:51:07.45615,1.877,0.49457,0,FALSE,-0.07169211,FALSE
round_matchups unibet 18424 17365,round_matchups,unibet,18424,"Roy, Kevin",17365,"Mitchell, Keith",2.35,0.40004,2.5,-0.0599,RBC Canadian Open,2026-06-10 09:51:07.45615,2.35,0.40004,0,FALSE,-0.0599059999999999,FALSE
round_matchups unibet 18586 26653,round_matchups,unibet,18586,"Smith, Jordan",26653,"Eckroat, Austin",1.658,0.57667,1.734,-0.0439,RBC Canadian Open,2026-06-10 09:51:07.45615,1.658,0.57667,0,FALSE,-0.04388114,FALSE
round_matchups unibet 18628 10419,round_matchups,unibet,18628,"Campbell, Brian",10419,"Noren, Alex",3.4,0.28312,3.532,-0.0374,RBC Canadian Open,2026-06-10 09:51:07.45615,3.4,0.28312,0,FALSE,-0.0373920000000001,FALSE
round_matchups unibet 18841 17646,round_matchups,unibet,18841,"Hovland, Viktor",17646,"Fitzpatrick, Matt",2.28,0.40796,2.451,-0.0698,RBC Canadian Open,2026-06-10 09:51:07.45615,2.28,0.40796,0,FALSE,-0.0698512000000001,FALSE
round_matchups unibet 19483 23604,round_matchups,unibet,19483,"Burns, Sam",23604,"Clark, Wyndham",1.775,0.53752,1.86,-0.0458,RBC Canadian Open,2026-06-10 09:51:07.45615,1.775,0.53752,0,FALSE,-0.045902,FALSE
round_matchups unibet 19729 20706,round_matchups,unibet,19729,"Kanaya, Takumi",20706,"Wallace, Matt",2.2,0.4325,2.312,-0.0485,RBC Canadian Open,2026-06-10 09:51:07.45615,2.2,0.4325,0,FALSE,-0.0485,FALSE
round_matchups unibet 19846 12426,round_matchups,unibet,19846,"Bauchou, Zach",12426,"Waring, Paul",1.658,0.58169,1.719,-0.0356,RBC Canadian Open,2026-06-10 09:51:07.45615,1.658,0.58169,0,FALSE,-0.03555798,FALSE
round_matchups unibet 19960 13412,round_matchups,unibet,19960,"Pavon, Matthieu",13412,"Olesen, Thorbjorn",2.2,0.42848,2.334,-0.0573,RBC Canadian Open,2026-06-10 09:51:07.45615,2.2,0.42848,0,FALSE,-0.0573439999999998,FALSE
round_matchups unibet 20706 19729,round_matchups,unibet,20706,"Wallace, Matt",19729,"Kanaya, Takumi",1.658,0.5675,1.762,-0.0592,RBC Canadian Open,2026-06-10 09:51:07.45615,1.658,0.5675,0,FALSE,-0.0590850000000001,FALSE
round_matchups unibet 20722 28159,round_matchups,unibet,20722,"Schmid, Matti",28159,"Meissner, Mac",2.2,0.41639,2.402,-0.084,RBC Canadian Open,2026-06-10 09:51:07.45615,2.2,0.41639,0,FALSE,-0.083942,FALSE
round_matchups unibet 20766 10873,round_matchups,unibet,20766,"Brown, Dan",10873,"Skinns, David",1.775,0.53779,1.859,-0.0453,RBC Canadian Open,2026-06-10 09:51:07.45615,1.775,0.53779,0,FALSE,-0.0454227500000001,FALSE
round_matchups unibet 20954 21995,round_matchups,unibet,20954,"Hirata, Kensei",21995,"Springer, Hayden",1.952,0.47281,2.115,-0.0769,RBC Canadian Open,2026-06-10 09:51:07.45615,1.952,0.47281,0,FALSE,-0.07707488,FALSE
round_matchups unibet 21074 27780,round_matchups,unibet,21074,"Nakajima, Keita",27780,"Crowe, Trace",1.719,0.54571,1.832,-0.0617,RBC Canadian Open,2026-06-10 09:51:07.45615,1.719,0.54571,0,FALSE,-0.0619245099999999,FALSE
round_matchups unibet 21756 26649,round_matchups,unibet,21756,"Cole, Eric",26649,"Thorbjornsen, Michael",1.855,0.51824,1.93,-0.0388,RBC Canadian Open,2026-06-10 09:51:07.45615,1.855,0.51824,0,FALSE,-0.0386647999999999,FALSE
round_matchups unibet 21883 32330,round_matchups,unibet,21883,"Ewart, A.J.",32330,"Clanton, Luke",1.775,0.53044,1.885,-0.0584,RBC Canadian Open,2026-06-10 09:51:07.45615,1.775,0.53044,0,FALSE,-0.058469,FALSE
round_matchups unibet 21889 24343,round_matchups,unibet,21889,"Kang, Jeffrey",24343,"Lamprecht, Christo",1.855,0.51817,1.93,-0.0389,RBC Canadian Open,2026-06-10 09:51:07.45615,1.855,0.51817,0,FALSE,-0.0387946499999999,FALSE
round_matchups unibet 21943 17723,round_matchups,unibet,21943,"Lebioda, Hank",17723,"Lower, Justin",1.735,0.53697,1.862,-0.0682,RBC Canadian Open,2026-06-10 09:51:07.45615,1.735,0.53697,0,FALSE,-0.06835705,FALSE
round_matchups unibet 21944 15330,round_matchups,unibet,21944,"Moore, Taylor",15330,"Griffin, Lanto",1.658,0.56978,1.755,-0.0554,RBC Canadian Open,2026-06-10 09:51:07.45615,1.658,0.56978,0,FALSE,-0.0553047600000002,FALSE
round_matchups unibet 21995 20954,round_matchups,unibet,21995,"Springer, Hayden",20954,"Hirata, Kensei",1.82,0.52719,1.897,-0.0407,RBC Canadian Open,2026-06-10 09:51:07.45615,1.82,0.52719,0,FALSE,-0.0405141999999998,FALSE
round_matchups unibet 22002 17032,round_matchups,unibet,22002,"Dumont De Chassart, Adrien",17032,"Tosti, Alejandro",1.556,0.61857,1.617,-0.0378,RBC Canadian Open,2026-06-10 09:51:07.45615,1.556,0.61857,0,FALSE,-0.0375050800000001,FALSE
round_matchups unibet 22085 6093,round_matchups,unibet,22085,"Morikawa, Collin",6093,"Rose, Justin",1.855,0.51001,1.961,-0.0541,RBC Canadian Open,2026-06-10 09:51:07.45615,1.855,0.51001,0,FALSE,-0.0539314500000001,FALSE
round_matchups unibet 22985 25003,round_matchups,unibet,22985,"Smotherman, Austin",25003,"Walker, Danny",1.513,0.61647,1.622,-0.0674,RBC Canadian Open,2026-06-10 09:51:07.45615,1.513,0.61647,0,FALSE,-0.0672808900000002,FALSE
round_matchups unibet 23048 25475,round_matchups,unibet,23048,"Stanger, Jimmy",25475,"Nyholm, Pontus",1.952,0.47595,2.101,-0.0708,RBC Canadian Open,2026-06-10 09:51:07.45615,1.952,0.47595,0,FALSE,-0.0709456000000001,FALSE
round_matchups unibet 23323 13900,round_matchups,unibet,23323,"MacIntyre, Robert",13900,"Lowry, Shane",1.82,0.51373,1.947,-0.0652,RBC Canadian Open,2026-06-10 09:51:07.45615,1.82,0.51373,0,FALSE,-0.0650113999999999,FALSE
round_matchups unibet 23465 14502,round_matchups,unibet,23465,"Greyserman, Max",14502,"Cauley, Bud",2.16,0.4242,2.357,-0.0837,RBC Canadian Open,2026-06-10 09:51:07.45615,2.16,0.4242,0,FALSE,-0.0837279999999999,FALSE
round_matchups unibet 23504 15575,round_matchups,unibet,23504,"Hoey, Rico",15575,"Hoge, Tom",1.571,0.59579,1.678,-0.0638,RBC Canadian Open,2026-06-10 09:51:07.45615,1.571,0.59579,0,FALSE,-0.06401391,FALSE
round_matchups unibet 23505 16715,round_matchups,unibet,23505,"McGreevy, Max",16715,"Ryder, Sam",1.658,0.56906,1.757,-0.0566,RBC Canadian Open,2026-06-10 09:51:07.45615,1.658,0.56906,0,FALSE,-0.05649852,FALSE
round_matchups unibet 23602 17881,round_matchups,unibet,23602,"Hojgaard, Nicolai",17881,"Yu, Kevin",1.538,0.61545,1.625,-0.0537,RBC Canadian Open,2026-06-10 09:51:07.45615,1.538,0.61545,0,FALSE,-0.0534378999999999,FALSE
round_matchups unibet 23604 19483,round_matchups,unibet,23604,"Clark, Wyndham",19483,"Burns, Sam",2.02,0.46248,2.162,-0.0658,RBC Canadian Open,2026-06-10 09:51:07.45615,2.02,0.46248,0,FALSE,-0.0657904,FALSE
round_matchups unibet 23841 30620,round_matchups,unibet,23841,"Neergaard-Petersen, Rasmus",30620,"Chatfield, Davis",1.513,0.63428,1.577,-0.0404,RBC Canadian Open,2026-06-10 09:51:07.45615,1.513,0.63428,0,FALSE,-0.0403343600000001,FALSE
round_matchups unibet 24304 29770,round_matchups,unibet,24304,"Vilips, Karl",29770,"Mouw, William",2.16,0.4373,2.287,-0.0554,RBC Canadian Open,2026-06-10 09:51:07.45615,2.16,0.4373,0,FALSE,-0.0554319999999999,FALSE
round_matchups unibet 24343 21889,round_matchups,unibet,24343,"Lamprecht, Christo",21889,"Kang, Jeffrey",1.917,0.48183,2.075,-0.0761,RBC Canadian Open,2026-06-10 09:51:07.45615,1.917,0.48183,0,FALSE,-0.0763318900000001,FALSE
round_matchups unibet 24550 15980,round_matchups,unibet,24550,"Ghim, Doug",15980,"Lipsky, David",1.538,0.61249,1.633,-0.0582,RBC Canadian Open,2026-06-10 09:51:07.45615,1.538,0.61249,0,FALSE,-0.05799038,FALSE
round_matchups unibet 24956 15310,round_matchups,unibet,24956,"Blanchet, Chandler",15310,"Li, Haotong",2.02,0.47131,2.122,-0.048,RBC Canadian Open,2026-06-10 09:51:07.45615,2.02,0.47131,0,FALSE,-0.0479537999999999,FALSE
round_matchups unibet 25003 22985,round_matchups,unibet,25003,"Walker, Danny",22985,"Smotherman, Austin",2.55,0.38353,2.607,-0.022,RBC Canadian Open,2026-06-10 09:51:07.45615,2.55,0.38353,0,FALSE,-0.0219985000000001,FALSE
round_matchups unibet 25094 16341,round_matchups,unibet,25094,"Fishburn, Patrick",16341,"Peterson, Paul",1.735,0.5345,1.871,-0.0725,RBC Canadian Open,2026-06-10 09:51:07.45615,1.735,0.5345,0,FALSE,-0.0726424999999999,FALSE
round_matchups unibet 25157 15470,round_matchups,unibet,25157,"Hodges, Lee",15470,"Hossler, Beau",1.877,0.50184,1.993,-0.058,RBC Canadian Open,2026-06-10 09:51:07.45615,1.877,0.50184,0,FALSE,-0.0580463200000001,FALSE
round_matchups unibet 25319 26850,round_matchups,unibet,25319,"VanDerLaan, John",26850,"Svensson, Jesper",2.02,0.47332,2.113,-0.0439,RBC Canadian Open,2026-06-10 09:51:07.45615,2.02,0.47332,0,FALSE,-0.0438936,FALSE
round_matchups unibet 25475 23048,round_matchups,unibet,25475,"Nyholm, Pontus",23048,"Stanger, Jimmy",1.82,0.52405,1.908,-0.0464,RBC Canadian Open,2026-06-10 09:51:07.45615,1.82,0.52405,0,FALSE,-0.046229,FALSE
round_matchups unibet 25908 10104,round_matchups,unibet,25908,"Whaley, Vince",10104,"Power, Seamus",2.02,0.47605,2.101,-0.0384,RBC Canadian Open,2026-06-10 09:51:07.45615,2.02,0.47605,0,FALSE,-0.0383790000000001,FALSE
round_matchups unibet 26649 21756,round_matchups,unibet,26649,"Thorbjornsen, Michael",21756,"Cole, Eric",1.917,0.48176,2.076,-0.0763,RBC Canadian Open,2026-06-10 09:51:07.45615,1.917,0.48176,0,FALSE,-0.07646608,FALSE
round_matchups unibet 26653 18586,round_matchups,unibet,26653,"Eckroat, Austin",18586,"Smith, Jordan",2.2,0.42333,2.362,-0.0687,RBC Canadian Open,2026-06-10 09:51:07.45615,2.2,0.42333,0,FALSE,-0.068674,FALSE
round_matchups unibet 26657 17538,round_matchups,unibet,26657,"Fisk, Steven",17538,"Homa, Max",1.82,0.51814,1.93,-0.0572,RBC Canadian Open,2026-06-10 09:51:07.45615,1.82,0.51814,0,FALSE,-0.0569851999999998,FALSE
round_matchups unibet 26850 25319,round_matchups,unibet,26850,"Svensson, Jesper",25319,"VanDerLaan, John",1.775,0.52668,1.899,-0.065,RBC Canadian Open,2026-06-10 09:51:07.45615,1.775,0.52668,0,FALSE,-0.065143,FALSE
round_matchups unibet 27194 27900,round_matchups,unibet,27194,"Hall, Harry",27900,"Potgieter, Aldrich",1.658,0.57467,1.74,-0.0473,RBC Canadian Open,2026-06-10 09:51:07.45615,1.658,0.57467,0,FALSE,-0.04719714,FALSE
round_matchups unibet 27364 12423,round_matchups,unibet,27364,"Thompson, Davis",12423,"Kirk, Chris",1.676,0.56607,1.767,-0.0514,RBC Canadian Open,2026-06-10 09:51:07.45615,1.676,0.56607,0,FALSE,-0.0512666800000001,FALSE
round_matchups unibet 27780 21074,round_matchups,unibet,27780,"Crowe, Trace",21074,"Nakajima, Keita",2.1,0.45429,2.201,-0.046,RBC Canadian Open,2026-06-10 09:51:07.45615,2.1,0.45429,0,FALSE,-0.0459909999999999,FALSE
round_matchups unibet 27819 7399,round_matchups,unibet,27819,"Castillo, Ricky",7399,"Glover, Lucas",1.658,0.56405,1.773,-0.0649,RBC Canadian Open,2026-06-10 09:51:07.45615,1.658,0.56405,0,FALSE,-0.0648051,FALSE
round_matchups unibet 27900 27194,round_matchups,unibet,27900,"Potgieter, Aldrich",27194,"Hall, Harry",2.2,0.42533,2.351,-0.0643,RBC Canadian Open,2026-06-10 09:51:07.45615,2.2,0.42533,0,FALSE,-0.0642739999999999,FALSE
round_matchups unibet 28159 20722,round_matchups,unibet,28159,"Meissner, Mac",20722,"Schmid, Matti",1.658,0.58361,1.713,-0.0324,RBC Canadian Open,2026-06-10 09:51:07.45615,1.658,0.58361,0,FALSE,-0.0323746200000001,FALSE
round_matchups unibet 29197 11676,round_matchups,unibet,29197,"Brennan, Michael",11676,"Finau, Tony",1.917,0.49566,2.018,-0.0496,RBC Canadian Open,2026-06-10 09:51:07.45615,1.917,0.49566,0,FALSE,-0.04981978,FALSE
round_matchups unibet 29279 29827,round_matchups,unibet,29279,"Suber, Jackson",29827,"James, Ben",2.02,0.47206,2.118,-0.0464,RBC Canadian Open,2026-06-10 09:51:07.45615,2.02,0.47206,0,FALSE,-0.0464388,FALSE
round_matchups unibet 29433 16394,round_matchups,unibet,29433,"Bridgeman, Jacob",16394,"Jaeger, Stephan",1.719,0.59349,1.685,0.0205,RBC Canadian Open,2026-06-10 09:51:07.45615,1.719,0.59349,0,FALSE,0.02020931,TRUE
round_matchups unibet 29770 24304,round_matchups,unibet,29770,"Mouw, William",24304,"Vilips, Karl",1.676,0.5627,1.777,-0.0571,RBC Canadian Open,2026-06-10 09:51:07.45615,1.676,0.5627,0,FALSE,-0.0569148,FALSE
round_matchups unibet 29827 29279,round_matchups,unibet,29827,"James, Ben",29279,"Suber, Jackson",1.775,0.52794,1.894,-0.0628,RBC Canadian Open,2026-06-10 09:51:07.45615,1.775,0.52794,0,FALSE,-0.0629065000000001,FALSE
round_matchups unibet 30620 23841,round_matchups,unibet,30620,"Chatfield, Davis",23841,"Neergaard-Petersen, Rasmus",2.55,0.36572,2.734,-0.0674,RBC Canadian Open,2026-06-10 09:51:07.45615,2.55,0.36572,0,FALSE,-0.0674140000000001,FALSE
round_matchups unibet 32330 21883,round_matchups,unibet,32330,"Clanton, Luke",21883,"Ewart, A.J.",2.02,0.46956,2.13,-0.0515,RBC Canadian Open,2026-06-10 09:51:07.45615,2.02,0.46956,0,FALSE,-0.0514888,FALSE
round_matchups unibet 32457 16333,round_matchups,unibet,32457,"Keefer, Johnny",16333,"Hubbard, Mark",1.719,0.54424,1.837,-0.0642,RBC Canadian Open,2026-06-10 09:51:07.45615,1.719,0.54424,0,FALSE,-0.06445144,FALSE
round_matchups unibet 6093 22085,round_matchups,unibet,6093,"Rose, Justin",22085,"Morikawa, Collin",1.917,0.48999,2.041,-0.0605,RBC Canadian Open,2026-06-10 09:51:07.45615,1.917,0.48999,0,FALSE,-0.0606891700000001,FALSE
round_matchups unibet 7399 27819,round_matchups,unibet,7399,"Glover, Lucas",27819,"Castillo, Ricky",2.2,0.43595,2.294,-0.0409,RBC Canadian Open,2026-06-10 09:51:07.45615,2.2,0.43595,0,FALSE,-0.0409099999999999,FALSE
tournament_matchups bet365 10419 21407,tournament_matchups,bet365,10419,"Noren, Alex",21407,"Reitan, Kristoffer",2.05,0.46137,2.167,-0.0542,RBC Canadian Open,2026-06-10 09:51:07.45615,2.05,0.46137,0,FALSE,-0.0541915000000001,FALSE
tournament_matchups bet365 11889 27364,tournament_matchups,bet365,11889,"Fox, Ryan",27364,"Thompson, Davis",1.746,0.49218,2.032,-0.1405,RBC Canadian Open,2026-06-10 09:51:07.45615,1.746,0.49218,0,FALSE,-0.14065372,FALSE
tournament_matchups bet365 12294 17646,tournament_matchups,bet365,12294,"Fleetwood, Tommy",17646,"Fitzpatrick, Matt",1.833,0.49673,2.013,-0.0893,RBC Canadian Open,2026-06-10 09:51:07.45615,1.833,0.49673,0,FALSE,-0.08949391,FALSE
tournament_matchups bet365 13126 14502,tournament_matchups,bet365,13126,"Taylor, Nick",14502,"Cauley, Bud",1.87,0.44585,2.243,-0.1665,RBC Canadian Open,2026-06-10 09:51:07.45615,1.87,0.44585,0,FALSE,-0.1662605,FALSE
tournament_matchups bet365 13900 18841,tournament_matchups,bet365,13900,"Lowry, Shane",18841,"Hovland, Viktor",1.909,0.49023,2.04,-0.0641,RBC Canadian Open,2026-06-10 09:51:07.45615,1.909,0.49023,0,FALSE,-0.0641509299999999,FALSE
tournament_matchups bet365 14502 13126,tournament_matchups,bet365,14502,"Cauley, Bud",13126,"Taylor, Nick",1.952,0.5065,1.974,-0.0111,RBC Canadian Open,2026-06-10 09:51:07.45615,1.952,0.5065,0,FALSE,-0.0113120000000001,FALSE
tournament_matchups bet365 16243 6093,tournament_matchups,bet365,16243,"Koepka, Brooks",6093,"Rose, Justin",2.05,0.41442,2.413,-0.1504,RBC Canadian Open,2026-06-10 09:51:07.45615,2.05,0.41442,0,FALSE,-0.150439,FALSE
tournament_matchups bet365 17365 29433,tournament_matchups,bet365,17365,"Mitchell, Keith",29433,"Bridgeman, Jacob",2.15,0.44447,2.25,-0.0444,RBC Canadian Open,2026-06-10 09:51:07.45615,2.15,0.44447,0,FALSE,-0.0443895000000001,FALSE
tournament_matchups bet365 17646 12294,tournament_matchups,bet365,17646,"Fitzpatrick, Matt",12294,"Fleetwood, Tommy",2,0.456,2.193,-0.088,RBC Canadian Open,2026-06-10 09:51:07.45615,2,0.456,0,FALSE,-0.088,FALSE
tournament_matchups bet365 18554 25362,tournament_matchups,bet365,18554,"Rai, Aaron",25362,"Fitzpatrick, Alex",1.909,0.50418,1.983,-0.0375,RBC Canadian Open,2026-06-10 09:51:07.45615,1.909,0.50418,0,FALSE,-0.03752038,FALSE
tournament_matchups bet365 18841 13900,tournament_matchups,bet365,18841,"Hovland, Viktor",13900,"Lowry, Shane",1.909,0.46387,2.156,-0.1144,RBC Canadian Open,2026-06-10 09:51:07.45615,1.909,0.46387,0,FALSE,-0.11447217,FALSE
tournament_matchups bet365 19483 23604,tournament_matchups,bet365,19483,"Burns, Sam",23604,"Clark, Wyndham",1.8,0.52698,1.898,-0.0514,RBC Canadian Open,2026-06-10 09:51:07.45615,1.8,0.52698,0,FALSE,-0.0514359999999999,FALSE
tournament_matchups bet365 21407 10419,tournament_matchups,bet365,21407,"Reitan, Kristoffer",10419,"Noren, Alex",1.8,0.49305,2.028,-0.1125,RBC Canadian Open,2026-06-10 09:51:07.45615,1.8,0.49305,0,FALSE,-0.11251,FALSE
tournament_matchups bet365 21756 27194,tournament_matchups,bet365,21756,"Cole, Eric",27194,"Hall, Harry",1.746,0.487,2.053,-0.1496,RBC Canadian Open,2026-06-10 09:51:07.45615,1.746,0.487,0,FALSE,-0.149698,FALSE
tournament_matchups bet365 23323 23602,tournament_matchups,bet365,23323,"MacIntyre, Robert",23602,"Hojgaard, Nicolai",1.833,0.48092,2.079,-0.1183,RBC Canadian Open,2026-06-10 09:51:07.45615,1.833,0.48092,0,FALSE,-0.11847364,FALSE
tournament_matchups bet365 23602 23323,tournament_matchups,bet365,23602,"Hojgaard, Nicolai",23323,"MacIntyre, Robert",2,0.4745,2.107,-0.051,RBC Canadian Open,2026-06-10 09:51:07.45615,2,0.4745,0,FALSE,-0.0510000000000001,FALSE
tournament_matchups bet365 23604 19483,tournament_matchups,bet365,23604,"Clark, Wyndham",19483,"Burns, Sam",2.05,0.42842,2.334,-0.1217,RBC Canadian Open,2026-06-10 09:51:07.45615,2.05,0.42842,0,FALSE,-0.121739,FALSE
tournament_matchups bet365 25362 18554,tournament_matchups,bet365,25362,"Fitzpatrick, Alex",18554,"Rai, Aaron",1.909,0.44988,2.223,-0.1411,RBC Canadian Open,2026-06-10 09:51:07.45615,1.909,0.44988,0,FALSE,-0.14117908,FALSE
tournament_matchups bet365 26649 29197,tournament_matchups,bet365,26649,"Thorbjornsen, Michael",29197,"Brennan, Michael",1.909,0.49918,2.003,-0.047,RBC Canadian Open,2026-06-10 09:51:07.45615,1.909,0.49918,0,FALSE,-0.0470653799999999,FALSE
tournament_matchups bet365 27194 21756,tournament_matchups,bet365,27194,"Hall, Harry",21756,"Cole, Eric",2.1,0.46547,2.148,-0.0225,RBC Canadian Open,2026-06-10 09:51:07.45615,2.1,0.46547,0,FALSE,-0.022513,FALSE
tournament_matchups bet365 27364 11889,tournament_matchups,bet365,27364,"Thompson, Davis",11889,"Fox, Ryan",2.1,0.46242,2.163,-0.0289,RBC Canadian Open,2026-06-10 09:51:07.45615,2.1,0.46242,0,FALSE,-0.028918,FALSE
tournament_matchups bet365 29197 26649,tournament_matchups,bet365,29197,"Brennan, Michael",26649,"Thorbjornsen, Michael",1.909,0.45715,2.187,-0.1273,RBC Canadian Open,2026-06-10 09:51:07.45615,1.909,0.45715,0,FALSE,-0.12730065,FALSE
tournament_matchups bet365 29433 17365,tournament_matchups,bet365,29433,"Bridgeman, Jacob",17365,"Mitchell, Keith",1.725,0.50997,1.961,-0.1205,RBC Canadian Open,2026-06-10 09:51:07.45615,1.725,0.50997,0,FALSE,-0.12030175,FALSE
tournament_matchups bet365 6093 16243,tournament_matchups,bet365,6093,"Rose, Justin",16243,"Koepka, Brooks",1.8,0.54168,1.846,-0.025,RBC Canadian Open,2026-06-10 09:51:07.45615,1.8,0.54168,0,FALSE,-0.0249759999999999,FALSE
tournament_matchups betcris 10104 20722,tournament_matchups,betcris,10104,"Power, Seamus",20722,"Schmid, Matti",1.943,0.48891,2.045,-0.0498,RBC Canadian Open,2026-06-10 09:51:07.45615,1.943,0.48891,0,FALSE,-0.05004787,FALSE
tournament_matchups betcris 10419 21407,tournament_matchups,betcris,10419,"Noren, Alex",21407,"Reitan, Kristoffer",1.962,0.4834,2.069,-0.0518,RBC Canadian Open,2026-06-10 09:51:07.45615,1.962,0.4834,0,FALSE,-0.0515692,FALSE
tournament_matchups betcris 11276 19840,tournament_matchups,betcris,11276,"Horschel, Billy",19840,"Ramey, Chad",1.926,0.46716,2.141,-0.1003,RBC Canadian Open,2026-06-10 09:51:07.45615,1.926,0.46716,0,FALSE,-0.10024984,FALSE
tournament_matchups betcris 11676 29925,tournament_matchups,betcris,11676,"Finau, Tony",29925,"Yellamaraju, Sudarshan",1.855,0.52278,1.913,-0.0304,RBC Canadian Open,2026-06-10 09:51:07.45615,1.855,0.52278,0,FALSE,-0.0302431,FALSE
tournament_matchups betcris 11889 23014,tournament_matchups,betcris,11889,"Fox, Ryan",23014,"Theegala, Sahith",1.926,0.505,1.98,-0.0274,RBC Canadian Open,2026-06-10 09:51:07.45615,1.926,0.505,0,FALSE,-0.02737,FALSE
tournament_matchups betcris 12294 17646,tournament_matchups,betcris,12294,"Fleetwood, Tommy",17646,"Fitzpatrick, Matt",1.752,0.52138,1.918,-0.0866,RBC Canadian Open,2026-06-10 09:51:07.45615,1.752,0.52138,0,FALSE,-0.0865422400000001,FALSE
tournament_matchups betcris 12423 15470,tournament_matchups,betcris,12423,"Kirk, Chris",15470,"Hossler, Beau",1.806,0.49302,2.028,-0.1094,RBC Canadian Open,2026-06-10 09:51:07.45615,1.806,0.49302,0,FALSE,-0.10960588,FALSE
tournament_matchups betcris 13126 27194,tournament_matchups,betcris,13126,"Taylor, Nick",27194,"Hall, Harry",1.962,0.49668,2.013,-0.0257,RBC Canadian Open,2026-06-10 09:51:07.45615,1.962,0.49668,0,FALSE,-0.02551384,FALSE
tournament_matchups betcris 13412 19870,tournament_matchups,betcris,13412,"Olesen, Thorbjorn",19870,"McCarthy, Denny",1.962,0.50052,1.998,-0.0182,RBC Canadian Open,2026-06-10 09:51:07.45615,1.962,0.50052,0,FALSE,-0.0179797600000001,FALSE
tournament_matchups betcris 13900 23323,tournament_matchups,betcris,13900,"Lowry, Shane",23323,"MacIntyre, Robert",1.962,0.47696,2.097,-0.0644,RBC Canadian Open,2026-06-10 09:51:07.45615,1.962,0.47696,0,FALSE,-0.06420448,FALSE
tournament_matchups betcris 14502 17780,tournament_matchups,betcris,14502,"Cauley, Bud",17780,"Pendrith, Taylor",1.671,0.58227,1.717,-0.0269,RBC Canadian Open,2026-06-10 09:51:07.45615,1.671,0.58227,0,FALSE,-0.0270268300000001,FALSE
tournament_matchups betcris 14704 15556,tournament_matchups,betcris,14704,"Putnam, Andrew",15556,"Hughes, Mackenzie",1.775,0.5785,1.729,0.027,RBC Canadian Open,2026-06-10 09:51:07.45615,1.775,0.5785,0,FALSE,0.0268375000000001,TRUE
tournament_matchups betcris 15310 24550,tournament_matchups,betcris,15310,"Li, Haotong",24550,"Ghim, Doug",2.31,0.43444,2.302,0.0036,RBC Canadian Open,2026-06-10 09:51:07.45615,2.31,0.43444,0,FALSE,0.0035563999999999,FALSE
tournament_matchups betcris 15470 12423,tournament_matchups,betcris,15470,"Hossler, Beau",12423,"Kirk, Chris",1.943,0.50698,1.972,-0.0147,RBC Canadian Open,2026-06-10 09:51:07.45615,1.943,0.50698,0,FALSE,-0.01493786,FALSE
tournament_matchups betcris 15556 14704,tournament_matchups,betcris,15556,"Hughes, Mackenzie",14704,"Putnam, Andrew",1.99,0.4215,2.372,-0.1612,RBC Canadian Open,2026-06-10 09:51:07.45615,1.99,0.4215,0,FALSE,-0.161215,FALSE
tournament_matchups betcris 16243 6093,tournament_matchups,betcris,16243,"Koepka, Brooks",6093,"Rose, Justin",2.03,0.43344,2.307,-0.1201,RBC Canadian Open,2026-06-10 09:51:07.45615,2.03,0.43344,0,FALSE,-0.1201168,FALSE
tournament_matchups betcris 16333 24342,tournament_matchups,betcris,16333,"Hubbard, Mark",24342,"Higgo, Garrick",1.862,0.48524,2.061,-0.0965,RBC Canadian Open,2026-06-10 09:51:07.45615,1.862,0.48524,0,FALSE,-0.0964831199999999,FALSE
tournament_matchups betcris 16394 24766,tournament_matchups,betcris,16394,"Jaeger, Stephan",24766,"Kim, Tom",2.29,0.45982,2.175,0.053,RBC Canadian Open,2026-06-10 09:51:07.45615,2.29,0.45982,0,FALSE,0.0529878000000001,TRUE
tournament_matchups betcris 17365 21756,tournament_matchups,betcris,17365,"Mitchell, Keith",21756,"Cole, Eric",1.885,0.47988,2.084,-0.0954,RBC Canadian Open,2026-06-10 09:51:07.45615,1.885,0.47988,0,FALSE,-0.0954262,FALSE
tournament_matchups betcris 17538 27900,tournament_matchups,betcris,17538,"Homa, Max",27900,"Potgieter, Aldrich",1.781,0.51419,1.945,-0.0841,RBC Canadian Open,2026-06-10 09:51:07.45615,1.781,0.51419,0,FALSE,-0.08422761,FALSE
tournament_matchups betcris 17576 28159,tournament_matchups,betcris,17576,"Conners, Corey",28159,"Meissner, Mac",1.909,0.45274,2.209,-0.1357,RBC Canadian Open,2026-06-10 09:51:07.45615,1.909,0.45274,0,FALSE,-0.13571934,FALSE
tournament_matchups betcris 17646 12294,tournament_matchups,betcris,17646,"Fitzpatrick, Matt",12294,"Fleetwood, Tommy",2.03,0.47862,2.089,-0.0284,RBC Canadian Open,2026-06-10 09:51:07.45615,2.03,0.47862,0,FALSE,-0.0284014000000001,FALSE
tournament_matchups betcris 17780 14502,tournament_matchups,betcris,17780,"Pendrith, Taylor",14502,"Cauley, Bud",2.19,0.41773,2.394,-0.0852,RBC Canadian Open,2026-06-10 09:51:07.45615,2.19,0.41773,0,FALSE,-0.0851713000000001,FALSE
tournament_matchups betcris 17881 27819,tournament_matchups,betcris,17881,"Yu, Kevin",27819,"Castillo, Ricky",1.952,0.44463,2.249,-0.1319,RBC Canadian Open,2026-06-10 09:51:07.45615,1.952,0.44463,0,FALSE,-0.13208224,FALSE
tournament_matchups betcris 18103 20706,tournament_matchups,betcris,18103,"Bezuidenhout, Christiaan",20706,"Wallace, Matt",1.694,0.53287,1.877,-0.0971,RBC Canadian Open,2026-06-10 09:51:07.45615,1.694,0.53287,0,FALSE,-0.0973182200000001,FALSE
tournament_matchups betcris 18554 23602,tournament_matchups,betcris,18554,"Rai, Aaron",23602,"Hojgaard, Nicolai",1.862,0.51177,1.954,-0.0471,RBC Canadian Open,2026-06-10 09:51:07.45615,1.862,0.51177,0,FALSE,-0.0470842600000001,FALSE
tournament_matchups betcris 18586 27364,tournament_matchups,betcris,18586,"Smith, Jordan",27364,"Thompson, Davis",1.862,0.5086,1.966,-0.053,RBC Canadian Open,2026-06-10 09:51:07.45615,1.862,0.5086,0,FALSE,-0.0529867999999999,FALSE
tournament_matchups betcris 18841 22085,tournament_matchups,betcris,18841,"Hovland, Viktor",22085,"Morikawa, Collin",2.08,0.44702,2.237,-0.0702,RBC Canadian Open,2026-06-10 09:51:07.45615,2.08,0.44702,0,FALSE,-0.0701984,FALSE
tournament_matchups betcris 19483 23604,tournament_matchups,betcris,19483,"Burns, Sam",23604,"Clark, Wyndham",1.694,0.55158,1.813,-0.0654,RBC Canadian Open,2026-06-10 09:51:07.45615,1.694,0.55158,0,FALSE,-0.0656234800000001,FALSE
tournament_matchups betcris 19840 11276,tournament_matchups,betcris,19840,"Ramey, Chad",11276,"Horschel, Billy",1.82,0.53284,1.877,-0.0304,RBC Canadian Open,2026-06-10 09:51:07.45615,1.82,0.53284,0,FALSE,-0.0302312,FALSE
tournament_matchups betcris 19846 23841,tournament_matchups,betcris,19846,"Bauchou, Zach",23841,"Neergaard-Petersen, Rasmus",2.03,0.49942,2.002,0.0138,RBC Canadian Open,2026-06-10 09:51:07.45615,2.03,0.49942,0,FALSE,0.0138225999999999,FALSE
tournament_matchups betcris 19870 13412,tournament_matchups,betcris,19870,"McCarthy, Denny",13412,"Olesen, Thorbjorn",1.794,0.49948,2.002,-0.1041,RBC Canadian Open,2026-06-10 09:51:07.45615,1.794,0.49948,0,FALSE,-0.10393288,FALSE
tournament_matchups betcris 20706 18103,tournament_matchups,betcris,20706,"Wallace, Matt",18103,"Bezuidenhout, Christiaan",2.14,0.46713,2.141,-4e-04,RBC Canadian Open,2026-06-10 09:51:07.45615,2.14,0.46713,0,FALSE,-0.000341799999999948,FALSE
tournament_matchups betcris 20722 10104,tournament_matchups,betcris,20722,"Schmid, Matti",10104,"Power, Seamus",1.806,0.51109,1.957,-0.0767,RBC Canadian Open,2026-06-10 09:51:07.45615,1.806,0.51109,0,FALSE,-0.0769714599999999,FALSE
tournament_matchups betcris 21407 10419,tournament_matchups,betcris,21407,"Reitan, Kristoffer",10419,"Noren, Alex",1.794,0.5166,1.936,-0.0734,RBC Canadian Open,2026-06-10 09:51:07.45615,1.794,0.5166,0,FALSE,-0.0732196000000001,FALSE
tournament_matchups betcris 21756 17365,tournament_matchups,betcris,21756,"Cole, Eric",17365,"Mitchell, Keith",1.855,0.52012,1.923,-0.0353,RBC Canadian Open,2026-06-10 09:51:07.45615,1.855,0.52012,0,FALSE,-0.0351773999999999,FALSE
tournament_matchups betcris 21883 22002,tournament_matchups,betcris,21883,"Ewart, A.J.",22002,"Dumont De Chassart, Adrien",1.794,0.47479,2.106,-0.1484,RBC Canadian Open,2026-06-10 09:51:07.45615,1.794,0.47479,0,FALSE,-0.14822674,FALSE
tournament_matchups betcris 21944 23505,tournament_matchups,betcris,21944,"Moore, Taylor",23505,"McGreevy, Max",2.03,0.48684,2.054,-0.0117,RBC Canadian Open,2026-06-10 09:51:07.45615,2.03,0.48684,0,FALSE,-0.0117148000000001,FALSE
tournament_matchups betcris 22002 21883,tournament_matchups,betcris,22002,"Dumont De Chassart, Adrien",21883,"Ewart, A.J.",1.962,0.52521,1.904,0.0302,RBC Canadian Open,2026-06-10 09:51:07.45615,1.962,0.52521,0,FALSE,0.0304620199999999,TRUE
tournament_matchups betcris 22085 18841,tournament_matchups,betcris,22085,"Morikawa, Collin",18841,"Hovland, Viktor",1.725,0.55298,1.808,-0.0463,RBC Canadian Open,2026-06-10 09:51:07.45615,1.725,0.55298,0,FALSE,-0.0461094999999999,FALSE
tournament_matchups betcris 22985 26653,tournament_matchups,betcris,22985,"Smotherman, Austin",26653,"Eckroat, Austin",1.794,0.54616,1.831,-0.0204,RBC Canadian Open,2026-06-10 09:51:07.45615,1.794,0.54616,0,FALSE,-0.02018896,FALSE
tournament_matchups betcris 23014 11889,tournament_matchups,betcris,23014,"Theegala, Sahith",11889,"Fox, Ryan",1.82,0.495,2.02,-0.0993,RBC Canadian Open,2026-06-10 09:51:07.45615,1.82,0.495,0,FALSE,-0.0991,FALSE
tournament_matchups betcris 23323 13900,tournament_matchups,betcris,23323,"MacIntyre, Robert",13900,"Lowry, Shane",1.794,0.52304,1.912,-0.0618,RBC Canadian Open,2026-06-10 09:51:07.45615,1.794,0.52304,0,FALSE,-0.0616662400000001,FALSE
tournament_matchups betcris 23465 26657,tournament_matchups,betcris,23465,"Greyserman, Max",26657,"Fisk, Steven",1.917,0.48588,2.058,-0.0684,RBC Canadian Open,2026-06-10 09:51:07.45615,1.917,0.48588,0,FALSE,-0.0685680400000001,FALSE
tournament_matchups betcris 23504 32457,tournament_matchups,betcris,23504,"Hoey, Rico",32457,"Keefer, Johnny",1.833,0.56313,1.776,0.0324,RBC Canadian Open,2026-06-10 09:51:07.45615,1.833,0.56313,0,FALSE,0.03221729,TRUE
tournament_matchups betcris 23505 21944,tournament_matchups,betcris,23505,"McGreevy, Max",21944,"Moore, Taylor",1.752,0.51316,1.949,-0.101,RBC Canadian Open,2026-06-10 09:51:07.45615,1.752,0.51316,0,FALSE,-0.10094368,FALSE
tournament_matchups betcris 23602 18554,tournament_matchups,betcris,23602,"Hojgaard, Nicolai",18554,"Rai, Aaron",1.877,0.48823,2.048,-0.0835,RBC Canadian Open,2026-06-10 09:51:07.45615,1.877,0.48823,0,FALSE,-0.08359229,FALSE
tournament_matchups betcris 23604 19483,tournament_matchups,betcris,23604,"Clark, Wyndham",19483,"Burns, Sam",2.14,0.44842,2.23,-0.0404,RBC Canadian Open,2026-06-10 09:51:07.45615,2.14,0.44842,0,FALSE,-0.0403812,FALSE
tournament_matchups betcris 23841 19846,tournament_matchups,betcris,23841,"Neergaard-Petersen, Rasmus",19846,"Bauchou, Zach",1.752,0.50058,1.998,-0.123,RBC Canadian Open,2026-06-10 09:51:07.45615,1.752,0.50058,0,FALSE,-0.12298384,FALSE
tournament_matchups betcris 24342 16333,tournament_matchups,betcris,24342,"Higgo, Garrick",16333,"Hubbard, Mark",1.877,0.51476,1.943,-0.0337,RBC Canadian Open,2026-06-10 09:51:07.45615,1.877,0.51476,0,FALSE,-0.03379548,FALSE
tournament_matchups betcris 24550 15310,tournament_matchups,betcris,24550,"Ghim, Doug",15310,"Li, Haotong",1.606,0.56556,1.768,-0.0917,RBC Canadian Open,2026-06-10 09:51:07.45615,1.606,0.56556,0,FALSE,-0.0917106400000001,FALSE
tournament_matchups betcris 24766 16394,tournament_matchups,betcris,24766,"Kim, Tom",16394,"Jaeger, Stephan",1.617,0.54018,1.851,-0.1264,RBC Canadian Open,2026-06-10 09:51:07.45615,1.617,0.54018,0,FALSE,-0.12652894,FALSE
tournament_matchups betcris 25157 29279,tournament_matchups,betcris,25157,"Hodges, Lee",29279,"Suber, Jackson",1.893,0.52984,1.887,0.0029,RBC Canadian Open,2026-06-10 09:51:07.45615,1.893,0.52984,0,FALSE,0.00298712000000001,FALSE
tournament_matchups betcris 25362 26649,tournament_matchups,betcris,25362,"Fitzpatrick, Alex",26649,"Thorbjornsen, Michael",1.84,0.55628,1.798,0.0238,RBC Canadian Open,2026-06-10 09:51:07.45615,1.84,0.55628,0,FALSE,0.0235552000000001,TRUE
tournament_matchups betcris 26649 25362,tournament_matchups,betcris,26649,"Thorbjornsen, Michael",25362,"Fitzpatrick, Alex",1.901,0.44372,2.254,-0.1565,RBC Canadian Open,2026-06-10 09:51:07.45615,1.901,0.44372,0,FALSE,-0.15648828,FALSE
tournament_matchups betcris 26653 22985,tournament_matchups,betcris,26653,"Eckroat, Austin",22985,"Smotherman, Austin",1.962,0.45384,2.203,-0.1098,RBC Canadian Open,2026-06-10 09:51:07.45615,1.962,0.45384,0,FALSE,-0.10956592,FALSE
tournament_matchups betcris 26657 23465,tournament_matchups,betcris,26657,"Fisk, Steven",23465,"Greyserman, Max",1.826,0.51412,1.945,-0.061,RBC Canadian Open,2026-06-10 09:51:07.45615,1.826,0.51412,0,FALSE,-0.0612168799999999,FALSE
tournament_matchups betcris 26850 29770,tournament_matchups,betcris,26850,"Svensson, Jesper",29770,"Mouw, William",2.23,0.43368,2.306,-0.0329,RBC Canadian Open,2026-06-10 09:51:07.45615,2.23,0.43368,0,FALSE,-0.0328936,FALSE
tournament_matchups betcris 27194 13126,tournament_matchups,betcris,27194,"Hall, Harry",13126,"Taylor, Nick",1.794,0.50332,1.987,-0.0972,RBC Canadian Open,2026-06-10 09:51:07.45615,1.794,0.50332,0,FALSE,-0.09704392,FALSE
tournament_matchups betcris 27364 18586,tournament_matchups,betcris,27364,"Thompson, Davis",18586,"Smith, Jordan",1.877,0.4914,2.035,-0.0775,RBC Canadian Open,2026-06-10 09:51:07.45615,1.877,0.4914,0,FALSE,-0.0776422,FALSE
tournament_matchups betcris 27819 17881,tournament_matchups,betcris,27819,"Castillo, Ricky",17881,"Yu, Kevin",1.8,0.55537,1.801,-3e-04,RBC Canadian Open,2026-06-10 09:51:07.45615,1.8,0.55537,0,FALSE,-0.000333999999999945,FALSE
tournament_matchups betcris 27900 17538,tournament_matchups,betcris,27900,"Potgieter, Aldrich",17538,"Homa, Max",1.98,0.48581,2.058,-0.0379,RBC Canadian Open,2026-06-10 09:51:07.45615,1.98,0.48581,0,FALSE,-0.0380962,FALSE
tournament_matchups betcris 28159 17576,tournament_matchups,betcris,28159,"Meissner, Mac",17576,"Conners, Corey",1.833,0.54726,1.827,0.0033,RBC Canadian Open,2026-06-10 09:51:07.45615,1.833,0.54726,0,FALSE,0.00312757999999991,FALSE
tournament_matchups betcris 29197 29433,tournament_matchups,betcris,29197,"Brennan, Michael",29433,"Bridgeman, Jacob",2.17,0.43267,2.311,-0.0611,RBC Canadian Open,2026-06-10 09:51:07.45615,2.17,0.43267,0,FALSE,-0.0611061000000001,FALSE
tournament_matchups betcris 29279 25157,tournament_matchups,betcris,29279,"Suber, Jackson",25157,"Hodges, Lee",1.847,0.47016,2.127,-0.1314,RBC Canadian Open,2026-06-10 09:51:07.45615,1.847,0.47016,0,FALSE,-0.13161448,FALSE
tournament_matchups betcris 29433 29197,tournament_matchups,betcris,29433,"Bridgeman, Jacob",29197,"Brennan, Michael",1.68,0.56733,1.763,-0.0467,RBC Canadian Open,2026-06-10 09:51:07.45615,1.68,0.56733,0,FALSE,-0.0468856000000001,FALSE
tournament_matchups betcris 29770 26850,tournament_matchups,betcris,29770,"Mouw, William",26850,"Svensson, Jesper",1.649,0.56632,1.766,-0.0659,RBC Canadian Open,2026-06-10 09:51:07.45615,1.649,0.56632,0,FALSE,-0.0661383199999999,FALSE
tournament_matchups betcris 29925 11676,tournament_matchups,betcris,29925,"Yellamaraju, Sudarshan",11676,"Finau, Tony",1.885,0.47722,2.095,-0.1005,RBC Canadian Open,2026-06-10 09:51:07.45615,1.885,0.47722,0,FALSE,-0.1004403,FALSE
tournament_matchups betcris 32457 23504,tournament_matchups,betcris,32457,"Keefer, Johnny",23504,"Hoey, Rico",1.909,0.43687,2.289,-0.166,RBC Canadian Open,2026-06-10 09:51:07.45615,1.909,0.43687,0,FALSE,-0.16601517,FALSE
tournament_matchups betcris 6093 16243,tournament_matchups,betcris,6093,"Rose, Justin",16243,"Koepka, Brooks",1.752,0.56656,1.765,-0.0075,RBC Canadian Open,2026-06-10 09:51:07.45615,1.752,0.56656,0,FALSE,-0.0073868800000001,FALSE
tournament_matchups betmgm 10419 23602,tournament_matchups,betmgm,10419,"Noren, Alex",23602,"Hojgaard, Nicolai",1.95,0.49541,2.019,-0.034,RBC Canadian Open,2026-06-10 09:51:07.45615,1.95,0.49541,0,FALSE,-0.0339505,FALSE
tournament_matchups betmgm 11889 26649,tournament_matchups,betmgm,11889,"Fox, Ryan",26649,"Thorbjornsen, Michael",1.95,0.49361,2.026,-0.0375,RBC Canadian Open,2026-06-10 09:51:07.45615,1.95,0.49361,0,FALSE,-0.0374605,FALSE
tournament_matchups betmgm 12294 17646,tournament_matchups,betmgm,12294,"Fleetwood, Tommy",17646,"Fitzpatrick, Matt",1.85,0.52138,1.918,-0.0355,RBC Canadian Open,2026-06-10 09:51:07.45615,1.85,0.52138,0,FALSE,-0.035447,FALSE
tournament_matchups betmgm 13900 18841,tournament_matchups,betmgm,13900,"Lowry, Shane",18841,"Hovland, Viktor",1.9,0.51382,1.946,-0.0237,RBC Canadian Open,2026-06-10 09:51:07.45615,1.9,0.51382,0,FALSE,-0.0237419999999999,FALSE
tournament_matchups betmgm 14502 18554,tournament_matchups,betmgm,14502,"Cauley, Bud",18554,"Rai, Aaron",2,0.46401,2.155,-0.072,RBC Canadian Open,2026-06-10 09:51:07.45615,2,0.46401,0,FALSE,-0.07198,FALSE
tournament_matchups betmgm 17646 12294,tournament_matchups,betmgm,17646,"Fitzpatrick, Matt",12294,"Fleetwood, Tommy",1.95,0.47862,2.089,-0.0667,RBC Canadian Open,2026-06-10 09:51:07.45615,1.95,0.47862,0,FALSE,-0.0666910000000001,FALSE
tournament_matchups betmgm 17780 27194,tournament_matchups,betmgm,17780,"Pendrith, Taylor",27194,"Hall, Harry",2,0.44659,2.239,-0.1068,RBC Canadian Open,2026-06-10 09:51:07.45615,2,0.44659,0,FALSE,-0.10682,FALSE
tournament_matchups betmgm 18554 14502,tournament_matchups,betmgm,18554,"Rai, Aaron",14502,"Cauley, Bud",1.8,0.53599,1.866,-0.0352,RBC Canadian Open,2026-06-10 09:51:07.45615,1.8,0.53599,0,FALSE,-0.0352180000000001,FALSE
tournament_matchups betmgm 18841 13900,tournament_matchups,betmgm,18841,"Hovland, Viktor",13900,"Lowry, Shane",1.9,0.48618,2.057,-0.0763,RBC Canadian Open,2026-06-10 09:51:07.45615,1.9,0.48618,0,FALSE,-0.0762580000000001,FALSE
tournament_matchups betmgm 19483 23604,tournament_matchups,betmgm,19483,"Burns, Sam",23604,"Clark, Wyndham",1.8,0.55158,1.813,-0.0071,RBC Canadian Open,2026-06-10 09:51:07.45615,1.8,0.55158,0,FALSE,-0.00715600000000005,FALSE
tournament_matchups betmgm 21407 6093,tournament_matchups,betmgm,21407,"Reitan, Kristoffer",6093,"Rose, Justin",1.85,0.51122,1.956,-0.0542,RBC Canadian Open,2026-06-10 09:51:07.45615,1.85,0.51122,0,FALSE,-0.0542429999999999,FALSE
tournament_matchups betmgm 22085 23323,tournament_matchups,betmgm,22085,"Morikawa, Collin",23323,"MacIntyre, Robert",1.85,0.5185,1.929,-0.0408,RBC Canadian Open,2026-06-10 09:51:07.45615,1.85,0.5185,0,FALSE,-0.040775,FALSE
tournament_matchups betmgm 23323 22085,tournament_matchups,betmgm,23323,"MacIntyre, Robert",22085,"Morikawa, Collin",1.95,0.4815,2.077,-0.0611,RBC Canadian Open,2026-06-10 09:51:07.45615,1.95,0.4815,0,FALSE,-0.0610750000000001,FALSE
tournament_matchups betmgm 23602 10419,tournament_matchups,betmgm,23602,"Hojgaard, Nicolai",10419,"Noren, Alex",1.85,0.50459,1.982,-0.0665,RBC Canadian Open,2026-06-10 09:51:07.45615,1.85,0.50459,0,FALSE,-0.0665085,FALSE
tournament_matchups betmgm 23604 19483,tournament_matchups,betmgm,23604,"Clark, Wyndham",19483,"Burns, Sam",2,0.44842,2.23,-0.1032,RBC Canadian Open,2026-06-10 09:51:07.45615,2,0.44842,0,FALSE,-0.10316,FALSE
tournament_matchups betmgm 25362 29433,tournament_matchups,betmgm,25362,"Fitzpatrick, Alex",29433,"Bridgeman, Jacob",1.85,0.50972,1.962,-0.057,RBC Canadian Open,2026-06-10 09:51:07.45615,1.85,0.50972,0,FALSE,-0.057018,FALSE
tournament_matchups betmgm 26649 11889,tournament_matchups,betmgm,26649,"Thorbjornsen, Michael",11889,"Fox, Ryan",1.85,0.50639,1.975,-0.0632,RBC Canadian Open,2026-06-10 09:51:07.45615,1.85,0.50639,0,FALSE,-0.0631784999999999,FALSE
tournament_matchups betmgm 27194 17780,tournament_matchups,betmgm,27194,"Hall, Harry",17780,"Pendrith, Taylor",1.8,0.55341,1.807,-0.0039,RBC Canadian Open,2026-06-10 09:51:07.45615,1.8,0.55341,0,FALSE,-0.00386200000000003,FALSE
tournament_matchups betmgm 29433 25362,tournament_matchups,betmgm,29433,"Bridgeman, Jacob",25362,"Fitzpatrick, Alex",1.95,0.49028,2.04,-0.0439,RBC Canadian Open,2026-06-10 09:51:07.45615,1.95,0.49028,0,FALSE,-0.0439540000000001,FALSE
tournament_matchups betmgm 6093 21407,tournament_matchups,betmgm,6093,"Rose, Justin",21407,"Reitan, Kristoffer",1.95,0.48878,2.046,-0.0469,RBC Canadian Open,2026-06-10 09:51:07.45615,1.95,0.48878,0,FALSE,-0.046879,FALSE
tournament_matchups betonline 10104 20722,tournament_matchups,betonline,10104,"Power, Seamus",20722,"Schmid, Matti",1.952,0.48891,2.045,-0.0455,RBC Canadian Open,2026-06-10 09:51:07.45615,1.952,0.48891,0,FALSE,-0.04564768,FALSE
tournament_matchups betonline 10419 21407,tournament_matchups,betonline,10419,"Noren, Alex",21407,"Reitan, Kristoffer",2.05,0.4834,2.069,-0.009,RBC Canadian Open,2026-06-10 09:51:07.45615,2.05,0.4834,0,FALSE,-0.00903000000000009,FALSE
tournament_matchups betonline 11276 19840,tournament_matchups,betonline,11276,"Horschel, Billy",19840,"Ramey, Chad",2.05,0.46716,2.141,-0.0423,RBC Canadian Open,2026-06-10 09:51:07.45615,2.05,0.46716,0,FALSE,-0.0423220000000001,FALSE
tournament_matchups betonline 11676 29925,tournament_matchups,betonline,11676,"Finau, Tony",29925,"Yellamaraju, Sudarshan",1.833,0.52278,1.913,-0.0416,RBC Canadian Open,2026-06-10 09:51:07.45615,1.833,0.52278,0,FALSE,-0.04174426,FALSE
tournament_matchups betonline 11889 23014,tournament_matchups,betonline,11889,"Fox, Ryan",23014,"Theegala, Sahith",1.909,0.505,1.98,-0.0359,RBC Canadian Open,2026-06-10 09:51:07.45615,1.909,0.505,0,FALSE,-0.035955,FALSE
tournament_matchups betonline 12294 17646,tournament_matchups,betonline,12294,"Fleetwood, Tommy",17646,"Fitzpatrick, Matt",1.833,0.52138,1.918,-0.0441,RBC Canadian Open,2026-06-10 09:51:07.45615,1.833,0.52138,0,FALSE,-0.0443104600000001,FALSE
tournament_matchups betonline 12423 15470,tournament_matchups,betonline,12423,"Kirk, Chris",15470,"Hossler, Beau",1.909,0.49302,2.028,-0.0588,RBC Canadian Open,2026-06-10 09:51:07.45615,1.909,0.49302,0,FALSE,-0.05882482,FALSE
tournament_matchups betonline 13126 27194,tournament_matchups,betonline,13126,"Taylor, Nick",27194,"Hall, Harry",1.952,0.49668,2.013,-0.0303,RBC Canadian Open,2026-06-10 09:51:07.45615,1.952,0.49668,0,FALSE,-0.03048064,FALSE
tournament_matchups betonline 13412 19870,tournament_matchups,betonline,13412,"Olesen, Thorbjorn",19870,"McCarthy, Denny",1.952,0.50052,1.998,-0.0228,RBC Canadian Open,2026-06-10 09:51:07.45615,1.952,0.50052,0,FALSE,-0.0229849600000001,FALSE
tournament_matchups betonline 13900 23323,tournament_matchups,betonline,13900,"Lowry, Shane",23323,"MacIntyre, Robert",2,0.47696,2.097,-0.0461,RBC Canadian Open,2026-06-10 09:51:07.45615,2,0.47696,0,FALSE,-0.04608,FALSE
tournament_matchups betonline 14502 17780,tournament_matchups,betonline,14502,"Cauley, Bud",17780,"Pendrith, Taylor",1.704,0.58227,1.717,-0.0077,RBC Canadian Open,2026-06-10 09:51:07.45615,1.704,0.58227,0,FALSE,-0.00781192000000008,FALSE
tournament_matchups betonline 14704 15556,tournament_matchups,betonline,14704,"Putnam, Andrew",15556,"Hughes, Mackenzie",1.694,0.5785,1.729,-0.0198,RBC Canadian Open,2026-06-10 09:51:07.45615,1.694,0.5785,0,FALSE,-0.020021,FALSE
tournament_matchups betonline 15310 24550,tournament_matchups,betonline,15310,"Li, Haotong",24550,"Ghim, Doug",2.25,0.43444,2.302,-0.0225,RBC Canadian Open,2026-06-10 09:51:07.45615,2.25,0.43444,0,FALSE,-0.02251,FALSE
tournament_matchups betonline 15470 12423,tournament_matchups,betonline,15470,"Hossler, Beau",12423,"Kirk, Chris",1.909,0.50698,1.972,-0.0321,RBC Canadian Open,2026-06-10 09:51:07.45615,1.909,0.50698,0,FALSE,-0.03217518,FALSE
tournament_matchups betonline 15556 14704,tournament_matchups,betonline,15556,"Hughes, Mackenzie",14704,"Putnam, Andrew",2.2,0.4215,2.372,-0.0727,RBC Canadian Open,2026-06-10 09:51:07.45615,2.2,0.4215,0,FALSE,-0.0727,FALSE
tournament_matchups betonline 16243 6093,tournament_matchups,betonline,16243,"Koepka, Brooks",6093,"Rose, Justin",2.12,0.43344,2.307,-0.0811,RBC Canadian Open,2026-06-10 09:51:07.45615,2.12,0.43344,0,FALSE,-0.0811071999999999,FALSE
tournament_matchups betonline 16333 24342,tournament_matchups,betonline,16333,"Hubbard, Mark",24342,"Higgo, Garrick",1.909,0.48524,2.061,-0.0736,RBC Canadian Open,2026-06-10 09:51:07.45615,1.909,0.48524,0,FALSE,-0.07367684,FALSE
tournament_matchups betonline 16394 24766,tournament_matchups,betonline,16394,"Jaeger, Stephan",24766,"Kim, Tom",2.22,0.45982,2.175,0.0208,RBC Canadian Open,2026-06-10 09:51:07.45615,2.22,0.45982,0,FALSE,0.0208004000000002,TRUE
tournament_matchups betonline 17365 21756,tournament_matchups,betonline,17365,"Mitchell, Keith",21756,"Cole, Eric",2,0.47988,2.084,-0.0402,RBC Canadian Open,2026-06-10 09:51:07.45615,2,0.47988,0,FALSE,-0.0402400000000001,FALSE
tournament_matchups betonline 17538 27900,tournament_matchups,betonline,17538,"Homa, Max",27900,"Potgieter, Aldrich",1.787,0.51419,1.945,-0.0809,RBC Canadian Open,2026-06-10 09:51:07.45615,1.787,0.51419,0,FALSE,-0.08114247,FALSE
tournament_matchups betonline 17576 28159,tournament_matchups,betonline,17576,"Conners, Corey",28159,"Meissner, Mac",2,0.45274,2.209,-0.0945,RBC Canadian Open,2026-06-10 09:51:07.45615,2,0.45274,0,FALSE,-0.0945200000000001,FALSE
tournament_matchups betonline 17646 12294,tournament_matchups,betonline,17646,"Fitzpatrick, Matt",12294,"Fleetwood, Tommy",2,0.47862,2.089,-0.0428,RBC Canadian Open,2026-06-10 09:51:07.45615,2,0.47862,0,FALSE,-0.04276,FALSE
tournament_matchups betonline 17780 14502,tournament_matchups,betonline,17780,"Pendrith, Taylor",14502,"Cauley, Bud",2.18,0.41773,2.394,-0.0893,RBC Canadian Open,2026-06-10 09:51:07.45615,2.18,0.41773,0,FALSE,-0.0893486,FALSE
tournament_matchups betonline 17881 27819,tournament_matchups,betonline,17881,"Yu, Kevin",27819,"Castillo, Ricky",2.07,0.44463,2.249,-0.0796,RBC Canadian Open,2026-06-10 09:51:07.45615,2.07,0.44463,0,FALSE,-0.0796159000000001,FALSE
tournament_matchups betonline 18103 20706,tournament_matchups,betonline,18103,"Bezuidenhout, Christiaan",20706,"Wallace, Matt",1.758,0.53287,1.877,-0.0634,RBC Canadian Open,2026-06-10 09:51:07.45615,1.758,0.53287,0,FALSE,-0.0632145400000001,FALSE
tournament_matchups betonline 18554 23602,tournament_matchups,betonline,18554,"Rai, Aaron",23602,"Hojgaard, Nicolai",1.833,0.51177,1.954,-0.0618,RBC Canadian Open,2026-06-10 09:51:07.45615,1.833,0.51177,0,FALSE,-0.0619255900000001,FALSE
tournament_matchups betonline 18586 27364,tournament_matchups,betonline,18586,"Smith, Jordan",27364,"Thompson, Davis",1.833,0.5086,1.966,-0.0676,RBC Canadian Open,2026-06-10 09:51:07.45615,1.833,0.5086,0,FALSE,-0.0677361999999999,FALSE
tournament_matchups betonline 18841 22085,tournament_matchups,betonline,18841,"Hovland, Viktor",22085,"Morikawa, Collin",2.06,0.44702,2.237,-0.0791,RBC Canadian Open,2026-06-10 09:51:07.45615,2.06,0.44702,0,FALSE,-0.0791388000000001,FALSE
tournament_matchups betonline 19483 23604,tournament_matchups,betonline,19483,"Burns, Sam",23604,"Clark, Wyndham",1.787,0.55158,1.813,-0.0141,RBC Canadian Open,2026-06-10 09:51:07.45615,1.787,0.55158,0,FALSE,-0.0143265400000001,FALSE
tournament_matchups betonline 19840 11276,tournament_matchups,betonline,19840,"Ramey, Chad",11276,"Horschel, Billy",1.8,0.53284,1.877,-0.0409,RBC Canadian Open,2026-06-10 09:51:07.45615,1.8,0.53284,0,FALSE,-0.040888,FALSE
tournament_matchups betonline 19846 23841,tournament_matchups,betonline,19846,"Bauchou, Zach",23841,"Neergaard-Petersen, Rasmus",2,0.49942,2.002,-0.0012,RBC Canadian Open,2026-06-10 09:51:07.45615,2,0.49942,0,FALSE,-0.00116000000000005,FALSE
tournament_matchups betonline 19870 13412,tournament_matchups,betonline,19870,"McCarthy, Denny",13412,"Olesen, Thorbjorn",1.87,0.49948,2.002,-0.0662,RBC Canadian Open,2026-06-10 09:51:07.45615,1.87,0.49948,0,FALSE,-0.0659723999999999,FALSE
tournament_matchups betonline 20706 18103,tournament_matchups,betonline,20706,"Wallace, Matt",18103,"Bezuidenhout, Christiaan",2.1,0.46713,2.141,-0.019,RBC Canadian Open,2026-06-10 09:51:07.45615,2.1,0.46713,0,FALSE,-0.019027,FALSE
tournament_matchups betonline 20722 10104,tournament_matchups,betonline,20722,"Schmid, Matti",10104,"Power, Seamus",1.87,0.51109,1.957,-0.0445,RBC Canadian Open,2026-06-10 09:51:07.45615,1.87,0.51109,0,FALSE,-0.0442616999999999,FALSE
tournament_matchups betonline 21407 10419,tournament_matchups,betonline,21407,"Reitan, Kristoffer",10419,"Noren, Alex",1.8,0.5166,1.936,-0.0701,RBC Canadian Open,2026-06-10 09:51:07.45615,1.8,0.5166,0,FALSE,-0.0701200000000001,FALSE
tournament_matchups betonline 21756 17365,tournament_matchups,betonline,21756,"Cole, Eric",17365,"Mitchell, Keith",1.833,0.52012,1.923,-0.0464,RBC Canadian Open,2026-06-10 09:51:07.45615,1.833,0.52012,0,FALSE,-0.04662004,FALSE
tournament_matchups betonline 21883 22002,tournament_matchups,betonline,21883,"Ewart, A.J.",22002,"Dumont De Chassart, Adrien",1.87,0.47479,2.106,-0.1123,RBC Canadian Open,2026-06-10 09:51:07.45615,1.87,0.47479,0,FALSE,-0.1121427,FALSE
tournament_matchups betonline 21944 23505,tournament_matchups,betonline,21944,"Moore, Taylor",23505,"McGreevy, Max",2.05,0.48684,2.054,-0.002,RBC Canadian Open,2026-06-10 09:51:07.45615,2.05,0.48684,0,FALSE,-0.00197800000000015,FALSE
tournament_matchups betonline 22002 21883,tournament_matchups,betonline,22002,"Dumont De Chassart, Adrien",21883,"Ewart, A.J.",1.952,0.52521,1.904,0.0254,RBC Canadian Open,2026-06-10 09:51:07.45615,1.952,0.52521,0,FALSE,0.02520992,TRUE
tournament_matchups betonline 22085 18841,tournament_matchups,betonline,22085,"Morikawa, Collin",18841,"Hovland, Viktor",1.787,0.55298,1.808,-0.0116,RBC Canadian Open,2026-06-10 09:51:07.45615,1.787,0.55298,0,FALSE,-0.01182474,FALSE
tournament_matchups betonline 22985 26653,tournament_matchups,betonline,22985,"Smotherman, Austin",26653,"Eckroat, Austin",1.775,0.54616,1.831,-0.0305,RBC Canadian Open,2026-06-10 09:51:07.45615,1.775,0.54616,0,FALSE,-0.0305660000000001,FALSE
tournament_matchups betonline 23014 11889,tournament_matchups,betonline,23014,"Theegala, Sahith",11889,"Fox, Ryan",1.909,0.495,2.02,-0.055,RBC Canadian Open,2026-06-10 09:51:07.45615,1.909,0.495,0,FALSE,-0.055045,FALSE
tournament_matchups betonline 23323 13900,tournament_matchups,betonline,23323,"MacIntyre, Robert",13900,"Lowry, Shane",1.833,0.52304,1.912,-0.0411,RBC Canadian Open,2026-06-10 09:51:07.45615,1.833,0.52304,0,FALSE,-0.0412676800000001,FALSE
tournament_matchups betonline 23465 26657,tournament_matchups,betonline,23465,"Greyserman, Max",26657,"Fisk, Steven",1.952,0.48588,2.058,-0.0514,RBC Canadian Open,2026-06-10 09:51:07.45615,1.952,0.48588,0,FALSE,-0.0515622400000001,FALSE
tournament_matchups betonline 23504 32457,tournament_matchups,betonline,23504,"Hoey, Rico",32457,"Keefer, Johnny",1.781,0.56313,1.776,0.0031,RBC Canadian Open,2026-06-10 09:51:07.45615,1.781,0.56313,0,FALSE,0.00293452999999988,FALSE
tournament_matchups betonline 23505 21944,tournament_matchups,betonline,23505,"McGreevy, Max",21944,"Moore, Taylor",1.8,0.51316,1.949,-0.0763,RBC Canadian Open,2026-06-10 09:51:07.45615,1.8,0.51316,0,FALSE,-0.0763120000000001,FALSE
tournament_matchups betonline 23602 18554,tournament_matchups,betonline,23602,"Hojgaard, Nicolai",18554,"Rai, Aaron",2,0.48823,2.048,-0.0235,RBC Canadian Open,2026-06-10 09:51:07.45615,2,0.48823,0,FALSE,-0.02354,FALSE
tournament_matchups betonline 23604 19483,tournament_matchups,betonline,23604,"Clark, Wyndham",19483,"Burns, Sam",2.06,0.44842,2.23,-0.0763,RBC Canadian Open,2026-06-10 09:51:07.45615,2.06,0.44842,0,FALSE,-0.0762548,FALSE
tournament_matchups betonline 23841 19846,tournament_matchups,betonline,23841,"Neergaard-Petersen, Rasmus",19846,"Bauchou, Zach",1.833,0.50058,1.998,-0.0823,RBC Canadian Open,2026-06-10 09:51:07.45615,1.833,0.50058,0,FALSE,-0.08243686,FALSE
tournament_matchups betonline 24342 16333,tournament_matchups,betonline,24342,"Higgo, Garrick",16333,"Hubbard, Mark",1.909,0.51476,1.943,-0.0173,RBC Canadian Open,2026-06-10 09:51:07.45615,1.909,0.51476,0,FALSE,-0.01732316,FALSE
tournament_matchups betonline 24550 15310,tournament_matchups,betonline,24550,"Ghim, Doug",15310,"Li, Haotong",1.667,0.56556,1.768,-0.0574,RBC Canadian Open,2026-06-10 09:51:07.45615,1.667,0.56556,0,FALSE,-0.0572114800000001,FALSE
tournament_matchups betonline 24766 16394,tournament_matchups,betonline,24766,"Kim, Tom",16394,"Jaeger, Stephan",1.68,0.54018,1.851,-0.0923,RBC Canadian Open,2026-06-10 09:51:07.45615,1.68,0.54018,0,FALSE,-0.0924976000000001,FALSE
tournament_matchups betonline 25157 29279,tournament_matchups,betonline,25157,"Hodges, Lee",29279,"Suber, Jackson",1.833,0.52984,1.887,-0.0286,RBC Canadian Open,2026-06-10 09:51:07.45615,1.833,0.52984,0,FALSE,-0.0288032800000001,FALSE
tournament_matchups betonline 25362 26649,tournament_matchups,betonline,25362,"Fitzpatrick, Alex",26649,"Thorbjornsen, Michael",1.758,0.55628,1.798,-0.0223,RBC Canadian Open,2026-06-10 09:51:07.45615,1.758,0.55628,0,FALSE,-0.02205976,FALSE
tournament_matchups betonline 26649 25362,tournament_matchups,betonline,26649,"Thorbjornsen, Michael",25362,"Fitzpatrick, Alex",2.1,0.44372,2.254,-0.0682,RBC Canadian Open,2026-06-10 09:51:07.45615,2.1,0.44372,0,FALSE,-0.0681879999999999,FALSE
tournament_matchups betonline 26653 22985,tournament_matchups,betonline,26653,"Eckroat, Austin",22985,"Smotherman, Austin",2.08,0.45384,2.203,-0.056,RBC Canadian Open,2026-06-10 09:51:07.45615,2.08,0.45384,0,FALSE,-0.0560128,FALSE
tournament_matchups betonline 26657 23465,tournament_matchups,betonline,26657,"Fisk, Steven",23465,"Greyserman, Max",1.87,0.51412,1.945,-0.0388,RBC Canadian Open,2026-06-10 09:51:07.45615,1.87,0.51412,0,FALSE,-0.0385956,FALSE
tournament_matchups betonline 26850 29770,tournament_matchups,betonline,26850,"Svensson, Jesper",29770,"Mouw, William",2.22,0.43368,2.306,-0.0372,RBC Canadian Open,2026-06-10 09:51:07.45615,2.22,0.43368,0,FALSE,-0.0372303999999999,FALSE
tournament_matchups betonline 27194 13126,tournament_matchups,betonline,27194,"Hall, Harry",13126,"Taylor, Nick",1.87,0.50332,1.987,-0.059,RBC Canadian Open,2026-06-10 09:51:07.45615,1.87,0.50332,0,FALSE,-0.0587915999999999,FALSE
tournament_matchups betonline 27364 18586,tournament_matchups,betonline,27364,"Thompson, Davis",18586,"Smith, Jordan",2,0.4914,2.035,-0.0172,RBC Canadian Open,2026-06-10 09:51:07.45615,2,0.4914,0,FALSE,-0.0172,FALSE
tournament_matchups betonline 27819 17881,tournament_matchups,betonline,27819,"Castillo, Ricky",17881,"Yu, Kevin",1.781,0.55537,1.801,-0.0107,RBC Canadian Open,2026-06-10 09:51:07.45615,1.781,0.55537,0,FALSE,-0.01088603,FALSE
tournament_matchups betonline 27900 17538,tournament_matchups,betonline,27900,"Potgieter, Aldrich",17538,"Homa, Max",2.06,0.48581,2.058,8e-04,RBC Canadian Open,2026-06-10 09:51:07.45615,2.06,0.48581,0,FALSE,0.000768600000000008,FALSE
tournament_matchups betonline 28159 17576,tournament_matchups,betonline,28159,"Meissner, Mac",17576,"Conners, Corey",1.833,0.54726,1.827,0.0033,RBC Canadian Open,2026-06-10 09:51:07.45615,1.833,0.54726,0,FALSE,0.00312757999999991,FALSE
tournament_matchups betonline 29197 29433,tournament_matchups,betonline,29197,"Brennan, Michael",29433,"Bridgeman, Jacob",2.22,0.43267,2.311,-0.0395,RBC Canadian Open,2026-06-10 09:51:07.45615,2.22,0.43267,0,FALSE,-0.0394726,FALSE
tournament_matchups betonline 29279 25157,tournament_matchups,betonline,29279,"Suber, Jackson",25157,"Hodges, Lee",2,0.47016,2.127,-0.0597,RBC Canadian Open,2026-06-10 09:51:07.45615,2,0.47016,0,FALSE,-0.05968,FALSE
tournament_matchups betonline 29433 29197,tournament_matchups,betonline,29433,"Bridgeman, Jacob",29197,"Brennan, Michael",1.68,0.56733,1.763,-0.0467,RBC Canadian Open,2026-06-10 09:51:07.45615,1.68,0.56733,0,FALSE,-0.0468856000000001,FALSE
tournament_matchups betonline 29770 26850,tournament_matchups,betonline,29770,"Mouw, William",26850,"Svensson, Jesper",1.68,0.56632,1.766,-0.0484,RBC Canadian Open,2026-06-10 09:51:07.45615,1.68,0.56632,0,FALSE,-0.0485823999999999,FALSE
tournament_matchups betonline 29925 11676,tournament_matchups,betonline,29925,"Yellamaraju, Sudarshan",11676,"Finau, Tony",2,0.47722,2.095,-0.0456,RBC Canadian Open,2026-06-10 09:51:07.45615,2,0.47722,0,FALSE,-0.04556,FALSE
tournament_matchups betonline 32457 23504,tournament_matchups,betonline,32457,"Keefer, Johnny",23504,"Hoey, Rico",2.07,0.43687,2.289,-0.0957,RBC Canadian Open,2026-06-10 09:51:07.45615,2.07,0.43687,0,FALSE,-0.0956791000000001,FALSE
tournament_matchups betonline 6093 16243,tournament_matchups,betonline,6093,"Rose, Justin",16243,"Koepka, Brooks",1.746,0.56656,1.765,-0.0106,RBC Canadian Open,2026-06-10 09:51:07.45615,1.746,0.56656,0,FALSE,-0.0107862400000001,FALSE
tournament_matchups bovada 10419 21407,tournament_matchups,bovada,10419,"Noren, Alex",21407,"Reitan, Kristoffer",2,0.4834,2.069,-0.0332,RBC Canadian Open,2026-06-10 09:51:07.45615,2,0.4834,0,FALSE,-0.0332,FALSE
tournament_matchups bovada 11889 27364,tournament_matchups,bovada,11889,"Fox, Ryan",27364,"Thompson, Davis",1.8,0.51559,1.94,-0.0719,RBC Canadian Open,2026-06-10 09:51:07.45615,1.8,0.51559,0,FALSE,-0.0719379999999999,FALSE
tournament_matchups bovada 12294 17646,tournament_matchups,bovada,12294,"Fleetwood, Tommy",17646,"Fitzpatrick, Matt",1.833,0.52138,1.918,-0.0441,RBC Canadian Open,2026-06-10 09:51:07.45615,1.833,0.52138,0,FALSE,-0.0443104600000001,FALSE
tournament_matchups bovada 13126 14502,tournament_matchups,bovada,13126,"Taylor, Nick",14502,"Cauley, Bud",1.8,0.46816,2.136,-0.1573,RBC Canadian Open,2026-06-10 09:51:07.45615,1.8,0.46816,0,FALSE,-0.157312,FALSE
tournament_matchups bovada 13412 15556,tournament_matchups,bovada,13412,"Olesen, Thorbjorn",15556,"Hughes, Mackenzie",1.741,0.52883,1.891,-0.0793,RBC Canadian Open,2026-06-10 09:51:07.45615,1.741,0.52883,0,FALSE,-0.0793069699999999,FALSE
tournament_matchups bovada 13900 18841,tournament_matchups,bovada,13900,"Lowry, Shane",18841,"Hovland, Viktor",1.87,0.51382,1.946,-0.0392,RBC Canadian Open,2026-06-10 09:51:07.45615,1.87,0.51382,0,FALSE,-0.0391565999999999,FALSE
tournament_matchups bovada 14502 13126,tournament_matchups,bovada,14502,"Cauley, Bud",13126,"Taylor, Nick",1.952,0.53184,1.88,0.0384,RBC Canadian Open,2026-06-10 09:51:07.45615,1.952,0.53184,0,FALSE,0.0381516799999999,TRUE
tournament_matchups bovada 15310 19846,tournament_matchups,bovada,15310,"Li, Haotong",19846,"Bauchou, Zach",2,0.4647,2.152,-0.0706,RBC Canadian Open,2026-06-10 09:51:07.45615,2,0.4647,0,FALSE,-0.0706,FALSE
tournament_matchups bovada 15470 19870,tournament_matchups,bovada,15470,"Hossler, Beau",19870,"McCarthy, Denny",2.05,0.45921,2.178,-0.0586,RBC Canadian Open,2026-06-10 09:51:07.45615,2.05,0.45921,0,FALSE,-0.0586195000000001,FALSE
tournament_matchups bovada 15556 13412,tournament_matchups,bovada,15556,"Hughes, Mackenzie",13412,"Olesen, Thorbjorn",2.05,0.47117,2.122,-0.0341,RBC Canadian Open,2026-06-10 09:51:07.45615,2.05,0.47117,0,FALSE,-0.0341015000000001,FALSE
tournament_matchups bovada 15575 16333,tournament_matchups,bovada,15575,"Hoge, Tom",16333,"Hubbard, Mark",1.909,0.48648,2.056,-0.0713,RBC Canadian Open,2026-06-10 09:51:07.45615,1.909,0.48648,0,FALSE,-0.0713096799999999,FALSE
tournament_matchups bovada 16243 6093,tournament_matchups,bovada,16243,"Koepka, Brooks",6093,"Rose, Justin",1.952,0.43344,2.307,-0.1538,RBC Canadian Open,2026-06-10 09:51:07.45615,1.952,0.43344,0,FALSE,-0.15392512,FALSE
tournament_matchups bovada 16333 15575,tournament_matchups,bovada,16333,"Hubbard, Mark",15575,"Hoge, Tom",1.833,0.51352,1.947,-0.0585,RBC Canadian Open,2026-06-10 09:51:07.45615,1.833,0.51352,0,FALSE,-0.05871784,FALSE
tournament_matchups bovada 16394 20706,tournament_matchups,bovada,16394,"Jaeger, Stephan",20706,"Wallace, Matt",2,0.4723,2.117,-0.0554,RBC Canadian Open,2026-06-10 09:51:07.45615,2,0.4723,0,FALSE,-0.0554,FALSE
tournament_matchups bovada 17365 29433,tournament_matchups,bovada,17365,"Mitchell, Keith",29433,"Bridgeman, Jacob",1.909,0.46569,2.147,-0.111,RBC Canadian Open,2026-06-10 09:51:07.45615,1.909,0.46569,0,FALSE,-0.11099779,FALSE
tournament_matchups bovada 17538 23841,tournament_matchups,bovada,17538,"Homa, Max",23841,"Neergaard-Petersen, Rasmus",1.909,0.47987,2.084,-0.0839,RBC Canadian Open,2026-06-10 09:51:07.45615,1.909,0.47987,0,FALSE,-0.08392817,FALSE
tournament_matchups bovada 17646 12294,tournament_matchups,bovada,17646,"Fitzpatrick, Matt",12294,"Fleetwood, Tommy",1.909,0.47862,2.089,-0.0863,RBC Canadian Open,2026-06-10 09:51:07.45615,1.909,0.47862,0,FALSE,-0.08631442,FALSE
tournament_matchups bovada 17881 22985,tournament_matchups,bovada,17881,"Yu, Kevin",22985,"Smotherman, Austin",1.952,0.4787,2.089,-0.0654,RBC Canadian Open,2026-06-10 09:51:07.45615,1.952,0.4787,0,FALSE,-0.0655776,FALSE
tournament_matchups bovada 18554 25362,tournament_matchups,bovada,18554,"Rai, Aaron",25362,"Fitzpatrick, Alex",1.87,0.52846,1.892,-0.0118,RBC Canadian Open,2026-06-10 09:51:07.45615,1.87,0.52846,0,FALSE,-0.0117797999999999,FALSE
tournament_matchups bovada 18841 13900,tournament_matchups,bovada,18841,"Hovland, Viktor",13900,"Lowry, Shane",1.87,0.48618,2.057,-0.0908,RBC Canadian Open,2026-06-10 09:51:07.45615,1.87,0.48618,0,FALSE,-0.0908433999999999,FALSE
tournament_matchups bovada 19483 23604,tournament_matchups,bovada,19483,"Burns, Sam",23604,"Clark, Wyndham",1.769,0.55158,1.813,-0.0241,RBC Canadian Open,2026-06-10 09:51:07.45615,1.769,0.55158,0,FALSE,-0.0242549800000002,FALSE
tournament_matchups bovada 19846 15310,tournament_matchups,bovada,19846,"Bauchou, Zach",15310,"Li, Haotong",1.769,0.5353,1.868,-0.0529,RBC Canadian Open,2026-06-10 09:51:07.45615,1.769,0.5353,0,FALSE,-0.0530543,FALSE
tournament_matchups bovada 19870 15470,tournament_matchups,bovada,19870,"McCarthy, Denny",15470,"Hossler, Beau",1.741,0.54079,1.849,-0.0585,RBC Canadian Open,2026-06-10 09:51:07.45615,1.741,0.54079,0,FALSE,-0.0584846099999999,FALSE
tournament_matchups bovada 20706 16394,tournament_matchups,bovada,20706,"Wallace, Matt",16394,"Jaeger, Stephan",1.769,0.5277,1.895,-0.0664,RBC Canadian Open,2026-06-10 09:51:07.45615,1.769,0.5277,0,FALSE,-0.0664987000000001,FALSE
tournament_matchups bovada 21074 24342,tournament_matchups,bovada,21074,"Nakajima, Keita",24342,"Higgo, Garrick",1.833,0.49812,2.008,-0.0868,RBC Canadian Open,2026-06-10 09:51:07.45615,1.833,0.49812,0,FALSE,-0.0869460400000001,FALSE
tournament_matchups bovada 21407 10419,tournament_matchups,bovada,21407,"Reitan, Kristoffer",10419,"Noren, Alex",1.769,0.5166,1.936,-0.086,RBC Canadian Open,2026-06-10 09:51:07.45615,1.769,0.5166,0,FALSE,-0.0861346000000002,FALSE
tournament_matchups bovada 21756 27194,tournament_matchups,bovada,21756,"Cole, Eric",27194,"Hall, Harry",1.8,0.5113,1.956,-0.0797,RBC Canadian Open,2026-06-10 09:51:07.45615,1.8,0.5113,0,FALSE,-0.0796600000000001,FALSE
tournament_matchups bovada 21944 27819,tournament_matchups,bovada,21944,"Moore, Taylor",27819,"Castillo, Ricky",1.952,0.47712,2.096,-0.0685,RBC Canadian Open,2026-06-10 09:51:07.45615,1.952,0.47712,0,FALSE,-0.06866176,FALSE
tournament_matchups bovada 22985 17881,tournament_matchups,bovada,22985,"Smotherman, Austin",17881,"Yu, Kevin",1.8,0.5213,1.918,-0.0617,RBC Canadian Open,2026-06-10 09:51:07.45615,1.8,0.5213,0,FALSE,-0.0616600000000001,FALSE
tournament_matchups bovada 23323 23602,tournament_matchups,bovada,23323,"MacIntyre, Robert",23602,"Hojgaard, Nicolai",1.87,0.50336,1.987,-0.0587,RBC Canadian Open,2026-06-10 09:51:07.45615,1.87,0.50336,0,FALSE,-0.0587167999999999,FALSE
tournament_matchups bovada 23465 29925,tournament_matchups,bovada,23465,"Greyserman, Max",29925,"Yellamaraju, Sudarshan",2,0.47293,2.114,-0.0541,RBC Canadian Open,2026-06-10 09:51:07.45615,2,0.47293,0,FALSE,-0.05414,FALSE
tournament_matchups bovada 23602 23323,tournament_matchups,bovada,23602,"Hojgaard, Nicolai",23323,"MacIntyre, Robert",1.87,0.49664,2.014,-0.0713,RBC Canadian Open,2026-06-10 09:51:07.45615,1.87,0.49664,0,FALSE,-0.0712831999999999,FALSE
tournament_matchups bovada 23604 19483,tournament_matchups,bovada,23604,"Clark, Wyndham",19483,"Burns, Sam",2,0.44842,2.23,-0.1032,RBC Canadian Open,2026-06-10 09:51:07.45615,2,0.44842,0,FALSE,-0.10316,FALSE
tournament_matchups bovada 23841 17538,tournament_matchups,bovada,23841,"Neergaard-Petersen, Rasmus",17538,"Homa, Max",1.833,0.52013,1.923,-0.0464,RBC Canadian Open,2026-06-10 09:51:07.45615,1.833,0.52013,0,FALSE,-0.04660171,FALSE
tournament_matchups bovada 24342 21074,tournament_matchups,bovada,24342,"Higgo, Garrick",21074,"Nakajima, Keita",1.909,0.50188,1.993,-0.0419,RBC Canadian Open,2026-06-10 09:51:07.45615,1.909,0.50188,0,FALSE,-0.04191108,FALSE
tournament_matchups bovada 25362 18554,tournament_matchups,bovada,25362,"Fitzpatrick, Alex",18554,"Rai, Aaron",1.87,0.47154,2.121,-0.1182,RBC Canadian Open,2026-06-10 09:51:07.45615,1.87,0.47154,0,FALSE,-0.1182202,FALSE
tournament_matchups bovada 26649 29197,tournament_matchups,bovada,26649,"Thorbjornsen, Michael",29197,"Brennan, Michael",1.87,0.52198,1.916,-0.0239,RBC Canadian Open,2026-06-10 09:51:07.45615,1.87,0.52198,0,FALSE,-0.0238974,FALSE
tournament_matchups bovada 27194 21756,tournament_matchups,bovada,27194,"Hall, Harry",21756,"Cole, Eric",1.952,0.4887,2.046,-0.0459,RBC Canadian Open,2026-06-10 09:51:07.45615,1.952,0.4887,0,FALSE,-0.0460575999999999,FALSE
tournament_matchups bovada 27364 11889,tournament_matchups,bovada,27364,"Thompson, Davis",11889,"Fox, Ryan",1.952,0.48441,2.064,-0.0542,RBC Canadian Open,2026-06-10 09:51:07.45615,1.952,0.48441,0,FALSE,-0.05443168,FALSE
tournament_matchups bovada 27819 21944,tournament_matchups,bovada,27819,"Castillo, Ricky",21944,"Moore, Taylor",1.8,0.52288,1.912,-0.0588,RBC Canadian Open,2026-06-10 09:51:07.45615,1.8,0.52288,0,FALSE,-0.058816,FALSE
tournament_matchups bovada 29197 26649,tournament_matchups,bovada,29197,"Brennan, Michael",26649,"Thorbjornsen, Michael",1.87,0.47802,2.092,-0.1061,RBC Canadian Open,2026-06-10 09:51:07.45615,1.87,0.47802,0,FALSE,-0.1061026,FALSE
tournament_matchups bovada 29433 17365,tournament_matchups,bovada,29433,"Bridgeman, Jacob",17365,"Mitchell, Keith",1.833,0.53431,1.872,-0.0204,RBC Canadian Open,2026-06-10 09:51:07.45615,1.833,0.53431,0,FALSE,-0.0206097700000001,FALSE
tournament_matchups bovada 29925 23465,tournament_matchups,bovada,29925,"Yellamaraju, Sudarshan",23465,"Greyserman, Max",1.769,0.52707,1.897,-0.0675,RBC Canadian Open,2026-06-10 09:51:07.45615,1.769,0.52707,0,FALSE,-0.06761317,FALSE
tournament_matchups bovada 6093 16243,tournament_matchups,bovada,6093,"Rose, Justin",16243,"Koepka, Brooks",1.8,0.56656,1.765,0.0198,RBC Canadian Open,2026-06-10 09:51:07.45615,1.8,0.56656,0,FALSE,0.019808,FALSE
tournament_matchups caesars 10419 25362,tournament_matchups,caesars,10419,"Noren, Alex",25362,"Fitzpatrick, Alex",1.8,0.51512,1.941,-0.0728,RBC Canadian Open,2026-06-10 09:51:07.45615,1.8,0.51512,0,FALSE,-0.072784,FALSE
tournament_matchups caesars 11676 27900,tournament_matchups,caesars,11676,"Finau, Tony",27900,"Potgieter, Aldrich",1.645,0.57705,1.733,-0.0507,RBC Canadian Open,2026-06-10 09:51:07.45615,1.645,0.57705,0,FALSE,-0.0507527500000001,FALSE
tournament_matchups caesars 11889 17576,tournament_matchups,caesars,11889,"Fox, Ryan",17576,"Conners, Corey",1.741,0.51835,1.929,-0.0977,RBC Canadian Open,2026-06-10 09:51:07.45615,1.741,0.51835,0,FALSE,-0.09755265,FALSE
tournament_matchups caesars 12294 23604,tournament_matchups,caesars,12294,"Fleetwood, Tommy",23604,"Clark, Wyndham",1.645,0.61784,1.619,0.0165,RBC Canadian Open,2026-06-10 09:51:07.45615,1.645,0.61784,0,FALSE,0.0163468,FALSE
tournament_matchups caesars 13126 29433,tournament_matchups,caesars,13126,"Taylor, Nick",29433,"Bridgeman, Jacob",1.909,0.47241,2.117,-0.0981,RBC Canadian Open,2026-06-10 09:51:07.45615,1.909,0.47241,0,FALSE,-0.0981693099999999,FALSE
tournament_matchups caesars 13900 23323,tournament_matchups,caesars,13900,"Lowry, Shane",23323,"MacIntyre, Robert",2.2,0.47696,2.097,0.0493,RBC Canadian Open,2026-06-10 09:51:07.45615,2.2,0.47696,0,FALSE,0.049312,TRUE
tournament_matchups caesars 14502 27364,tournament_matchups,caesars,14502,"Cauley, Bud",27364,"Thompson, Davis",1.588,0.57701,1.733,-0.0836,RBC Canadian Open,2026-06-10 09:51:07.45615,1.588,0.57701,0,FALSE,-0.0837081199999999,FALSE
tournament_matchups caesars 15310 18103,tournament_matchups,caesars,15310,"Li, Haotong",18103,"Bezuidenhout, Christiaan",2.05,0.44125,2.266,-0.0954,RBC Canadian Open,2026-06-10 09:51:07.45615,2.05,0.44125,0,FALSE,-0.0954375000000002,FALSE
tournament_matchups caesars 15556 23465,tournament_matchups,caesars,15556,"Hughes, Mackenzie",23465,"Greyserman, Max",1.952,0.46636,2.144,-0.0895,RBC Canadian Open,2026-06-10 09:51:07.45615,1.952,0.46636,0,FALSE,-0.0896652800000001,FALSE
tournament_matchups caesars 16243 21407,tournament_matchups,caesars,16243,"Koepka, Brooks",21407,"Reitan, Kristoffer",2.27,0.42468,2.355,-0.036,RBC Canadian Open,2026-06-10 09:51:07.45615,2.27,0.42468,0,FALSE,-0.0359764,FALSE
tournament_matchups caesars 17365 18841,tournament_matchups,caesars,17365,"Mitchell, Keith",18841,"Hovland, Viktor",2.1,0.46767,2.138,-0.0179,RBC Canadian Open,2026-06-10 09:51:07.45615,2.1,0.46767,0,FALSE,-0.017893,FALSE
tournament_matchups caesars 17538 24766,tournament_matchups,caesars,17538,"Homa, Max",24766,"Kim, Tom",1.87,0.47345,2.112,-0.1149,RBC Canadian Open,2026-06-10 09:51:07.45615,1.87,0.47345,0,FALSE,-0.1146485,FALSE
tournament_matchups caesars 17576 11889,tournament_matchups,caesars,17576,"Conners, Corey",11889,"Fox, Ryan",2.05,0.48165,2.076,-0.0126,RBC Canadian Open,2026-06-10 09:51:07.45615,2.05,0.48165,0,FALSE,-0.0126175000000001,FALSE
tournament_matchups caesars 17646 19483,tournament_matchups,caesars,17646,"Fitzpatrick, Matt",19483,"Burns, Sam",1.87,0.54504,1.835,0.019,RBC Canadian Open,2026-06-10 09:51:07.45615,1.87,0.54504,0,FALSE,0.0192247999999999,FALSE
tournament_matchups caesars 17780 23014,tournament_matchups,caesars,17780,"Pendrith, Taylor",23014,"Theegala, Sahith",1.833,0.48249,2.073,-0.1154,RBC Canadian Open,2026-06-10 09:51:07.45615,1.833,0.48249,0,FALSE,-0.11559583,FALSE
tournament_matchups caesars 18103 15310,tournament_matchups,caesars,18103,"Bezuidenhout, Christiaan",15310,"Li, Haotong",1.741,0.55875,1.79,-0.0274,RBC Canadian Open,2026-06-10 09:51:07.45615,1.741,0.55875,0,FALSE,-0.0272162499999999,FALSE
tournament_matchups caesars 18554 21756,tournament_matchups,caesars,18554,"Rai, Aaron",21756,"Cole, Eric",1.714,0.5558,1.799,-0.0472,RBC Canadian Open,2026-06-10 09:51:07.45615,1.714,0.5558,0,FALSE,-0.0473588,FALSE
tournament_matchups caesars 18586 28159,tournament_matchups,caesars,18586,"Smith, Jordan",28159,"Meissner, Mac",2.1,0.4648,2.151,-0.0239,RBC Canadian Open,2026-06-10 09:51:07.45615,2.1,0.4648,0,FALSE,-0.0239199999999999,FALSE
tournament_matchups caesars 18841 17365,tournament_matchups,caesars,18841,"Hovland, Viktor",17365,"Mitchell, Keith",1.714,0.53233,1.879,-0.0874,RBC Canadian Open,2026-06-10 09:51:07.45615,1.714,0.53233,0,FALSE,-0.0875863800000001,FALSE
tournament_matchups caesars 19483 17646,tournament_matchups,caesars,19483,"Burns, Sam",17646,"Fitzpatrick, Matt",1.87,0.45496,2.198,-0.1494,RBC Canadian Open,2026-06-10 09:51:07.45615,1.87,0.45496,0,FALSE,-0.1492248,FALSE
tournament_matchups caesars 21407 16243,tournament_matchups,caesars,21407,"Reitan, Kristoffer",16243,"Koepka, Brooks",1.606,0.57532,1.738,-0.076,RBC Canadian Open,2026-06-10 09:51:07.45615,1.606,0.57532,0,FALSE,-0.0760360799999998,FALSE
tournament_matchups caesars 21756 18554,tournament_matchups,caesars,21756,"Cole, Eric",18554,"Rai, Aaron",2.1,0.4442,2.251,-0.0672,RBC Canadian Open,2026-06-10 09:51:07.45615,2.1,0.4442,0,FALSE,-0.06718,FALSE
tournament_matchups caesars 22085 6093,tournament_matchups,caesars,22085,"Morikawa, Collin",6093,"Rose, Justin",1.741,0.51647,1.936,-0.101,RBC Canadian Open,2026-06-10 09:51:07.45615,1.741,0.51647,0,FALSE,-0.10082573,FALSE
tournament_matchups caesars 23014 17780,tournament_matchups,caesars,23014,"Theegala, Sahith",17780,"Pendrith, Taylor",1.909,0.51751,1.932,-0.012,RBC Canadian Open,2026-06-10 09:51:07.45615,1.909,0.51751,0,FALSE,-0.01207341,FALSE
tournament_matchups caesars 23323 13900,tournament_matchups,caesars,23323,"MacIntyre, Robert",13900,"Lowry, Shane",1.667,0.52304,1.912,-0.1283,RBC Canadian Open,2026-06-10 09:51:07.45615,1.667,0.52304,0,FALSE,-0.12809232,FALSE
tournament_matchups caesars 23465 15556,tournament_matchups,caesars,23465,"Greyserman, Max",15556,"Hughes, Mackenzie",1.8,0.53364,1.874,-0.0394,RBC Canadian Open,2026-06-10 09:51:07.45615,1.8,0.53364,0,FALSE,-0.0394479999999999,FALSE
tournament_matchups caesars 23602 26649,tournament_matchups,caesars,23602,"Hojgaard, Nicolai",26649,"Thorbjornsen, Michael",1.714,0.57179,1.749,-0.0198,RBC Canadian Open,2026-06-10 09:51:07.45615,1.714,0.57179,0,FALSE,-0.01995194,FALSE
tournament_matchups caesars 23604 12294,tournament_matchups,caesars,23604,"Clark, Wyndham",12294,"Fleetwood, Tommy",2.22,0.38216,2.617,-0.1516,RBC Canadian Open,2026-06-10 09:51:07.45615,2.22,0.38216,0,FALSE,-0.1516048,FALSE
tournament_matchups caesars 24766 17538,tournament_matchups,caesars,24766,"Kim, Tom",17538,"Homa, Max",1.87,0.52655,1.899,-0.0156,RBC Canadian Open,2026-06-10 09:51:07.45615,1.87,0.52655,0,FALSE,-0.0153515,FALSE
tournament_matchups caesars 25362 10419,tournament_matchups,caesars,25362,"Fitzpatrick, Alex",10419,"Noren, Alex",1.952,0.48488,2.062,-0.0533,RBC Canadian Open,2026-06-10 09:51:07.45615,1.952,0.48488,0,FALSE,-0.0535142400000001,FALSE
tournament_matchups caesars 26649 23602,tournament_matchups,caesars,26649,"Thorbjornsen, Michael",23602,"Hojgaard, Nicolai",2.1,0.42821,2.335,-0.1008,RBC Canadian Open,2026-06-10 09:51:07.45615,2.1,0.42821,0,FALSE,-0.100759,FALSE
tournament_matchups caesars 27194 29197,tournament_matchups,caesars,27194,"Hall, Harry",29197,"Brennan, Michael",1.741,0.54446,1.837,-0.0522,RBC Canadian Open,2026-06-10 09:51:07.45615,1.741,0.54446,0,FALSE,-0.0520951399999998,FALSE
tournament_matchups caesars 27364 14502,tournament_matchups,caesars,27364,"Thompson, Davis",14502,"Cauley, Bud",2.3,0.42299,2.364,-0.0271,RBC Canadian Open,2026-06-10 09:51:07.45615,2.3,0.42299,0,FALSE,-0.0271230000000001,FALSE
tournament_matchups caesars 27900 11676,tournament_matchups,caesars,27900,"Potgieter, Aldrich",11676,"Finau, Tony",2.22,0.42295,2.364,-0.0611,RBC Canadian Open,2026-06-10 09:51:07.45615,2.22,0.42295,0,FALSE,-0.061051,FALSE
tournament_matchups caesars 28159 18586,tournament_matchups,caesars,28159,"Meissner, Mac",18586,"Smith, Jordan",1.714,0.5352,1.868,-0.0825,RBC Canadian Open,2026-06-10 09:51:07.45615,1.714,0.5352,0,FALSE,-0.0826672000000001,FALSE
tournament_matchups caesars 29197 27194,tournament_matchups,caesars,29197,"Brennan, Michael",27194,"Hall, Harry",2.05,0.45554,2.195,-0.0661,RBC Canadian Open,2026-06-10 09:51:07.45615,2.05,0.45554,0,FALSE,-0.0661430000000001,FALSE
tournament_matchups caesars 29433 13126,tournament_matchups,caesars,29433,"Bridgeman, Jacob",13126,"Taylor, Nick",1.833,0.52759,1.895,-0.0328,RBC Canadian Open,2026-06-10 09:51:07.45615,1.833,0.52759,0,FALSE,-0.03292753,FALSE
tournament_matchups caesars 29925 32457,tournament_matchups,caesars,29925,"Yellamaraju, Sudarshan",32457,"Keefer, Johnny",1.741,0.55103,1.815,-0.0408,RBC Canadian Open,2026-06-10 09:51:07.45615,1.741,0.55103,0,FALSE,-0.0406567699999999,FALSE
tournament_matchups caesars 32457 29925,tournament_matchups,caesars,32457,"Keefer, Johnny",29925,"Yellamaraju, Sudarshan",2.05,0.44897,2.227,-0.0796,RBC Canadian Open,2026-06-10 09:51:07.45615,2.05,0.44897,0,FALSE,-0.0796115000000002,FALSE
tournament_matchups caesars 6093 22085,tournament_matchups,caesars,6093,"Rose, Justin",22085,"Morikawa, Collin",2.05,0.48353,2.068,-0.0088,RBC Canadian Open,2026-06-10 09:51:07.45615,2.05,0.48353,0,FALSE,-0.00876350000000004,FALSE
tournament_matchups draftkings 10419 13900,tournament_matchups,draftkings,10419,"Noren, Alex",13900,"Lowry, Shane",1.909,0.514,1.946,-0.0187,RBC Canadian Open,2026-06-10 09:51:07.45615,1.909,0.514,0,FALSE,-0.018774,FALSE
tournament_matchups draftkings 11676 27364,tournament_matchups,draftkings,11676,"Finau, Tony",27364,"Thompson, Davis",1.926,0.51034,1.959,-0.0171,RBC Canadian Open,2026-06-10 09:51:07.45615,1.926,0.51034,0,FALSE,-0.01708516,FALSE
tournament_matchups draftkings 11889 13126,tournament_matchups,draftkings,11889,"Fox, Ryan",13126,"Taylor, Nick",1.98,0.46967,2.129,-0.0699,RBC Canadian Open,2026-06-10 09:51:07.45615,1.98,0.46967,0,FALSE,-0.0700534,FALSE
tournament_matchups draftkings 12294 17646,tournament_matchups,draftkings,12294,"Fleetwood, Tommy",17646,"Fitzpatrick, Matt",1.862,0.52138,1.918,-0.0292,RBC Canadian Open,2026-06-10 09:51:07.45615,1.862,0.52138,0,FALSE,-0.02919044,FALSE
tournament_matchups draftkings 13126 11889,tournament_matchups,draftkings,13126,"Taylor, Nick",11889,"Fox, Ryan",1.769,0.53033,1.886,-0.0617,RBC Canadian Open,2026-06-10 09:51:07.45615,1.769,0.53033,0,FALSE,-0.0618462300000001,FALSE
tournament_matchups draftkings 13900 10419,tournament_matchups,draftkings,13900,"Lowry, Shane",10419,"Noren, Alex",1.833,0.486,2.058,-0.109,RBC Canadian Open,2026-06-10 09:51:07.45615,1.833,0.486,0,FALSE,-0.109162,FALSE
tournament_matchups draftkings 14502 23014,tournament_matchups,draftkings,14502,"Cauley, Bud",23014,"Theegala, Sahith",1.781,0.57042,1.753,0.0161,RBC Canadian Open,2026-06-10 09:51:07.45615,1.781,0.57042,0,FALSE,0.01591802,FALSE
tournament_matchups draftkings 16243 23602,tournament_matchups,draftkings,16243,"Koepka, Brooks",23602,"Hojgaard, Nicolai",1.952,0.43666,2.29,-0.1475,RBC Canadian Open,2026-06-10 09:51:07.45615,1.952,0.43666,0,FALSE,-0.14763968,FALSE
tournament_matchups draftkings 17365 18554,tournament_matchups,draftkings,17365,"Mitchell, Keith",18554,"Rai, Aaron",1.98,0.42369,2.36,-0.1609,RBC Canadian Open,2026-06-10 09:51:07.45615,1.98,0.42369,0,FALSE,-0.1610938,FALSE
tournament_matchups draftkings 17646 12294,tournament_matchups,draftkings,17646,"Fitzpatrick, Matt",12294,"Fleetwood, Tommy",1.893,0.47862,2.089,-0.094,RBC Canadian Open,2026-06-10 09:51:07.45615,1.893,0.47862,0,FALSE,-0.09397234,FALSE
tournament_matchups draftkings 17780 29197,tournament_matchups,draftkings,17780,"Pendrith, Taylor",29197,"Brennan, Michael",1.909,0.49229,2.031,-0.0602,RBC Canadian Open,2026-06-10 09:51:07.45615,1.909,0.49229,0,FALSE,-0.06021839,FALSE
tournament_matchups draftkings 18554 17365,tournament_matchups,draftkings,18554,"Rai, Aaron",17365,"Mitchell, Keith",1.769,0.57631,1.735,0.0196,RBC Canadian Open,2026-06-10 09:51:07.45615,1.769,0.57631,0,FALSE,0.0194923899999999,FALSE
tournament_matchups draftkings 18586 23504,tournament_matchups,draftkings,18586,"Smith, Jordan",23504,"Hoey, Rico",1.87,0.50726,1.971,-0.0516,RBC Canadian Open,2026-06-10 09:51:07.45615,1.87,0.50726,0,FALSE,-0.0514237999999999,FALSE
tournament_matchups draftkings 18841 29433,tournament_matchups,draftkings,18841,"Hovland, Viktor",29433,"Bridgeman, Jacob",1.806,0.49905,2.004,-0.0985,RBC Canadian Open,2026-06-10 09:51:07.45615,1.806,0.49905,0,FALSE,-0.0987157,FALSE
tournament_matchups draftkings 19483 23604,tournament_matchups,draftkings,19483,"Burns, Sam",23604,"Clark, Wyndham",1.625,0.55158,1.813,-0.1037,RBC Canadian Open,2026-06-10 09:51:07.45615,1.625,0.55158,0,FALSE,-0.1036825,FALSE
tournament_matchups draftkings 21407 23323,tournament_matchups,draftkings,21407,"Reitan, Kristoffer",23323,"MacIntyre, Robert",1.926,0.51336,1.948,-0.0113,RBC Canadian Open,2026-06-10 09:51:07.45615,1.926,0.51336,0,FALSE,-0.0112686399999999,FALSE
tournament_matchups draftkings 21756 27194,tournament_matchups,draftkings,21756,"Cole, Eric",27194,"Hall, Harry",1.893,0.5113,1.956,-0.0322,RBC Canadian Open,2026-06-10 09:51:07.45615,1.893,0.5113,0,FALSE,-0.0321091,FALSE
tournament_matchups draftkings 22085 6093,tournament_matchups,draftkings,22085,"Morikawa, Collin",6093,"Rose, Justin",1.8,0.51647,1.936,-0.0704,RBC Canadian Open,2026-06-10 09:51:07.45615,1.8,0.51647,0,FALSE,-0.070354,FALSE
tournament_matchups draftkings 23014 14502,tournament_matchups,draftkings,23014,"Theegala, Sahith",14502,"Cauley, Bud",1.962,0.42958,2.328,-0.1574,RBC Canadian Open,2026-06-10 09:51:07.45615,1.962,0.42958,0,FALSE,-0.15716404,FALSE
tournament_matchups draftkings 23323 21407,tournament_matchups,draftkings,23323,"MacIntyre, Robert",21407,"Reitan, Kristoffer",1.82,0.48664,2.055,-0.1145,RBC Canadian Open,2026-06-10 09:51:07.45615,1.82,0.48664,0,FALSE,-0.1143152,FALSE
tournament_matchups draftkings 23504 18586,tournament_matchups,draftkings,23504,"Hoey, Rico",18586,"Smith, Jordan",1.877,0.49274,2.029,-0.075,RBC Canadian Open,2026-06-10 09:51:07.45615,1.877,0.49274,0,FALSE,-0.0751270199999999,FALSE
tournament_matchups draftkings 23602 16243,tournament_matchups,draftkings,23602,"Hojgaard, Nicolai",16243,"Koepka, Brooks",1.8,0.56334,1.775,0.014,RBC Canadian Open,2026-06-10 09:51:07.45615,1.8,0.56334,0,FALSE,0.0140119999999999,FALSE
tournament_matchups draftkings 23604 19483,tournament_matchups,draftkings,23604,"Clark, Wyndham",19483,"Burns, Sam",2.22,0.44842,2.23,-0.0045,RBC Canadian Open,2026-06-10 09:51:07.45615,2.22,0.44842,0,FALSE,-0.00450759999999995,FALSE
tournament_matchups draftkings 25362 26649,tournament_matchups,draftkings,25362,"Fitzpatrick, Alex",26649,"Thorbjornsen, Michael",1.82,0.55628,1.798,0.0123,RBC Canadian Open,2026-06-10 09:51:07.45615,1.82,0.55628,0,FALSE,0.0124295999999999,FALSE
tournament_matchups draftkings 26649 25362,tournament_matchups,draftkings,26649,"Thorbjornsen, Michael",25362,"Fitzpatrick, Alex",1.926,0.44372,2.254,-0.1454,RBC Canadian Open,2026-06-10 09:51:07.45615,1.926,0.44372,0,FALSE,-0.14539528,FALSE
tournament_matchups draftkings 27194 21756,tournament_matchups,draftkings,27194,"Hall, Harry",21756,"Cole, Eric",1.847,0.4887,2.046,-0.0972,RBC Canadian Open,2026-06-10 09:51:07.45615,1.847,0.4887,0,FALSE,-0.0973710999999999,FALSE
tournament_matchups draftkings 27364 11676,tournament_matchups,draftkings,27364,"Thompson, Davis",11676,"Finau, Tony",1.833,0.48966,2.042,-0.1023,RBC Canadian Open,2026-06-10 09:51:07.45615,1.833,0.48966,0,FALSE,-0.10245322,FALSE
tournament_matchups draftkings 28159 29925,tournament_matchups,draftkings,28159,"Meissner, Mac",29925,"Yellamaraju, Sudarshan",1.82,0.55915,1.788,0.0175,RBC Canadian Open,2026-06-10 09:51:07.45615,1.82,0.55915,0,FALSE,0.0176530000000001,FALSE
tournament_matchups draftkings 29197 17780,tournament_matchups,draftkings,29197,"Brennan, Michael",17780,"Pendrith, Taylor",1.847,0.50771,1.97,-0.062,RBC Canadian Open,2026-06-10 09:51:07.45615,1.847,0.50771,0,FALSE,-0.06225963,FALSE
tournament_matchups draftkings 29433 18841,tournament_matchups,draftkings,29433,"Bridgeman, Jacob",18841,"Hovland, Viktor",1.952,0.50095,1.996,-0.0219,RBC Canadian Open,2026-06-10 09:51:07.45615,1.952,0.50095,0,FALSE,-0.0221456,FALSE
tournament_matchups draftkings 29925 28159,tournament_matchups,draftkings,29925,"Yellamaraju, Sudarshan",28159,"Meissner, Mac",1.926,0.44085,2.268,-0.151,RBC Canadian Open,2026-06-10 09:51:07.45615,1.926,0.44085,0,FALSE,-0.1509229,FALSE
tournament_matchups draftkings 6093 22085,tournament_matchups,draftkings,6093,"Rose, Justin",22085,"Morikawa, Collin",1.962,0.48353,2.068,-0.0515,RBC Canadian Open,2026-06-10 09:51:07.45615,1.962,0.48353,0,FALSE,-0.05131414,FALSE
tournament_matchups fanduel 10419 25362,tournament_matchups,fanduel,10419,"Noren, Alex",25362,"Fitzpatrick, Alex",1.833,0.51512,1.941,-0.0556,RBC Canadian Open,2026-06-10 09:51:07.45615,1.833,0.51512,0,FALSE,-0.05578504,FALSE
tournament_matchups fanduel 11889 17576,tournament_matchups,fanduel,11889,"Fox, Ryan",17576,"Conners, Corey",1.8,0.51835,1.929,-0.067,RBC Canadian Open,2026-06-10 09:51:07.45615,1.8,0.51835,0,FALSE,-0.06697,FALSE
tournament_matchups fanduel 12294 23604,tournament_matchups,fanduel,12294,"Fleetwood, Tommy",23604,"Clark, Wyndham",1.667,0.61784,1.619,0.0297,RBC Canadian Open,2026-06-10 09:51:07.45615,1.667,0.61784,0,FALSE,0.02993928,TRUE
tournament_matchups fanduel 13126 29433,tournament_matchups,fanduel,13126,"Taylor, Nick",29433,"Bridgeman, Jacob",1.9,0.47241,2.117,-0.1024,RBC Canadian Open,2026-06-10 09:51:07.45615,1.9,0.47241,0,FALSE,-0.102421,FALSE
tournament_matchups fanduel 13900 23323,tournament_matchups,fanduel,13900,"Lowry, Shane",23323,"MacIntyre, Robert",2.1,0.47696,2.097,0.0016,RBC Canadian Open,2026-06-10 09:51:07.45615,2.1,0.47696,0,FALSE,0.00161600000000006,FALSE
tournament_matchups fanduel 14502 27364,tournament_matchups,fanduel,14502,"Cauley, Bud",27364,"Thompson, Davis",1.667,0.57701,1.733,-0.0383,RBC Canadian Open,2026-06-10 09:51:07.45615,1.667,0.57701,0,FALSE,-0.0381243299999999,FALSE
tournament_matchups fanduel 15310 18103,tournament_matchups,fanduel,15310,"Li, Haotong",18103,"Bezuidenhout, Christiaan",2.1,0.44125,2.266,-0.0734,RBC Canadian Open,2026-06-10 09:51:07.45615,2.1,0.44125,0,FALSE,-0.073375,FALSE
tournament_matchups fanduel 15556 23465,tournament_matchups,fanduel,15556,"Hughes, Mackenzie",23465,"Greyserman, Max",2,0.46636,2.144,-0.0673,RBC Canadian Open,2026-06-10 09:51:07.45615,2,0.46636,0,FALSE,-0.06728,FALSE
tournament_matchups fanduel 16243 21407,tournament_matchups,fanduel,16243,"Koepka, Brooks",21407,"Reitan, Kristoffer",2.2,0.42468,2.355,-0.0657,RBC Canadian Open,2026-06-10 09:51:07.45615,2.2,0.42468,0,FALSE,-0.0657039999999999,FALSE
tournament_matchups fanduel 17365 18841,tournament_matchups,fanduel,17365,"Mitchell, Keith",18841,"Hovland, Viktor",2.1,0.46767,2.138,-0.0179,RBC Canadian Open,2026-06-10 09:51:07.45615,2.1,0.46767,0,FALSE,-0.017893,FALSE
tournament_matchups fanduel 17538 24766,tournament_matchups,fanduel,17538,"Homa, Max",24766,"Kim, Tom",1.833,0.47345,2.112,-0.132,RBC Canadian Open,2026-06-10 09:51:07.45615,1.833,0.47345,0,FALSE,-0.13216615,FALSE
tournament_matchups fanduel 17576 11889,tournament_matchups,fanduel,17576,"Conners, Corey",11889,"Fox, Ryan",2,0.48165,2.076,-0.0367,RBC Canadian Open,2026-06-10 09:51:07.45615,2,0.48165,0,FALSE,-0.0367,FALSE
tournament_matchups fanduel 17646 19483,tournament_matchups,fanduel,17646,"Fitzpatrick, Matt",19483,"Burns, Sam",1.9,0.54504,1.835,0.0356,RBC Canadian Open,2026-06-10 09:51:07.45615,1.9,0.54504,0,FALSE,0.0355759999999998,TRUE
tournament_matchups fanduel 17780 23014,tournament_matchups,fanduel,17780,"Pendrith, Taylor",23014,"Theegala, Sahith",1.9,0.48249,2.073,-0.0833,RBC Canadian Open,2026-06-10 09:51:07.45615,1.9,0.48249,0,FALSE,-0.083269,FALSE
tournament_matchups fanduel 18103 15310,tournament_matchups,fanduel,18103,"Bezuidenhout, Christiaan",15310,"Li, Haotong",1.727,0.55875,1.79,-0.0349,RBC Canadian Open,2026-06-10 09:51:07.45615,1.727,0.55875,0,FALSE,-0.03503875,FALSE
tournament_matchups fanduel 18554 21756,tournament_matchups,fanduel,18554,"Rai, Aaron",21756,"Cole, Eric",1.727,0.5558,1.799,-0.04,RBC Canadian Open,2026-06-10 09:51:07.45615,1.727,0.5558,0,FALSE,-0.0401334,FALSE
tournament_matchups fanduel 18586 28159,tournament_matchups,fanduel,18586,"Smith, Jordan",28159,"Meissner, Mac",2.1,0.4648,2.151,-0.0239,RBC Canadian Open,2026-06-10 09:51:07.45615,2.1,0.4648,0,FALSE,-0.0239199999999999,FALSE
tournament_matchups fanduel 18841 17365,tournament_matchups,fanduel,18841,"Hovland, Viktor",17365,"Mitchell, Keith",1.727,0.53233,1.879,-0.0805,RBC Canadian Open,2026-06-10 09:51:07.45615,1.727,0.53233,0,FALSE,-0.08066609,FALSE
tournament_matchups fanduel 19483 17646,tournament_matchups,fanduel,19483,"Burns, Sam",17646,"Fitzpatrick, Matt",1.9,0.45496,2.198,-0.1356,RBC Canadian Open,2026-06-10 09:51:07.45615,1.9,0.45496,0,FALSE,-0.135576,FALSE
tournament_matchups fanduel 21407 16243,tournament_matchups,fanduel,21407,"Reitan, Kristoffer",16243,"Koepka, Brooks",1.667,0.57532,1.738,-0.0411,RBC Canadian Open,2026-06-10 09:51:07.45615,1.667,0.57532,0,FALSE,-0.0409415599999999,FALSE
tournament_matchups fanduel 21756 18554,tournament_matchups,fanduel,21756,"Cole, Eric",18554,"Rai, Aaron",2.1,0.4442,2.251,-0.0672,RBC Canadian Open,2026-06-10 09:51:07.45615,2.1,0.4442,0,FALSE,-0.06718,FALSE
tournament_matchups fanduel 22085 6093,tournament_matchups,fanduel,22085,"Morikawa, Collin",6093,"Rose, Justin",1.8,0.51647,1.936,-0.0704,RBC Canadian Open,2026-06-10 09:51:07.45615,1.8,0.51647,0,FALSE,-0.070354,FALSE
tournament_matchups fanduel 23014 17780,tournament_matchups,fanduel,23014,"Theegala, Sahith",17780,"Pendrith, Taylor",1.9,0.51751,1.932,-0.0167,RBC Canadian Open,2026-06-10 09:51:07.45615,1.9,0.51751,0,FALSE,-0.0167310000000001,FALSE
tournament_matchups fanduel 23323 13900,tournament_matchups,fanduel,23323,"MacIntyre, Robert",13900,"Lowry, Shane",1.667,0.52304,1.912,-0.1283,RBC Canadian Open,2026-06-10 09:51:07.45615,1.667,0.52304,0,FALSE,-0.12809232,FALSE
tournament_matchups fanduel 23465 15556,tournament_matchups,fanduel,23465,"Greyserman, Max",15556,"Hughes, Mackenzie",1.8,0.53364,1.874,-0.0394,RBC Canadian Open,2026-06-10 09:51:07.45615,1.8,0.53364,0,FALSE,-0.0394479999999999,FALSE
tournament_matchups fanduel 23602 26649,tournament_matchups,fanduel,23602,"Hojgaard, Nicolai",26649,"Thorbjornsen, Michael",1.727,0.57179,1.749,-0.0124,RBC Canadian Open,2026-06-10 09:51:07.45615,1.727,0.57179,0,FALSE,-0.01251867,FALSE
tournament_matchups fanduel 23604 12294,tournament_matchups,fanduel,23604,"Clark, Wyndham",12294,"Fleetwood, Tommy",2.2,0.38216,2.617,-0.1593,RBC Canadian Open,2026-06-10 09:51:07.45615,2.2,0.38216,0,FALSE,-0.159248,FALSE
tournament_matchups fanduel 24766 17538,tournament_matchups,fanduel,24766,"Kim, Tom",17538,"Homa, Max",1.909,0.52655,1.899,0.0052,RBC Canadian Open,2026-06-10 09:51:07.45615,1.909,0.52655,0,FALSE,0.00518394999999994,FALSE
tournament_matchups fanduel 25362 10419,tournament_matchups,fanduel,25362,"Fitzpatrick, Alex",10419,"Noren, Alex",1.909,0.48488,2.062,-0.0743,RBC Canadian Open,2026-06-10 09:51:07.45615,1.909,0.48488,0,FALSE,-0.0743640800000001,FALSE
tournament_matchups fanduel 26649 23602,tournament_matchups,fanduel,26649,"Thorbjornsen, Michael",23602,"Hojgaard, Nicolai",2.1,0.42821,2.335,-0.1008,RBC Canadian Open,2026-06-10 09:51:07.45615,2.1,0.42821,0,FALSE,-0.100759,FALSE
tournament_matchups fanduel 27194 29197,tournament_matchups,fanduel,27194,"Hall, Harry",29197,"Brennan, Michael",1.8,0.54446,1.837,-0.02,RBC Canadian Open,2026-06-10 09:51:07.45615,1.8,0.54446,0,FALSE,-0.0199719999999999,FALSE
tournament_matchups fanduel 27364 14502,tournament_matchups,fanduel,27364,"Thompson, Davis",14502,"Cauley, Bud",2.2,0.42299,2.364,-0.0694,RBC Canadian Open,2026-06-10 09:51:07.45615,2.2,0.42299,0,FALSE,-0.069422,FALSE
tournament_matchups fanduel 28159 18586,tournament_matchups,fanduel,28159,"Meissner, Mac",18586,"Smith, Jordan",1.667,0.5352,1.868,-0.108,RBC Canadian Open,2026-06-10 09:51:07.45615,1.667,0.5352,0,FALSE,-0.1078216,FALSE
tournament_matchups fanduel 29197 27194,tournament_matchups,fanduel,29197,"Brennan, Michael",27194,"Hall, Harry",2,0.45554,2.195,-0.0889,RBC Canadian Open,2026-06-10 09:51:07.45615,2,0.45554,0,FALSE,-0.08892,FALSE
tournament_matchups fanduel 29433 13126,tournament_matchups,fanduel,29433,"Bridgeman, Jacob",13126,"Taylor, Nick",1.9,0.52759,1.895,0.0024,RBC Canadian Open,2026-06-10 09:51:07.45615,1.9,0.52759,0,FALSE,0.00242100000000001,FALSE
tournament_matchups fanduel 29925 32457,tournament_matchups,fanduel,29925,"Yellamaraju, Sudarshan",32457,"Keefer, Johnny",1.727,0.55103,1.815,-0.0482,RBC Canadian Open,2026-06-10 09:51:07.45615,1.727,0.55103,0,FALSE,-0.0483711899999999,FALSE
tournament_matchups fanduel 32457 29925,tournament_matchups,fanduel,32457,"Keefer, Johnny",29925,"Yellamaraju, Sudarshan",2.1,0.44897,2.227,-0.0572,RBC Canadian Open,2026-06-10 09:51:07.45615,2.1,0.44897,0,FALSE,-0.057163,FALSE
tournament_matchups fanduel 6093 22085,tournament_matchups,fanduel,6093,"Rose, Justin",22085,"Morikawa, Collin",2,0.48353,2.068,-0.0329,RBC Canadian Open,2026-06-10 09:51:07.45615,2,0.48353,0,FALSE,-0.03294,FALSE
tournament_matchups pinnacle 10104 26850,tournament_matchups,pinnacle,10104,"Power, Seamus",26850,"Svensson, Jesper",1.787,0.55714,1.795,-0.0044,RBC Canadian Open,2026-06-10 09:51:07.45615,1.787,0.55714,0,FALSE,-0.00439082000000013,FALSE
tournament_matchups pinnacle 10419 18554,tournament_matchups,pinnacle,10419,"Noren, Alex",18554,"Rai, Aaron",1.961,0.48158,2.077,-0.0556,RBC Canadian Open,2026-06-10 09:51:07.45615,1.961,0.48158,0,FALSE,-0.0556216199999999,FALSE
tournament_matchups pinnacle 11276 32330,tournament_matchups,pinnacle,11276,"Horschel, Billy",32330,"Clanton, Luke",1.847,0.51061,1.958,-0.0569,RBC Canadian Open,2026-06-10 09:51:07.45615,1.847,0.51061,0,FALSE,-0.05690333,FALSE
tournament_matchups pinnacle 11676 23014,tournament_matchups,pinnacle,11676,"Finau, Tony",23014,"Theegala, Sahith",1.917,0.50494,1.98,-0.032,RBC Canadian Open,2026-06-10 09:51:07.45615,1.917,0.50494,0,FALSE,-0.0320300199999999,FALSE
tournament_matchups pinnacle 11889 17780,tournament_matchups,pinnacle,11889,"Fox, Ryan",17780,"Pendrith, Taylor",1.854,0.52258,1.914,-0.0311,RBC Canadian Open,2026-06-10 09:51:07.45615,1.854,0.52258,0,FALSE,-0.0311366799999999,FALSE
tournament_matchups pinnacle 12294 17646,tournament_matchups,pinnacle,12294,"Fleetwood, Tommy",17646,"Fitzpatrick, Matt",1.84,0.52138,1.918,-0.0407,RBC Canadian Open,2026-06-10 09:51:07.45615,1.84,0.52138,0,FALSE,-0.0406608000000001,FALSE
tournament_matchups pinnacle 12294 19483,tournament_matchups,pinnacle,12294,"Fleetwood, Tommy",19483,"Burns, Sam",1.729,0.56465,1.771,-0.0237,RBC Canadian Open,2026-06-10 09:51:07.45615,1.729,0.56465,0,FALSE,-0.0237201499999999,FALSE
tournament_matchups pinnacle 12423 22002,tournament_matchups,pinnacle,12423,"Kirk, Chris",22002,"Dumont De Chassart, Adrien",1.925,0.49703,2.012,-0.0432,RBC Canadian Open,2026-06-10 09:51:07.45615,1.925,0.49703,0,FALSE,-0.0432172499999999,FALSE
tournament_matchups pinnacle 12808 13965,tournament_matchups,pinnacle,12808,"Grillo, Emiliano",13965,"Hadwin, Adam",1.892,0.50836,1.967,-0.0382,RBC Canadian Open,2026-06-10 09:51:07.45615,1.892,0.50836,0,FALSE,-0.03818288,FALSE
tournament_matchups pinnacle 13126 29197,tournament_matchups,pinnacle,13126,"Taylor, Nick",29197,"Brennan, Michael",1.813,0.53832,1.858,-0.024,RBC Canadian Open,2026-06-10 09:51:07.45615,1.813,0.53832,0,FALSE,-0.02402584,FALSE
tournament_matchups pinnacle 13412 15556,tournament_matchups,pinnacle,13412,"Olesen, Thorbjorn",15556,"Hughes, Mackenzie",1.787,0.52883,1.891,-0.055,RBC Canadian Open,2026-06-10 09:51:07.45615,1.787,0.52883,0,FALSE,-0.05498079,FALSE
tournament_matchups pinnacle 13900 16243,tournament_matchups,pinnacle,13900,"Lowry, Shane",16243,"Koepka, Brooks",1.826,0.54659,1.83,-0.0019,RBC Canadian Open,2026-06-10 09:51:07.45615,1.826,0.54659,0,FALSE,-0.00192665999999997,FALSE
tournament_matchups pinnacle 13900 18841,tournament_matchups,pinnacle,13900,"Lowry, Shane",18841,"Hovland, Viktor",1.869,0.51382,1.946,-0.0397,RBC Canadian Open,2026-06-10 09:51:07.45615,1.869,0.51382,0,FALSE,-0.0396704199999999,FALSE
tournament_matchups pinnacle 13965 12808,tournament_matchups,pinnacle,13965,"Hadwin, Adam",12808,"Grillo, Emiliano",1.943,0.49164,2.034,-0.0447,RBC Canadian Open,2026-06-10 09:51:07.45615,1.943,0.49164,0,FALSE,-0.0447434799999999,FALSE
tournament_matchups pinnacle 14704 24550,tournament_matchups,pinnacle,14704,"Putnam, Andrew",24550,"Ghim, Doug",1.99,0.50508,1.98,0.0051,RBC Canadian Open,2026-06-10 09:51:07.45615,1.99,0.50508,0,FALSE,0.00510919999999993,FALSE
tournament_matchups pinnacle 15310 19846,tournament_matchups,pinnacle,15310,"Li, Haotong",19846,"Bauchou, Zach",2.07,0.4647,2.152,-0.0381,RBC Canadian Open,2026-06-10 09:51:07.45615,2.07,0.4647,0,FALSE,-0.0380710000000001,FALSE
tournament_matchups pinnacle 15470 19870,tournament_matchups,pinnacle,15470,"Hossler, Beau",19870,"McCarthy, Denny",2.05,0.45921,2.178,-0.0586,RBC Canadian Open,2026-06-10 09:51:07.45615,2.05,0.45921,0,FALSE,-0.0586195000000001,FALSE
tournament_matchups pinnacle 15556 13412,tournament_matchups,pinnacle,15556,"Hughes, Mackenzie",13412,"Olesen, Thorbjorn",2.06,0.47117,2.122,-0.0294,RBC Canadian Open,2026-06-10 09:51:07.45615,2.06,0.47117,0,FALSE,-0.0293898,FALSE
tournament_matchups pinnacle 15575 16333,tournament_matchups,pinnacle,15575,"Hoge, Tom",16333,"Hubbard, Mark",1.97,0.48648,2.056,-0.0416,RBC Canadian Open,2026-06-10 09:51:07.45615,1.97,0.48648,0,FALSE,-0.0416344,FALSE
tournament_matchups pinnacle 16243 13900,tournament_matchups,pinnacle,16243,"Koepka, Brooks",13900,"Lowry, Shane",2.02,0.45341,2.205,-0.0841,RBC Canadian Open,2026-06-10 09:51:07.45615,2.02,0.45341,0,FALSE,-0.0841118000000001,FALSE
tournament_matchups pinnacle 16243 18841,tournament_matchups,pinnacle,16243,"Koepka, Brooks",18841,"Hovland, Viktor",1.99,0.46644,2.144,-0.0718,RBC Canadian Open,2026-06-10 09:51:07.45615,1.99,0.46644,0,FALSE,-0.0717844,FALSE
tournament_matchups pinnacle 16333 15575,tournament_matchups,pinnacle,16333,"Hubbard, Mark",15575,"Hoge, Tom",1.869,0.51352,1.947,-0.0402,RBC Canadian Open,2026-06-10 09:51:07.45615,1.869,0.51352,0,FALSE,-0.0402311200000001,FALSE
tournament_matchups pinnacle 16394 20706,tournament_matchups,pinnacle,16394,"Jaeger, Stephan",20706,"Wallace, Matt",2.02,0.4723,2.117,-0.046,RBC Canadian Open,2026-06-10 09:51:07.45615,2.02,0.4723,0,FALSE,-0.0459540000000001,FALSE
tournament_matchups pinnacle 17365 26649,tournament_matchups,pinnacle,17365,"Mitchell, Keith",26649,"Thorbjornsen, Michael",1.917,0.50992,1.961,-0.0225,RBC Canadian Open,2026-06-10 09:51:07.45615,1.917,0.50992,0,FALSE,-0.02248336,FALSE
tournament_matchups pinnacle 17538 23841,tournament_matchups,pinnacle,17538,"Homa, Max",23841,"Neergaard-Petersen, Rasmus",1.98,0.47987,2.084,-0.0499,RBC Canadian Open,2026-06-10 09:51:07.45615,1.98,0.47987,0,FALSE,-0.0498574,FALSE
tournament_matchups pinnacle 17576 32457,tournament_matchups,pinnacle,17576,"Conners, Corey",32457,"Keefer, Johnny",1.719,0.56157,1.781,-0.0347,RBC Canadian Open,2026-06-10 09:51:07.45615,1.719,0.56157,0,FALSE,-0.0346611699999999,FALSE
tournament_matchups pinnacle 17646 12294,tournament_matchups,pinnacle,17646,"Fitzpatrick, Matt",12294,"Fleetwood, Tommy",2,0.47862,2.089,-0.0428,RBC Canadian Open,2026-06-10 09:51:07.45615,2,0.47862,0,FALSE,-0.04276,FALSE
tournament_matchups pinnacle 17646 19483,tournament_matchups,pinnacle,17646,"Fitzpatrick, Matt",19483,"Burns, Sam",1.775,0.54504,1.835,-0.0326,RBC Canadian Open,2026-06-10 09:51:07.45615,1.775,0.54504,0,FALSE,-0.0325540000000001,FALSE
tournament_matchups pinnacle 17780 11889,tournament_matchups,pinnacle,17780,"Pendrith, Taylor",11889,"Fox, Ryan",1.98,0.47742,2.095,-0.0547,RBC Canadian Open,2026-06-10 09:51:07.45615,1.98,0.47742,0,FALSE,-0.0547084,FALSE
tournament_matchups pinnacle 17881 22985,tournament_matchups,pinnacle,17881,"Yu, Kevin",22985,"Smotherman, Austin",1.961,0.4787,2.089,-0.0613,RBC Canadian Open,2026-06-10 09:51:07.45615,1.961,0.4787,0,FALSE,-0.0612693,FALSE
tournament_matchups pinnacle 18103 23505,tournament_matchups,pinnacle,18103,"Bezuidenhout, Christiaan",23505,"McGreevy, Max",1.847,0.52402,1.908,-0.0321,RBC Canadian Open,2026-06-10 09:51:07.45615,1.847,0.52402,0,FALSE,-0.0321350599999999,FALSE
tournament_matchups pinnacle 18554 10419,tournament_matchups,pinnacle,18554,"Rai, Aaron",10419,"Noren, Alex",1.877,0.51842,1.929,-0.0269,RBC Canadian Open,2026-06-10 09:51:07.45615,1.877,0.51842,0,FALSE,-0.02692566,FALSE
tournament_matchups pinnacle 18586 27364,tournament_matchups,pinnacle,18586,"Smith, Jordan",27364,"Thompson, Davis",1.826,0.5086,1.966,-0.0713,RBC Canadian Open,2026-06-10 09:51:07.45615,1.826,0.5086,0,FALSE,-0.0712963999999998,FALSE
tournament_matchups pinnacle 18841 13900,tournament_matchups,pinnacle,18841,"Hovland, Viktor",13900,"Lowry, Shane",1.97,0.48618,2.057,-0.0422,RBC Canadian Open,2026-06-10 09:51:07.45615,1.97,0.48618,0,FALSE,-0.0422254,FALSE
tournament_matchups pinnacle 18841 16243,tournament_matchups,pinnacle,18841,"Hovland, Viktor",16243,"Koepka, Brooks",1.847,0.53356,1.874,-0.0145,RBC Canadian Open,2026-06-10 09:51:07.45615,1.847,0.53356,0,FALSE,-0.01451468,FALSE
tournament_matchups pinnacle 19483 12294,tournament_matchups,pinnacle,19483,"Burns, Sam",12294,"Fleetwood, Tommy",2.14,0.43535,2.297,-0.0683,RBC Canadian Open,2026-06-10 09:51:07.45615,2.14,0.43535,0,FALSE,-0.0683509999999999,FALSE
tournament_matchups pinnacle 19483 17646,tournament_matchups,pinnacle,19483,"Burns, Sam",17646,"Fitzpatrick, Matt",2.08,0.45496,2.198,-0.0537,RBC Canadian Open,2026-06-10 09:51:07.45615,2.08,0.45496,0,FALSE,-0.0536832,FALSE
tournament_matchups pinnacle 19846 15310,tournament_matchups,pinnacle,19846,"Bauchou, Zach",15310,"Li, Haotong",1.781,0.5353,1.868,-0.0466,RBC Canadian Open,2026-06-10 09:51:07.45615,1.781,0.5353,0,FALSE,-0.0466307,FALSE
tournament_matchups pinnacle 19870 15470,tournament_matchups,pinnacle,19870,"McCarthy, Denny",15470,"Hossler, Beau",1.8,0.54079,1.849,-0.0266,RBC Canadian Open,2026-06-10 09:51:07.45615,1.8,0.54079,0,FALSE,-0.026578,FALSE
tournament_matchups pinnacle 20706 16394,tournament_matchups,pinnacle,20706,"Wallace, Matt",16394,"Jaeger, Stephan",1.826,0.5277,1.895,-0.0364,RBC Canadian Open,2026-06-10 09:51:07.45615,1.826,0.5277,0,FALSE,-0.0364198000000001,FALSE
tournament_matchups pinnacle 20722 29279,tournament_matchups,pinnacle,20722,"Schmid, Matti",29279,"Suber, Jackson",1.854,0.53395,1.873,-0.0101,RBC Canadian Open,2026-06-10 09:51:07.45615,1.854,0.53395,0,FALSE,-0.0100566999999999,FALSE
tournament_matchups pinnacle 21074 24342,tournament_matchups,pinnacle,21074,"Nakajima, Keita",24342,"Higgo, Garrick",1.9,0.49812,2.008,-0.0536,RBC Canadian Open,2026-06-10 09:51:07.45615,1.9,0.49812,0,FALSE,-0.0535720000000001,FALSE
tournament_matchups pinnacle 21407 23602,tournament_matchups,pinnacle,21407,"Reitan, Kristoffer",23602,"Hojgaard, Nicolai",1.854,0.5144,1.944,-0.0463,RBC Canadian Open,2026-06-10 09:51:07.45615,1.854,0.5144,0,FALSE,-0.0463024,FALSE
tournament_matchups pinnacle 21407 6093,tournament_matchups,pinnacle,21407,"Reitan, Kristoffer",6093,"Rose, Justin",1.884,0.51122,1.956,-0.0369,RBC Canadian Open,2026-06-10 09:51:07.45615,1.884,0.51122,0,FALSE,-0.0368615200000001,FALSE
tournament_matchups pinnacle 21756 28159,tournament_matchups,pinnacle,21756,"Cole, Eric",28159,"Meissner, Mac",1.826,0.51157,1.955,-0.0659,RBC Canadian Open,2026-06-10 09:51:07.45615,1.826,0.51157,0,FALSE,-0.06587318,FALSE
tournament_matchups pinnacle 21944 27819,tournament_matchups,pinnacle,21944,"Moore, Taylor",27819,"Castillo, Ricky",2,0.47712,2.096,-0.0458,RBC Canadian Open,2026-06-10 09:51:07.45615,2,0.47712,0,FALSE,-0.04576,FALSE
tournament_matchups pinnacle 22002 12423,tournament_matchups,pinnacle,22002,"Dumont De Chassart, Adrien",12423,"Kirk, Chris",1.909,0.50297,1.988,-0.0398,RBC Canadian Open,2026-06-10 09:51:07.45615,1.909,0.50297,0,FALSE,-0.0398302699999999,FALSE
tournament_matchups pinnacle 22085 23604,tournament_matchups,pinnacle,22085,"Morikawa, Collin",23604,"Clark, Wyndham",2,0.50141,1.994,0.0028,RBC Canadian Open,2026-06-10 09:51:07.45615,2,0.50141,0,FALSE,0.00282000000000004,FALSE
tournament_matchups pinnacle 22985 17881,tournament_matchups,pinnacle,22985,"Smotherman, Austin",17881,"Yu, Kevin",1.877,0.5213,1.918,-0.0215,RBC Canadian Open,2026-06-10 09:51:07.45615,1.877,0.5213,0,FALSE,-0.0215199,FALSE
tournament_matchups pinnacle 23014 11676,tournament_matchups,pinnacle,23014,"Theegala, Sahith",11676,"Finau, Tony",1.917,0.49506,2.02,-0.051,RBC Canadian Open,2026-06-10 09:51:07.45615,1.917,0.49506,0,FALSE,-0.05096998,FALSE
tournament_matchups pinnacle 23323 23602,tournament_matchups,pinnacle,23323,"MacIntyre, Robert",23602,"Hojgaard, Nicolai",1.9,0.50336,1.987,-0.0436,RBC Canadian Open,2026-06-10 09:51:07.45615,1.9,0.50336,0,FALSE,-0.043616,FALSE
tournament_matchups pinnacle 23323 6093,tournament_matchups,pinnacle,23323,"MacIntyre, Robert",6093,"Rose, Justin",1.892,0.50227,1.991,-0.0497,RBC Canadian Open,2026-06-10 09:51:07.45615,1.892,0.50227,0,FALSE,-0.04970516,FALSE
tournament_matchups pinnacle 23465 29925,tournament_matchups,pinnacle,23465,"Greyserman, Max",29925,"Yellamaraju, Sudarshan",2,0.47293,2.114,-0.0541,RBC Canadian Open,2026-06-10 09:51:07.45615,2,0.47293,0,FALSE,-0.05414,FALSE
tournament_matchups pinnacle 23504 26657,tournament_matchups,pinnacle,23504,"Hoey, Rico",26657,"Fisk, Steven",1.833,0.52569,1.902,-0.0364,RBC Canadian Open,2026-06-10 09:51:07.45615,1.833,0.52569,0,FALSE,-0.03641023,FALSE
tournament_matchups pinnacle 23505 18103,tournament_matchups,pinnacle,23505,"McGreevy, Max",18103,"Bezuidenhout, Christiaan",1.99,0.47598,2.101,-0.0528,RBC Canadian Open,2026-06-10 09:51:07.45615,1.99,0.47598,0,FALSE,-0.0527998,FALSE
tournament_matchups pinnacle 23602 21407,tournament_matchups,pinnacle,23602,"Hojgaard, Nicolai",21407,"Reitan, Kristoffer",1.98,0.4856,2.059,-0.0385,RBC Canadian Open,2026-06-10 09:51:07.45615,1.98,0.4856,0,FALSE,-0.0385120000000001,FALSE
tournament_matchups pinnacle 23602 23323,tournament_matchups,pinnacle,23602,"Hojgaard, Nicolai",23323,"MacIntyre, Robert",1.934,0.49664,2.014,-0.0395,RBC Canadian Open,2026-06-10 09:51:07.45615,1.934,0.49664,0,FALSE,-0.03949824,FALSE
tournament_matchups pinnacle 23604 22085,tournament_matchups,pinnacle,23604,"Clark, Wyndham",22085,"Morikawa, Collin",1.84,0.49859,2.006,-0.0826,RBC Canadian Open,2026-06-10 09:51:07.45615,1.84,0.49859,0,FALSE,-0.0825944,FALSE
tournament_matchups pinnacle 23841 17538,tournament_matchups,pinnacle,23841,"Neergaard-Petersen, Rasmus",17538,"Homa, Max",1.862,0.52013,1.923,-0.0315,RBC Canadian Open,2026-06-10 09:51:07.45615,1.862,0.52013,0,FALSE,-0.03151794,FALSE
tournament_matchups pinnacle 24342 21074,tournament_matchups,pinnacle,24342,"Higgo, Garrick",21074,"Nakajima, Keita",1.934,0.50188,1.993,-0.0294,RBC Canadian Open,2026-06-10 09:51:07.45615,1.934,0.50188,0,FALSE,-0.02936408,FALSE
tournament_matchups pinnacle 24550 14704,tournament_matchups,pinnacle,24550,"Ghim, Doug",14704,"Putnam, Andrew",1.847,0.49492,2.021,-0.0859,RBC Canadian Open,2026-06-10 09:51:07.45615,1.847,0.49492,0,FALSE,-0.08588276,FALSE
tournament_matchups pinnacle 24766 27900,tournament_matchups,pinnacle,24766,"Kim, Tom",27900,"Potgieter, Aldrich",1.769,0.53763,1.86,-0.0489,RBC Canadian Open,2026-06-10 09:51:07.45615,1.769,0.53763,0,FALSE,-0.04893253,FALSE
tournament_matchups pinnacle 25157 26653,tournament_matchups,pinnacle,25157,"Hodges, Lee",26653,"Eckroat, Austin",1.892,0.51901,1.927,-0.018,RBC Canadian Open,2026-06-10 09:51:07.45615,1.892,0.51901,0,FALSE,-0.0180330800000001,FALSE
tournament_matchups pinnacle 26649 17365,tournament_matchups,pinnacle,26649,"Thorbjornsen, Michael",17365,"Mitchell, Keith",1.917,0.49008,2.04,-0.0605,RBC Canadian Open,2026-06-10 09:51:07.45615,1.917,0.49008,0,FALSE,-0.0605166399999999,FALSE
tournament_matchups pinnacle 26653 25157,tournament_matchups,pinnacle,26653,"Eckroat, Austin",25157,"Hodges, Lee",1.943,0.48099,2.079,-0.0654,RBC Canadian Open,2026-06-10 09:51:07.45615,1.943,0.48099,0,FALSE,-0.06543643,FALSE
tournament_matchups pinnacle 26657 23504,tournament_matchups,pinnacle,26657,"Fisk, Steven",23504,"Hoey, Rico",2.01,0.47431,2.108,-0.0466,RBC Canadian Open,2026-06-10 09:51:07.45615,2.01,0.47431,0,FALSE,-0.0466369000000001,FALSE
tournament_matchups pinnacle 26850 10104,tournament_matchups,pinnacle,26850,"Svensson, Jesper",10104,"Power, Seamus",2.06,0.44286,2.258,-0.0877,RBC Canadian Open,2026-06-10 09:51:07.45615,2.06,0.44286,0,FALSE,-0.0877084,FALSE
tournament_matchups pinnacle 27194 29433,tournament_matchups,pinnacle,27194,"Hall, Harry",29433,"Bridgeman, Jacob",1.98,0.47839,2.09,-0.0528,RBC Canadian Open,2026-06-10 09:51:07.45615,1.98,0.47839,0,FALSE,-0.0527878000000001,FALSE
tournament_matchups pinnacle 27364 18586,tournament_matchups,pinnacle,27364,"Thompson, Davis",18586,"Smith, Jordan",2.02,0.4914,2.035,-0.0074,RBC Canadian Open,2026-06-10 09:51:07.45615,2.02,0.4914,0,FALSE,-0.00737199999999993,FALSE
tournament_matchups pinnacle 27819 21944,tournament_matchups,pinnacle,27819,"Castillo, Ricky",21944,"Moore, Taylor",1.84,0.52288,1.912,-0.0379,RBC Canadian Open,2026-06-10 09:51:07.45615,1.84,0.52288,0,FALSE,-0.0379008,FALSE
tournament_matchups pinnacle 27900 24766,tournament_matchups,pinnacle,27900,"Potgieter, Aldrich",24766,"Kim, Tom",2.09,0.46237,2.163,-0.0337,RBC Canadian Open,2026-06-10 09:51:07.45615,2.09,0.46237,0,FALSE,-0.0336467,FALSE
tournament_matchups pinnacle 28159 21756,tournament_matchups,pinnacle,28159,"Meissner, Mac",21756,"Cole, Eric",2.02,0.48843,2.047,-0.0134,RBC Canadian Open,2026-06-10 09:51:07.45615,2.02,0.48843,0,FALSE,-0.0133714,FALSE
tournament_matchups pinnacle 29197 13126,tournament_matchups,pinnacle,29197,"Brennan, Michael",13126,"Taylor, Nick",2.03,0.46168,2.166,-0.0628,RBC Canadian Open,2026-06-10 09:51:07.45615,2.03,0.46168,0,FALSE,-0.0627896000000001,FALSE
tournament_matchups pinnacle 29279 20722,tournament_matchups,pinnacle,29279,"Suber, Jackson",20722,"Schmid, Matti",1.98,0.46605,2.146,-0.0772,RBC Canadian Open,2026-06-10 09:51:07.45615,1.98,0.46605,0,FALSE,-0.077221,FALSE
tournament_matchups pinnacle 29433 27194,tournament_matchups,pinnacle,29433,"Bridgeman, Jacob",27194,"Hall, Harry",1.854,0.52161,1.917,-0.0329,RBC Canadian Open,2026-06-10 09:51:07.45615,1.854,0.52161,0,FALSE,-0.0329350599999999,FALSE
tournament_matchups pinnacle 29925 23465,tournament_matchups,pinnacle,29925,"Yellamaraju, Sudarshan",23465,"Greyserman, Max",1.84,0.52707,1.897,-0.0302,RBC Canadian Open,2026-06-10 09:51:07.45615,1.84,0.52707,0,FALSE,-0.0301911999999999,FALSE
tournament_matchups pinnacle 32330 11276,tournament_matchups,pinnacle,32330,"Clanton, Luke",11276,"Horschel, Billy",1.99,0.48939,2.043,-0.0261,RBC Canadian Open,2026-06-10 09:51:07.45615,1.99,0.48939,0,FALSE,-0.0261139,FALSE
tournament_matchups pinnacle 32457 17576,tournament_matchups,pinnacle,32457,"Keefer, Johnny",17576,"Conners, Corey",2.16,0.43843,2.281,-0.053,RBC Canadian Open,2026-06-10 09:51:07.45615,2.16,0.43843,0,FALSE,-0.0529912,FALSE
tournament_matchups pinnacle 6093 21407,tournament_matchups,pinnacle,6093,"Rose, Justin",21407,"Reitan, Kristoffer",1.952,0.48878,2.046,-0.0459,RBC Canadian Open,2026-06-10 09:51:07.45615,1.952,0.48878,0,FALSE,-0.0459014400000001,FALSE
tournament_matchups pinnacle 6093 23323,tournament_matchups,pinnacle,6093,"Rose, Justin",23323,"MacIntyre, Robert",1.943,0.49773,2.009,-0.0329,RBC Canadian Open,2026-06-10 09:51:07.45615,1.943,0.49773,0,FALSE,-0.03291061,FALSE
tournament_matchups unibet 10419 23323,tournament_matchups,unibet,10419,"Noren, Alex",23323,"MacIntyre, Robert",1.909,0.4896,2.042,-0.0653,RBC Canadian Open,2026-06-10 09:51:07.45615,1.909,0.4896,0,FALSE,-0.0653536,FALSE
tournament_matchups unibet 11676 17576,tournament_matchups,unibet,11676,"Finau, Tony",17576,"Conners, Corey",1.833,0.51441,1.944,-0.0569,RBC Canadian Open,2026-06-10 09:51:07.45615,1.833,0.51441,0,FALSE,-0.05708647,FALSE
tournament_matchups unibet 11889 17780,tournament_matchups,unibet,11889,"Fox, Ryan",17780,"Pendrith, Taylor",1.8,0.52258,1.914,-0.0594,RBC Canadian Open,2026-06-10 09:51:07.45615,1.8,0.52258,0,FALSE,-0.0593559999999999,FALSE
tournament_matchups unibet 12294 22085,tournament_matchups,unibet,12294,"Fleetwood, Tommy",22085,"Morikawa, Collin",1.538,0.61523,1.625,-0.054,RBC Canadian Open,2026-06-10 09:51:07.45615,1.538,0.61523,0,FALSE,-0.0537762599999999,FALSE
tournament_matchups unibet 13126 25362,tournament_matchups,unibet,13126,"Taylor, Nick",25362,"Fitzpatrick, Alex",2.05,0.46282,2.161,-0.0512,RBC Canadian Open,2026-06-10 09:51:07.45615,2.05,0.46282,0,FALSE,-0.051219,FALSE
tournament_matchups unibet 13900 23602,tournament_matchups,unibet,13900,"Lowry, Shane",23602,"Hojgaard, Nicolai",1.952,0.48173,2.076,-0.0595,RBC Canadian Open,2026-06-10 09:51:07.45615,1.952,0.48173,0,FALSE,-0.05966304,FALSE
tournament_matchups unibet 14502 29433,tournament_matchups,unibet,14502,"Cauley, Bud",29433,"Bridgeman, Jacob",1.833,0.50516,1.98,-0.0739,RBC Canadian Open,2026-06-10 09:51:07.45615,1.833,0.50516,0,FALSE,-0.0740417199999999,FALSE
tournament_matchups unibet 16243 21407,tournament_matchups,unibet,16243,"Koepka, Brooks",21407,"Reitan, Kristoffer",2.15,0.42468,2.355,-0.0869,RBC Canadian Open,2026-06-10 09:51:07.45615,2.15,0.42468,0,FALSE,-0.0869380000000001,FALSE
tournament_matchups unibet 17365 29197,tournament_matchups,unibet,17365,"Mitchell, Keith",29197,"Brennan, Michael",1.758,0.53238,1.878,-0.0643,RBC Canadian Open,2026-06-10 09:51:07.45615,1.758,0.53238,0,FALSE,-0.06407596,FALSE
tournament_matchups unibet 17576 11676,tournament_matchups,unibet,17576,"Conners, Corey",11676,"Finau, Tony",1.909,0.48559,2.059,-0.073,RBC Canadian Open,2026-06-10 09:51:07.45615,1.909,0.48559,0,FALSE,-0.07300869,FALSE
tournament_matchups unibet 17646 6093,tournament_matchups,unibet,17646,"Fitzpatrick, Matt",6093,"Rose, Justin",1.538,0.61189,1.634,-0.0591,RBC Canadian Open,2026-06-10 09:51:07.45615,1.538,0.61189,0,FALSE,-0.0589131799999999,FALSE
tournament_matchups unibet 17780 11889,tournament_matchups,unibet,17780,"Pendrith, Taylor",11889,"Fox, Ryan",1.952,0.47742,2.095,-0.0679,RBC Canadian Open,2026-06-10 09:51:07.45615,1.952,0.47742,0,FALSE,-0.0680761600000001,FALSE
tournament_matchups unibet 18103 27194,tournament_matchups,unibet,18103,"Bezuidenhout, Christiaan",27194,"Hall, Harry",2.1,0.43886,2.279,-0.0784,RBC Canadian Open,2026-06-10 09:51:07.45615,2.1,0.43886,0,FALSE,-0.078394,FALSE
tournament_matchups unibet 18554 18841,tournament_matchups,unibet,18554,"Rai, Aaron",18841,"Hovland, Viktor",1.73,0.54423,1.837,-0.0585,RBC Canadian Open,2026-06-10 09:51:07.45615,1.73,0.54423,0,FALSE,-0.0584821,FALSE
tournament_matchups unibet 18586 32457,tournament_matchups,unibet,18586,"Smith, Jordan",32457,"Keefer, Johnny",1.629,0.57307,1.745,-0.0665,RBC Canadian Open,2026-06-10 09:51:07.45615,1.629,0.57307,0,FALSE,-0.0664689700000001,FALSE
tournament_matchups unibet 18841 18554,tournament_matchups,unibet,18841,"Hovland, Viktor",18554,"Rai, Aaron",2.05,0.45577,2.194,-0.0657,RBC Canadian Open,2026-06-10 09:51:07.45615,2.05,0.45577,0,FALSE,-0.0656715000000001,FALSE
tournament_matchups unibet 19483 23604,tournament_matchups,unibet,19483,"Burns, Sam",23604,"Clark, Wyndham",1.699,0.55158,1.813,-0.0627,RBC Canadian Open,2026-06-10 09:51:07.45615,1.699,0.55158,0,FALSE,-0.0628655800000001,FALSE
tournament_matchups unibet 21407 16243,tournament_matchups,unibet,21407,"Reitan, Kristoffer",16243,"Koepka, Brooks",1.667,0.57532,1.738,-0.0411,RBC Canadian Open,2026-06-10 09:51:07.45615,1.667,0.57532,0,FALSE,-0.0409415599999999,FALSE
tournament_matchups unibet 21756 26649,tournament_matchups,unibet,21756,"Cole, Eric",26649,"Thorbjornsen, Michael",1.758,0.53113,1.883,-0.0665,RBC Canadian Open,2026-06-10 09:51:07.45615,1.758,0.53113,0,FALSE,-0.06627346,FALSE
tournament_matchups unibet 22085 12294,tournament_matchups,unibet,22085,"Morikawa, Collin",12294,"Fleetwood, Tommy",2.38,0.38477,2.599,-0.0842,RBC Canadian Open,2026-06-10 09:51:07.45615,2.38,0.38477,0,FALSE,-0.0842474000000001,FALSE
tournament_matchups unibet 23014 28159,tournament_matchups,unibet,23014,"Theegala, Sahith",28159,"Meissner, Mac",2.05,0.46315,2.159,-0.0505,RBC Canadian Open,2026-06-10 09:51:07.45615,2.05,0.46315,0,FALSE,-0.0505425000000001,FALSE
tournament_matchups unibet 23323 10419,tournament_matchups,unibet,23323,"MacIntyre, Robert",10419,"Noren, Alex",1.833,0.5104,1.959,-0.0643,RBC Canadian Open,2026-06-10 09:51:07.45615,1.833,0.5104,0,FALSE,-0.0644368000000001,FALSE
tournament_matchups unibet 23504 27900,tournament_matchups,unibet,23504,"Hoey, Rico",27900,"Potgieter, Aldrich",1.667,0.56744,1.762,-0.0543,RBC Canadian Open,2026-06-10 09:51:07.45615,1.667,0.56744,0,FALSE,-0.0540775199999999,FALSE
tournament_matchups unibet 23602 13900,tournament_matchups,unibet,23602,"Hojgaard, Nicolai",13900,"Lowry, Shane",1.8,0.51827,1.93,-0.0671,RBC Canadian Open,2026-06-10 09:51:07.45615,1.8,0.51827,0,FALSE,-0.067114,FALSE
tournament_matchups unibet 23604 19483,tournament_matchups,unibet,23604,"Clark, Wyndham",19483,"Burns, Sam",2.1,0.44842,2.23,-0.0583,RBC Canadian Open,2026-06-10 09:51:07.45615,2.1,0.44842,0,FALSE,-0.058318,FALSE
tournament_matchups unibet 25362 13126,tournament_matchups,unibet,25362,"Fitzpatrick, Alex",13126,"Taylor, Nick",1.73,0.53718,1.862,-0.0707,RBC Canadian Open,2026-06-10 09:51:07.45615,1.73,0.53718,0,FALSE,-0.0706786,FALSE
tournament_matchups unibet 26649 21756,tournament_matchups,unibet,26649,"Thorbjornsen, Michael",21756,"Cole, Eric",2,0.46887,2.133,-0.0623,RBC Canadian Open,2026-06-10 09:51:07.45615,2,0.46887,0,FALSE,-0.06226,FALSE
tournament_matchups unibet 27194 18103,tournament_matchups,unibet,27194,"Hall, Harry",18103,"Bezuidenhout, Christiaan",1.699,0.56114,1.782,-0.0465,RBC Canadian Open,2026-06-10 09:51:07.45615,1.699,0.56114,0,FALSE,-0.04662314,FALSE
tournament_matchups unibet 27364 29925,tournament_matchups,unibet,27364,"Thompson, Davis",29925,"Yellamaraju, Sudarshan",1.833,0.51352,1.947,-0.0585,RBC Canadian Open,2026-06-10 09:51:07.45615,1.833,0.51352,0,FALSE,-0.05871784,FALSE
tournament_matchups unibet 27900 23504,tournament_matchups,unibet,27900,"Potgieter, Aldrich",23504,"Hoey, Rico",2.15,0.43256,2.312,-0.07,RBC Canadian Open,2026-06-10 09:51:07.45615,2.15,0.43256,0,FALSE,-0.0699960000000001,FALSE
tournament_matchups unibet 28159 23014,tournament_matchups,unibet,28159,"Meissner, Mac",23014,"Theegala, Sahith",1.73,0.53685,1.863,-0.0713,RBC Canadian Open,2026-06-10 09:51:07.45615,1.73,0.53685,0,FALSE,-0.0712495,FALSE
tournament_matchups unibet 29197 17365,tournament_matchups,unibet,29197,"Brennan, Michael",17365,"Mitchell, Keith",2,0.46762,2.138,-0.0648,RBC Canadian Open,2026-06-10 09:51:07.45615,2,0.46762,0,FALSE,-0.06476,FALSE
tournament_matchups unibet 29433 14502,tournament_matchups,unibet,29433,"Bridgeman, Jacob",14502,"Cauley, Bud",1.909,0.49484,2.021,-0.0553,RBC Canadian Open,2026-06-10 09:51:07.45615,1.909,0.49484,0,FALSE,-0.05535044,FALSE
tournament_matchups unibet 29925 27364,tournament_matchups,unibet,29925,"Yellamaraju, Sudarshan",27364,"Thompson, Davis",1.909,0.48648,2.056,-0.0713,RBC Canadian Open,2026-06-10 09:51:07.45615,1.909,0.48648,0,FALSE,-0.0713096799999999,FALSE
tournament_matchups unibet 32457 18586,tournament_matchups,unibet,32457,"Keefer, Johnny",18586,"Smith, Jordan",2.2,0.42693,2.342,-0.0608,RBC Canadian Open,2026-06-10 09:51:07.45615,2.2,0.42693,0,FALSE,-0.060754,FALSE
tournament_matchups unibet 6093 17646,tournament_matchups,unibet,6093,"Rose, Justin",17646,"Fitzpatrick, Matt",2.38,0.38811,2.577,-0.0763,RBC Canadian Open,2026-06-10 09:51:07.45615,2.38,0.38811,0,FALSE,-0.0762982,FALSE
