"game_id","season","week","home_team","away_team","spread","spread_feature","over_under","line_movement","sharp_home_signal","sharp_away_signal","elo_diff","bye_adv","conference_tier","spread_prob","spread_pick","spread_edge","spread_ev","spread_bet","spread_bet_sharp","sharp_confirmed","totals_prob","totals_pick","totals_edge","totals_ev","totals_bet","home_covered","over_hit","actual_margin","total_points"
401752681,2025,2,"Alabama","UL Monroe",-34.25,-37,50.25,2.75,0,1,201.884846022096,0,1,0.627289994014141,"Alabama",0.127289994014141,0.197496598572995,TRUE,FALSE,FALSE,0.817199780368436,"OVER",0.317199780368436,0.560034380723344,TRUE,1,1,73,73
401752682,2025,2,"Arkansas","Arkansas State",-24,-22.5,61.75,-1.5,1,0,23.7990608167197,0,1,0.869780112933259,"Arkansas",0.369780112933259,0.660410235589592,TRUE,TRUE,TRUE,0.384693363315218,"UNDER",0.115306636684782,-0.26562036943125,FALSE,1,1,42,70
401752683,2025,2,"Auburn","Ball State",-42.75,-43,52.5,0.25,0,0,172.188560680186,0,1,0.300260923697863,"Ball State",0.199739076302137,-0.42680189666078,FALSE,FALSE,FALSE,0.884839355919689,"OVER",0.384839355919689,0.689158330450685,TRUE,0,0,39,45
401752684,2025,2,"Florida","South Florida",-18.5,-17.25,58.25,-1.25,1,0,74.6806854430886,0,1,0.428787496480693,"South Florida",0.0712125035193068,-0.181444669218357,FALSE,FALSE,FALSE,0.408398931782756,"UNDER",0.0916010682172437,-0.220366439226718,FALSE,0,0,-2,34
401752685,2025,2,"Georgia","Austin Peay",-46.75,-48.25,56,1.5,0,1,224.9732742095,0,1,0.734791097944005,"Georgia",0.234791097944005,0.402716205975105,TRUE,FALSE,FALSE,0.82687127006988,"OVER",0.32687127006988,0.578497254563402,TRUE,0,0,22,34
401752686,2025,2,"Kentucky","Ole Miss",7.75,9,51.5,-1.25,1,0,-179.798386114089,0,2,0.611070707180731,"Kentucky",0.111070707180731,0.166533980008015,TRUE,TRUE,TRUE,0.738033781692499,"OVER",0.238033781692499,0.408906489250981,TRUE,1,1,-7,53
401752687,2025,2,"LSU","Louisiana Tech",-36.5,-35.25,49.5,-1.25,1,0,160.536915205372,0,1,0.517187573952986,"LSU",0.0171875739529859,-0.0126889213237499,FALSE,FALSE,TRUE,0.855016748126879,"OVER",0.355016748126879,0.632226972174212,TRUE,0,0,16,30
401752688,2025,2,"Mississippi State","Arizona State",5.75,6.75,58.5,-1,0,0,-192.651369969852,0,2,0.454056304279662,"Arizona State",0.0459436957203381,-0.133206515130125,FALSE,FALSE,FALSE,0.614696113846296,"OVER",0.114696113846296,0.173454881332579,TRUE,1,0,4,44
401752689,2025,2,"Missouri","Kansas",-6.33333333333333,-6.66666666666667,50.25,0.333333333333334,0,0,43.4166155488592,0,2,0.212763428388109,"Kansas",0.287236571611891,-0.593834615207101,FALSE,FALSE,FALSE,0.542949018952694,"OVER",0.0429490189526944,0.0364896771806937,TRUE,1,1,11,73
401752690,2025,2,"Oklahoma","Michigan",-3.5,-3.66666666666667,45.3333333333333,0.166666666666667,0,0,-42.904529907704,0,2,0.310412825491731,"Michigan",0.189587174508269,-0.407421916136285,FALSE,FALSE,FALSE,0.458128048741206,"UNDER",0.0418719512587941,-0.125433554953038,FALSE,1,0,11,37
401752691,2025,2,"South Carolina","South Carolina State",-42.75,-42.25,54.25,-0.5,0,0,83.0045741203257,0,1,0.494120370717719,"South Carolina State",0.00587962928228103,-0.0567242122998745,FALSE,FALSE,FALSE,0.901330493289706,"OVER",0.401330493289706,0.720639911690049,TRUE,0,0,28,48
401752692,2025,2,"Tennessee","East Tennessee State",-40,-41,58.5,1,0,0,157.511245709314,0,1,0.517707581994901,"Tennessee",0.0177075819949005,-0.0116962259717349,FALSE,FALSE,FALSE,0.63112286932054,"OVER",0.13112286932054,0.204813557532911,TRUE,1,1,55,89
401752693,2025,2,"Texas","San José State",-36.75,-35.75,52.5,-1,0,0,168.421884297473,0,1,0.539612404035146,"Texas",0.0396124040351455,0.0301200793030929,TRUE,FALSE,FALSE,0.885277075498514,"OVER",0.385277075498514,0.689993937126663,TRUE,0,0,31,45
401752694,2025,2,"Texas A&M","Utah State",-34.5,-30,57.5,-4.5,1,0,141.512091432592,0,1,0.800807043458327,"Texas A&M",0.300807043458327,0.528740645961946,TRUE,TRUE,TRUE,0.557070276853099,"OVER",0.0570702768530991,0.0634471585125661,TRUE,0,1,22,66
401752695,2025,2,"Virginia Tech","Vanderbilt",-2,-1.25,45.5,-0.75,0,0,28.0116642195644,0,2,0.566179399983669,"Virginia Tech",0.0661793999836687,0.0808364745688236,TRUE,FALSE,FALSE,0.583768792375053,"OVER",0.0837687923750526,0.114414624643975,TRUE,0,1,-24,64
401752696,2025,3,"Alabama","Wisconsin",-18.5,-21.25,45.3333333333333,2.75,0,1,116.714602745413,0,2,0.519254701555594,"Alabama",0.0192547015555943,-0.0087427747303705,FALSE,FALSE,FALSE,0.566526589819779,"OVER",0.0665265898197793,0.0814992599659587,TRUE,1,1,24,52
401752697,2025,3,"Auburn","South Alabama",-26.3333333333333,-25.75,56,-0.583333333333332,0,0,19.7490399437711,0,1,0.587872175935667,"Auburn",0.0878721759356674,0.122247983861189,TRUE,FALSE,FALSE,0.484508246474008,"UNDER",0.0154917535259922,-0.0750737574811191,FALSE,0,0,16,46
401752698,2025,3,"Kentucky","Eastern Michigan",-26.6666666666667,-25.5,49.8333333333333,-1.16666666666667,1,0,82.3784410890262,0,1,0.602964724722525,"Kentucky",0.102964724722525,0.1510596594953,TRUE,TRUE,TRUE,0.549720089290279,"OVER",0.049720089290279,0.0494156504551427,TRUE,0,1,25,71
401752699,2025,3,"LSU","Florida",-5,-6.83333333333333,47.3333333333333,1.83333333333333,0,1,61.10488600648,0,2,0.47919267573499,"Florida",0.0208073242650104,-0.0852211820219048,FALSE,FALSE,TRUE,0.591413258844664,"OVER",0.0914132588446639,0.129007911134463,TRUE,1,0,10,30
401752700,2025,3,"Ole Miss","Arkansas",-3.83333333333333,-8.5,60.5,4.66666666666667,0,1,123.578124956702,0,2,0.193671319394416,"Arkansas",0.306328680605584,-0.63028145127606,FALSE,FALSE,TRUE,0.415811762939708,"UNDER",0.0841882370602923,-0.206215344548098,FALSE,1,1,6,76
401752701,2025,3,"Mississippi State","Alcorn State",-42.75,-39,56,-3.75,1,0,46.3117362527826,0,1,0.420771614495843,"Alcorn State",0.0792283855041575,-0.196746987927437,FALSE,FALSE,FALSE,0.803684621490636,"OVER",0.303684621490636,0.534233942425624,TRUE,1,1,63,63
401752702,2025,3,"Missouri","Louisiana",-27.5,-24.8333333333333,47.1666666666667,-2.66666666666667,1,0,57.0693332955191,0,1,0.317743289445985,"Louisiana",0.182256710554015,-0.393428060447615,FALSE,FALSE,FALSE,0.536854428248297,"OVER",0.0368544282482969,0.0248551035259987,TRUE,1,1,42,62
401752703,2025,3,"Temple","Oklahoma",23.8333333333333,25,51,-1.16666666666667,1,0,-172.288195285145,0,1,0.523309099540414,"Temple",0.0233090995404144,-0.00100292897734894,FALSE,FALSE,TRUE,0.739921908889929,"OVER",0.239921908889929,0.412510924070874,TRUE,0,0,-39,45
401752704,2025,3,"South Carolina","Vanderbilt",-2.83333333333333,-5.5,48.5,2.66666666666667,0,1,123.509784752753,0,2,0.372066047226688,"Vanderbilt",0.127933952773312,-0.289725915844253,FALSE,FALSE,TRUE,0.494659450324342,"UNDER",0.00534054967565772,-0.0556951093308307,FALSE,0,0,-24,38
401752705,2025,3,"Tennessee","Georgia",3.5,7,50.5,-3.5,1,0,-58.095714450368,0,2,0.512035875841984,"Tennessee",0.0120358758419841,-0.0225235130176524,FALSE,FALSE,TRUE,0.438140195488704,"UNDER",0.0618598045112962,-0.163590366812064,FALSE,1,1,-3,85
401752706,2025,3,"Texas","UTEP",-39.8333333333333,-39,52.3333333333333,-0.833333333333336,0,0,283.192300839104,0,1,0.767257672799705,"Texas",0.267257672799705,0.464694897374637,TRUE,FALSE,FALSE,0.842505780858787,"OVER",0.342505780858787,0.608343535659425,TRUE,0,0,17,37
401752707,2025,3,"Notre Dame","Texas A&M",-6.83333333333333,-6.83333333333333,49.3333333333333,0,0,0,80.6596644218105,1,1,0.274652976302423,"Texas A&M",0.225347023697577,-0.475687468238675,FALSE,FALSE,FALSE,0.533956611682939,"OVER",0.0339566116829391,0.0193231717027307,TRUE,0,1,-1,81
401752708,2025,4,"Memphis","Arkansas",7.16666666666667,6.16666666666667,59.6666666666667,1,0,0,127.544044888268,0,1,0.483096462137864,"Arkansas",0.0169035378621359,-0.0777688537788175,FALSE,FALSE,FALSE,0.391337516468502,"UNDER",0.108662483531498,-0.25293668106163,FALSE,1,1,1,63
401752709,2025,4,"Miami","Florida",-8.5,-5.33333333333333,51.3333333333333,-3.16666666666667,1,0,102.769322410315,0,2,0.21816303774198,"Florida",0.28183696225802,-0.58352676095056,FALSE,FALSE,FALSE,0.496483116534169,"UNDER",0.0035168834658314,-0.0522137305362722,FALSE,1,0,19,33
401752710,2025,4,"LSU","SE Louisiana",-48.75,-40.5,60.25,-8.25,1,0,152.910591633909,0,1,0.249870952923832,"SE Louisiana",0.250129047076168,-0.522996350868405,FALSE,FALSE,FALSE,0.758239999519998,"OVER",0.258239999519998,0.447480159083677,TRUE,0,1,46,66
401752711,2025,4,"Ole Miss","Tulane",-12.1666666666667,-12.8333333333333,61.5,0.666666666666668,0,0,49.3092063293007,0,1,0.351639276128455,"Tulane",0.148360723871545,-0.328720621870778,FALSE,FALSE,FALSE,0.37106875094164,"UNDER",0.12893124905836,-0.291629754452409,FALSE,1,0,35,55
401752712,2025,4,"Mississippi State","Northern Illinois",-24,-22,48.3333333333333,-2,1,0,-4.66684813481606,-1,1,0.540496355387922,"Mississippi State",0.0404963553879216,0.0318075424355424,TRUE,TRUE,TRUE,0.628493034483205,"OVER",0.128493034483205,0.199793202828438,TRUE,1,0,28,48
401752713,2025,4,"Missouri","South Carolina",-10.1666666666667,-9,48.5,-1.16666666666667,1,0,51.7439064709217,0,2,0.624138925343656,"Missouri",0.124138925343656,0.19148120848104,TRUE,TRUE,TRUE,0.439553912300508,"UNDER",0.0604460876994922,-0.160891581418331,FALSE,0,1,9,49
401752714,2025,4,"Oklahoma","Auburn",-6.5,-5.66666666666667,47.5,-0.833333333333333,0,0,61.4093748960097,0,2,0.203690279019476,"Auburn",0.296309720980524,-0.611155257351821,FALSE,FALSE,FALSE,0.449813198544745,"UNDER",0.0501868014552546,-0.141306603978081,FALSE,1,0,7,41
401752715,2025,4,"Tennessee","UAB",-39,-39,68.8333333333333,0,0,0,228.936515081086,0,1,0.644364997913158,"Tennessee",0.144364997913158,0.230092781016218,TRUE,FALSE,FALSE,0.489181324603499,"UNDER",0.0108186753965007,-0.0661528513319198,FALSE,0,1,32,80
401752716,2025,4,"Vanderbilt","Georgia State",-27.3333333333333,-26.6666666666667,53.1666666666667,-0.666666666666664,0,0,188.058073743824,0,1,0.165720849336313,"Georgia State",0.334279150663687,-0.683638898616978,FALSE,FALSE,FALSE,0.558521478768305,"OVER",0.058521478768305,0.0662175029686943,TRUE,1,1,49,91
401752717,2025,5,"Arkansas","Notre Dame",5.33333333333333,7.66666666666667,63.5,-2.33333333333333,1,0,-146.527079618306,0,1,0.202398430951087,"Notre Dame",0.297601569048913,-0.613621395314374,FALSE,FALSE,FALSE,0.358916526361044,"UNDER",0.141083473638956,-0.314828351176768,FALSE,0,1,-43,69
401752718,2025,5,"Georgia","Alabama",-2.33333333333333,-3.66666666666667,53.3333333333333,1.33333333333333,0,1,79.6050090871408,0,2,0.664135430172256,"Georgia",0.164135430172256,0.267834536198837,TRUE,FALSE,FALSE,0.493234831840808,"UNDER",0.00676516815919215,-0.0584147060158978,FALSE,0,0,-3,45
401752719,2025,5,"Ole Miss","LSU",-2.83333333333333,1,58,-3.83333333333333,1,0,47.8886197649811,0,2,0.507175085303048,"Ole Miss",0.00717508530304833,-0.0318027621564807,FALSE,FALSE,TRUE,0.498341221347109,"UNDER",0.00165877865289082,-0.0486666084483685,FALSE,1,0,5,43
401752720,2025,5,"Mississippi State","Tennessee",7.5,9.16666666666667,63.5,-1.66666666666667,1,0,-159.908994918561,0,2,0.452370417797778,"Tennessee",0.0476295822022215,-0.136424872424041,FALSE,FALSE,FALSE,0.325246701461433,"UNDER",0.174753298538567,-0.379104046910125,FALSE,1,1,-7,75
401752721,2025,5,"Missouri","Massachusetts",-44.5,-42.8333333333333,57,-1.66666666666666,1,0,381.137604396774,-1,1,0.400097000418047,"Massachusetts",0.0999029995819531,-0.236214826201949,FALSE,FALSE,FALSE,0.784341879060324,"OVER",0.284341879060324,0.497308647126158,TRUE,0,0,36,48
401752722,2025,5,"South Carolina","Kentucky",-5.66666666666667,-6.33333333333333,46.6666666666667,0.666666666666666,0,0,97.9665532891838,-1,2,0.598015420046051,"South Carolina",0.0980154200460515,0.141611436867912,TRUE,FALSE,FALSE,0.49145147143256,"UNDER",0.00854852856744004,-0.061819141035243,FALSE,1,1,22,48
401752723,2025,4,"Texas","Sam Houston",-39.5,-41.1666666666667,51.5,1.66666666666666,0,1,257.070694798474,-1,1,0.55333069340163,"Texas",0.0533306934016302,0.056308293703712,TRUE,FALSE,FALSE,0.87781350728781,"OVER",0.37781350728781,0.675745985412429,TRUE,1,1,55,55
401752724,2025,5,"Texas A&M","Auburn",-6.5,-6.66666666666667,51.5,0.166666666666667,0,0,61.5626706035455,1,2,0.75000753909953,"Texas A&M",0.25000753909953,0.431764392141003,TRUE,FALSE,FALSE,0.498251893168125,"UNDER",0.00174810683187471,-0.0488371359420489,FALSE,0,0,6,26
401752725,2025,5,"Vanderbilt","Utah State",-23.6666666666667,-22.1666666666667,57.8333333333333,-1.5,1,0,96.744200085853,0,1,0.0704064531433473,"Utah State",0.429593546856653,-0.86559408094935,FALSE,FALSE,FALSE,0.270154651082348,"UNDER",0.229845348917652,-0.484274771083798,FALSE,0,1,20,90
401752726,2025,6,"Alabama","Vanderbilt",-13.5,-15.5,57.8333333333333,2,0,1,77.6887223589317,0,2,0.444767064711844,"Vanderbilt",0.055232935288156,-0.15093967346509,FALSE,FALSE,TRUE,0.335606063326104,"UNDER",0.164393936673896,-0.359328025110467,FALSE,1,0,16,44
401752727,2025,6,"Florida","Texas",4.5,6.66666666666667,42.5,-2.16666666666667,1,0,-167.911680982657,0,2,0.329949524580981,"Texas",0.170050475419019,-0.370126357574907,FALSE,FALSE,FALSE,0.605895276842091,"OVER",0.105895276842091,0.156654083491551,TRUE,1,1,8,50
401752728,2025,6,"Georgia","Kentucky",-19.6666666666667,-20.75,49,1.08333333333333,0,1,254.554059268169,0,2,0.529276993256587,"Georgia",0.0292769932565873,0.0103897801268251,FALSE,FALSE,FALSE,0.654180221313849,"OVER",0.154180221313849,0.248830042488139,TRUE,1,0,21,49
401752729,2025,6,"Oklahoma","Kent State",-46.5,-45.5,53.6666666666667,-1,0,0,374.31100208077,0,1,0.18728953393893,"Kent State",0.31271046606107,-0.642464279710582,FALSE,FALSE,FALSE,0.838317731984325,"OVER",0.338317731984325,0.600348550358077,TRUE,0,0,44,44
401752730,2025,6,"Texas A&M","Mississippi State",-17.5,-14,57.1666666666667,-3.5,1,0,135.353831067905,0,2,0.197831096334327,"Mississippi State",0.302168903665673,-0.622340437097769,FALSE,FALSE,FALSE,0.40980920340195,"UNDER",0.0901907965980502,-0.217674230705678,FALSE,1,0,22,40
401752731,2025,7,"Auburn","Georgia",4.5,5.83333333333333,46.1666666666667,-1.33333333333333,1,0,-191.358592618078,1,2,0.52339030355506,"Auburn",0.0233903035550597,-0.000847910513391059,FALSE,FALSE,TRUE,0.64898088119886,"OVER",0.14898088119886,0.238904502208624,TRUE,0,0,-10,30
401752732,2025,7,"LSU","South Carolina",-8.33333333333333,-10,44.5,1.66666666666667,0,1,47.0823343969771,0,2,0.641530476979093,"LSU",0.141530476979093,0.224681680553089,TRUE,FALSE,FALSE,0.495076924998965,"UNDER",0.00492307500103512,-0.0548981501769761,FALSE,1,0,10,30
401752733,2025,7,"Ole Miss","Washington State",-33,-32.5,58.5,-0.5,0,0,196.586767346444,0,2,0.690284652914152,"Ole Miss",0.190284652914152,0.317753402413116,TRUE,FALSE,FALSE,0.650618159083212,"OVER",0.150618159083212,0.242030065689852,TRUE,0,0,3,45
401752734,2025,7,"Missouri","Alabama",3.16666666666667,5.33333333333333,51,-2.16666666666667,1,0,-27.2732275804728,1,2,0.553086517700836,"Missouri",0.0530865177008357,0.0558421622908954,TRUE,TRUE,TRUE,0.483848012329565,"UNDER",0.0161519876704353,-0.0763341444628609,FALSE,1,0,-3,51
401752735,2025,7,"Tennessee","Arkansas",-10.1666666666667,-13.1666666666667,68.5,3,0,1,173.363968745264,0,2,0.28476290812314,"Arkansas",0.21523709187686,-0.456387608392927,FALSE,FALSE,TRUE,0.262379600845708,"UNDER",0.237620399154292,-0.499117341985543,FALSE,0,0,3,65
401752736,2025,7,"Texas","Oklahoma",-2.5,-7.33333333333333,44.1666666666667,4.83333333333333,0,1,27.7783381672091,0,2,0.624997379450287,"Texas",0.124997379450287,0.193119997370598,TRUE,FALSE,FALSE,0.432072041480077,"UNDER",0.0679279585199228,-0.175174472814533,FALSE,1,0,17,29
401752737,2025,7,"Texas A&M","Florida",-6.83333333333333,-8.5,48,1.66666666666667,0,1,78.6901482088042,0,2,0.404784012577711,"Florida",0.095215987422289,-0.22726731998915,FALSE,FALSE,TRUE,0.55166774847721,"OVER",0.05166774847721,0.053133731842994,TRUE,1,1,17,51
401752738,2025,8,"Alabama","Tennessee",-8.66666666666667,-10.6666666666667,60.8333333333333,2,0,1,27.0261260098773,0,2,0.715229124669438,"Alabama",0.215229124669438,0.365372398993957,TRUE,FALSE,FALSE,0.361882901112461,"UNDER",0.138117098887539,-0.309165541776313,FALSE,1,0,17,57
401752739,2025,8,"Arkansas","Texas A&M",7.66666666666667,8,57.5,-0.333333333333333,0,0,-156.545435941819,0,2,0.554696066961933,"Arkansas",0.0546960669619333,0.0589147918303307,TRUE,FALSE,FALSE,0.56250717581732,"OVER",0.0625071758173205,0.0738261986352647,TRUE,1,1,-3,87
401752740,2025,8,"Auburn","Missouri",1.5,-1.83333333333333,43.6666666666667,3.33333333333333,0,1,-132.21660793171,0,2,0.723803017233478,"Auburn",0.223803017233478,0.38173995989871,TRUE,FALSE,FALSE,0.627562976484228,"OVER",0.127562976484228,0.198017722108391,TRUE,0,0,-6,40
401752741,2025,8,"Florida","Mississippi State",-9.5,-9.66666666666667,51,0.166666666666666,0,0,69.1617285880429,-1,2,0.528417371603155,"Florida",0.0284173716031549,0.00874876239042277,FALSE,FALSE,FALSE,0.428362919946215,"UNDER",0.0716370800537848,-0.182255185822675,FALSE,0,0,2,44
401752742,2025,8,"Georgia","Ole Miss",-7.5,-9.16666666666667,56.5,1.66666666666667,0,1,20.8190541107676,0,2,0.477101936688078,"Ole Miss",0.0228980633119219,-0.0892124028624589,FALSE,FALSE,TRUE,0.362261380723855,"UNDER",0.137738619276145,-0.308443024198161,FALSE,1,1,8,78
401752743,2025,8,"Kentucky","Texas",12.6666666666667,12.6666666666667,45.3333333333333,0,0,0,-236.082349870635,1,2,0.728727857501819,"Kentucky",0.228727857501819,0.391141479970972,TRUE,FALSE,FALSE,0.550166828092644,"OVER",0.0501668280926442,0.0502684748288578,TRUE,1,0,-3,29
401752744,2025,8,"South Carolina","Oklahoma",4.33333333333333,4.33333333333333,43,0,0,0,-40.3564097820149,0,2,0.663246026651078,"South Carolina",0.163246026651078,0.266136664876908,TRUE,FALSE,FALSE,0.538085157687004,"OVER",0.0380851576870038,0.0272045660244903,TRUE,0,0,-19,33
401752745,2025,8,"Vanderbilt","LSU",-1.5,-0.166666666666667,48.3333333333333,-1.33333333333333,1,0,-78.2347439204643,1,2,0.144727716242925,"LSU",0.355272283757075,-0.723714789692257,FALSE,FALSE,FALSE,0.410040010189876,"UNDER",0.0899599898101236,-0.217233620547526,FALSE,1,1,7,55
401752746,2025,9,"Arkansas","Auburn",-2.5,-1,56,-1.5,1,0,-15.9437619081134,0,2,0.279731828753868,"Auburn",0.220268171246132,-0.465991938908865,FALSE,FALSE,FALSE,0.48827361907326,"UNDER",0.01172638092674,-0.0678856611891467,FALSE,0,1,-9,57
401752747,2025,9,"Kentucky","Tennessee",7.5,9,55,-1.5,1,0,-213.830791914691,0,2,0.809404865124065,"Kentucky",0.309404865124065,0.54515388752184,TRUE,TRUE,TRUE,0.534403263476985,"OVER",0.0344032634769847,0.0201758299775639,TRUE,0,1,-22,90
401752748,2025,9,"LSU","Texas A&M",1.5,-2.83333333333333,50.1666666666667,4.33333333333333,0,1,-26.2522811989857,0,2,0.299745430850859,"Texas A&M",0.200254569149141,-0.427785972505711,FALSE,FALSE,TRUE,0.463615224442741,"UNDER",0.0363847755572588,-0.114958536538807,FALSE,0,1,-24,74
401752749,2025,9,"Mississippi State","Texas",8.33333333333333,7.16666666666667,48.8333333333333,1.16666666666667,0,1,-233.914198357862,0,2,0.0879390697059533,"Texas",0.412060930294047,-0.832124315931335,FALSE,FALSE,TRUE,0.609909701876986,"OVER",0.109909701876986,0.164317620883167,TRUE,1,1,-7,83
401752750,2025,9,"Oklahoma","Ole Miss",-5.5,-3.5,52.5,-2,1,0,-52.0029077420145,0,2,0.717369575870308,"Oklahoma",0.217369575870308,0.369458520336419,TRUE,TRUE,TRUE,0.523778042350457,"OVER",0.0237780423504572,-0.000107717152977138,FALSE,0,1,-8,60
401752751,2025,9,"South Carolina","Alabama",11.8333333333333,11.3333333333333,47.6666666666667,0.5,0,0,-183.019899697043,0,2,0.578030956418634,"South Carolina",0.0780309564186342,0.103461095803173,TRUE,FALSE,FALSE,0.698726918257223,"OVER",0.198726918257223,0.333869686953039,TRUE,1,1,-7,51
401752752,2025,9,"Vanderbilt","Missouri",-3.16666666666667,-2.33333333333333,52.5,-0.833333333333333,0,0,-63.8261919488514,0,2,0.530719879763923,"Vanderbilt",0.0307198797639227,0.0131442504693284,TRUE,FALSE,FALSE,0.492970866354489,"UNDER",0.00702913364551122,-0.058918616129281,FALSE,1,0,7,27
401752753,2025,10,"Arkansas","Mississippi State",-5.33333333333333,-3.83333333333333,66.5,-1.5,1,0,8.28944054525869,0,2,0.625533275003791,"Arkansas",0.125533275003791,0.194143021982238,TRUE,TRUE,TRUE,0.375494401075195,"UNDER",0.124505598924805,-0.283181188347452,FALSE,0,1,-3,73
401752754,2025,10,"Auburn","Kentucky",-11.6666666666667,-10.1666666666667,44.5,-1.5,1,0,101.268092268376,0,2,0.694288903386922,"Auburn",0.194288903386922,0.325397516565634,TRUE,TRUE,TRUE,0.442898510357793,"UNDER",0.0571014896422066,-0.154506743726972,FALSE,0,0,-7,13
401752755,2025,10,"Florida","Georgia",6.83333333333333,7.66666666666667,50.3333333333333,-0.833333333333334,0,0,-211.027368611052,0,2,0.759602903822893,"Florida",0.259602903822893,0.450081943397903,TRUE,FALSE,FALSE,0.566355829437163,"OVER",0.0663558294371634,0.081173278395545,TRUE,1,0,-4,44
401752756,2025,10,"Ole Miss","South Carolina",-13,-13.8333333333333,55.8333333333333,0.833333333333334,0,0,193.300904243657,0,2,0.478635319707806,"South Carolina",0.0213646802921936,-0.0862851746777976,FALSE,FALSE,FALSE,0.52195524979319,"OVER",0.0219552497931895,-0.00358742814480117,FALSE,1,0,16,44
401752757,2025,10,"Tennessee","Oklahoma",-2.83333333333333,-3.16666666666667,55.6666666666667,0.333333333333333,0,0,50.1186337084798,0,2,0.288298104468374,"Oklahoma",0.211701895531626,-0.449638918569874,FALSE,FALSE,FALSE,0.503175308379521,"OVER",0.00317530837952085,-0.0394383363034947,FALSE,0,1,-6,60
401752758,2025,10,"Texas","Vanderbilt",-3.5,-3,48.5,-0.5,0,0,85.6544202188256,0,2,0.547816759665948,"Texas",0.0478167596659484,0.0457821942022956,TRUE,FALSE,FALSE,0.494543265797851,"UNDER",0.00545673420214937,-0.0559169055919032,FALSE,0,1,3,65
401752759,2025,11,"Alabama","LSU",-10.1666666666667,-7,49.5,-3.16666666666667,1,0,142.197372547145,0,2,0.70052009871235,"Alabama",0.20052009871235,0.337292868441876,TRUE,TRUE,TRUE,0.534745850378079,"OVER",0.0347458503780785,0.020829828371752,TRUE,1,0,11,29
401752760,2025,11,"Kentucky","Florida",4.83333333333333,4.16666666666667,44.5,0.666666666666666,0,0,-79.2319785004076,0,2,0.808827385421341,"Kentucky",0.308827385421341,0.544051478769341,TRUE,FALSE,FALSE,0.481412047160107,"UNDER",0.0185879528398927,-0.0809844019713551,FALSE,1,1,31,45
401752761,2025,11,"Ole Miss","The Citadel",-51.8333333333333,-51.8333333333333,63.5,0,0,0,309.948663179975,0,1,0.564055800432736,"Ole Miss",0.0640558004327358,0.0767825230260928,TRUE,FALSE,FALSE,0.446524902217669,"UNDER",0.053475097782331,-0.14758396166647,FALSE,0,0,49,49
401752762,2025,11,"Mississippi State","Georgia",9.5,8.5,56.5,1,0,0,-298.444611213298,0,2,0.357033836623204,"Georgia",0.142966163376796,-0.318422405886303,FALSE,FALSE,FALSE,0.466486290129293,"UNDER",0.0335137098707067,-0.109477672143179,FALSE,0,1,-20,62
401752763,2025,11,"Missouri","Texas A&M",6.83333333333333,5.66666666666667,48.3333333333333,1.16666666666667,0,1,-53.97649778759,0,2,0.601490877483937,"Missouri",0.101490877483937,0.148246085116836,TRUE,FALSE,FALSE,0.514629923811167,"OVER",0.0146299238111669,-0.0175714754444824,FALSE,0,1,-21,55
401752764,2025,11,"Vanderbilt","Auburn",-5.83333333333333,-6.83333333333333,46.3333333333333,1,0,0,116.188090063162,0,2,0.263654426715636,"Auburn",0.236345573284364,-0.496683699399851,FALSE,FALSE,FALSE,0.488800905924173,"UNDER",0.0111990940758272,-0.0668790705907541,FALSE,1,1,7,83
401752765,2025,12,"Alabama","Oklahoma",-6.5,-10.6666666666667,45.8333333333333,4.16666666666667,0,1,101.178248679958,-1,2,0.437020494609368,"Oklahoma",0.0629795053906317,-0.165727875790716,FALSE,FALSE,TRUE,0.526774993772146,"OVER",0.0267749937721463,0.00561346311102734,FALSE,0,0,-2,44
401752766,2025,12,"Georgia","Texas",-3.66666666666667,-3.66666666666667,50.5,0,0,0,62.8451196704762,-1,2,0.233348845574249,"Texas",0.266651154425751,-0.554537053798759,FALSE,FALSE,FALSE,0.531745665109277,"OVER",0.0317456651092775,0.0151024746936107,TRUE,1,0,25,45
401752767,2025,12,"Kentucky","Tennessee Tech",-22.8333333333333,-22.5,52,-0.333333333333332,0,0,-168.173967849753,0,1,0.243153983471523,"Tennessee Tech",0.256846016528476,-0.535819045552862,FALSE,FALSE,FALSE,0.54569885112324,"OVER",0.0456988511232396,0.0417391067942643,TRUE,1,0,32,52
401752768,2025,12,"LSU","Arkansas",-4.16666666666667,-6.16666666666667,58.3333333333333,2,0,1,146.546126721771,-1,2,0.400460988824368,"Arkansas",0.0995390111756317,-0.235519972334281,FALSE,FALSE,TRUE,0.414039619713685,"UNDER",0.0859603802863146,-0.209598365966575,FALSE,0,0,1,45
401752769,2025,12,"Ole Miss","Florida",-10.8333333333333,-11.6666666666667,53.5,0.833333333333332,0,0,244.024985645324,0,2,0.226041961992233,"Florida",0.273958038007767,-0.568485894556827,FALSE,FALSE,FALSE,0.587556975573839,"OVER",0.0875569755738389,0.121646266370459,TRUE,0,1,10,58
401752770,2025,12,"Missouri","Mississippi State",-7.33333333333333,-6,50.3333333333333,-1.33333333333333,1,0,157.424412710534,0,2,0.701315125927459,"Missouri",0.201315125927459,0.338810575395519,TRUE,TRUE,TRUE,0.508012461301462,"OVER",0.0080124613014616,-0.0302042113755098,FALSE,1,1,22,76
401752771,2025,12,"Tennessee","New Mexico State",-41.5,-38.8333333333333,60,-2.66666666666666,1,0,289.38036088198,1,1,0.80243384818934,"Tennessee",0.30243384818934,0.53184621619345,TRUE,TRUE,TRUE,0.617640224936173,"OVER",0.117640224936173,0.179075189403154,TRUE,0,0,33,51
401752772,2025,12,"Texas A&M","South Carolina",-16.5,-18.1666666666667,49.5,1.66666666666667,0,1,208.922407080416,-1,2,0.175056332262561,"South Carolina",0.324943667737439,-0.665817461710771,FALSE,FALSE,TRUE,0.434136413422913,"UNDER",0.0658635865770869,-0.171233586775659,FALSE,0,1,1,61
401752773,2025,13,"Alabama","Eastern Illinois",-51.3333333333333,-50.5,58,-0.833333333333336,0,0,437.669631685359,0,1,0.860417517000742,"Alabama",0.360417517000742,0.642537039954417,TRUE,FALSE,FALSE,0.716967734826544,"OVER",0.216967734826544,0.368691405783873,TRUE,1,0,56,56
401752774,2025,13,"Auburn","Mercer",-26.3333333333333,-27.5,50.5,1.16666666666667,0,1,-191.901777515281,1,1,0.821408419535861,"Auburn",0.321408419535861,0.568068672893958,TRUE,FALSE,FALSE,0.470981024663208,"UNDER",0.029018975336792,-0.100897223917936,FALSE,1,1,45,79
401752775,2025,13,"Florida","Tennessee",3.33333333333333,1,57.6666666666667,2.33333333333333,0,1,-167.364955898208,0,2,0.356243415783188,"Tennessee",0.143756584216812,-0.319931319269895,FALSE,FALSE,TRUE,0.488440427012835,"UNDER",0.0115595729871648,-0.0675672248324974,FALSE,0,0,-20,42
401752776,2025,13,"Georgia","Charlotte",-42.5,-44.6666666666667,53.3333333333333,2.16666666666666,0,1,560.521288236591,0,1,0.799028893757129,"Georgia",0.299028893757129,0.52534615818236,TRUE,FALSE,FALSE,0.833484640245204,"OVER",0.333484640245204,0.591122178228094,TRUE,0,0,32,38
401752777,2025,13,"LSU","Western Kentucky",-24.8333333333333,-22.1666666666667,52.6666666666667,-2.66666666666666,1,0,37.030256693391,0,1,0.753757699205139,"LSU",0.253757699205139,0.43892344778261,TRUE,TRUE,TRUE,0.50952599614971,"OVER",0.00952599614970995,-0.0273148733502037,FALSE,0,0,3,23
401752778,2025,13,"Oklahoma","Missouri",-4.5,-9.16666666666667,42.5,4.66666666666667,0,1,42.9100339497497,0,2,0.362270347789724,"Missouri",0.137729652210276,-0.308425906069417,FALSE,FALSE,TRUE,0.39682943945552,"UNDER",0.10317056054448,-0.242452600079413,FALSE,1,0,11,23
401752779,2025,13,"South Carolina","Coastal Carolina",-24,-23.3333333333333,50,-0.666666666666668,0,0,5.68201286103908,0,1,0.568884395354363,"South Carolina",0.0688843953543633,0.0860003107314795,TRUE,FALSE,FALSE,0.434461921130687,"UNDER",0.0655380788693129,-0.170612192561518,FALSE,1,1,44,58
401752780,2025,13,"Texas","Arkansas",-9.16666666666667,-10.3333333333333,58,1.16666666666667,0,1,255.456350540512,0,2,0.379486795802908,"Arkansas",0.120513204197092,-0.275559706812249,FALSE,FALSE,TRUE,0.449558486181432,"UNDER",0.0504415138185678,-0.141792849879646,FALSE,1,1,15,89
401752781,2025,13,"Texas A&M","Samford",-54.1666666666667,-54.5,59.1666666666667,0.333333333333336,0,0,487.808137040262,0,1,0.63933188672449,"Texas A&M",0.13933188672449,0.220484571757052,TRUE,FALSE,FALSE,0.760949749944545,"OVER",0.260949749944545,0.452653072644136,TRUE,0,0,48,48
401752782,2025,13,"Vanderbilt","Kentucky",-6.83333333333333,-9.33333333333333,53.5,2.5,0,1,87.0638366852115,1,2,0.787837978112588,"Vanderbilt",0.287837978112588,0.503982700216931,TRUE,FALSE,FALSE,0.468380998091222,"UNDER",0.031619001908778,-0.105860674643857,FALSE,1,1,28,62
401752783,2025,14,"Arkansas","Missouri",4.5,2.33333333333333,54.5,2.16666666666667,0,1,-177.029726633471,0,2,0.274499250373249,"Missouri",0.225500749626751,-0.475980931037467,FALSE,FALSE,TRUE,0.648998622592828,"OVER",0.148998622592828,0.238938370529709,TRUE,0,0,-14,48
401752784,2025,14,"Auburn","Alabama",6.83333333333333,5.83333333333333,48.3333333333333,1,0,0,-204.256254126476,0,2,0.504466408273716,"Auburn",0.00446640827371558,-0.0369736266054769,FALSE,FALSE,FALSE,0.626996910589392,"OVER",0.126996910589392,0.19693710231515,TRUE,0,0,-7,47
401752785,2025,14,"Florida","Florida State",1.33333333333333,-2.16666666666667,49,3.5,0,1,-6.0139901920802,0,2,0.213616105332775,"Florida State",0.286383894667225,-0.592206854919732,FALSE,FALSE,TRUE,0.625431067025473,"OVER",0.125431067025473,0.193947906951627,TRUE,1,1,19,61
401752786,2025,14,"Georgia Tech","Georgia",16.1666666666667,13,59.8333333333333,3.16666666666667,0,1,-210.25131877991,0,2,0.621606364180544,"Georgia Tech",0.121606364180544,0.186646549220659,TRUE,FALSE,FALSE,0.402185092871755,"UNDER",0.0978149071282455,-0.232228657707821,FALSE,1,0,-7,25
401752787,2025,14,"Louisville","Kentucky",0.666666666666667,-5,45.5,5.66666666666667,0,1,118.083122604411,0,2,0.546406334357549,"Louisville",0.0464063343575494,0.0430896922885617,TRUE,FALSE,FALSE,0.534158782281856,"OVER",0.0341587822818556,0.0197091153760625,TRUE,1,0,41,41
401752788,2025,14,"Mississippi State","Ole Miss",7.33333333333333,10.3333333333333,62.6666666666667,-3,1,0,-309.124868075605,0,2,0.336061424963501,"Ole Miss",0.163938575036499,-0.358458739744677,FALSE,FALSE,FALSE,0.393594982257998,"UNDER",0.106405017742002,-0.248627178869482,FALSE,0,0,-19,57
401752789,2025,14,"Oklahoma","LSU",-11.5,-9.66666666666667,36.3333333333333,-1.83333333333333,1,0,84.3292551794168,0,2,0.296008915732421,"LSU",0.203991084267579,-0.434918979866808,FALSE,FALSE,FALSE,0.496717916125735,"UNDER",0.00328208387426471,-0.0517654981159713,FALSE,0,0,4,30
401752790,2025,14,"South Carolina","Clemson",-2.5,1.66666666666667,45.6666666666667,-4.16666666666667,1,0,-82.0194740538341,0,2,0.436613096680576,"Clemson",0.0633869033194244,-0.166505598436781,FALSE,FALSE,FALSE,0.545968525431455,"OVER",0.0459685254314546,0.0422539150486468,TRUE,0,0,-14,42
401752791,2025,14,"Tennessee","Vanderbilt",-2.33333333333333,-4.16666666666667,66.5,1.83333333333333,0,1,37.3168584179609,0,2,0.515039054730337,"Tennessee",0.0150390547303367,-0.0167904445197872,FALSE,FALSE,FALSE,0.506788289048435,"OVER",0.00678828904843498,-0.0325411562065376,FALSE,0,1,-21,69
401752792,2025,14,"Texas","Texas A&M",2.5,-1.5,54.5,4,0,1,-33.40016264372,0,2,0.249657617056258,"Texas A&M",0.250342382943742,-0.523403609039604,FALSE,FALSE,TRUE,0.535043920828166,"OVER",0.0350439208281664,0.0213988448609697,TRUE,1,0,10,44
401752810,2025,2,"Nebraska","Akron",-33.75,-33.75,47.5,0,0,0,151.051623444702,0,1,0.213905468814165,"Akron",0.286094531185835,-0.591654460033758,FALSE,FALSE,FALSE,0.89002676724358,"OVER",0.39002676724358,0.699061098667995,TRUE,1,1,68,68
401752811,2025,2,"Penn State","Florida International",-41.75,-41.75,53.5,0,0,0,250.01847854723,0,1,0.861233989562563,"Penn State",0.361233989562563,0.644095686074933,TRUE,FALSE,FALSE,0.888640712657907,"OVER",0.388640712657907,0.696415120463945,TRUE,0,0,34,34
401752812,2025,2,"Indiana","Kennesaw State",-35.5,-35.5,51.5,0,0,0,265.013159186448,0,1,0.896752973782873,"Indiana",0.396752973782873,0.711901426951505,TRUE,FALSE,FALSE,0.882803524148717,"OVER",0.382803524148717,0.685271927599901,TRUE,1,1,47,65
401752813,2025,2,"Minnesota","Northwestern State",-43,-43,50.5,0,0,0,290.808100504553,0,1,0.519911742450216,"Minnesota",0.0199117424502161,-0.00748848366253746,FALSE,FALSE,FALSE,0.866695015567047,"OVER",0.366695015567047,0.654520784717493,TRUE,1,1,66,66
401752814,2025,2,"USC","Georgia Southern",-28.75,-27.75,62,-1,0,0,71.7216511610907,0,1,0.357957494967778,"Georgia Southern",0.142042505032222,-0.316659142106511,FALSE,FALSE,FALSE,0.344650113706526,"UNDER",0.155349886293474,-0.342062932934241,FALSE,1,1,39,79
401752815,2025,2,"Ohio State","Grambling",-53.5,-55.5,63.5,2,0,1,242.340102623452,0,1,0.470945307486621,"Grambling",0.0290546925133791,-0.100965408008041,FALSE,FALSE,TRUE,0.819294771425022,"OVER",0.319294771425022,0.564033718650367,TRUE,1,1,70,70
401752816,2025,2,"Michigan State","Boston College",-3.5,-3.25,45.5,-0.25,0,0,-70.9843564316207,0,2,0.659757398857347,"Michigan State",0.159757398857347,0.259476874418675,TRUE,FALSE,FALSE,0.598886404068545,"OVER",0.098886404068545,0.143274145366852,TRUE,0,1,2,82
401752817,2025,2,"Northwestern","Western Illinois",-31,-28.25,49,-2.75,1,0,87.0429742827662,0,1,0.505856885070386,"Northwestern",0.00585688507038595,-0.0343192064006332,FALSE,FALSE,TRUE,0.57381497370545,"OVER",0.0738149737054502,0.0954127848037044,TRUE,1,0,35,49
401752818,2025,2,"Rutgers","Miami (OH)",-15.5,-13.75,45.5,-1.75,1,0,-10.6627063603441,0,1,0.773508266314881,"Rutgers",0.273508266314881,0.476627280395107,TRUE,TRUE,TRUE,0.662959216989835,"OVER",0.162959216989835,0.265589145233596,TRUE,1,1,28,62
401752819,2025,2,"Purdue","Southern Illinois",-21,-19.75,52.25,-1.25,1,0,-63.2054836008645,0,1,0.665141942499126,"Purdue",0.165141942499126,0.269755968230832,TRUE,TRUE,TRUE,0.53947517106389,"OVER",0.03947517106389,0.029858101560966,TRUE,0,0,17,51
401752820,2025,2,"Wisconsin","Middle Tennessee",-28.5,-28,45,-0.5,0,0,178.074105799553,0,1,0.388198970504391,"Middle Tennessee",0.111801029495609,-0.258928165307118,FALSE,FALSE,FALSE,0.74509728232403,"OVER",0.24509728232403,0.422390711956574,TRUE,1,1,32,52
401752821,2025,2,"Washington","UC Davis",-28.75,-28.25,54.25,-0.5,0,0,-2.84362995627089,0,1,0.29017235716916,"UC Davis",0.20982764283084,-0.446060970164074,FALSE,FALSE,FALSE,0.470412662900451,"UNDER",0.0295873370995486,-0.101982226523038,FALSE,1,1,60,80
401752822,2025,2,"Iowa State","Iowa",-2.66666666666667,-2.33333333333333,43.25,-0.333333333333333,0,0,23.3731897282637,0,2,0.39037019786026,"Iowa",0.10962980213974,-0.254783292284764,FALSE,FALSE,FALSE,0.308132326344258,"UNDER",0.191867673655742,-0.411775389008811,FALSE,1,0,3,29
401752823,2025,2,"UNLV","UCLA",2.5,2.25,54.5,0.25,0,0,169.636082965235,0,1,0.376328100460673,"UCLA",0.123671899539327,-0.281589656220575,FALSE,FALSE,FALSE,0.546488027936568,"OVER",0.0464880279365676,0.0432456453309075,TRUE,1,0,7,53
401752824,2025,2,"Oregon","Oklahoma State",-28.5,-27.75,55.5,-0.75,0,0,279.247416316097,0,2,0.301884056181751,"Oklahoma State",0.198115943818249,-0.423703336749038,FALSE,FALSE,FALSE,0.608033655402228,"OVER",0.108033655402228,0.160736248162854,TRUE,1,1,66,72
401752825,2025,2,"Duke","Illinois",2.5,2.5,49.25,0,0,0,23.1506036707528,0,2,0.667241310500705,"Duke",0.167241310500705,0.273763661745845,TRUE,FALSE,FALSE,0.455960857800523,"UNDER",0.044039142199477,-0.129570722458802,FALSE,0,1,-26,64
401752826,2025,2,"Maryland","Northern Illinois",-16.75,-16,44.5,-0.75,0,0,-42.532894795183,0,1,0.72610720202897,"Maryland",0.22610720202897,0.386138648673304,TRUE,FALSE,FALSE,0.590607996337453,"OVER",0.0906079963374526,0.127470665008197,TRUE,0,0,11,29
401752827,2025,3,"Ohio State","Ohio",-28.3333333333333,-29.5,49.3333333333333,1.16666666666667,0,1,121.662891513694,0,1,0.446646418739603,"Ohio",0.0533535812603968,-0.147351986626097,FALSE,FALSE,TRUE,0.640056007119307,"OVER",0.140056007119307,0.221866917590757,TRUE,0,0,28,46
401752828,2025,3,"Nebraska","Houston Christian",-47.8333333333333,-42.3333333333333,58.3333333333333,-5.5,1,0,96.5352038320614,0,1,0.489045452318505,"Houston Christian",0.0109545476814949,-0.0664122315239738,FALSE,FALSE,FALSE,0.783232082814882,"OVER",0.283232082814882,0.49519004609361,TRUE,1,1,52,66
401752829,2025,3,"Illinois","Western Michigan",-27.5,-28.25,50.6666666666667,0.75,0,0,205.369964375795,0,1,0.326434975315077,"Western Michigan",0.173565024684923,-0.376835632123518,FALSE,FALSE,FALSE,0.584494673930308,"OVER",0.0844946739303084,0.115800332532959,TRUE,1,0,38,38
401752830,2025,3,"Iowa","Massachusetts",-35.3333333333333,-34.1666666666667,44.3333333333333,-1.16666666666667,1,0,316.854373198465,0,1,0.689567972345035,"Iowa",0.189567972345035,0.316385259206672,TRUE,TRUE,TRUE,0.7446445110183,"OVER",0.2446445110183,0.421526371533935,TRUE,1,1,40,54
401752831,2025,3,"Northwestern","Oregon",25.5,27.75,50.5,-2.25,1,0,-313.758724354677,0,2,0.569241696785911,"Northwestern",0.0692416967859114,0.0866823991643049,TRUE,TRUE,TRUE,0.710559063928665,"OVER",0.210559063928665,0.356457253039821,TRUE,1,0,-20,48
401752832,2025,3,"Purdue","USC",20.5,21.25,59.3333333333333,-0.75,0,0,-164.461397670793,0,2,0.477732966605838,"USC",0.0222670333941618,-0.0880077667494549,FALSE,FALSE,FALSE,0.393862761774956,"UNDER",0.106137238225044,-0.248115987771609,FALSE,1,0,-16,50
401752833,2025,3,"Rutgers","Norfolk State",-44.8333333333333,-44.25,56,-0.583333333333336,0,0,181.743393726296,0,1,0.162911244055353,"Norfolk State",0.337088755944647,-0.68900243509833,FALSE,FALSE,FALSE,0.843685534113799,"OVER",0.343685534113799,0.610595684623242,TRUE,1,1,50,70
401752834,2025,3,"Michigan State","Youngstown State",-24.8333333333333,-23.5,55.6666666666667,-1.33333333333333,1,0,-11.7507894113239,0,1,0.797624590726857,"Michigan State",0.297624590726857,0.522665343697571,TRUE,TRUE,TRUE,0.534282962803795,"OVER",0.0342829628037946,0.0199461759924439,TRUE,0,1,17,65
401752835,2025,3,"Penn State","Villanova",-47.1666666666667,-47.8333333333333,56.8333333333333,0.666666666666671,0,0,108.859839893302,0,1,0.349962331125301,"Villanova",0.150037668874699,-0.331921909881801,FALSE,FALSE,FALSE,0.897638545315435,"OVER",0.397638545315435,0.713591983007165,TRUE,0,1,46,58
401752836,2025,3,"Indiana","Indiana State",-47.5,-48.5,60.25,1,0,0,202.456211244515,0,1,0.82199571727939,"Indiana",0.32199571727939,0.569189824286355,TRUE,FALSE,FALSE,0.705655663884866,"OVER",0.205655663884866,0.347096662356209,TRUE,1,1,73,73
401752837,2025,3,"UCLA","New Mexico",-15.5,-14.75,52.6666666666667,-0.75,0,0,16.817994254608,0,1,0.874482712341149,"UCLA",0.374482712341149,0.669387497859254,TRUE,FALSE,FALSE,0.436206903686122,"UNDER",0.0637930963138784,-0.167281020863194,FALSE,0,0,-25,45
401752838,2025,3,"Maryland","Towson",-28.5,-29,53.1666666666667,0.5,0,0,-47.7048056029059,0,1,0.650845382244924,"Maryland",0.150845382244924,0.24246383470556,TRUE,FALSE,FALSE,0.644538857107146,"OVER",0.144538857107146,0.230424678217542,TRUE,0,1,27,61
401752839,2025,3,"Michigan","Central Michigan",-27.6666666666667,-27.5,42.6666666666667,-0.166666666666668,0,0,209.239430803732,0,1,0.863226788823699,"Michigan",0.363226788823699,0.647899939864441,TRUE,FALSE,FALSE,0.723217685632869,"OVER",0.223217685632869,0.380622561873146,TRUE,1,1,60,66
401752840,2025,3,"California","Minnesota",3.16666666666667,2.5,40.5,0.666666666666667,0,0,0.251276607522414,0,2,0.440691378363246,"Minnesota",0.0593086216367545,-0.158720158704564,FALSE,FALSE,FALSE,0.634932146894086,"OVER",0.134932146894086,0.21208546842081,TRUE,1,1,13,41
401752841,2025,4,"Oregon","Oregon State",-34,-32,58.3333333333333,-2,1,0,369.446399723034,0,2,0.627910022783066,"Oregon",0.127910022783066,0.198680233492873,TRUE,TRUE,TRUE,0.514973855016268,"OVER",0.0149738550162679,-0.0169149107739445,FALSE,1,0,34,48
401752842,2025,4,"Washington State","Washington",20.8333333333333,17.8333333333333,52,3,0,1,-101.863722353839,-1,2,0.186101841316657,"Washington",0.313898158683343,-0.644731584926503,FALSE,FALSE,TRUE,0.42811563145096,"UNDER",0.0718843685490395,-0.182727259560116,FALSE,0,1,-35,83
401752843,2025,4,"Indiana","Illinois",-7,-3.83333333333333,51,-3.16666666666667,1,0,8.90482255272991,0,2,0.441876492716789,"Illinois",0.0581235072832108,-0.156457775403649,FALSE,FALSE,FALSE,0.472889299948095,"UNDER",0.027110700051905,-0.0972543263990865,FALSE,1,1,53,73
401752844,2025,4,"Rutgers","Iowa",2.33333333333333,2.5,46.5,-0.166666666666667,0,0,-55.9800837179075,0,2,0.730571514435317,"Rutgers",0.230571514435317,0.39466102105702,TRUE,FALSE,FALSE,0.520695566509024,"OVER",0.0206955665090237,-0.00599216353427373,FALSE,0,1,-10,66
401752845,2025,4,"Wisconsin","Maryland",-10.5,-7,44.5,-3.5,1,0,-6.79137622668918,0,2,0.146800276744155,"Maryland",0.353199723255845,-0.719758271695409,FALSE,FALSE,FALSE,0.525068088197566,"OVER",0.0250680881975662,0.00235498036915394,FALSE,0,0,-17,37
401752846,2025,4,"Nebraska","Michigan",0.666666666666667,2.66666666666667,47.8333333333333,-2,1,0,-62.7084220265358,0,2,0.354470256095032,"Michigan",0.145529743904968,-0.323316281114585,FALSE,FALSE,FALSE,0.530806219796617,"OVER",0.0308062197966175,0.0133090735917428,TRUE,0,1,-3,57
401752847,2025,4,"USC","Michigan State",-18.5,-15.5,55.5,-3,1,0,122.165499718397,0,2,0.428308813911629,"Michigan State",0.0716911860883714,-0.182358474242701,FALSE,FALSE,FALSE,0.481580972476251,"UNDER",0.0184190275237494,-0.0806619235428375,FALSE,0,1,14,76
401752848,2025,4,"Notre Dame","Purdue",-24.5,-28,51.5,3.5,0,1,262.024297711466,0,1,0.491223919550469,"Purdue",0.00877608044953065,-0.0622535375781541,FALSE,FALSE,TRUE,0.695177347128238,"OVER",0.195177347128238,0.327093555667807,TRUE,1,1,26,86
401752849,2025,5,"Minnesota","Rutgers",-3.66666666666667,-4.5,51.5,0.833333333333333,0,0,17.6740513096686,1,2,0.525251242310838,"Minnesota",0.0252512423108375,0.00270462157138884,FALSE,FALSE,FALSE,0.472800544821224,"UNDER",0.0271994551787761,-0.0974237599362835,FALSE,0,1,3,59
401752850,2025,5,"Illinois","USC",6.5,3.16666666666667,62.3333333333333,3.33333333333333,0,1,-37.1003356040378,0,2,0.766517755925814,"Illinois",0.266517755925814,0.463282396062379,TRUE,FALSE,FALSE,0.398341699805129,"UNDER",0.101658300194871,-0.239565695072009,FALSE,1,1,2,66
401752851,2025,5,"Northwestern","UCLA",-6.16666666666667,-6.16666666666667,46,0,0,0,37.7020806003657,0,2,0.283489915106883,"UCLA",0.216510084893117,-0.45881775206096,FALSE,FALSE,FALSE,0.485153750389969,"UNDER",0.0148462496100313,-0.0738414905055497,FALSE,0,0,3,31
401752852,2025,5,"Washington","Ohio State",9.33333333333333,11.5,52.8333333333333,-2.16666666666667,1,0,-79.8082130675816,-1,2,0.40368517591736,"Ohio State",0.0963148240826404,-0.22936499917376,FALSE,FALSE,FALSE,0.489767350977127,"UNDER",0.0102326490228731,-0.0650341269846647,FALSE,0,0,-18,30
401752853,2025,5,"Iowa","Indiana",9.16666666666667,4.33333333333333,47.5,4.83333333333333,0,1,-25.4918852284445,0,2,0.564659335884922,"Iowa",0.0646593358849216,0.0779346722043153,TRUE,FALSE,FALSE,0.309322248705793,"UNDER",0.190677751294207,-0.409503827220641,FALSE,1,0,-5,35
401752854,2025,5,"Penn State","Oregon",-4,-5.16666666666667,53,1.16666666666667,0,1,-81.4476577711,1,2,0.559731962210522,"Penn State",0.0597319622105216,0.0685283158598857,TRUE,FALSE,FALSE,0.456293166581159,"UNDER",0.0437068334188407,-0.128936344996567,FALSE,0,1,-6,54
401752855,2025,6,"UCLA","Penn State",24.5,26,48,-1.5,1,0,-290.222989864502,0,2,0.540559433321823,"UCLA",0.0405594333218227,0.0319279582113595,TRUE,TRUE,TRUE,0.530653994961442,"OVER",0.0306539949614419,0.0130184763813927,TRUE,1,1,5,79
401752856,2025,6,"Michigan","Wisconsin",-17.3333333333333,-16.6666666666667,42.5,-0.666666666666664,0,0,147.444560329405,0,2,0.094617088853745,"Wisconsin",0.405382911146255,-0.819375977378201,FALSE,FALSE,FALSE,0.453140006942652,"UNDER",0.0468599930573479,-0.134955726746477,FALSE,0,0,14,34
401752857,2025,6,"Maryland","Washington",5.5,5.83333333333333,52.6666666666667,-0.333333333333333,0,0,-76.5276995327654,1,2,0.644226391491754,"Maryland",0.144226391491754,0.229828181357759,TRUE,FALSE,FALSE,0.467460049013852,"UNDER",0.0325399509861482,-0.107618766432557,FALSE,1,0,-4,44
401752858,2025,6,"Northwestern","UL Monroe",-12.8333333333333,-10.6666666666667,43.3333333333333,-2.16666666666667,1,0,-6.73789131561125,0,1,0.374102476663966,"UL Monroe",0.125897523336034,-0.285838372048489,FALSE,FALSE,FALSE,0.548546499484215,"OVER",0.0485464994842154,0.0471752675153672,TRUE,1,1,35,49
401752859,2025,6,"Ohio State","Minnesota",-23.5,-23.1666666666667,42.3333333333333,-0.333333333333332,0,0,200.528891862422,0,2,0.302070536831829,"Minnesota",0.197929463168171,-0.423347345188038,FALSE,FALSE,FALSE,0.661503845624059,"OVER",0.161503845624059,0.262810841296329,TRUE,1,1,39,45
401752860,2025,6,"Nebraska","Michigan State",-12.8333333333333,-10.3333333333333,48.8333333333333,-2.5,1,0,52.6144303560484,0,2,0.286732771553993,"Michigan State",0.213267228446007,-0.452627139103427,FALSE,FALSE,FALSE,0.369173148081701,"UNDER",0.130826851918299,-0.295248460312032,FALSE,0,1,11,65
401752861,2025,6,"Purdue","Illinois",7.16666666666667,10,54.8333333333333,-2.83333333333333,1,0,-200.803160508211,1,2,0.425646534028848,"Illinois",0.0743534659711525,-0.18744076653893,FALSE,FALSE,FALSE,0.606960891282805,"OVER",0.106960891282805,0.158688341458875,TRUE,0,1,-16,70
401752862,2025,7,"Washington","Rutgers",-9.5,-10.1666666666667,62.3333333333333,0.666666666666666,0,0,118.825069217048,-1,2,0.700704809556984,"Washington",0.200704809556984,0.337645481444283,TRUE,FALSE,FALSE,0.372735667207426,"UNDER",0.127264332792574,-0.288447611301024,FALSE,1,0,19,57
401752863,2025,7,"Michigan State","UCLA",-6.83333333333333,-7.83333333333333,51.6666666666667,1,0,0,45.9136702718611,0,2,0.484807364947459,"UCLA",0.0151926350525415,-0.0745027403153017,FALSE,FALSE,FALSE,0.517526106543988,"OVER",0.0175261065439876,-0.0120426626075277,FALSE,0,0,-25,51
401752864,2025,7,"Minnesota","Purdue",-7.33333333333333,-10,49.5,2.66666666666667,0,1,164.928708028562,0,2,0.264546244840657,"Purdue",0.235453755159343,-0.494981218599185,FALSE,FALSE,TRUE,0.744844321222751,"OVER",0.244844321222751,0.421907809214232,TRUE,0,0,7,47
401752865,2025,7,"Illinois","Ohio State",15,13.8333333333333,51.3333333333333,1.16666666666667,0,1,-155.371789839913,0,2,0.500512627069938,"Illinois",0.000512627069938487,-0.0445213949234874,FALSE,FALSE,FALSE,0.604600940820964,"OVER",0.104600940820964,0.15418319602722,TRUE,0,0,-18,50
401752866,2025,7,"Penn State","Northwestern",-20.5,-21.8333333333333,46.5,1.33333333333333,0,1,174.739183653927,0,2,0.217662581431006,"Northwestern",0.282337418568994,-0.58448213204821,FALSE,FALSE,TRUE,0.698705408249675,"OVER",0.198705408249675,0.33382862434863,TRUE,0,0,-1,43
401752867,2025,7,"Maryland","Nebraska",6.83333333333333,5.5,47.3333333333333,1.33333333333333,0,1,-14.9381913552195,0,2,0.803731672467321,"Maryland",0.303731672467321,0.534323762740115,TRUE,FALSE,FALSE,0.62256489004403,"OVER",0.12256489004403,0.188476375094054,TRUE,1,1,-3,65
401752868,2025,7,"USC","Michigan",-2.83333333333333,-0.833333333333333,58,-2,1,0,-15.9759070436583,1,2,0.557184991097555,"USC",0.0571849910975549,0.0636661480052324,TRUE,TRUE,TRUE,0.403581121749166,"UNDER",0.0964188782508343,-0.229563638580843,FALSE,1,0,18,44
401752869,2025,7,"Wisconsin","Iowa",5,3.5,37.5,1.5,0,1,-155.636214457541,-1,2,0.490015815008347,"Iowa",0.00998418499165293,-0.0645598091490654,FALSE,FALSE,TRUE,0.654625208583705,"OVER",0.154625208583705,0.249679523186294,TRUE,0,0,-37,37
401752870,2025,7,"Oregon","Indiana",-7,-12.6666666666667,51.3333333333333,5.66666666666667,0,1,113.460008401248,0,2,0.423493256549082,"Indiana",0.0765067434509184,-0.191551373247803,FALSE,FALSE,TRUE,0.502923217785062,"OVER",0.00292321778506155,-0.0399195772483175,FALSE,0,0,-10,50
401752871,2025,8,"Notre Dame","USC",-10.6666666666667,-9.5,60.5,-1.16666666666667,1,0,99.4346371675701,0,1,0.179128465777248,"USC",0.320871534222752,-0.658043758831234,FALSE,FALSE,FALSE,0.496306102803954,"UNDER",0.00369389719604579,-0.0525516497472515,FALSE,0,0,10,58
401752872,2025,8,"Minnesota","Nebraska",6.83333333333333,5.83333333333333,47.8333333333333,1,0,0,-7.44206152080505,0,2,0.555146394070588,"Minnesota",0.0551463940705882,0.0597744662807529,TRUE,FALSE,FALSE,0.690312443714481,"OVER",0.190312443714481,0.317806455050945,TRUE,1,0,18,30
401752873,2025,8,"Michigan","Washington",-4.16666666666667,-9,50.5,4.83333333333333,0,1,-47.2749705480492,0,2,0.744434265845889,"Michigan",0.244434265845889,0.421125013499802,TRUE,FALSE,FALSE,0.525209783583468,"OVER",0.0252097835834683,0.00262547686084091,FALSE,1,0,17,31
401752874,2025,8,"Northwestern","Purdue",-3.33333333333333,-3.33333333333333,47,0,0,0,112.274721724102,0,2,0.375337334232063,"Purdue",0.124662665767937,-0.283481028950991,FALSE,FALSE,FALSE,0.556793541171081,"OVER",0.0567935411710808,0.0629188700955933,TRUE,1,0,19,19
401752875,2025,8,"Iowa","Penn State",-3.16666666666667,2,41.3333333333333,-5.16666666666667,1,0,5.99208797058759,0,2,0.407052605998605,"Penn State",0.0929473940013952,-0.222936575148663,FALSE,FALSE,FALSE,0.568425148328551,"OVER",0.0684251483285506,0.0851236081592032,TRUE,0,1,1,49
401752876,2025,8,"Rutgers","Oregon",17.8333333333333,15.8333333333333,62,2,0,1,-254.827676642862,0,2,0.473549907026179,"Oregon",0.0264500929738206,-0.0959932274870235,FALSE,FALSE,TRUE,0.451774599273703,"UNDER",0.0482254007262968,-0.137562289986501,FALSE,0,1,-46,66
401752877,2025,8,"Wisconsin","Ohio State",24.5,27.3333333333333,41.3333333333333,-2.83333333333333,1,0,-361.425598839334,0,2,0.454544224462978,"Ohio State",0.0454557755370222,-0.132275075500175,FALSE,FALSE,FALSE,0.733100103924013,"OVER",0.233100103924013,0.399488098390941,TRUE,0,0,-34,34
401752878,2025,8,"Indiana","Michigan State",-26.5,-26.1666666666667,49.5,-0.333333333333332,0,0,299.193082855246,0,2,0.40438438035529,"Michigan State",0.0956156196447095,-0.228030217901751,FALSE,FALSE,FALSE,0.56590299342899,"OVER",0.0659029934289895,0.0803088144559411,TRUE,0,1,25,51
401752879,2025,8,"UCLA","Maryland",-4,-1.5,52.5,-2.5,1,0,-58.5894544465939,0,2,0.236071026774328,"Maryland",0.263928973225672,-0.549340409887807,FALSE,FALSE,FALSE,0.495731690900282,"UNDER",0.00426830909971787,-0.0536482020713614,FALSE,0,0,3,37
401752880,2025,9,"Washington","Illinois",-3.33333333333333,-4.66666666666667,54.5,1.33333333333333,0,1,31.5564744906208,-1,2,0.351837156497745,"Illinois",0.148162843502255,-0.328342868245804,FALSE,FALSE,TRUE,0.448312521643577,"UNDER",0.0516874783564231,-0.144171396182412,FALSE,1,1,17,67
401752881,2025,9,"Michigan State","Michigan",13.5,10,47.5,3.5,0,1,-224.180560664235,0,2,0.242834683941094,"Michigan",0.257165316058906,-0.536428588356451,FALSE,FALSE,TRUE,0.625434278121031,"OVER",0.125434278121031,0.193954036933048,TRUE,1,1,-11,51
401752882,2025,9,"Iowa","Minnesota",-7.33333333333333,-7.66666666666667,39.1666666666667,0.333333333333334,0,0,69.3623102023885,0,2,0.576976846244225,"Iowa",0.0769768462442247,0.101448799480225,TRUE,FALSE,FALSE,0.626422768925845,"OVER",0.126422768925845,0.195841065879439,TRUE,1,1,38,44
401752883,2025,9,"Nebraska","Northwestern",-7.16666666666667,-8.5,44.5,1.33333333333333,0,1,37.0978852223577,0,2,0.250564008199726,"Northwestern",0.249435991800274,-0.521673308346724,FALSE,FALSE,TRUE,0.458763497285212,"UNDER",0.0412365027147877,-0.12422048368253,FALSE,0,1,7,49
401752884,2025,9,"Purdue","Rutgers",-2.5,2.5,60.3333333333333,-5,1,0,-128.995896697327,0,2,0.826448755778142,"Purdue",0.326448755778142,0.577690674780474,TRUE,TRUE,TRUE,0.565197580808226,"OVER",0.0651975808082262,0.0789621817629039,TRUE,0,0,-3,51
401752885,2025,9,"Indiana","UCLA",-27.1666666666667,-24.1666666666667,53.5,-3,1,0,253.346024967464,0,2,0.609310971255664,"Indiana",0.109310971255664,0.163174644127062,TRUE,TRUE,TRUE,0.466936616509872,"UNDER",0.0330633834901279,-0.108617999082654,FALSE,1,1,50,62
401752886,2025,9,"Oregon","Wisconsin",-31.3333333333333,-34,45,2.66666666666667,0,1,356.521239710714,0,2,0.734180407742119,"Oregon",0.234180407742119,0.401550398379704,TRUE,FALSE,FALSE,0.711254488932285,"OVER",0.211254488932285,0.357784819371732,TRUE,0,0,14,28
401752887,2025,10,"Maryland","Indiana",21.1666666666667,19.6666666666667,50.6666666666667,1.5,0,1,-232.81768204258,1,2,0.559594238667727,"Maryland",0.059594238667727,0.0682654016166908,TRUE,FALSE,FALSE,0.630333305682591,"OVER",0.130333305682591,0.203306280548067,TRUE,0,1,-45,65
401752888,2025,10,"Minnesota","Michigan State",-4.5,-5,44.5,0.5,0,0,159.95738563243,0,2,0.683867504493039,"Minnesota",0.183867504493039,0.305503066077211,TRUE,FALSE,FALSE,0.53499571663781,"OVER",0.0349957166378104,0.0213068230615801,TRUE,0,0,3,43
401752889,2025,10,"Ohio State","Penn State",-17.6666666666667,-9.66666666666667,45.5,-8,1,0,174.048644304956,0,2,0.561012364647555,"Ohio State",0.0610123646475551,0.0709726041121828,TRUE,TRUE,TRUE,0.535973001222436,"OVER",0.0359730012224357,0.0231724593336298,TRUE,1,1,24,52
401752890,2025,10,"Michigan","Purdue",-21.5,-21,48.6666666666667,-0.5,0,0,303.724129368743,0,2,0.779565188472321,"Michigan",0.279565188472321,0.488189944793661,TRUE,FALSE,FALSE,0.525847517602313,"OVER",0.025847517602313,0.00384291110281548,FALSE,0,0,5,37
401752891,2025,10,"Illinois","Rutgers",-13,-12.3333333333333,63.5,-0.666666666666666,0,0,77.6391458510229,0,2,0.746041105696729,"Illinois",0.246041105696729,0.424192470775055,TRUE,FALSE,FALSE,0.375991356100254,"UNDER",0.124008643899746,-0.282232501204615,FALSE,1,0,22,48
401752892,2025,10,"Nebraska","USC",4.5,5.66666666666667,59.3333333333333,-1.16666666666667,1,0,-76.0335341598161,-1,2,0.740653350464219,"Nebraska",0.240653350464219,0.413907246036195,TRUE,TRUE,TRUE,0.458828936956693,"UNDER",0.0411710630433071,-0.124095559349673,FALSE,1,0,-4,38
401752893,2025,11,"Penn State","Indiana",14,2.66666666666667,50.1666666666667,11.3333333333333,0,1,-137.199146945608,0,2,0.517904409347818,"Penn State",0.0179044093478182,-0.011320482555015,FALSE,FALSE,FALSE,0.564506914669425,"OVER",0.0645069146694254,0.0776437001039331,TRUE,1,1,-3,51
401752894,2025,11,"Rutgers","Maryland",-1.5,-1.66666666666667,56.6666666666667,0.166666666666667,0,0,-3.2083576761795,0,2,0.170771375023467,"Maryland",0.329228624976533,-0.673997445080202,FALSE,FALSE,FALSE,0.443017654391593,"UNDER",0.0569823456084071,-0.154279297766449,FALSE,1,0,15,55
401752895,2025,11,"UCLA","Nebraska",-2,-0.333333333333333,45.6666666666667,-1.66666666666667,1,0,-77.1203728784401,1,2,0.906994589368107,"UCLA",0.406994589368107,0.731452671103716,TRUE,TRUE,TRUE,0.484444834847973,"UNDER",0.015555165152027,-0.0751948102752196,FALSE,0,1,-7,49
401752896,2025,11,"USC","Northwestern",-14.5,-15.6666666666667,54.3333333333333,1.16666666666667,0,1,158.42238985659,-1,2,0.419113814178813,"Northwestern",0.0808861858211872,-0.199911728732646,FALSE,FALSE,TRUE,0.655785435813843,"OVER",0.155785435813843,0.251894396968627,TRUE,1,1,21,55
401752897,2025,11,"Purdue","Ohio State",29.6666666666667,28.5,49.6666666666667,1.16666666666667,0,1,-477.399238439088,0,2,0.349365305145174,"Ohio State",0.150634694854826,-0.333061632477862,FALSE,FALSE,TRUE,0.68696106728814,"OVER",0.18696106728814,0.311408677453059,TRUE,1,0,-24,44
401752898,2025,11,"Iowa","Oregon",4.5,6.33333333333333,41.6666666666667,-1.83333333333333,1,0,-111.496378450233,0,2,0.597863018655541,"Iowa",0.097863018655541,0.141320502613428,TRUE,TRUE,TRUE,0.597375758771703,"OVER",0.0973757587717032,0.140390323495182,TRUE,1,0,-2,34
401752899,2025,11,"Wisconsin","Washington",10.5,12,44.5,-1.5,1,0,-230.095586026724,0,2,0.903410429685383,"Wisconsin",0.403410429685383,0.724610510269396,TRUE,TRUE,TRUE,0.683081102282152,"OVER",0.183081102282152,0.304001824256628,TRUE,1,0,3,23
401752900,2025,12,"Ohio State","UCLA",-33,-31.1666666666667,46.5,-1.83333333333333,1,0,384.513080701974,0,2,0.850159255024636,"Ohio State",0.350159255024636,0.62295401784203,TRUE,TRUE,TRUE,0.753086727134963,"OVER",0.253086727134963,0.437642562100644,TRUE,1,1,38,58
401752901,2025,12,"Indiana","Wisconsin",-28,-30.5,43.5,2.5,0,1,328.868087013312,0,2,0.360302277223178,"Wisconsin",0.139697722776822,-0.312182952780953,FALSE,FALSE,TRUE,0.610219024089347,"OVER",0.110219024089347,0.164908116986564,TRUE,0,0,24,38
401752902,2025,12,"Washington","Purdue",-14.8333333333333,-16.1666666666667,51.3333333333333,1.33333333333333,0,1,292.330431070923,0,2,0.390293495046567,"Purdue",0.109706504953433,-0.254929717956104,FALSE,FALSE,TRUE,0.489838815766971,"UNDER",0.0101611842330294,-0.0648977007008531,FALSE,1,1,36,62
401752903,2025,12,"Michigan State","Penn State",6.83333333333333,7.33333333333333,49,-0.5,0,0,-217.350140520647,1,2,0.862575167078675,"Michigan State",0.362575167078675,0.646655993953191,TRUE,FALSE,FALSE,0.575425310610079,"OVER",0.0754253106100788,0.0984869179546405,TRUE,0,0,-18,38
401752904,2025,12,"Oregon","Minnesota",-26.6666666666667,-22.3333333333333,46,-4.33333333333334,1,0,230.690091486333,-1,2,0.738868586573239,"Oregon",0.238868586573239,0.410500131768313,TRUE,TRUE,TRUE,0.617781615571891,"OVER",0.117781615571891,0.179345104126739,TRUE,1,1,29,55
401752905,2025,12,"Northwestern","Michigan",10.1666666666667,10.1666666666667,42,0,0,0,-180.434755574718,-1,2,0.793236774889818,"Northwestern",0.293236774889818,0.514289003264664,TRUE,FALSE,FALSE,0.66053846181437,"OVER",0.16053846181437,0.260967923603632,TRUE,1,1,-2,46
401752906,2025,12,"Illinois","Maryland",-16.1666666666667,-14,51.6666666666667,-2.16666666666667,1,0,135.596560369996,1,2,0.680114515681073,"Illinois",0.180114515681073,0.298338610435169,TRUE,TRUE,TRUE,0.561146390537834,"OVER",0.0611463905378337,0.0712284595367245,TRUE,1,0,18,30
401752907,2025,12,"USC","Iowa",-6.5,-6.5,48.5,0,0,0,-4.89548109600969,0,2,0.255182292130459,"Iowa",0.244817707869541,-0.512857004322954,FALSE,FALSE,FALSE,0.387744443830317,"UNDER",0.112255556169683,-0.259795856727925,FALSE,0,0,5,47
401752908,2025,13,"Penn State","Nebraska",-7.16666666666667,-8.83333333333333,45.3333333333333,1.66666666666667,0,1,68.0382506216908,-1,2,0.42995276203939,"Nebraska",0.0700472379606096,-0.179220177266804,FALSE,FALSE,TRUE,0.514359126580478,"OVER",0.0143591265804783,-0.0180884273578669,FALSE,1,1,27,47
401752909,2025,13,"Northwestern","Minnesota",-4.16666666666667,-4.33333333333333,41,0.166666666666666,0,0,-86.9191907477282,0,2,0.504995652441014,"Northwestern",0.00499565244101352,-0.0359632994901052,FALSE,FALSE,FALSE,0.622372937814236,"OVER",0.122372937814236,0.188109938287377,TRUE,0,1,3,73
401752910,2025,13,"UCLA","Washington",10.6666666666667,10.8333333333333,51.3333333333333,-0.166666666666668,0,0,-201.78756852461,0,2,0.92486485718982,"UCLA",0.42486485718982,0.765567012375366,TRUE,FALSE,FALSE,0.616654941551619,"OVER",0.116654941551619,0.177194283422042,TRUE,0,1,-34,62
401752911,2025,13,"Oregon","USC",-11.3333333333333,-11.6666666666667,59.6666666666667,0.333333333333332,0,0,131.08098312805,0,2,0.422507639569088,"USC",0.0774923604309121,-0.193432916062611,FALSE,FALSE,FALSE,0.564728384027282,"OVER",0.0647283840272816,0.0780664851080807,TRUE,1,1,15,69
401752912,2025,13,"Ohio State","Rutgers",-28.6666666666667,-32.8333333333333,54.3333333333333,4.16666666666667,0,1,328.8177145184,-1,2,0.399863262396936,"Rutgers",0.100136737603064,-0.236661032084248,FALSE,FALSE,TRUE,0.772983035081277,"OVER",0.272983035081277,0.475624613970157,TRUE,1,0,33,51
401752913,2025,13,"Iowa","Michigan State",-17.5,-16.1666666666667,43,-1.33333333333333,1,0,274.47789343088,0,2,0.440273619129454,"Michigan State",0.0597263808705459,-0.159517661081872,FALSE,FALSE,FALSE,0.623157927137482,"OVER",0.123157927137482,0.189608482905453,TRUE,0,0,3,37
401752914,2025,13,"Maryland","Michigan",13.8333333333333,12.1666666666667,46.5,1.66666666666667,0,1,-216.257576385234,0,2,0.583602380948119,"Maryland",0.083602380948119,0.114096945229959,TRUE,FALSE,FALSE,0.645907167706226,"OVER",0.145907167706226,0.233036783151186,TRUE,0,1,-25,65
401752915,2025,13,"Wisconsin","Illinois",8.83333333333333,9.33333333333333,42,-0.5,0,0,-175.7144047705,0,2,0.555795607529001,"Wisconsin",0.0557956075290007,0.0610138147728624,TRUE,FALSE,FALSE,0.656591560794852,"OVER",0.156591560794852,0.253433289557373,TRUE,1,0,17,37
401752916,2025,14,"Nebraska","Iowa",5.66666666666667,2.16666666666667,38.8333333333333,3.5,0,1,-115.155252510094,0,2,0.58266278080409,"Nebraska",0.0826627808040901,0.112303248555008,TRUE,FALSE,FALSE,0.745198799123154,"OVER",0.245198799123154,0.422584507526101,TRUE,0,1,-24,56
401752917,2025,14,"Washington","Oregon",6.66666666666667,8.33333333333333,51.3333333333333,-1.66666666666667,1,0,-158.356682390699,0,2,0.806363156338904,"Washington",0.306363156338904,0.539347265450967,TRUE,TRUE,TRUE,0.537567272372839,"OVER",0.0375672723728386,0.0262159229597489,TRUE,0,0,-12,40
401752918,2025,14,"Minnesota","Wisconsin",2.5,-2.33333333333333,38.5,4.83333333333333,0,1,67.1569118285938,0,2,0.594992144382583,"Minnesota",0.0949921443825826,0.13584000362635,TRUE,FALSE,FALSE,0.627306207017652,"OVER",0.127306207017652,0.197527549196697,TRUE,1,0,10,24
401752919,2025,14,"USC","UCLA",-21.3333333333333,-20.3333333333333,59,-1,0,0,246.432772870048,0,2,0.818801778764374,"USC",0.318801778764374,0.563092595661191,TRUE,FALSE,FALSE,0.439800807940998,"UNDER",0.0601991920590023,-0.160420257640635,FALSE,0,0,19,39
401752920,2025,14,"Rutgers","Penn State",14.1666666666667,10.8333333333333,55.5,3.33333333333333,0,1,-152.25088853603,0,2,0.241060535819593,"Penn State",0.258939464180407,-0.539815437120397,FALSE,FALSE,TRUE,0.641895556277989,"OVER",0.141895556277989,0.225378616934682,TRUE,1,1,-4,76
401752921,2025,14,"Michigan","Ohio State",9.5,5.5,43,4,0,1,-156.547739654902,0,2,0.426047812618815,"Ohio State",0.0739521873811849,-0.186674725710682,FALSE,FALSE,TRUE,0.567078086686917,"OVER",0.0670780866869169,0.0825520674853245,TRUE,0,0,-18,36
401752922,2025,14,"Illinois","Northwestern",-7.16666666666667,-6.83333333333333,44.3333333333333,-0.333333333333334,0,0,90.3746753743962,0,2,0.569700379806323,"Illinois",0.0697003798063228,0.0875580250502703,TRUE,FALSE,FALSE,0.547633847743604,"OVER",0.047633847743604,0.0454330153425401,TRUE,0,0,7,33
401752923,2025,14,"Michigan State","Maryland",-4.16666666666667,-4.16666666666667,49.1666666666667,0,0,0,-55.0916670433335,0,2,0.53868779431505,"Michigan State",0.0386877943150499,0.0283549993474302,TRUE,FALSE,FALSE,0.516132999136701,"OVER",0.0161329991367005,-0.0147021046480387,FALSE,1,1,10,66
401752924,2025,14,"Purdue","Indiana",28.5,28.1666666666667,54.1666666666667,0.333333333333332,0,0,-445.323199289973,0,2,0.39923786808742,"Indiana",0.10076213191258,-0.237854909821116,FALSE,FALSE,FALSE,0.66805547585902,"OVER",0.16805547585902,0.27531790341487,TRUE,0,1,-53,59
401752937,2025,2,"Oregon State","Fresno State",-1.25,-2.25,45,1,0,0,-68.5543088504232,0,1,0.668444023078708,"Oregon State",0.168444023078708,0.276059640057254,TRUE,FALSE,FALSE,0.530832598645815,"OVER",0.0308325986458152,0.0133594308148613,TRUE,0,1,-9,63
401752938,2025,3,"Texas Tech","Oregon State",-24,-24.25,61.5,0.25,0,0,137.47654982437,0,2,0.25262063533491,"Oregon State",0.24737936466509,-0.517747207145657,FALSE,FALSE,FALSE,0.26226042282047,"UNDER",0.23773957717953,-0.499344852835722,FALSE,1,0,31,59
401752939,2025,5,"Oregon State","Houston",11.8333333333333,12.5,48.1666666666667,-0.666666666666666,0,0,-127.235783576035,-1,1,0.182621060802265,"Houston",0.317378939197735,-0.651376394928475,FALSE,FALSE,FALSE,0.596184299027773,"OVER",0.0961842990277734,0.138115826844019,TRUE,1,1,-3,51
401752940,2025,6,"App State","Oregon State",-2,-0.833333333333333,53.8333333333333,-1.16666666666667,1,0,89.0059213590744,0,1,0.611781755434306,"App State",0.111781755434306,0.16789137112409,TRUE,TRUE,TRUE,0.395153098585904,"UNDER",0.104846901414096,-0.245652734799509,FALSE,1,0,4,50
401752941,2025,8,"Oregon State","Lafayette",-21.1666666666667,-23,56.1666666666667,1.83333333333333,0,1,-158.120061714822,0,1,0.290516904500009,"Lafayette",0.209483095499991,-0.445403229309483,FALSE,FALSE,TRUE,0.53553398527784,"OVER",0.0355339852778398,0.0223343778953962,TRUE,1,1,32,58
401752942,2025,9,"Wake Forest","SMU",5.5,3.83333333333333,52.6666666666667,1.66666666666667,0,1,-194.928355328209,1,1,0.422542613242581,"SMU",0.0774573867574186,-0.193366151319912,FALSE,FALSE,TRUE,0.600062828938517,"OVER",0.100062828938517,0.145519940443629,TRUE,1,0,1,25
401752943,2025,10,"Oregon State","Washington State",3.33333333333333,3.66666666666667,47.5,-0.333333333333333,0,0,-144.514194127441,1,2,0.699401600122409,"Oregon State",0.199401600122409,0.335157654633678,TRUE,FALSE,FALSE,0.541115672596054,"OVER",0.0411156725960542,0.0329898189858675,TRUE,1,0,3,17
401752944,2025,11,"Oregon State","Sam Houston",-21.1666666666667,-18.1666666666667,52.1666666666667,-3,1,0,85.0581974122701,0,1,0.859928370620562,"Oregon State",0.359928370620562,0.641603259514653,TRUE,TRUE,TRUE,0.459930870914418,"UNDER",0.0400691290855815,-0.121991967424375,FALSE,0,0,-4,38
401752945,2025,12,"Tulsa","Oregon State",-1.33333333333333,-0.25,50.5,-1.08333333333333,1,0,-80.8192785959036,0,1,0.800786766285189,"Tulsa",0.300786766285189,0.528701936838426,TRUE,TRUE,TRUE,0.550123653544348,"OVER",0.0501236535443484,0.0501860546161612,TRUE,1,0,17,45
401752946,2025,14,"Washington State","Oregon State",-14.1666666666667,-12.8333333333333,42.5,-1.33333333333333,1,0,180.384573086943,-1,2,0.356533585210154,"Oregon State",0.143466414789846,-0.319377385833815,FALSE,FALSE,FALSE,0.556301018324667,"OVER",0.0563010183246669,0.0619786439817892,TRUE,1,0,24,40
401752948,2025,2,"Washington State","San Diego State",-2.25,-2.25,46.5,0,0,0,116.014614406817,0,1,0.619749113725796,"Washington State",0.119749113725796,0.183101058102545,TRUE,FALSE,FALSE,0.665772243579178,"OVER",0.165772243579178,0.27095921299265,TRUE,1,1,23,49
401752949,2025,3,"North Texas","Washington State",-6.5,-5.5,57.8333333333333,-1,0,0,-53.3830602768892,0,1,0.664588648822609,"North Texas",0.164588648822609,0.26869973060236,TRUE,FALSE,FALSE,0.418636179810877,"UNDER",0.0813638201891232,-0.200823532741036,FALSE,1,1,49,69
401752950,2025,5,"Colorado State","Washington State",-5.16666666666667,-4.33333333333333,48.5,-0.833333333333334,0,0,-16.8935020913632,0,1,0.232723292613434,"Washington State",0.267276707386566,-0.555731234400954,FALSE,FALSE,FALSE,0.597207011931891,"OVER",0.0972070119318914,0.140068185777981,TRUE,0,0,-17,23
401752951,2025,8,"Virginia","Washington State",-16.5,-18,56.5,1.5,0,1,38.5671586535245,1,2,0.434243900528182,"Washington State",0.0657560994718178,-0.1710283938917,FALSE,FALSE,TRUE,0.477783653770411,"UNDER",0.0222163462295889,-0.0879110049522852,FALSE,0,0,2,42
401752952,2025,9,"Washington State","Toledo",1.66666666666667,-0.5,44.8333333333333,2.16666666666667,0,1,-28.9117205240843,0,1,0.130144546508644,"Toledo",0.369855453491356,-0.751554060714999,FALSE,FALSE,TRUE,0.501067117643935,"OVER",0.0010671176439353,-0.0434628724177275,FALSE,1,0,21,35
401752953,2025,12,"Washington State","Louisiana Tech",-10.1666666666667,-5.5,43.5,-4.66666666666667,1,0,41.1799138869555,1,1,0.767837206012551,"Washington State",0.267837206012551,0.46580122627796,TRUE,TRUE,TRUE,0.46537869634441,"UNDER",0.03462130365559,-0.111592068678521,FALSE,1,0,25,31
401752954,2025,13,"James Madison","Washington State",-15.3333333333333,-13.5,44.8333333333333,-1.83333333333333,1,0,192.706575579211,0,1,0.458536174796241,"Washington State",0.0414638252037591,-0.124654442313976,FALSE,FALSE,FALSE,0.506994322354736,"OVER",0.00699432235473607,-0.0321478386248088,FALSE,0,0,4,44
401754371,2025,8,"California","North Carolina",-7.83333333333333,-12.1666666666667,46.5,4.33333333333333,0,1,56.9601201616001,0,2,0.588119183637684,"California",0.0881191836376838,0.122719521564338,TRUE,FALSE,FALSE,0.473942377120498,"UNDER",0.0260576228795023,-0.0952440020769697,FALSE,0,0,3,39
401754372,2025,9,"Virginia Tech","California",-6.16666666666667,-3.16666666666667,50.6666666666667,-3,1,0,-104.394623275552,1,2,0.86875919052022,"Virginia Tech",0.36875919052022,0.6584612947031,TRUE,TRUE,TRUE,0.534511468653811,"OVER",0.0345114686538115,0.0203823936601262,TRUE,1,1,8,76
401754524,2025,2,"NC State","Virginia",-2.75,-2.75,52.75,0,0,0,52.9414419391383,0,2,0.674369977919755,"NC State",0.174369977919755,0.287372287848813,TRUE,FALSE,FALSE,0.511886097672841,"OVER",0.0118860976728412,-0.0228094395425461,FALSE,1,1,4,66
401754525,2025,2,"SMU","Baylor",-2.75,-4.25,65.5,1.5,0,1,133.241885951222,0,1,0.226946883400439,"Baylor",0.273053116599561,-0.566758399588563,FALSE,FALSE,TRUE,0.452083782902317,"UNDER",0.0479162170976827,-0.136972058439476,FALSE,0,1,-3,93
401754526,2025,2,"BYU","Stanford",-20.5,-18,44,-2.5,1,0,227.352242760299,-1,1,0.275524756378528,"Stanford",0.224475243621472,-0.474023240073389,FALSE,FALSE,FALSE,0.54561853056167,"OVER",0.0456185305616702,0.0415857748422284,TRUE,1,0,24,30
401754527,2025,2,"Charlotte","North Carolina",15.75,14.75,49.5,1,0,0,-118.681844678854,0,1,0.337234231591039,"North Carolina",0.162765768408961,-0.356219851892706,FALSE,FALSE,FALSE,0.619729028219984,"OVER",0.119729028219984,0.183062714871949,TRUE,0,0,-17,23
401754528,2025,2,"Louisville","James Madison",-15.25,-14.75,56.75,-0.5,0,0,20.4425039436373,0,1,0.882590876819554,"Louisville",0.382590876819554,0.684865983848528,TRUE,FALSE,FALSE,0.465534877031815,"UNDER",0.034465122968185,-0.111293919746265,FALSE,0,0,14,42
401754529,2025,2,"Pittsburgh","Central Michigan",-21.5,-21.5,48.5,0,0,0,125.950814394447,0,1,0.465336736073643,"Central Michigan",0.0346632639263574,-0.111672170835416,FALSE,FALSE,FALSE,0.513954782658111,"OVER",0.0139547826581111,-0.0188603199056658,FALSE,1,1,28,62
401754530,2025,2,"California","Texas Southern",-44.5,-45,54.5,0.5,0,0,148.778532643133,0,1,0.395425410175733,"Texas Southern",0.104574589824267,-0.245132891974525,FALSE,FALSE,FALSE,0.885817556154772,"OVER",0.385817556154772,0.69102571469946,TRUE,0,0,32,38
401754531,2025,3,"Wake Forest","NC State",7.33333333333333,7.25,52.6666666666667,0.083333333333333,0,0,-70.9349405967523,0,2,0.21970462645224,"NC State",0.28029537354776,-0.580583868102673,FALSE,FALSE,FALSE,0.487041285227899,"UNDER",0.0129587147721011,-0.070238186499941,FALSE,0,1,-10,58
401754532,2025,3,"Syracuse","Colgate",-36.8333333333333,-37.5,64.3333333333333,0.666666666666664,0,0,219.181410531051,0,1,0.805850901375379,"Syracuse",0.305850901375379,0.538369370725599,TRUE,FALSE,FALSE,0.395851860412887,"UNDER",0.104148139587113,-0.244318798471799,FALSE,1,1,42,90
401754533,2025,3,"Stanford","Boston College",13.8333333333333,11.1666666666667,45.1666666666667,2.66666666666667,0,1,-157.320911052771,0,2,0.558017588437465,"Stanford",0.0580175884374647,0.0652555763271202,TRUE,FALSE,FALSE,0.569260858644037,"OVER",0.0692608586440373,0.0867189791514672,TRUE,1,1,10,50
401754534,2025,3,"Tulane","Duke",-0.5,-2.5,52.8333333333333,2,0,1,66.6764404030253,0,1,0.2596177563413,"Duke",0.2403822436587,-0.504389703144458,FALSE,FALSE,TRUE,0.502783582155519,"OVER",0.00278358215551933,-0.0401861416651136,FALSE,1,1,7,61
401754535,2025,3,"Miami","South Florida",-17.6666666666667,-15.75,56.5,-1.91666666666667,1,0,112.169541178705,0,1,0.798058776348595,"Miami",0.298058776348595,0.523494204049467,TRUE,TRUE,TRUE,0.694634973517221,"OVER",0.194634973517221,0.326058164444375,TRUE,1,1,37,61
401754536,2025,3,"Virginia Tech","Old Dominion",-5.5,-7.25,50.6666666666667,1.75,0,1,-35.3516572532906,0,1,0.717947149774249,"Virginia Tech",0.217947149774249,0.370561108919041,TRUE,FALSE,FALSE,0.40491152964706,"UNDER",0.0950884703529405,-0.227023889903763,FALSE,0,1,-19,71
401754537,2025,4,"Clemson","Syracuse",-17.5,-17,53.8333333333333,-0.5,0,0,41.6560307249931,0,2,0.571672144046901,"Clemson",0.0716721440469015,0.0913221229855349,TRUE,FALSE,FALSE,0.495543778966034,"UNDER",0.00445622103396609,-0.0540069259538412,FALSE,0,1,-13,55
401754538,2025,4,"Duke","NC State",-3.16666666666667,-2.66666666666667,57.3333333333333,-0.5,0,0,-23.1452766213652,0,2,0.568733600088866,"Duke",0.068733600088866,0.0857124425696452,TRUE,FALSE,FALSE,0.459339817261625,"UNDER",0.0406601827383752,-0.123120288847558,FALSE,1,1,12,78
401754539,2025,4,"Virginia","Stanford",-16.1666666666667,-15.6666666666667,48.8333333333333,-0.500000000000002,0,0,105.895646727839,0,2,0.200760626754839,"Stanford",0.299239373245161,-0.616747963525012,FALSE,FALSE,FALSE,0.556457721221393,"OVER",0.0564577212213935,0.0622777898116401,TRUE,1,1,28,68
401754540,2025,4,"San Diego State","California",13.8333333333333,12.8333333333333,46.6666666666667,1,0,0,-185.340722372477,1,1,0.707204223793638,"San Diego State",0.207204223793638,0.350052863222055,TRUE,FALSE,FALSE,0.644854261043858,"OVER",0.144854261043858,0.231026784332726,TRUE,1,0,34,34
401754541,2025,4,"Florida State","Kent State",-45,-43.8333333333333,56.3333333333333,-1.16666666666666,1,0,241.928238486956,1,1,0.724637201779902,"Florida State",0.224637201779902,0.383332418197834,TRUE,TRUE,TRUE,0.760606174773964,"OVER",0.260606174773964,0.451997187643498,TRUE,1,1,56,76
401754542,2025,4,"Georgia Tech","Temple",-24.5,-24,52.8333333333333,-0.5,0,0,181.15577920592,0,1,0.174793196453927,"Temple",0.325206803546073,-0.666319787969453,FALSE,FALSE,FALSE,0.49926573812911,"UNDER",0.00073426187088993,-0.0469017059115288,FALSE,0,1,21,69
401754543,2025,5,"Virginia","Florida State",6.83333333333333,7.33333333333333,60.1666666666667,-0.5,0,0,-14.4773121241251,0,2,0.454670483923661,"Florida State",0.045329516076339,-0.132034046189731,FALSE,FALSE,FALSE,0.345613028189201,"UNDER",0.154386971810799,-0.340224729186814,FALSE,1,1,8,84
401754544,2025,5,"Boston College","California",-6.16666666666667,-5.66666666666667,54.1666666666667,-0.5,0,0,-59.7025954852784,1,2,0.801602262117356,"Boston College",0.301602262117356,0.530258718382032,TRUE,FALSE,FALSE,0.463063229891917,"UNDER",0.0369367701080831,-0.116012294136331,FALSE,0,0,-4,52
401754545,2025,5,"Syracuse","Duke",4,5.83333333333333,59.5,-1.83333333333333,1,0,42.0620143713422,0,2,0.446027696532368,"Duke",0.0539723034676322,-0.14853312731971,FALSE,FALSE,FALSE,0.311935833261263,"UNDER",0.188064166738737,-0.404514494304248,FALSE,0,0,-35,41
401754546,2025,5,"Wake Forest","Georgia Tech",12.6666666666667,15.6666666666667,53.3333333333333,-3,1,0,-149.93281309302,1,2,0.475636019352602,"Georgia Tech",0.0243639806473984,-0.0920108390558834,FALSE,FALSE,FALSE,0.453975020139167,"UNDER",0.0460249798608328,-0.13336168655433,FALSE,1,1,-1,59
401754547,2025,5,"Pittsburgh","Louisville",3.16666666666667,4.16666666666667,53.3333333333333,-1,1,0,-135.610305410995,1,2,0.747389546809399,"Pittsburgh",0.247389546809399,0.426766644859143,TRUE,TRUE,TRUE,0.621068964324572,"OVER",0.121068964324572,0.185620652895608,TRUE,0,1,-7,61
401754548,2025,5,"NC State","Virginia Tech",-10.1666666666667,-9.5,57.1666666666667,-0.666666666666666,0,0,81.5306392355137,0,2,0.272469958330166,"Virginia Tech",0.227530041669834,-0.479854849547714,FALSE,FALSE,FALSE,0.378839025161971,"UNDER",0.121160974838029,-0.276796300965798,FALSE,0,0,-2,44
401754549,2025,5,"Stanford","San José State",-3.16666666666667,-1.83333333333333,49.6666666666667,-1.33333333333333,1,0,-127.996771992217,0,1,0.277339141540248,"San José State",0.222660858459752,-0.470559578799667,FALSE,FALSE,FALSE,0.497266410317397,"UNDER",0.00273358968260251,-0.0507184227040882,FALSE,0,1,1,59
401754550,2025,6,"Pittsburgh","Boston College",-6.66666666666667,-5,54.6666666666667,-1.66666666666667,1,0,39.0776001823128,0,2,0.242751460588091,"Boston College",0.257248539411909,-0.536587461737334,FALSE,FALSE,FALSE,0.498264509695923,"UNDER",0.0017354903040771,-0.0488130509904832,FALSE,1,1,41,55
401754551,2025,6,"California","Duke",3.5,2.66666666666667,54.8333333333333,0.833333333333333,0,0,-44.3323871980285,0,2,0.711254341333507,"California",0.211254341333507,0.357784537605665,TRUE,FALSE,FALSE,0.454456766721942,"UNDER",0.0455432332780585,-0.132442032327814,FALSE,0,1,-24,66
401754552,2025,6,"North Carolina","Clemson",15.1666666666667,13.5,47.6666666666667,1.66666666666667,0,1,-70.984323466271,0,2,0.34910265878356,"Clemson",0.15089734121644,-0.333563024382183,FALSE,FALSE,TRUE,0.572571502039465,"OVER",0.0725715020394647,0.0930389973933382,TRUE,0,1,-28,48
401754553,2025,6,"Florida State","Miami",3.16666666666667,6.33333333333333,54.5,-3.16666666666667,1,0,-157.176645554297,-1,2,0.322225437550933,"Miami",0.177774562449067,-0.384871639715268,FALSE,FALSE,FALSE,0.640957517104547,"OVER",0.140957517104547,0.22358790015258,TRUE,0,0,-6,50
401754554,2025,6,"Louisville","Virginia",-6.5,-6.66666666666667,60.3333333333333,0.166666666666667,0,0,145.487395032343,0,2,0.279063008575765,"Virginia",0.220936991424235,-0.467268716628865,FALSE,FALSE,FALSE,0.429133083819266,"UNDER",0.0708669161807345,-0.180784942989022,FALSE,0,0,-3,57
401754555,2025,6,"SMU","Syracuse",-17.5,-16.5,56.6666666666667,-1,0,0,82.520926162591,1,1,0.702689605171429,"SMU",0.202689605171429,0.341434456272258,TRUE,FALSE,FALSE,0.481799990566905,"UNDER",0.018200009433095,-0.0802438180077783,FALSE,0,0,13,49
401754556,2025,6,"Virginia Tech","Wake Forest",-5,-5.66666666666667,51.3333333333333,0.666666666666667,0,0,34.6016618916283,0,2,0.815273402463877,"Virginia Tech",0.315273402463877,0.556356925303541,TRUE,FALSE,FALSE,0.464813789965758,"UNDER",0.0351862100342423,-0.112670474955368,FALSE,0,1,-7,53
401754557,2025,6,"NC State","Campbell",-42.1666666666667,-42.5,61.1666666666667,0.333333333333336,0,0,197.20620892182,0,1,0.568341451397781,"NC State",0.0683414513977807,0.0849638307183633,TRUE,FALSE,FALSE,0.621069257582679,"OVER",0.121069257582679,0.185621212725333,TRUE,1,1,46,66
401754558,2025,7,"Boston College","Clemson",13.8333333333333,13.5,54.3333333333333,0.333333333333334,0,0,-164.994529646277,0,2,0.614090208418533,"Boston College",0.114090208418533,0.172298207870979,TRUE,FALSE,FALSE,0.515202615902532,"OVER",0.0152026159025321,-0.0164782062420661,FALSE,0,0,-31,51
401754559,2025,7,"Florida State","Pittsburgh",-10.8333333333333,-9.16666666666667,57,-1.66666666666667,1,0,-40.6653748448757,0,2,0.179017704634118,"Pittsburgh",0.320982295365882,-0.658255201853469,FALSE,FALSE,FALSE,0.482468287496346,"UNDER",0.0175317125036536,-0.0789680391694747,FALSE,0,1,-3,65
401754560,2025,7,"Georgia Tech","Virginia Tech",-14.1666666666667,-14.5,55.5,0.333333333333334,0,0,152.468718711205,1,2,0.474336886813185,"Virginia Tech",0.0256631131868154,-0.0944908830736307,FALSE,FALSE,FALSE,0.445703797410596,"UNDER",0.0542962025894042,-0.149151450743172,FALSE,1,0,15,55
401754561,2025,7,"SMU","Stanford",-19.5,-18,55.5,-1.5,1,0,274.753489788103,-1,1,0.117777716752628,"Stanford",0.382222283247372,-0.775162338719234,FALSE,FALSE,FALSE,0.676877539662265,"OVER",0.176877539662265,0.292159223215264,TRUE,1,0,24,44
401754562,2025,7,"Notre Dame","NC State",-23.8333333333333,-22.1666666666667,59.5,-1.66666666666666,1,0,193.722440808569,0,1,0.116790413787619,"NC State",0.383209586212381,-0.777047100079436,FALSE,FALSE,FALSE,0.442734563537944,"UNDER",0.0572654364620562,-0.154819718206065,FALSE,1,0,29,43
401754563,2025,7,"Oregon State","Wake Forest",1.5,2.5,47.6666666666667,-1,0,0,-86.9491673766988,0,2,0.506105838486586,"Oregon State",0.00610583848658619,-0.033843954329107,FALSE,FALSE,FALSE,0.555831303996409,"OVER",0.0558313039964093,0.0610819593291454,TRUE,0,1,-25,53
401754564,2025,8,"Miami","Louisville",-10.5,-11,49.5,0.5,0,0,24.347315792571,-1,2,0.477860212931887,"Louisville",0.0221397870681134,-0.0877648535130284,FALSE,FALSE,FALSE,0.467061846002641,"UNDER",0.0329381539973594,-0.108378935980959,FALSE,0,0,-3,45
401754565,2025,8,"Clemson","SMU",-4.16666666666667,-10.3333333333333,49.6666666666667,6.16666666666667,0,1,-28.5662337952688,0,1,0.494504385886277,"SMU",0.00549561411372257,-0.0559911273430964,FALSE,FALSE,TRUE,0.444827827581159,"UNDER",0.0551721724188414,-0.150823677147568,FALSE,0,1,-11,59
401754566,2025,8,"Duke","Georgia Tech",-3.5,-1.16666666666667,60.8333333333333,-2.33333333333333,1,0,30.6110063267827,1,2,0.611829567779313,"Duke",0.111829567779313,0.167982644890708,TRUE,TRUE,TRUE,0.323605172577639,"UNDER",0.176394827422361,-0.382237725549287,FALSE,0,0,-9,45
401754567,2025,8,"Stanford","Florida State",17.5,17.1666666666667,55.3333333333333,0.333333333333332,0,0,-108.786180893959,0,2,0.497190737614563,"Florida State",0.00280926238543683,-0.0508628818937988,FALSE,FALSE,FALSE,0.403186240201322,"UNDER",0.0968137597986778,-0.230317467455676,FALSE,1,0,7,33
401754568,2025,8,"Syracuse","Pittsburgh",9.16666666666667,11.1666666666667,54.5,-2,1,0,-10.5322540064046,1,2,0.495718214843789,"Pittsburgh",0.00428178515621053,-0.0536739278632059,FALSE,FALSE,FALSE,0.538504640341601,"OVER",0.0385046403416008,0.028005358412116,TRUE,0,0,-17,43
401754569,2025,8,"Boston College","UConn",2.5,-2,58.3333333333333,4.5,0,1,-121.369672186216,-1,1,0.20794332902157,"UConn",0.29205667097843,-0.603036184897824,FALSE,FALSE,TRUE,0.576208429231713,"OVER",0.0762084292317128,0.0999818914033397,TRUE,0,1,-15,61
401754570,2025,9,"Louisville","Boston College",-25.5,-23.8333333333333,54.5,-1.66666666666667,1,0,278.644353146188,0,2,0.800994227472802,"Louisville",0.300994227472802,0.529097980245579,TRUE,TRUE,TRUE,0.421284332254167,"UNDER",0.0787156677458332,-0.195768209726795,FALSE,0,1,14,62
401754571,2025,9,"Georgia Tech","Syracuse",-17.5,-18,52.8333333333333,0.5,0,0,132.928943249007,0,2,0.839056238925555,"Georgia Tech",0.339056238925555,0.601758360108885,TRUE,FALSE,FALSE,0.466753315964272,"UNDER",0.0332466840357275,-0.108967919824204,FALSE,1,1,25,57
401754572,2025,9,"Miami","Stanford",-29,-30,45.6666666666667,1,0,0,268.871071845015,0,2,0.720293317280422,"Miami",0.220293317280422,0.375039942688325,TRUE,FALSE,FALSE,0.750055775647106,"OVER",0.250055775647106,0.431856475710326,TRUE,1,1,35,49
401754573,2025,9,"North Carolina","Virginia",11.6666666666667,9.5,50.8333333333333,2.16666666666667,0,1,-99.4883610630659,0,2,0.804705180547428,"North Carolina",0.304705180547428,0.53618218966504,TRUE,FALSE,FALSE,0.55061055685382,"OVER",0.0506105568538199,0.0511155530339421,TRUE,1,0,-1,33
401754574,2025,9,"Pittsburgh","NC State",-5,-7.83333333333333,52.6666666666667,2.83333333333333,0,1,59.5828241896759,-1,2,0.315987213060951,"NC State",0.184012786939049,-0.396780410266645,FALSE,FALSE,TRUE,0.463569983234086,"UNDER",0.0364300167659137,-0.115044902006129,FALSE,1,1,19,87
401754575,2025,10,"Syracuse","North Carolina",-1.5,-1.75,45.5,0.25,0,0,34.7974407431129,0,2,0.216100037292267,"North Carolina",0.283899962707733,-0.587465028809062,FALSE,FALSE,FALSE,0.444405585135526,"UNDER",0.0555944148644741,-0.151629737976281,FALSE,0,0,-17,37
401754576,2025,10,"California","Virginia",6.16666666666667,4,52.3333333333333,2.16666666666667,0,1,-54.852622141744,0,2,0.604128499443611,"California",0.104128499443611,0.153281305437854,TRUE,FALSE,FALSE,0.491477398163225,"UNDER",0.008522601836775,-0.0617696469064035,FALSE,0,0,-10,52
401754577,2025,10,"Clemson","Duke",-4.16666666666667,-3.5,55,-0.666666666666667,0,0,-5.61367201342227,0,2,0.496173709130462,"Duke",0.00382629086953812,-0.0528043892699482,FALSE,FALSE,FALSE,0.479990431241238,"UNDER",0.0200095687587616,-0.0836982667604759,FALSE,0,1,-1,91
401754578,2025,10,"Florida State","Wake Forest",-12.6666666666667,-7.66666666666667,50.6666666666667,-5,1,0,-47.2506618549237,1,2,0.441774781668483,"Wake Forest",0.058225218331517,-0.156651941794866,FALSE,FALSE,FALSE,0.48643751144929,"UNDER",0.0135624885507101,-0.0713907906433057,FALSE,1,0,35,49
401754579,2025,10,"NC State","Georgia Tech",4.33333333333333,5.83333333333333,58.5,-1.5,1,0,-150.633847029837,0,2,0.689734389392685,"NC State",0.189734389392685,0.316702949350635,TRUE,TRUE,TRUE,0.503209185123235,"OVER",0.00320918512323487,-0.0393736655997446,FALSE,1,1,12,84
401754580,2025,10,"Virginia Tech","Louisville",10.5,10.6666666666667,52.5,-0.166666666666666,0,0,-222.980005165357,0,2,0.615602417665721,"Virginia Tech",0.115602417665721,0.175185015323862,TRUE,FALSE,FALSE,0.578507468130862,"OVER",0.0785074681308622,0.104370756661816,TRUE,0,0,-12,44
401754581,2025,10,"SMU","Miami",7.83333333333333,7.5,49.1666666666667,0.333333333333333,0,0,7.32467356406778,0,1,0.453869271002369,"Miami",0.046130728997631,-0.133563561656477,FALSE,FALSE,FALSE,0.47302162048245,"UNDER",0.0269783795175496,-0.0970017264990021,FALSE,1,0,6,46
401754582,2025,10,"Stanford","Pittsburgh",13.5,14.3333333333333,51.8333333333333,-0.833333333333334,0,0,-217.914899926232,0,2,0.838097731990741,"Stanford",0.338097731990741,0.599928570370325,TRUE,FALSE,FALSE,0.570470555253691,"OVER",0.0704705552536911,0.0890282899792962,TRUE,0,1,-15,55
401754583,2025,10,"Boston College","Notre Dame",31,28.5,55.3333333333333,2.5,0,1,-367.695683287502,-1,1,0.19668113339192,"Notre Dame",0.303318866608079,-0.624535716354824,FALSE,FALSE,TRUE,0.627243715092473,"OVER",0.127243715092473,0.197408252111531,TRUE,1,0,-15,35
401754584,2025,11,"Boston College","SMU",10.5,12.6666666666667,54.5,-2.16666666666667,1,0,-315.071651701566,0,1,0.447253238102531,"SMU",0.0527467618974688,-0.146193568462268,FALSE,FALSE,FALSE,0.643141583343141,"OVER",0.143141583343141,0.227757282602057,TRUE,0,1,-32,58
401754585,2025,11,"Louisville","California",-18.3333333333333,-18.1666666666667,49,-0.166666666666664,0,0,206.899488156093,0,2,0.337089429277847,"California",0.162910570722153,-0.35649627950859,FALSE,FALSE,FALSE,0.541266509352561,"OVER",0.0412665093525614,0.0332777663540397,TRUE,0,1,-3,55
401754586,2025,11,"Clemson","Florida State",-1.5,-11.8333333333333,56.8333333333333,10.3333333333333,0,1,107.202005454081,0,2,0.137995972194599,"Florida State",0.362004027805401,-0.736565689080511,FALSE,FALSE,TRUE,0.542664209253389,"OVER",0.0426642092533892,0.03594597546472,TRUE,1,0,14,34
401754587,2025,11,"Miami","Syracuse",-28.5,-28,46.8333333333333,-0.5,0,0,203.551899039094,0,2,0.847548129720953,"Miami",0.347548129720953,0.6179693796373,TRUE,FALSE,FALSE,0.656464130684291,"OVER",0.156464130684291,0.253190025476312,TRUE,0,1,28,48
401754588,2025,11,"North Carolina","Stanford",-8.5,-8.33333333333333,41.6666666666667,-0.166666666666666,0,0,123.577362272938,0,2,0.529327501828341,"North Carolina",0.0293275018283413,0.0104862009903036,FALSE,FALSE,FALSE,0.544296610517248,"OVER",0.0442966105172483,0.039062229477427,TRUE,0,0,5,35
401754589,2025,11,"Virginia","Wake Forest",-7.16666666666667,-6.66666666666667,48.5,-0.5,0,0,122.62001688386,0,2,0.629239224535483,"Virginia",0.129239224535483,0.201217679638237,TRUE,FALSE,FALSE,0.652631236738233,"OVER",0.152631236738233,0.245873030933287,TRUE,0,0,-7,25
401754590,2025,11,"UConn","Duke",7.66666666666667,9.16666666666667,63,-1.5,1,0,-60.8603046697692,0,1,0.799783104156514,"UConn",0.299783104156514,0.526785945834785,TRUE,TRUE,TRUE,0.333540934974709,"UNDER",0.166459065025291,-0.36327035513328,FALSE,1,1,3,71
401754591,2025,12,"Louisville","Clemson",-1.83333333333333,2.83333333333333,50.6666666666667,-4.66666666666667,1,0,59.7540007024434,0,2,0.860793600904194,"Louisville",0.360793600904194,0.643254984126107,TRUE,TRUE,TRUE,0.46988100402114,"UNDER",0.0301189959788598,-0.102997163323643,FALSE,0,0,-1,39
401754592,2025,12,"Boston College","Georgia Tech",16.5,16.5,61.3333333333333,0,0,0,-256.325914452557,-1,2,0.421924431999437,"Georgia Tech",0.0780755680005635,-0.194546259313076,FALSE,FALSE,FALSE,0.341147479904087,"UNDER",0.158852520095913,-0.348749460863097,FALSE,1,1,-2,70
401754593,2025,12,"Duke","Virginia",-5.33333333333333,-6.16666666666667,60,0.833333333333334,0,0,44.5151043638607,0,2,0.206699372588826,"Virginia",0.293300627411174,-0.605410897727931,FALSE,FALSE,FALSE,0.489799735841138,"UNDER",0.010200264158862,-0.0649723042792675,FALSE,0,0,-17,51
401754594,2025,12,"Florida State","Virginia Tech",-14,-11.5,54.6666666666667,-2.5,1,0,33.2316413600026,-1,2,0.673420398917502,"Florida State",0.173420398917502,0.285559541533511,TRUE,TRUE,TRUE,0.516061578715102,"OVER",0.0160615787151016,-0.014838446232871,FALSE,1,0,20,48
401754595,2025,12,"Miami","NC State",-16.1666666666667,-14.5,54.6666666666667,-1.66666666666667,1,0,132.6613752443,-1,2,0.797361868567389,"Miami",0.297361868567389,0.522163807095145,TRUE,TRUE,TRUE,0.577708156645568,"OVER",0.077708156645568,0.102844871036389,TRUE,1,0,34,48
401754596,2025,12,"Wake Forest","North Carolina",-3.5,-6,37.6666666666667,2.5,0,1,-0.947109771987016,0,2,0.348393466361119,"North Carolina",0.151606533638881,-0.334916872716624,FALSE,FALSE,TRUE,0.695254709469829,"OVER",0.195254709469829,0.327241240377904,TRUE,1,1,16,40
401754597,2025,12,"Pittsburgh","Notre Dame",12.6666666666667,10.6666666666667,55,2,0,1,-160.349346997532,1,1,0.223547614604734,"Notre Dame",0.276452385395266,-0.573247603719563,FALSE,FALSE,TRUE,0.609338846865723,"OVER",0.109338846865723,0.163227858666665,TRUE,0,0,-22,52
401754598,2025,13,"NC State","Florida State",6.66666666666667,4.16666666666667,58.8333333333333,2.5,0,1,21.074531730573,0,2,0.507998619556406,"NC State",0.00799861955640557,-0.0302306352668217,FALSE,FALSE,FALSE,0.361372081608632,"UNDER",0.138627918391368,-0.310140696209121,FALSE,1,0,10,32
401754599,2025,13,"Stanford","California",4.5,3.33333333333333,47.5,1.16666666666667,0,1,-151.019234143598,0,2,0.285190248883262,"California",0.214809751116738,-0.455571814881853,FALSE,FALSE,TRUE,0.689044328260762,"OVER",0.189044328260762,0.315385622649795,TRUE,1,0,21,41
401754600,2025,13,"North Carolina","Duke",6.83333333333333,2.16666666666667,50.3333333333333,4.66666666666667,0,1,-89.5389421349603,0,2,0.456984005352693,"Duke",0.043015994647307,-0.127617533781709,FALSE,FALSE,TRUE,0.586685518280657,"OVER",0.0866855182806571,0.119982654397774,TRUE,0,1,-7,57
401754601,2025,13,"Georgia Tech","Pittsburgh",-2.5,-2.66666666666667,61,0.166666666666667,0,0,32.0853011800777,0,2,0.219162556431268,"Pittsburgh",0.280837443568732,-0.58161867977271,FALSE,FALSE,FALSE,0.295751420119378,"UNDER",0.204248579880622,-0.435410538992108,FALSE,0,1,-14,70
401754602,2025,13,"SMU","Louisville",-3.83333333333333,-2.66666666666667,49.8333333333333,-1.16666666666667,1,0,45.923798275636,1,1,0.654114681848196,"SMU",0.154114681848196,0.248704927648207,TRUE,TRUE,TRUE,0.482801603956675,"UNDER",0.0171983960433255,-0.0783317380467083,FALSE,1,0,32,44
401754603,2025,13,"Virginia Tech","Miami",17.8333333333333,16.3333333333333,49,1.5,0,1,-265.604769756302,0,2,0.224802376590267,"Miami",0.275197623409733,-0.570852263089181,FALSE,FALSE,TRUE,0.449653691860975,"UNDER",0.0503463081390246,-0.141611102237398,FALSE,1,1,-17,51
401754604,2025,13,"Notre Dame","Syracuse",-36.6666666666667,-35,51,-1.66666666666666,1,0,361.159025008426,-1,1,0.85069953112597,"Notre Dame",0.35069953112597,0.623985404919476,TRUE,TRUE,TRUE,0.708024616710292,"OVER",0.208024616710292,0.351618993299948,TRUE,1,1,63,77
401754605,2025,13,"Clemson","Furman",-42.1666666666667,-41.5,55.3333333333333,-0.666666666666664,0,0,205.054495337635,0,1,0.905023399767035,"Clemson",0.405023399767035,0.727689670155271,TRUE,FALSE,FALSE,0.813002123994918,"OVER",0.313002123994918,0.552021054706298,TRUE,0,0,35,55
401754606,2025,13,"Wake Forest","Delaware",-17.5,-18,49.1666666666667,0.5,0,0,22.0504222106842,0,1,0.357578300881878,"Delaware",0.142421699118122,-0.317383023616494,FALSE,FALSE,FALSE,0.45910045712055,"UNDER",0.0408995428794497,-0.123577227356869,FALSE,1,1,38,66
401754608,2025,14,"Syracuse","Boston College",2.83333333333333,3.16666666666667,54,-0.333333333333333,0,0,73.7255354240665,-1,2,0.665150327404104,"Syracuse",0.165150327404104,0.269771975014434,TRUE,FALSE,FALSE,0.493122470841191,"UNDER",0.00687752915880901,-0.0586292031641664,FALSE,0,0,-22,46
401754609,2025,14,"California","SMU",13.5,10.5,53.1666666666667,3,0,1,-260.217853672088,0,1,0.421713615435958,"SMU",0.0782863845640416,-0.194948708132755,FALSE,FALSE,TRUE,0.492868785169352,"UNDER",0.00713121483064844,-0.0591134891117078,FALSE,1,1,3,73
401754610,2025,14,"Duke","Wake Forest",-2.5,-3.33333333333333,53.6666666666667,0.833333333333333,0,0,35.8358687732364,0,2,0.124683162158018,"Wake Forest",0.375316837841982,-0.761979843440344,FALSE,FALSE,FALSE,0.421321548446868,"UNDER",0.0786784515531316,-0.195697164014928,FALSE,1,1,17,81
401754611,2025,14,"Pittsburgh","Miami",6.5,7,49,-0.5,0,0,-68.9779733657422,0,2,0.54681066249487,"Pittsburgh",0.04681066249487,0.0438615547027068,TRUE,FALSE,FALSE,0.570072964013869,"OVER",0.0700729640138689,0.0882692883024757,TRUE,0,0,-31,45
401754612,2025,14,"NC State","North Carolina",-7.16666666666667,-5.83333333333333,49,-1.33333333333333,1,0,77.8956280503255,0,2,0.36439755298362,"North Carolina",0.13560244701638,-0.304365071354269,FALSE,FALSE,FALSE,0.43782802048028,"UNDER",0.0621719795197204,-0.164186308903146,FALSE,1,1,23,61
401754613,2025,14,"Virginia","Virginia Tech",-8.66666666666667,-10.8333333333333,52.8333333333333,2.16666666666667,0,1,192.338933850412,1,2,0.315247935460134,"Virginia Tech",0.184752064539866,-0.398191691206604,FALSE,FALSE,TRUE,0.510411615107085,"OVER",0.0104116151070851,-0.0256242267605745,FALSE,1,0,20,34
401754614,2025,14,"Stanford","Notre Dame",32.8333333333333,31.5,49.8333333333333,1.33333333333334,0,1,-410.957159982137,0,1,0.650576875993743,"Stanford",0.150576875993743,0.241951256272055,TRUE,FALSE,FALSE,0.661217930153445,"OVER",0.161217930153445,0.262265028662926,TRUE,1,1,-29,69
401754615,2025,3,"Missouri State","SMU",28.8333333333333,27.75,60.3333333333333,1.08333333333333,0,1,-135.153756818712,0,0,0.256306304152906,"SMU",0.243693695847094,-0.510711265372103,FALSE,FALSE,TRUE,0.299096912653817,"UNDER",0.200903087346183,-0.429023993743864,FALSE,1,0,-18,38
401754617,2025,4,"Virginia Tech","Wofford",-35,-35.5,51.5,0.5,0,0,64.6224701686822,0,1,0.804762723384953,"Virginia Tech",0.304762723384953,0.536292038941876,TRUE,FALSE,FALSE,0.817962394241897,"OVER",0.317962394241897,0.56149021060778,TRUE,0,0,32,44
401754618,2025,2,"Syracuse","UConn",-7.25,-8.25,57.5,1,0,0,17.9777101547209,0,1,0.676350055482937,"Syracuse",0.176350055482937,0.291152255916926,TRUE,FALSE,FALSE,0.247520553022849,"UNDER",0.252479446977151,-0.52748326427938,FALSE,0,0,7,47
401754619,2025,3,"Virginia","William & Mary",-30.3333333333333,-26.5,53.5,-3.83333333333333,1,0,-25.8898987563598,0,1,0.615385334811668,"Virginia",0.115385334811668,0.174770604155475,TRUE,TRUE,TRUE,0.549844696953781,"OVER",0.0498446969537809,0.0496535264847678,TRUE,1,1,39,71
401754620,2025,2,"Wake Forest","Western Carolina",-17.5,-20.25,60,2.75,0,1,-56.8601069691001,0,1,0.572386612268936,"Wake Forest",0.0723866122689355,0.0926860428213979,TRUE,FALSE,FALSE,0.383256392905841,"UNDER",0.116743607094159,-0.268363545942749,FALSE,1,0,32,52
401754621,2025,2,"Florida State","East Texas A&M",-44.5,-44,57.5,-0.5,0,0,163.163796770135,0,1,0.147426036413508,"East Texas A&M",0.352573963586492,-0.718563696486614,FALSE,FALSE,FALSE,0.815861512354073,"OVER",0.315861512354073,0.557479627083926,TRUE,1,1,74,80
401754622,2025,2,"Georgia Tech","Gardner-Webb",-37.5,-37.5,59.5,0,0,0,85.1536469590606,0,1,0.412723709532074,"Gardner-Webb",0.0872762904679256,-0.21211043850327,FALSE,FALSE,FALSE,0.271356294518726,"UNDER",0.228643705481274,-0.481980833763752,FALSE,1,1,47,71
401754623,2025,3,"Georgia Tech","Clemson",2.83333333333333,8.16666666666667,50.6666666666667,-5.33333333333333,1,0,-56.1223183714994,0,2,0.386052881753941,"Clemson",0.113947118246059,-0.263025048731726,FALSE,FALSE,FALSE,0.558937154233979,"OVER",0.0589371542339788,0.0670110274326656,TRUE,1,0,3,45
401754636,2025,4,"TCU","SMU",-6.5,-5.83333333333333,63.5,-0.666666666666667,0,0,-48.3371444506313,0,1,0.302925615821886,"SMU",0.197074384178114,-0.42171499939602,FALSE,FALSE,FALSE,0.396612177861642,"UNDER",0.103387822138358,-0.242867352462125,FALSE,1,0,11,59
401754637,2025,2,"Clemson","Troy",-30.25,-31.75,51.5,1.5,0,1,74.1917610356022,0,1,0.454467628343681,"Troy",0.0455323716563185,-0.132421297491912,FALSE,FALSE,TRUE,0.833499339847124,"OVER",0.333499339847124,0.591150239768159,TRUE,0,0,11,43
401754638,2025,3,"West Virginia","Pittsburgh",6.83333333333333,3.16666666666667,55,3.66666666666667,0,1,-27.3166285153068,0,2,0.452253437712856,"Pittsburgh",0.0477465622871436,-0.136648187406157,FALSE,FALSE,TRUE,0.455316908901639,"UNDER",0.0446830910983612,-0.130800020906772,FALSE,1,0,7,55
401754639,2025,3,"North Carolina","Richmond",-24.5,-21.25,47.6666666666667,-3.25,1,0,-65.6716310701761,0,1,0.705326991871009,"North Carolina",0.205326991871009,0.346469227481757,TRUE,TRUE,TRUE,0.555281177708679,"OVER",0.0552811777086791,0.0600317682458684,TRUE,1,0,35,47
401754640,2025,4,"UCF","North Carolina",-7.16666666666667,-5.5,46.3333333333333,-1.66666666666667,1,0,-38.2759229127178,1,1,0.574684539276176,"UCF",0.0746845392761764,0.0970727854782206,TRUE,TRUE,TRUE,0.472771736658527,"UNDER",0.027228263341473,-0.0974787547188719,FALSE,1,0,25,43
401754641,2025,2,"Miami","Bethune-Cookman",-54.5,-56.5,64.5,2,0,1,302.266518598283,0,1,0.517168242372559,"Miami",0.0171682423725592,-0.0127258253107845,FALSE,FALSE,FALSE,0.716320970065811,"OVER",0.216320970065811,0.367456731855633,TRUE,0,0,42,48
401754642,2025,4,"Louisville","Bowling Green",-26.1666666666667,-27.3333333333333,50.6666666666667,1.16666666666666,0,1,110.237385601798,1,1,0.271520557317743,"Bowling Green",0.228479442682257,-0.481667256080428,FALSE,FALSE,TRUE,0.592126847281963,"OVER",0.0921268472819633,0.130370151461268,TRUE,0,1,23,57
401756879,2025,2,"Arizona","Weber State",-31.5,-31.5,56.5,0,0,0,34.5309468522844,0,1,0.197013686349055,"Weber State",0.302986313650945,-0.623900872759654,FALSE,FALSE,FALSE,0.74072250201668,"OVER",0.24072250201668,0.414039256349842,TRUE,1,0,45,51
401756880,2025,2,"Cincinnati","Bowling Green",-22,-19.25,46.5,-2.75,1,0,-84.2130387747929,0,0,0.624458457898205,"Cincinnati",0.124458457898205,0.192091196127673,TRUE,TRUE,TRUE,0.608228159819202,"OVER",0.108228159819202,0.161107557094857,TRUE,0,1,14,54
401756881,2025,2,"Colorado","Delaware",-23.5,-24,49.5,0.5,0,0,-45.9624584297244,0,1,0.542186304356459,"Colorado",0.0421863043564591,0.0350336550164804,TRUE,FALSE,FALSE,0.424184979421346,"UNDER",0.0758150205786538,-0.19023087428465,FALSE,1,0,24,38
401756882,2025,2,"Kansas State","Army",-16.75,-16,48.5,-0.75,0,0,12.1562305150826,0,1,0.540086089125739,"Kansas State",0.0400860891257391,0.0310243441410359,TRUE,FALSE,FALSE,0.501214155726748,"OVER",0.00121415572674788,-0.0431821767176383,FALSE,0,0,-3,45
401756883,2025,2,"Ohio","West Virginia",3.5,2.75,58.5,0.75,0,0,49.0197182758707,0,1,0.165420189798902,"West Virginia",0.334579810201098,-0.684212857673897,FALSE,FALSE,FALSE,0.427937547999261,"UNDER",0.0720624520007387,-0.18306722086941,FALSE,1,0,7,27
401756884,2025,2,"Rice","Houston",13.5,13,38.5,0.5,0,0,-14.6837260634941,0,0,0.237613638119646,"Houston",0.262386361880354,-0.546395564829596,FALSE,FALSE,FALSE,0.572729159132531,"OVER",0.0727291591325306,0.093339964784001,TRUE,0,1,-26,44
401756885,2025,2,"Texas Tech","Kent State",-48,-48.75,59.75,0.75,0,0,252.652528945175,0,1,0.322610576812153,"Kent State",0.177389423187847,-0.384136408865599,FALSE,FALSE,FALSE,0.787185538359292,"OVER",0.287185538359292,0.502737192727889,TRUE,0,1,48,76
401756886,2025,2,"UCF","North Carolina A&T",-37.5,-39.75,51.25,2.25,0,1,188.222071740985,0,0,0.792351994957671,"UCF",0.292351994957671,0.512599958374194,TRUE,FALSE,FALSE,0.852453897896488,"OVER",0.352453897896488,0.627334491084395,TRUE,1,1,61,75
401756887,2025,2,"Utah","Cal Poly",-42.5,-41.75,53,-0.75,0,0,144.231899377862,0,1,0.395007640487895,"Cal Poly",0.104992359512105,-0.245930414308609,FALSE,FALSE,FALSE,0.854928137431051,"OVER",0.354928137431051,0.632057814355876,TRUE,1,1,54,72
401756888,2025,3,"Arizona","Kansas State",1.5,0.75,55.8333333333333,0.75,0,0,-55.8926608793729,0,2,0.471337829948897,"Kansas State",0.0286621700511033,-0.100216082627556,FALSE,FALSE,FALSE,0.559902442736747,"OVER",0.0599024427367472,0.0688537631844504,TRUE,1,0,6,40
401756889,2025,3,"Arizona State","Texas State",-18.5,-14.5,61.5,-4,1,0,28.4269608747154,0,1,0.843553275908303,"Arizona State",0.343553275908303,0.61034320370895,TRUE,TRUE,TRUE,0.223552305499352,"UNDER",0.276447694500648,-0.573238648801737,FALSE,1,0,19,49
401756890,2025,3,"Arkansas State","Iowa State",21,21.25,55.6666666666667,-0.25,0,0,-183.370294490246,0,1,0.494275907949554,"Iowa State",0.00572409205044566,-0.0564272917243008,FALSE,FALSE,FALSE,0.484620365672709,"UNDER",0.0153796343272914,-0.0748597219307993,FALSE,1,0,-8,40
401756891,2025,3,"Baylor","Samford",-52,-48,64.8333333333333,-4,1,0,176.384321031048,0,1,0.264119701218045,"Samford",0.235880298781955,-0.495795490374752,FALSE,FALSE,FALSE,0.773515587927277,"OVER",0.273515587927277,0.476641257353172,TRUE,0,0,35,49
401756892,2025,3,"Cincinnati","Northwestern State",-48.5,-46,55.5,-2.5,1,0,221.018809289331,0,0,0.169891876510678,"Northwestern State",0.330108123489322,-0.675676407741116,FALSE,FALSE,FALSE,0.870796018180404,"OVER",0.370796018180404,0.662349598706392,TRUE,1,1,70,70
401756893,2025,3,"Houston","Colorado",-3.83333333333333,-4,45.3333333333333,0.166666666666667,0,0,-64.0206600654292,0,1,0.569431519125869,"Houston",0.0694315191258689,0.0870447700112836,TRUE,FALSE,FALSE,0.596711278823557,"OVER",0.0967112788235567,0.13912183127417,TRUE,1,1,16,56
401756894,2025,3,"TCU","Abilene Christian",-42,-38.1666666666667,59.8333333333333,-3.83333333333334,1,0,106.573026953711,0,1,0.512874662271029,"TCU",0.0128746622710293,-0.0209222697246051,FALSE,FALSE,TRUE,0.755967843085469,"OVER",0.255967843085469,0.443142612450161,TRUE,0,1,21,63
401756895,2025,3,"Wyoming","Utah",24.5,22.5,47.3333333333333,2,0,1,-99.5479891757586,0,1,0.383165517707224,"Utah",0.116834482292776,-0.268537026696909,FALSE,FALSE,TRUE,0.540250575829444,"OVER",0.0402505758294441,0.0313383492584089,TRUE,0,0,-25,37
401756896,2025,4,"Baylor","Arizona State",-2.5,-2.5,60.8333333333333,0,0,0,-55.8067643782063,0,2,0.624434194384453,"Baylor",0.124434194384453,0.19204487707992,TRUE,FALSE,FALSE,0.398761221746264,"UNDER",0.101238778253736,-0.238764827686382,FALSE,0,0,-3,51
401756897,2025,4,"Colorado","Wyoming",-12.3333333333333,-14.1666666666667,45.6666666666667,1.83333333333333,0,1,90.5341718241805,0,1,0.468428185213068,"Wyoming",0.0315718147869317,-0.105770594428253,FALSE,FALSE,TRUE,0.511630634427647,"OVER",0.0116306344276473,-0.0232971188776212,FALSE,1,1,17,57
401756898,2025,4,"East Carolina","BYU",6.16666666666667,8,49.6666666666667,-1.83333333333333,1,0,-82.7795436654919,-1,0,0.338172077166025,"BYU",0.161827922833975,-0.354429504690058,FALSE,FALSE,FALSE,0.476648334653203,"UNDER",0.0233516653467967,-0.0900783291470348,FALSE,0,0,-21,47
401756899,2025,4,"Kansas","West Virginia",-12.8333333333333,-12,54.3333333333333,-0.833333333333334,0,0,8.49825174730449,1,2,0.61857923779033,"Kansas",0.11857923779033,0.180867764941739,TRUE,FALSE,FALSE,0.421517669753597,"UNDER",0.0784823302464026,-0.195322768440383,FALSE,1,0,31,51
401756900,2025,4,"Oklahoma State","Tulsa",-10.1666666666667,-13.5,54.6666666666667,3.33333333333333,0,1,131.027588260444,1,1,0.753409460486306,"Oklahoma State",0.253409460486306,0.438258660068358,TRUE,FALSE,FALSE,0.537858438040545,"OVER",0.0378584380405446,0.0267717582193996,TRUE,0,0,-7,31
401756901,2025,4,"Utah","Texas Tech",-3.5,-4,58.3333333333333,0.5,0,0,26.6564254476955,0,2,0.682495085280917,"Utah",0.182495085280917,0.30288311780127,TRUE,FALSE,FALSE,0.329434037339953,"UNDER",0.170565962660047,-0.37111042271803,FALSE,0,0,-24,44
401756902,2025,5,"Arizona State","TCU",-2.83333333333333,-2.16666666666667,54.5,-0.666666666666667,0,0,-5.78131719122189,0,2,0.541035745647755,"Arizona State",0.0410357456477553,0.0328372384415648,TRUE,FALSE,FALSE,0.482640116619524,"UNDER",0.0173598833804761,-0.0786400173733289,FALSE,1,0,3,51
401756903,2025,5,"Colorado","BYU",6.5,5.66666666666667,48.6666666666667,0.833333333333333,0,0,-86.7178909018414,0,1,0.363095228756331,"BYU",0.136904771243669,-0.306851208304163,FALSE,FALSE,FALSE,0.397904340286192,"UNDER",0.102095659713808,-0.24040061439366,FALSE,1,0,-3,45
401756904,2025,5,"Iowa State","Arizona",-4,-7,48.5,3,0,1,142.515024980656,0,2,0.305890084407714,"Arizona",0.194109915592286,-0.416055828865673,FALSE,FALSE,TRUE,0.536473005436509,"OVER",0.0364730054365092,0.0241269673782961,TRUE,1,1,25,53
401756905,2025,5,"Kansas","Cincinnati",-5.16666666666667,-5.83333333333333,56.3333333333333,0.666666666666666,0,0,74.9422553404665,-1,1,0.802611475508108,"Kansas",0.302611475508108,0.532185306744977,TRUE,FALSE,FALSE,0.485378396858582,"UNDER",0.0146216031414184,-0.0734126403969677,FALSE,0,1,-3,71
401756906,2025,5,"Kansas State","UCF",-5.83333333333333,-5.83333333333333,48.5,0,0,0,13.8322602891776,1,1,0.750263868780155,"Kansas State",0.250263868780155,0.432253725501316,TRUE,FALSE,FALSE,0.382698835423652,"UNDER",0.117301164576348,-0.269427923176249,FALSE,1,1,14,54
401756907,2025,5,"Oklahoma State","Baylor",21.1666666666667,19.5,58.6666666666667,1.66666666666667,0,1,-117.246466641961,0,2,0.48876038890447,"Baylor",0.01123961109553,-0.0669564175813667,FALSE,FALSE,TRUE,0.589887109782681,"OVER",0.0898871097826813,0.126094492575139,TRUE,1,1,-18,72
401756908,2025,5,"West Virginia","Utah",13.1666666666667,10.8333333333333,46.6666666666667,2.33333333333333,0,1,-51.7801476095465,0,2,0.478431636815372,"Utah",0.0215683631846283,-0.0866740053194554,FALSE,FALSE,TRUE,0.496682715561513,"UNDER",0.00331728443848678,-0.0518326959930712,FALSE,0,1,-34,62
401756909,2025,6,"BYU","West Virginia",-19.6666666666667,-19.5,46.6666666666667,-0.166666666666668,0,0,177.93727709879,0,1,0.172877379373201,"West Virginia",0.327122620626799,-0.669977082776559,FALSE,FALSE,FALSE,0.497834458785773,"UNDER",0.00216554121422718,-0.0496340181779597,FALSE,0,1,14,62
401756910,2025,6,"Arizona","Oklahoma State",-22.1666666666667,-18.1666666666667,56.5,-4,1,0,102.137646391305,0,2,0.0945029800406828,"Oklahoma State",0.405497019959317,-0.819593811102337,FALSE,FALSE,FALSE,0.45536380536883,"UNDER",0.0446361946311704,-0.130710495550904,FALSE,1,0,28,54
401756911,2025,6,"Baylor","Kansas State",-4.66666666666667,-5.83333333333333,60,1.16666666666667,0,1,11.0278885756561,0,2,0.391050528537923,"Kansas State",0.108949471462077,-0.253484541021105,FALSE,FALSE,TRUE,0.417620104514618,"UNDER",0.082379895485382,-0.202763220481594,FALSE,0,1,1,69
401756912,2025,6,"Cincinnati","Iowa State",-1.66666666666667,0.166666666666667,55.5,-1.83333333333333,1,0,-164.162417837496,0,1,0.683262337251493,"Cincinnati",0.183262337251493,0.304347801813101,TRUE,TRUE,TRUE,0.505697038837099,"OVER",0.00569703883709927,-0.0346243528599775,FALSE,1,1,8,68
401756913,2025,6,"Houston","Texas Tech",12.6666666666667,11,51.5,1.66666666666667,0,1,-77.6600489737848,-1,1,0.512315021795179,"Houston",0.0123150217951792,-0.021990623393003,FALSE,FALSE,FALSE,0.57062291062263,"OVER",0.0706229106226296,0.0893191363785999,TRUE,0,0,-24,46
401756914,2025,6,"TCU","Colorado",-13.8333333333333,-14.5,57,0.666666666666666,0,0,89.3042787991837,0,2,0.539138919502896,"TCU",0.0391389195028959,0.0292161973310284,TRUE,FALSE,FALSE,0.516354102612419,"OVER",0.0163541026124188,-0.0142800181128926,FALSE,1,0,14,56
401756915,2025,6,"UCF","Kansas",3.83333333333333,3.5,53.3333333333333,0.333333333333333,0,0,-46.9923307191586,0,1,0.474861752297528,"Kansas",0.0251382477024724,-0.0934889148640198,FALSE,FALSE,FALSE,0.488349277789299,"UNDER",0.011650722210701,-0.0677412287002281,FALSE,0,0,-7,47
401756916,2025,7,"Arizona","BYU",2.5,2.66666666666667,46.6666666666667,-0.166666666666667,0,0,-134.201031845705,0,1,0.70389758032799,"Arizona",0.20389758032799,0.343740480846133,TRUE,FALSE,FALSE,0.55169533190256,"OVER",0.0516953319025596,0.0531863886019863,TRUE,0,1,-6,60
401756917,2025,7,"Cincinnati","UCF",-10.3333333333333,-10.5,55.5,0.166666666666666,0,0,60.3261282412518,0,0,0.370119804240954,"UCF",0.129880195759046,-0.29344129370402,FALSE,FALSE,FALSE,0.455503881405347,"UNDER",0.0444961185946528,-0.130443090397192,FALSE,0,0,9,31
401756918,2025,7,"Colorado","Iowa State",2.83333333333333,4.66666666666667,52.5,-1.83333333333333,1,0,-131.137189439006,0,2,0.27762592564039,"Iowa State",0.22237407435961,-0.470012107952496,FALSE,FALSE,FALSE,0.473304910964605,"UNDER",0.0266950890353954,-0.0964609249685698,FALSE,1,0,7,41
401756919,2025,7,"Kansas State","TCU",2.83333333333333,1.83333333333333,54.5,1,0,1,-85.7277781181269,0,2,0.50911414177119,"Kansas State",0.00911414177118974,-0.0281011033587988,FALSE,FALSE,FALSE,0.513385277429798,"OVER",0.0133852774297977,-0.0199475053865162,FALSE,1,1,13,69
401756920,2025,7,"Oklahoma State","Houston",14.5,14,47.6666666666667,0.5,0,0,-119.240745948257,0,1,0.266421048277356,"Houston",0.233578951722644,-0.491402218838528,FALSE,FALSE,FALSE,0.636805214033101,"OVER",0.136805214033101,0.215661153589189,TRUE,0,1,-22,56
401756921,2025,7,"Texas Tech","Kansas",-13.5,-14.3333333333333,58.5,0.833333333333334,0,0,71.0448783879674,0,2,0.32637081282438,"Kansas",0.17362918717562,-0.376958118318259,FALSE,FALSE,FALSE,0.490397158238444,"UNDER",0.00960284176155601,-0.0638318249228104,FALSE,1,1,25,59
401756922,2025,7,"Utah","Arizona State",-9.16666666666667,-4.16666666666667,43.8333333333333,-5,1,0,-46.2013024804612,0,2,0.301811738532265,"Arizona State",0.198188261467735,-0.423841391141906,FALSE,FALSE,FALSE,0.463807816143389,"UNDER",0.036192183856611,-0.11459087898227,FALSE,1,1,32,52
401756923,2025,8,"Arizona State","Texas Tech",8,5.66666666666667,52.3333333333333,2.33333333333333,0,1,-55.7432568921126,0,2,0.621000477743394,"Arizona State",0.121000477743394,0.185489912012139,TRUE,FALSE,FALSE,0.471066949104922,"UNDER",0.0289330508950775,-0.100733194158703,FALSE,1,0,4,48
401756924,2025,8,"BYU","Utah",4.5,3.16666666666667,49.5,1.33333333333333,0,1,45.6317264100217,0,1,0.715211996426018,"BYU",0.215211996426018,0.365339701177269,TRUE,FALSE,FALSE,0.562326548143735,"OVER",0.0623265481437345,0.0734813804063892,TRUE,1,0,3,45
401756925,2025,8,"Houston","Arizona",2,-2,47.3333333333333,4,0,1,22.0000866004377,0,1,0.677440353418959,"Houston",0.177440353418959,0.293233634676793,TRUE,FALSE,FALSE,0.50083565690796,"OVER",0.000835656907959614,-0.0439047309627051,FALSE,1,1,3,59
401756926,2025,8,"Oklahoma State","Cincinnati",23.6666666666667,20.8333333333333,57.6666666666667,2.83333333333334,0,1,-199.041710877361,0,1,0.696120278390209,"Oklahoma State",0.196120278390209,0.32889361144691,TRUE,FALSE,FALSE,0.415811384575869,"UNDER",0.0841886154241305,-0.206216066844665,FALSE,0,1,-32,66
401756927,2025,8,"TCU","Baylor",-3.5,-3.16666666666667,66.8333333333333,-0.333333333333333,0,0,35.8598533915761,-1,2,0.492062606046367,"Baylor",0.00793739395363308,-0.0606524850574856,FALSE,FALSE,FALSE,0.381735138851722,"UNDER",0.118264861148278,-0.271267619932062,FALSE,1,1,6,78
401756928,2025,8,"UCF","West Virginia",-6.5,-8,46.6666666666667,1.5,0,1,7.90828924830703,-1,1,0.39278195321502,"West Virginia",0.10721804678498,-0.250179251312528,FALSE,FALSE,TRUE,0.459642254801739,"UNDER",0.040357745198261,-0.12254293558348,FALSE,1,1,32,58
401756929,2025,9,"Arizona State","Houston",-7.33333333333333,-8,47,0.666666666666667,0,0,83.0912279666234,0,1,0.475261190217822,"Houston",0.0247388097821777,-0.0927263878741773,FALSE,FALSE,FALSE,0.551550785060143,"OVER",0.0515507850601428,0.0529104486798125,TRUE,0,0,-8,40
401756930,2025,9,"Cincinnati","Baylor",-3.5,-4.83333333333333,68.8333333333333,1.33333333333333,0,1,17.2109342229119,0,1,0.172159605988316,"Baylor",0.327840394011684,-0.671347312168304,FALSE,FALSE,TRUE,0.416240361423834,"UNDER",0.0837596385761659,-0.205397150041901,FALSE,1,0,21,61
401756931,2025,9,"Iowa State","BYU",-2.5,-1,49,-1.5,1,0,-58.0207544653215,1,1,0.629773082412996,"Iowa State",0.129773082412996,0.20223681432641,TRUE,TRUE,TRUE,0.519818047319909,"OVER",0.019818047319909,-0.00766734766629373,FALSE,0,1,-14,68
401756932,2025,9,"Kansas","Kansas State",-3.5,1.66666666666667,55.6666666666667,-5.16666666666667,1,0,-30.0097093614122,0,2,0.521048194315399,"Kansas",0.0210481943153992,-0.00531899705190297,FALSE,FALSE,TRUE,0.505908222971482,"OVER",0.00590822297148175,-0.0342212023474413,FALSE,0,1,-25,59
401756933,2025,9,"Texas Tech","Oklahoma State",-37,-38,56.3333333333333,1,0,0,312.311922270566,0,2,0.802570015500511,"Texas Tech",0.302570015500511,0.532106159590476,TRUE,FALSE,FALSE,0.671476324747262,"OVER",0.171476324747262,0.281848303942522,TRUE,1,0,42,42
401756934,2025,9,"Utah","Colorado",-14.1666666666667,-13.1666666666667,50,-1,0,0,74.9308030581019,-1,2,0.824925672633889,"Utah",0.324925672633889,0.574783109058094,TRUE,FALSE,FALSE,0.392726645513152,"UNDER",0.107273354486848,-0.250284833715392,FALSE,1,1,46,60
401756935,2025,9,"West Virginia","TCU",16.5,14.6666666666667,55.5,1.83333333333333,0,1,-194.776335790518,0,2,0.22930053020159,"TCU",0.27069946979841,-0.562265287845164,FALSE,FALSE,TRUE,0.486156962234596,"UNDER",0.0138430377654037,-0.0719263590941557,FALSE,1,0,-6,40
401756936,2025,10,"Baylor","UCF",-3.16666666666667,-4.5,58.5,1.33333333333333,0,1,43.8837932643664,-1,1,0.14219118592121,"UCF",0.357808814078791,-0.728557026076411,FALSE,FALSE,TRUE,0.403030031569219,"UNDER",0.0969699684307811,-0.230615669734361,FALSE,1,0,27,33
401756937,2025,10,"Colorado","Arizona",3.66666666666667,4.83333333333333,52.1666666666667,-1.16666666666667,1,0,21.9940603725661,-1,2,0.784470784858947,"Colorado",0.284470784858947,0.497554728295729,TRUE,TRUE,TRUE,0.482729027553778,"UNDER",0.0172709724462221,-0.0784702863998379,FALSE,0,1,-35,69
401756938,2025,10,"Houston","West Virginia",-13,-15.1666666666667,48.8333333333333,2.16666666666667,0,1,153.07258995511,0,1,0.713370051692275,"Houston",0.213370051692275,0.361823428680553,TRUE,FALSE,FALSE,0.580220644707263,"OVER",0.0802206447072626,0.107641210746164,TRUE,0,1,-10,80
401756939,2025,10,"Iowa State","Arizona State",-7.83333333333333,-3.5,48.5,-4.33333333333333,1,0,4.670669025199,0,2,0.611716816913105,"Iowa State",0.111716816913105,0.167767403487118,TRUE,TRUE,TRUE,0.601904427693938,"OVER",0.101904427693938,0.149035552467728,TRUE,0,0,-5,43
401756940,2025,10,"Kansas","Oklahoma State",-24.6666666666667,-24.5,54.1666666666667,-0.166666666666668,0,0,187.901286886948,0,2,0.657011512881491,"Kansas",0.157011512881491,0.254234978090766,TRUE,FALSE,FALSE,0.486746553492817,"UNDER",0.0132534465071826,-0.0708008293822115,FALSE,0,1,17,59
401756941,2025,10,"Kansas State","Texas Tech",7.33333333333333,-0.666666666666667,51.6666666666667,8,0,1,-38.088684907276,0,2,0.226210178004435,"Texas Tech",0.273789821995565,-0.568164770189534,FALSE,FALSE,TRUE,0.514560824638131,"OVER",0.0145608246381311,-0.0177033857658077,FALSE,0,1,-23,63
401756942,2025,10,"Utah","Cincinnati",-10.6666666666667,-6.66666666666667,57.8333333333333,-4,1,0,39.3875606665247,0,1,0.653970271614776,"Utah",0.153970271614776,0.248429248512607,TRUE,TRUE,TRUE,0.44075336480291,"UNDER",0.0592466351970903,-0.158601826591245,FALSE,1,1,31,59
401756943,2025,11,"Arizona","Kansas",-5.83333333333333,-5,56.5,-0.833333333333333,0,0,15.3708922027124,0,2,0.71283395533933,"Arizona",0.21283395533933,0.360800020742781,TRUE,FALSE,FALSE,0.4512644930617,"UNDER",0.0487355069382995,-0.138536082745214,FALSE,0,0,4,44
401756944,2025,11,"TCU","Iowa State",-7.5,-5.33333333333333,58.3333333333333,-2.16666666666667,1,0,62.0444860119171,1,2,0.765383880096163,"TCU",0.265383880096163,0.461117827103574,TRUE,TRUE,TRUE,0.422513316474256,"UNDER",0.0774866835257444,-0.193422078850646,FALSE,0,0,-3,37
401756945,2025,11,"Texas Tech","BYU",-13.5,-9.83333333333333,50.25,-3.66666666666667,1,0,-20.7871442953742,-1,1,0.445378097444536,"BYU",0.0546219025554638,-0.14977321197838,FALSE,FALSE,FALSE,0.531179386850412,"OVER",0.0311793868504122,0.0140214494974369,TRUE,1,0,22,36
401756946,2025,11,"UCF","Houston",-1.33333333333333,1.66666666666667,47.5,-3,1,0,-63.0725999350757,0,0,0.807091027775416,"UCF",0.307091027775416,0.540736772023268,TRUE,TRUE,TRUE,0.50774134785167,"OVER",0.00774134785167002,-0.0307217669511619,FALSE,0,1,-3,57
401756947,2025,11,"West Virginia","Colorado",-6.5,-5.5,51.5,-1,0,0,-19.3860931749834,0,2,0.308851481738096,"Colorado",0.191148518261904,-0.410402521361974,FALSE,FALSE,FALSE,0.513590421684472,"OVER",0.0135904216844721,-0.0195558850043427,FALSE,1,0,7,51
401756948,2025,12,"Arizona State","West Virginia",-9.83333333333333,-10.6666666666667,46.5,0.833333333333332,0,0,140.607357438209,1,2,0.591722787353447,"Arizona State",0.091722787353447,0.12959880105773,TRUE,FALSE,FALSE,0.504476229344793,"OVER",0.00447622934479297,-0.0369548781807902,FALSE,0,1,2,48
401756949,2025,12,"Baylor","Utah",9.5,8.66666666666667,60.8333333333333,0.833333333333334,0,0,-105.396988005364,0,2,0.738517115574776,"Baylor",0.238517115574776,0.409829173632247,TRUE,FALSE,FALSE,0.574819069389639,"OVER",0.0748190693896388,0.0973296034648204,TRUE,0,1,-27,83
401756950,2025,12,"BYU","TCU",-2.83333333333333,-5.33333333333333,51.6666666666667,2.5,0,1,64.0196600235577,0,1,0.495444806481898,"TCU",0.00455519351810152,-0.0541958644260558,FALSE,FALSE,TRUE,0.442573857035632,"UNDER",0.0574261429643678,-0.155126506918978,FALSE,1,1,31,57
401756951,2025,12,"Cincinnati","Arizona",-6,-5.75,56.3333333333333,-0.25,0,0,23.4935908393891,1,1,0.748880780784496,"Cincinnati",0.248880780784496,0.429613410517602,TRUE,FALSE,FALSE,0.433467896695565,"UNDER",0.0665321033044352,-0.172509785208167,FALSE,0,0,-6,54
401756952,2025,12,"Oklahoma State","Kansas State",19.5,20,50.3333333333333,-0.5,0,0,-266.307892210569,0,2,0.131885247729262,"Kansas State",0.368114752270738,-0.748231062084838,FALSE,FALSE,FALSE,0.48824131638986,"UNDER",0.0117586836101396,-0.0679473270117564,FALSE,1,0,-8,20
401756953,2025,12,"Texas Tech","UCF",-24.3333333333333,-23.5,48.5,-0.833333333333332,0,0,260.347031138303,0,1,0.41427375376072,"UCF",0.0857262462392803,-0.209151404070786,FALSE,FALSE,FALSE,0.533757841062723,"OVER",0.0337578410627231,0.0189437185887383,TRUE,1,1,39,57
401756954,2025,13,"Arizona","Baylor",-6.5,-6.5,61.1666666666667,0,0,0,47.1979658905159,0,2,0.24032832452211,"Baylor",0.25967167547789,-0.541213228487291,FALSE,FALSE,FALSE,0.440343898798296,"UNDER",0.0596561012017037,-0.159383497194052,FALSE,1,0,24,58
401756955,2025,13,"Cincinnati","BYU",2.5,0.333333333333333,56.8333333333333,2.16666666666667,0,1,-151.865187276764,0,0,0.27574634824788,"BYU",0.22425365175212,-0.473600221194796,FALSE,FALSE,TRUE,0.545251806204934,"OVER",0.0452518062049337,0.0408856980452185,TRUE,0,0,-12,40
401756956,2025,13,"Colorado","Arizona State",6.83333333333333,6.83333333333333,47.5,0,0,0,-162.531692274433,1,2,0.729338519183225,"Colorado",0.229338519183225,0.392307233120777,TRUE,FALSE,FALSE,0.634064335877508,"OVER",0.134064335877508,0.210428817190163,TRUE,0,1,-25,59
401756957,2025,13,"Houston","TCU",1.5,-2.5,55.8333333333333,4,0,1,-49.0415888909438,1,1,0.479673028013686,"TCU",0.0203269719863137,-0.0843041895218729,FALSE,FALSE,TRUE,0.513266827133585,"OVER",0.0132668271335845,-0.0201736270019872,FALSE,0,0,-3,31
401756958,2025,13,"Iowa State","Kansas",-3.33333333333333,-4,55.5,0.666666666666667,0,0,80.3144658274985,0,2,0.26677200728058,"Kansas",0.23322799271942,-0.490732238101373,FALSE,FALSE,FALSE,0.477714243998503,"UNDER",0.0222857560014972,-0.0880435082068582,FALSE,1,0,24,52
401756959,2025,13,"UCF","Oklahoma State",-13.1666666666667,-14,47.5,0.833333333333334,0,0,140.57975187689,0,1,0.558316746594891,"UCF",0.0583167465948911,0.0658266692496471,TRUE,FALSE,FALSE,0.511910694052171,"OVER",0.0119106940521713,-0.022762485054405,FALSE,0,0,3,31
401756960,2025,13,"Utah","Kansas State",-17.8333333333333,-11.6666666666667,52.5,-6.16666666666667,1,0,102.206773729944,0,2,0.330803897352501,"Kansas State",0.169196102647499,-0.368495359954076,FALSE,FALSE,FALSE,0.442109328498085,"UNDER",0.0578906715019153,-0.156013291897156,FALSE,0,1,4,98
401756961,2025,14,"Arizona State","Arizona",2,1,48.1666666666667,1,0,0,41.9754137407583,0,2,0.309870713472134,"Arizona",0.190129286527866,-0.408456807981695,FALSE,FALSE,FALSE,0.533417177284586,"OVER",0.0334171772845862,0.018293391436275,TRUE,0,0,-16,30
401756962,2025,14,"Baylor","Houston",-2.5,-2.16666666666667,57,-0.333333333333333,0,0,-23.8190180243389,0,1,0.38392353172788,"Houston",0.11607646827212,-0.267089977931476,FALSE,FALSE,FALSE,0.479245962355753,"UNDER",0.020754037644247,-0.0851194578628675,FALSE,0,0,-7,55
401756963,2025,14,"BYU","UCF",-17.5,-18.1666666666667,46.5,0.666666666666668,0,0,271.404791729429,0,0,0.438276217671169,"UCF",0.0617237823288309,-0.163330700465738,FALSE,FALSE,FALSE,0.508503599000612,"OVER",0.00850359900061182,-0.029266629507832,FALSE,1,1,20,62
401756964,2025,14,"Kansas","Utah",10.1666666666667,13.5,60.1666666666667,-3.33333333333333,1,0,-210.039282814389,0,2,0.883919087180254,"Kansas",0.383919087180254,0.687401537427105,TRUE,TRUE,TRUE,0.258347644139299,"UNDER",0.241652355860701,-0.506814347338078,FALSE,1,0,-10,52
401756965,2025,14,"Kansas State","Colorado",-16.5,-17,49.8333333333333,0.5,0,0,151.777082850123,0,2,0.208536053395967,"Colorado",0.291463946604033,-0.601904674067099,FALSE,FALSE,FALSE,0.593174925655202,"OVER",0.0931749256552018,0.13237093307578,TRUE,0,0,10,38
401756966,2025,14,"Oklahoma State","Iowa State",13.8333333333333,15.1666666666667,46.8333333333333,-1.33333333333333,1,0,-314.100245021732,0,2,0.486089124610084,"Iowa State",0.0139108753899164,-0.0720558611193504,FALSE,FALSE,FALSE,0.716547667033172,"OVER",0.216547667033172,0.367889496366326,TRUE,1,0,-7,33
401756967,2025,14,"TCU","Cincinnati",-3.16666666666667,-4,58.5,0.833333333333333,0,0,77.0156260932247,0,1,0.459642640162104,"Cincinnati",0.0403573598378958,-0.122542199930543,FALSE,FALSE,FALSE,0.473820437997938,"UNDER",0.0261795620020622,-0.0954767838619367,FALSE,1,1,22,68
401756968,2025,14,"West Virginia","Texas Tech",24.3333333333333,20.3333333333333,53.3333333333333,4,0,1,-258.66219473636,0,2,0.167848205077857,"Texas Tech",0.332151794922143,-0.679577776506372,FALSE,FALSE,TRUE,0.417059386814136,"UNDER",0.0829406131858642,-0.203833630571815,FALSE,0,0,-49,49
401757165,2025,6,"Notre Dame","Boise State",-21.5,-17,63.3333333333333,-4.5,1,0,45.9203318673908,0,0,0.222731715367269,"Boise State",0.277268284632731,-0.574805155363884,FALSE,FALSE,FALSE,0.250047722669006,"UNDER",0.249952277330994,-0.522658897424868,FALSE,0,0,21,35
401757166,2025,11,"Notre Dame","Navy",-30.5,-24.5,54.6666666666667,-6,1,0,166.332784325012,0,0,0.713598907229249,"Notre Dame",0.213598907229249,0.362260313900636,TRUE,TRUE,TRUE,0.320467207832216,"UNDER",0.179532792167784,-0.388228100248299,FALSE,1,1,39,59
401757168,2025,3,"Delaware","UConn",8.66666666666667,10.25,52.1666666666667,-1.58333333333333,1,0,40.0549088111611,0,0,0.542078338317157,"Delaware",0.0420783383171569,0.0348275478474526,TRUE,TRUE,TRUE,0.47001819981755,"UNDER",0.0299818001824502,-0.102735256548297,FALSE,1,1,3,85
401757169,2025,4,"UConn","Ball State",-21,-20,53.6666666666667,-1,0,0,132.41563584237,0,0,0.109211221022049,"Ball State",0.390788778977951,-0.791515779068908,FALSE,FALSE,FALSE,0.442087891158274,"UNDER",0.0579121088417258,-0.156054215778855,FALSE,0,1,6,56
401757170,2025,5,"Buffalo","UConn",2.83333333333333,2.66666666666667,51.3333333333333,0.166666666666667,0,0,-29.0319388124249,0,0,0.418238561206297,"UConn",0.0817614387937034,-0.20158258665718,FALSE,FALSE,FALSE,0.54241462993868,"OVER",0.0424146299386799,0.0354695285529401,TRUE,0,0,-3,37
401757171,2025,6,"UConn","Florida International",-6.83333333333333,-8.66666666666667,52,1.83333333333333,0,1,121.329122937312,-1,0,0.627558084330005,"UConn",0.127558084330005,0.198008382985979,TRUE,FALSE,FALSE,0.532597100144087,"OVER",0.032597100144087,0.0167278641750621,TRUE,1,1,41,61
401757172,2025,9,"Rice","UConn",10,9.66666666666667,48.5,0.333333333333334,0,0,-167.509709260779,1,0,0.533465433772336,"Rice",0.0334654337723356,0.0183855130713886,TRUE,FALSE,FALSE,0.713098527338619,"OVER",0.213098527338619,0.361305088689425,TRUE,1,1,3,71
401757173,2025,10,"UConn","UAB",-10.3333333333333,-11.8333333333333,61.5,1.5,0,1,149.392071261999,-1,0,0.360714885122268,"UAB",0.139285114877732,-0.311395284301591,FALSE,FALSE,TRUE,0.407968852083715,"UNDER",0.0920311479162851,-0.221187461372188,FALSE,1,0,19,57
401757174,2025,12,"UConn","Air Force",-7.5,-7.83333333333333,64.5,0.333333333333333,0,0,128.857241831599,0,0,0.683209656054628,"UConn",0.183209656054628,0.304247233408285,TRUE,FALSE,FALSE,0.506540828014684,"OVER",0.00654082801468447,-0.0330135593199673,FALSE,1,0,10,42
401757175,2025,13,"Florida Atlantic","UConn",5.83333333333333,7.33333333333333,64,-1.5,1,0,-179.803870525961,0,0,0.68150465138022,"Florida Atlantic",0.18150465138022,0.300992379484839,TRUE,TRUE,TRUE,0.562898121169755,"OVER",0.0628981211697549,0.0745725133130621,TRUE,1,1,-3,93
401757224,2025,1,"Sam Houston","UNLV",10.3333333333333,13.3333333333333,59.8333333333333,-3,1,0,-105.877205760709,0,0,0.406976840299842,"UNLV",0.0930231597001583,-0.223081211867602,FALSE,FALSE,FALSE,0.293089904442997,"UNDER",0.206910095557003,-0.440491372418319,FALSE,0,0,-17,59
401757227,2025,2,"Jacksonville State","Liberty",6.25,5.75,50.5,0.5,0,0,-41.5476683911365,0,0,0.289731826155623,"Liberty",0.210268173844377,-0.446901943868915,FALSE,FALSE,FALSE,0.560588127795006,"OVER",0.0605881277950063,0.0701627359606671,TRUE,1,1,10,58
401757228,2025,2,"Marshall","Missouri State",-7.25,-9.75,53.5,2.5,0,1,76.0673098514856,0,0,0.277217192589642,"Missouri State",0.222782807410358,-0.470792379346374,FALSE,FALSE,TRUE,0.243120686841113,"UNDER",0.256879313158887,-0.535882608820316,FALSE,0,0,-1,41
401757229,2025,2,"New Mexico State","Tulsa",3.25,3,53,0.25,0,0,63.924486099751,0,0,0.587285536663352,"New Mexico State",0.0872855366633524,0.12112808949034,TRUE,FALSE,FALSE,0.578474045063887,"OVER",0.0784740450638868,0.10430695202696,TRUE,1,0,7,35
401757230,2025,2,"Hawai'i","Sam Houston",-7.25,-8.75,48,1.5,0,1,-60.1695840490768,0,0,0.391107482658062,"Sam Houston",0.108892517341938,-0.25337581560576,FALSE,FALSE,TRUE,0.535023616248954,"OVER",0.0350236162489537,0.0213600834192526,TRUE,1,1,17,57
401757231,2025,2,"UTEP","UT Martin",-7.5,-6.5,49.5,-1,0,0,-175.93289009535,0,0,0.767732882307377,"UTEP",0.267732882307377,0.465602072324783,TRUE,FALSE,FALSE,0.773096939116596,"OVER",0.273096939116596,0.475842056773582,TRUE,1,1,25,59
401757232,2025,2,"Toledo","Western Kentucky",-8,-6,57,-2,1,0,-86.8862847293003,0,0,0.266613873128905,"Western Kentucky",0.233386126871095,-0.49103411619692,FALSE,FALSE,FALSE,0.562953613756787,"OVER",0.0629536137567874,0.0746784486617073,TRUE,1,1,24,66
401757233,2025,3,"Florida International","Florida Atlantic",-2,-3,56.5,1,0,0,7.35149176811842,0,0,0.218399601735769,"Florida Atlantic",0.281600398264231,-0.583075160286416,FALSE,FALSE,FALSE,0.44037714137753,"UNDER",0.0596228586224699,-0.159320037110295,FALSE,1,1,10,66
401757234,2025,3,"Georgia Southern","Jacksonville State",-3.16666666666667,-3.33333333333333,58.3333333333333,0.166666666666667,0,0,-106.829945433653,0,0,0.858013545853948,"Georgia Southern",0.358013545853948,0.637947859035186,TRUE,FALSE,FALSE,0.371824514435917,"UNDER",0.128175485564083,-0.290187001941835,FALSE,1,1,7,75
401757235,2025,3,"Kennesaw State","Merrimack",-17.3333333333333,-10.25,44.5,-7.08333333333333,1,0,-125.177450112187,0,0,0.729935887273782,"Kennesaw State",0.229935887273782,0.39344760880565,TRUE,TRUE,TRUE,0.662540745155177,"OVER",0.162540745155177,0.264790282501232,TRUE,0,0,14,40
401757256,2025,3,"Bowling Green","Liberty",6,7,51.5,-1,0,0,-70.1674523541876,0,0,0.423790122580614,"Liberty",0.0762098774193857,-0.190984655993607,FALSE,FALSE,FALSE,0.453232798986106,"UNDER",0.0467672010138938,-0.134778586735523,FALSE,1,0,10,36
401757257,2025,3,"Louisiana Tech","New Mexico State",-10.1666666666667,-11.25,42.6666666666667,1.08333333333333,0,1,1.49127780801973,0,0,0.512621773696004,"Louisiana Tech",0.0126217736960036,-0.0214050340143291,FALSE,FALSE,FALSE,0.56447015377653,"OVER",0.0644701537765298,0.0775735235593953,TRUE,1,1,35,63
401757258,2025,3,"Nevada","Middle Tennessee",-9.33333333333333,-9,49.6666666666667,-0.333333333333334,0,0,43.5341672860066,0,0,0.335561294493212,"Middle Tennessee",0.164438705506788,-0.359413488812458,FALSE,FALSE,FALSE,0.410594545248107,"UNDER",0.0894054547518927,-0.216175013121363,FALSE,0,0,-1,27
401757259,2025,4,"Florida International","Delaware",-4.5,-3.83333333333333,54.8333333333333,-0.666666666666667,0,0,-130.730848317429,0,0,0.253428653631459,"Delaware",0.246571346368541,-0.516204700217545,FALSE,FALSE,FALSE,0.519287246352459,"OVER",0.0192872463524586,-0.00868064671315655,FALSE,0,0,-22,54
401757260,2025,4,"Jacksonville State","Murray State",-35.5,-36.5,60.5,1,0,0,305.706427792351,0,0,0.369061864745023,"Murray State",0.130938135254977,-0.29546090020175,FALSE,FALSE,FALSE,0.407647456687917,"UNDER",0.0923525433120833,-0.221801005182767,FALSE,0,0,35,55
401757261,2025,4,"Kennesaw State","Arkansas State",4.5,7,58,-2.5,1,0,-88.7196759788555,0,0,0.575372862745725,"Kennesaw State",0.0753728627457252,0.0983867949815894,TRUE,TRUE,TRUE,0.380901436368992,"UNDER",0.119098563631008,-0.272859157971595,FALSE,1,0,7,49
401757262,2025,4,"Liberty","James Madison",7.5,10.8333333333333,46.6666666666667,-3.33333333333333,1,0,-27.1948425503015,-1,0,0.381681324633162,"James Madison",0.118318675366838,-0.271370351275294,FALSE,FALSE,FALSE,0.4569951611745,"UNDER",0.0430048388255005,-0.12759623731788,FALSE,0,0,-18,44
401757263,2025,4,"Louisiana Tech","Southern Miss",-3.16666666666667,-2.33333333333333,51.1666666666667,-0.833333333333333,0,0,91.206083217487,0,0,0.405773301223932,"Southern Miss",0.0942266987760682,-0.225378767963514,FALSE,FALSE,FALSE,0.451722673648923,"UNDER",0.0482773263510773,-0.137661416004207,FALSE,1,0,10,50
401757264,2025,4,"Middle Tennessee","Marshall",2.5,3.66666666666667,46.1666666666667,-1.16666666666667,1,0,-254.539968451217,0,0,0.604436329611404,"Middle Tennessee",0.104436329611404,0.15386895322817,TRUE,TRUE,TRUE,0.465403033732856,"UNDER",0.0345969662671436,-0.111545608603977,FALSE,0,1,-14,70
401757265,2025,4,"Missouri State","UT Martin",-14.3333333333333,-13.75,55.1666666666667,-0.583333333333334,0,0,35.4827878182502,0,0,0.484839825817261,"UT Martin",0.0151601741827387,-0.0744407725148483,FALSE,FALSE,FALSE,0.453462245498414,"UNDER",0.0465377545015858,-0.134340573343527,FALSE,1,0,32,52
401757267,2025,4,"UTEP","UL Monroe",-5.33333333333333,-3.5,47,-1.83333333333333,1,0,-18.446135844182,-1,0,0.167228963656141,"UL Monroe",0.332771036343859,-0.680759908380428,FALSE,FALSE,FALSE,0.520172304539654,"OVER",0.0201723045396536,-0.00699107063380133,FALSE,0,1,-6,56
401757268,2025,4,"Western Kentucky","Nevada",-7.83333333333333,-11.5,54.5,3.66666666666667,0,1,179.55336252987,1,0,0.659344222331155,"Western Kentucky",0.159344222331155,0.258688120430174,TRUE,FALSE,FALSE,0.506661366396183,"OVER",0.00666136639618309,-0.0327834515496865,FALSE,1,0,15,47
401757269,2025,5,"Southern Miss","Jacksonville State",-4.83333333333333,-3.5,55.6666666666667,-1.33333333333333,1,0,-204.296694113814,0,0,0.457276138608994,"Jacksonville State",0.0427238613910058,-0.12705985139543,FALSE,FALSE,FALSE,0.554714449045516,"OVER",0.0547144490455161,0.0589498832278903,TRUE,1,1,17,67
401757270,2025,5,"Kennesaw State","Middle Tennessee",-7.16666666666667,-6.66666666666667,54.1666666666667,-0.5,0,0,70.7031106696252,0,0,0.567577745424647,"Kennesaw State",0.0675777454246472,0.0835059160156516,TRUE,FALSE,FALSE,0.4530279197326,"UNDER",0.0469720802673997,-0.135169701230466,FALSE,1,0,8,40
401757271,2025,5,"Old Dominion","Liberty",-14.5,-13.1666666666667,53.5,-1.33333333333333,1,0,11.5608812403127,1,0,0.562150141070171,"Old Dominion",0.0621501410701708,0.0731446193029561,TRUE,TRUE,TRUE,0.406436015414719,"UNDER",0.0935639845852805,-0.2241136465733,FALSE,0,0,14,28
401757272,2025,5,"UTEP","Louisiana Tech",3.5,3.5,48,0,0,0,-113.314542449703,0,0,0.57581733629646,"UTEP",0.0758173362964603,0.0992352949899427,TRUE,FALSE,FALSE,0.545300623240077,"OVER",0.0453006232400769,0.0409788897653068,TRUE,0,0,-19,41
401757273,2025,5,"Missouri State","Western Kentucky",3.5,6,59.5,-2.5,1,0,-39.4020461000289,0,0,0.229834765856225,"Western Kentucky",0.270165234143775,-0.561245431980466,FALSE,FALSE,FALSE,0.401962434852081,"UNDER",0.0980375651479189,-0.232653711867377,FALSE,0,0,-5,49
401757274,2025,5,"New Mexico","New Mexico State",-16.8333333333333,-12.5,53.5,-4.33333333333333,1,0,52.58749878141,0,0,0.121216849296965,"New Mexico State",0.378783150703035,-0.768597034692093,FALSE,FALSE,FALSE,0.462041435586077,"UNDER",0.0379585644139229,-0.117962899466179,FALSE,1,1,18,58
401757275,2025,6,"New Mexico State","Sam Houston",2,2,52.6666666666667,0,0,0,-31.009554864374,0,0,0.690328780398429,"New Mexico State",0.190328780398429,0.317837641780601,TRUE,FALSE,FALSE,0.566860720309144,"OVER",0.0668607203091441,0.0821371150701562,TRUE,1,0,27,47
401757276,2025,6,"Delaware","Western Kentucky",-2.66666666666667,-0.666666666666667,63,-2,1,0,17.9230139295944,1,0,0.537038114515905,"Delaware",0.0370381145159054,0.0252057606108635,TRUE,TRUE,TRUE,0.414479254625249,"UNDER",0.0855207453747512,-0.2087591029204,FALSE,0,0,-3,51
401757277,2025,7,"UTEP","Liberty",1.66666666666667,2.66666666666667,46.8333333333333,-1,0,0,-158.826230653578,0,0,0.519781023516697,"UTEP",0.0197810235166969,-0.00773802610662566,FALSE,FALSE,FALSE,0.682255884846317,"OVER",0.182255884846317,0.30242648417162,TRUE,0,0,-11,27
401757278,2025,7,"Middle Tennessee","Missouri State",2.83333333333333,3,51.8333333333333,-0.166666666666667,0,0,-184.711749470764,0,0,0.405938086588357,"Missouri State",0.0940619134116426,-0.225064192702826,FALSE,FALSE,FALSE,0.641551046525912,"OVER",0.141551046525912,0.224720947817967,TRUE,1,0,-2,42
401757279,2025,7,"Sam Houston","Jacksonville State",7.16666666666667,9,53.3333333333333,-1.83333333333333,1,0,-137.82823964309,0,0,0.235115554849232,"Jacksonville State",0.264884445150768,-0.551164405792815,FALSE,FALSE,FALSE,0.548972775648317,"OVER",0.0489727756483171,0.0479890287126374,TRUE,1,1,-2,56
401757280,2025,7,"Kennesaw State","Louisiana Tech",4.83333333333333,5.83333333333333,46.1666666666667,-1,0,0,-108.8207900175,0,0,0.480494393170014,"Louisiana Tech",0.0195056068299861,-0.0827362034384435,FALSE,FALSE,FALSE,0.568282691700026,"OVER",0.0682826917000258,0.0848516584553493,TRUE,1,0,28,42
401757281,2025,8,"Western Kentucky","Florida International",-9.83333333333333,-8.5,55.5,-1.33333333333333,1,0,199.958838043355,0,0,0.155639433120436,"Florida International",0.344360566879564,-0.702884322173087,FALSE,FALSE,FALSE,0.498850868888767,"UNDER",0.00114913111123316,-0.0476936912913441,FALSE,0,0,-19,31
401757282,2025,8,"Liberty","New Mexico State",-10.8333333333333,-10.1666666666667,48.1666666666667,-0.666666666666668,0,0,101.241906361876,0,0,0.0668248518615473,"New Mexico State",0.433175148138453,-0.872431357796306,FALSE,FALSE,FALSE,0.483299934682759,"UNDER",0.0167000653172406,-0.0773804246906122,FALSE,0,1,3,57
401757283,2025,8,"Jacksonville State","Delaware",2.83333333333333,2.16666666666667,55.6666666666667,0.666666666666667,0,0,-27.9303235699294,0,0,0.465220271046243,"Delaware",0.0347797289537566,-0.111894502572721,FALSE,FALSE,FALSE,0.472485140288121,"UNDER",0.0275148597118792,-0.0980258671899773,FALSE,1,1,13,63
401757284,2025,8,"Sam Houston","UTEP",3.5,-0.833333333333333,46.8333333333333,4.33333333333333,0,1,56.3266120196408,0,0,0.417923924537852,"UTEP",0.0820760754621478,-0.20218322805724,FALSE,FALSE,TRUE,0.502947437862405,"OVER",0.00294743786240514,-0.0398733411206685,FALSE,0,1,-18,52
401757285,2025,9,"Florida International","Kennesaw State",2.83333333333333,1.5,48.8333333333333,1.33333333333333,0,1,-7.25972709183634,0,0,0.235954410862455,"Kennesaw State",0.264045589137545,-0.549563029663574,FALSE,FALSE,TRUE,0.433672091239357,"UNDER",0.066327908760643,-0.172119977824067,FALSE,0,1,-19,71
401757286,2025,9,"Louisiana Tech","Western Kentucky",-5,-2.83333333333333,49.3333333333333,-2.16666666666667,1,0,-61.2569780340646,0,0,0.580113973937226,"Louisiana Tech",0.0801139739372257,0.107437576246164,TRUE,TRUE,TRUE,0.49825345076403,"UNDER",0.00174654923597045,-0.0488341624914677,FALSE,0,1,-1,55
401757287,2025,9,"Delaware","Middle Tennessee",-8.66666666666667,-10.3333333333333,55.3333333333333,1.66666666666667,0,1,247.155559380366,-1,0,0.268735926078709,"Middle Tennessee",0.231264073921291,-0.486983117115744,FALSE,FALSE,TRUE,0.495141326213434,"UNDER",0.00485867378656557,-0.0547752082585536,FALSE,0,1,3,59
401757288,2025,9,"New Mexico State","Missouri State",2.5,2,51.5,0.5,0,0,-81.691482121744,-1,0,0.691872429099986,"New Mexico State",0.191872429099986,0.320784467151874,TRUE,FALSE,FALSE,0.395734004762539,"UNDER",0.104265995237461,-0.244543784908313,FALSE,0,0,-7,41
401757289,2025,10,"Kennesaw State","UTEP",-12.1666666666667,-9.33333333333333,53,-2.83333333333333,1,0,107.887126787911,-1,0,0.799065634231583,"Kennesaw State",0.299065634231583,0.525416295748092,TRUE,TRUE,TRUE,0.45840747166542,"UNDER",0.0415925283345802,-0.124900136590714,FALSE,1,0,13,53
401757290,2025,10,"Louisiana Tech","Sam Houston",-16.5,-17,48,0.5,0,0,121.345362321251,-1,0,0.428273530873238,"Sam Houston",0.0717264691267616,-0.182425829562988,FALSE,FALSE,FALSE,0.455097811704137,"UNDER",0.044902188295863,-0.131218277456802,FALSE,1,1,41,69
401757291,2025,10,"Missouri State","Florida International",-3.16666666666667,-3.33333333333333,50,0.166666666666667,0,0,117.798186334338,0,0,0.515409543783504,"Missouri State",0.0154095437835041,-0.0160831809172906,FALSE,FALSE,FALSE,0.420627044629892,"UNDER",0.0793729553701079,-0.197022971801536,FALSE,1,0,7,49
401757292,2025,10,"Middle Tennessee","Jacksonville State",4.33333333333333,6.16666666666667,54,-1.83333333333333,1,0,-270.339545731647,-1,0,0.793643534378813,"Middle Tennessee",0.293643534378813,0.515065507129155,TRUE,TRUE,TRUE,0.515264862664208,"OVER",0.0152648626642077,-0.0163593771740275,FALSE,1,0,-3,45
401757293,2025,10,"Liberty","Delaware",-3.5,-3,52.3333333333333,-0.5,0,0,-16.7621102475102,1,0,0.684343601439234,"Liberty",0.184343601439234,0.306411935147498,TRUE,FALSE,FALSE,0.538865546914821,"OVER",0.0388655469148211,0.0286943290603935,TRUE,1,1,29,89
401757294,2025,10,"Western Kentucky","New Mexico State",-7.5,-9.16666666666667,53.8333333333333,1.66666666666667,0,1,146.92462826373,0,0,0.252363253754714,"New Mexico State",0.247636746245286,-0.518238548582251,FALSE,FALSE,TRUE,0.540694682246527,"OVER",0.0406946822465267,0.0321861484086196,TRUE,1,0,19,51
401757295,2025,11,"Delaware","Louisiana Tech",5.5,4.83333333333333,56.8333333333333,0.666666666666667,0,0,33.1580371681164,0,0,0.45547746106363,"Louisiana Tech",0.0445225389363698,-0.13049352682953,FALSE,FALSE,FALSE,0.485369603864673,"UNDER",0.0146303961353269,-0.073429426222339,FALSE,1,0,1,49
401757296,2025,11,"Middle Tennessee","Florida International",-1.66666666666667,1.33333333333333,50.6666666666667,-3,1,0,-101.084853809713,0,0,0.686448695764695,"Middle Tennessee",0.186448695764695,0.310430560214803,TRUE,TRUE,TRUE,0.419248311193241,"UNDER",0.0807516888067591,-0.199654973932103,FALSE,0,1,-26,86
401757297,2025,11,"UTEP","Jacksonville State",1.5,1.83333333333333,46.5,-0.333333333333333,0,0,-216.596715767614,0,0,0.658998332951564,"UTEP",0.158998332951564,0.258027817604536,TRUE,FALSE,FALSE,0.572713302607126,"OVER",0.0727133026071262,0.0933096946770039,TRUE,0,1,-3,57
401757298,2025,11,"New Mexico State","Kennesaw State",11.1666666666667,7,52.3333333333333,4.16666666666667,0,1,-108.428682306371,0,0,0.666268222664773,"New Mexico State",0.166268222664773,0.271906037067053,TRUE,FALSE,FALSE,0.559330940520025,"OVER",0.0593309405200254,0.0677627654527285,TRUE,1,0,-3,45
401757299,2025,11,"Liberty","Missouri State",-7.66666666666667,-7.33333333333333,51.5,-0.333333333333334,0,0,33.6984729214307,0,0,0.620849299858095,"Liberty",0.120849299858095,0.185201313429104,TRUE,FALSE,FALSE,0.368451870436349,"UNDER",0.131548129563651,-0.296625379337009,FALSE,0,0,-4,38
401757300,2025,12,"Sam Houston","Delaware",12.1666666666667,8,56.3333333333333,4.16666666666667,0,1,-174.991791026515,0,0,0.396999905711831,"Delaware",0.103000094288169,-0.242127179996114,FALSE,FALSE,TRUE,0.697332871047811,"OVER",0.197332871047811,0.331208450830271,TRUE,1,0,3,49
401757301,2025,12,"Florida International","Liberty",3.16666666666667,3.16666666666667,52.1666666666667,0,0,0,-122.927315329618,0,0,0.655008875408248,"Florida International",0.155008875408248,0.250411943154345,TRUE,FALSE,FALSE,0.366570741508541,"UNDER",0.133429258491459,-0.300216454460194,FALSE,1,1,7,61
401757302,2025,12,"Jacksonville State","Kennesaw State",3.66666666666667,2.5,56,1.16666666666667,0,1,76.2519329228774,0,0,0.73937706002922,"Jacksonville State",0.23937706002922,0.411470807595781,TRUE,FALSE,FALSE,0.665388517359442,"OVER",0.165388517359442,0.270226679639175,TRUE,1,1,9,61
401757303,2025,12,"Western Kentucky","Middle Tennessee",-13.5,-13.6666666666667,51.8333333333333,0.166666666666666,0,0,298.491524241964,1,0,0.499465762669016,"Middle Tennessee",0.000534237330983622,-0.0465198590648477,FALSE,FALSE,FALSE,0.458973512609531,"UNDER",0.0410264873904692,-0.123819564428406,FALSE,1,1,16,68
401757304,2025,12,"Missouri State","UTEP",-6.83333333333333,-4.33333333333333,48.1666666666667,-2.5,1,0,202.369981854931,0,0,0.551312634165859,"Missouri State",0.0513126341658592,0.0524558186226252,TRUE,TRUE,TRUE,0.474885917074868,"UNDER",0.0251140829251317,-0.0934427843040764,FALSE,1,1,14,62
401757305,2025,13,"Florida International","Jacksonville State",-2.5,-0.333333333333333,56,-2.16666666666667,1,0,-150.81053211182,0,0,0.579580453486214,"Florida International",0.0795804534862141,0.106419085705183,TRUE,TRUE,TRUE,0.577232327212283,"OVER",0.0772323272122835,0.101936512648249,TRUE,1,0,6,48
401757306,2025,13,"Kennesaw State","Missouri State",-6.5,-5.66666666666667,54.3333333333333,-0.833333333333333,0,0,-69.4002484238631,0,0,0.789835516271458,"Kennesaw State",0.289835516271458,0.507796000562213,TRUE,FALSE,FALSE,0.461413910613014,"UNDER",0.0385860893869859,-0.119160844639756,FALSE,1,1,7,75
401757307,2025,13,"Louisiana Tech","Liberty",1.33333333333333,0,45.3333333333333,1.33333333333333,0,1,-58.2051133971322,0,0,0.622855356788663,"Louisiana Tech",0.122855356788663,0.189030876109558,TRUE,FALSE,FALSE,0.553488026670502,"OVER",0.0534880266705021,0.0566086429139886,TRUE,1,1,6,62
401757308,2025,13,"Middle Tennessee","Sam Houston",-6.66666666666667,-5.83333333333333,53.5,-0.833333333333334,0,0,-116.143263536813,0,0,0.562887050743432,"Middle Tennessee",0.0628870507434317,0.0745513798692111,TRUE,FALSE,FALSE,0.622819302931678,"OVER",0.122819302931678,0.188962049296574,TRUE,1,0,14,48
401757309,2025,13,"UTEP","New Mexico State",-4.16666666666667,-3,44.8333333333333,-1.16666666666667,1,0,-25.4325158155327,0,0,0.522236267061825,"UTEP",0.022236267061825,-0.00305096617897604,FALSE,FALSE,TRUE,0.626887473720625,"OVER",0.126887473720625,0.196728187332674,TRUE,0,1,-3,65
401757310,2025,14,"Delaware","UTEP",-4.5,-5,55.5,0.5,0,0,157.915904078857,0,0,0.584343999806608,"Delaware",0.0843439998066078,0.115512695630814,TRUE,FALSE,FALSE,0.491454196462151,"UNDER",0.00854580353784856,-0.0618139389537528,FALSE,1,1,30,92
401757311,2025,14,"Sam Houston","Florida International",10.5,10.3333333333333,50.6666666666667,0.166666666666666,0,0,-129.698108298679,0,0,0.431643822444619,"Florida International",0.068356177555381,-0.175991942953222,FALSE,FALSE,FALSE,0.686389613176272,"OVER",0.186389613176272,0.310317771553504,TRUE,0,1,-40,72
401757312,2025,14,"Jacksonville State","Western Kentucky",1.5,2.66666666666667,56.5,-1.16666666666667,1,0,16.2401122701951,0,0,0.628258197948261,"Jacksonville State",0.128258197948261,0.199344899883231,TRUE,TRUE,TRUE,0.469020065472034,"UNDER",0.0309799345279659,-0.104640695013887,FALSE,1,1,3,71
401757313,2025,14,"Liberty","Kennesaw State",2.5,2,55.5,0.5,0,0,-11.9302149212617,0,0,0.478605895457849,"Kennesaw State",0.021394104542151,-0.0863413455709663,FALSE,FALSE,FALSE,0.593739676481771,"OVER",0.0937396764817711,0.133449042403701,TRUE,0,1,-6,90
401757314,2025,14,"Missouri State","Louisiana Tech",-2.5,-3.16666666666667,45.3333333333333,0.666666666666667,0,0,59.262887553261,0,0,0.638561542816351,"Missouri State",0.138561542816351,0.219013985236413,TRUE,FALSE,FALSE,0.546277088706448,"OVER",0.046277088706448,0.0428429623406092,TRUE,0,1,-12,72
401757315,2025,14,"New Mexico State","Middle Tennessee",-3.33333333333333,-4.5,52,1.16666666666667,0,1,94.6179074098143,0,0,0.552648986002438,"New Mexico State",0.0526489860024383,0.0550069142786547,TRUE,FALSE,FALSE,0.565129291130697,"OVER",0.0651292911306968,0.0788318167685002,TRUE,0,1,-7,55
401760363,2025,2,"Boise State","Eastern Washington",-33.25,-29.25,60,-4,1,0,188.827854720328,0,0,0.328417086965479,"Eastern Washington",0.171582913034521,-0.3730517809829,FALSE,FALSE,FALSE,0.593338498813023,"OVER",0.0933384988130226,0.13268319423406,TRUE,1,1,37,65
401760364,2025,2,"Colorado State","Northern Colorado",-34.75,-34.75,52.5,0,0,0,163.794918648853,0,0,0.462012975864089,"Northern Colorado",0.037987024135911,-0.118017229075454,FALSE,FALSE,FALSE,0.856527823642542,"OVER",0.356527823642542,0.635111615333612,TRUE,0,0,4,38
401760365,2025,2,"Nevada","Sacramento State",-8.75,-7.5,55.75,-1.25,1,0,-68.6685004745027,0,0,0.506859137300019,"Nevada",0.00685913730001919,-0.0324059068942634,FALSE,FALSE,TRUE,0.512364782543435,"OVER",0.0123647825434353,-0.021895630124582,FALSE,0,0,3,37
401760366,2025,2,"New Mexico","Idaho State",-17.5,-16.25,60.25,-1.25,1,0,28.1443827248747,0,0,0.488139478779865,"Idaho State",0.011860521220135,-0.0681417350092377,FALSE,FALSE,FALSE,0.433683797342283,"UNDER",0.0663162026577171,-0.172097630873582,FALSE,0,0,10,54
401760367,2025,2,"Wyoming","Northern Iowa",-13.75,-13.5,46.5,-0.25,0,0,0.826351113177225,0,0,0.243141691125131,"Northern Iowa",0.256858308874868,-0.535842511642124,FALSE,FALSE,FALSE,0.563329143642106,"OVER",0.0633291436421056,0.0753953352127796,TRUE,1,0,24,38
401760368,2025,3,"Utah State","Air Force",4,3.5,51.5,0.5,0,0,-66.2898934126711,-1,0,0.422156599896436,"Air Force",0.0778434001035637,-0.194103050797703,FALSE,FALSE,FALSE,0.344695217518831,"UNDER",0.155304782481169,-0.341976829756551,FALSE,1,1,19,79
401760369,2025,3,"Fresno State","Southern",-37.1666666666667,-35.3333333333333,51,-1.83333333333333,1,0,110.368895581656,0,0,0.676421354458715,"Fresno State",0.176421354458715,0.291288365661686,TRUE,TRUE,TRUE,0.774027859488076,"OVER",0.274027859488076,0.477619183762737,TRUE,1,1,49,63
401760370,2025,3,"Hawai'i","Portland State",-36.5,-38.3333333333333,54.5,1.83333333333334,0,1,70.6467853051947,0,0,0.633477853855584,"Hawai'i",0.133477853855584,0.209309223010309,TRUE,FALSE,FALSE,0.807419204862255,"OVER",0.307419204862255,0.541363262082046,TRUE,0,0,20,26
401760372,2025,4,"Air Force","Boise State",11,8.66666666666667,51.6666666666667,2.33333333333333,0,1,-163.531372848983,-1,0,0.541998687536744,"Air Force",0.041998687536744,0.0346754945076442,TRUE,FALSE,FALSE,0.695484355170883,"OVER",0.195484355170883,0.327679634021216,TRUE,0,1,-12,86
401760373,2025,4,"Colorado State","UTSA",5,4,58.5,1,0,0,-47.9018559507335,1,0,0.654588212757232,"Colorado State",0.154588212757232,0.249608898153556,TRUE,FALSE,FALSE,0.45081472480717,"UNDER",0.0491852751928304,-0.139394690343113,FALSE,1,0,-1,33
401760374,2025,4,"Hawai'i","Fresno State",2.5,3.5,47.3333333333333,-1,0,0,-108.143398374097,0,0,0.410429100793272,"Fresno State",0.0895708992067282,-0.216490846585644,FALSE,FALSE,FALSE,0.595933928292743,"OVER",0.0959339282927434,0.137637869110847,TRUE,1,0,-2,44
401760375,2025,4,"San José State","Idaho",-14,-14.25,51.5,0.25,0,0,-102.637738967502,1,0,0.348721547563508,"Idaho",0.151278452436492,-0.334290565701264,FALSE,FALSE,FALSE,0.498037724067454,"UNDER",0.00196227593254572,-0.0492459847552298,FALSE,0,1,3,59
401760376,2025,4,"Miami (OH)","UNLV",1.83333333333333,4.16666666666667,49.3333333333333,-2.33333333333333,1,0,-129.016300120373,0,0,0.290403726756535,"UNLV",0.209596273243465,-0.445619285621775,FALSE,FALSE,FALSE,0.441932688186869,"UNDER",0.058067311813131,-0.156350498251267,FALSE,0,1,-3,79
401760377,2025,4,"Utah State","McNeese",-23.8333333333333,-23.5,63,-0.333333333333332,0,0,39.6593990700692,0,0,0.242352653772407,"McNeese",0.257647346227593,-0.537348783948475,FALSE,FALSE,FALSE,0.37786371917748,"UNDER",0.12213628082252,-0.278658160090191,FALSE,1,0,41,55
401760378,2025,5,"Air Force","Hawai'i",-6.83333333333333,-4.83333333333333,52.3333333333333,-2,1,0,10.1861497763068,0,0,0.541345371781073,"Air Force",0.0413453717810728,0.033428314730068,TRUE,TRUE,TRUE,0.43461386450429,"UNDER",0.0653861354957098,-0.17032213266131,FALSE,0,1,-9,79
401760379,2025,5,"Boise State","App State",-16.8333333333333,-17.1666666666667,59.5,0.333333333333336,0,0,157.000079972284,-1,0,0.316607240435703,"App State",0.183392759564297,-0.395596778008243,FALSE,FALSE,FALSE,0.551235926377946,"OVER",0.0512359263779463,0.0523093834554994,TRUE,1,1,33,61
401760380,2025,5,"Northern Illinois","San Diego State",1.66666666666667,2.66666666666667,42,-1,0,0,-4.0599958789021,0,0,0.201917680025967,"San Diego State",0.298082319974033,-0.614539148830429,FALSE,FALSE,FALSE,0.546939962217222,"OVER",0.0469399622172224,0.0441083878726776,TRUE,0,0,-3,9
401760381,2025,6,"Navy","Air Force",-13.5,-11.3333333333333,51,-2.16666666666667,1,0,186.461362990032,0,0,0.0696655555593362,"Air Force",0.430334444440664,-0.867008454437227,FALSE,FALSE,FALSE,0.277086973599842,"UNDER",0.222913026400158,-0.471040967397902,FALSE,0,1,3,65
401760382,2025,6,"San Diego State","Colorado State",-4.5,-5.66666666666667,40.5,1.16666666666667,0,1,34.1383603514623,0,0,0.624585976887329,"San Diego State",0.124585976887329,0.192334629877911,TRUE,FALSE,FALSE,0.682024877758354,"OVER",0.182024877758354,0.301985491640697,TRUE,1,1,21,69
401760383,2025,6,"Fresno State","Nevada",-12.5,-13.8333333333333,45.8333333333333,1.33333333333333,0,1,221.636723656034,0,0,0.461208066301864,"Nevada",0.0387919336981356,-0.119553801429741,FALSE,FALSE,TRUE,0.52247197902215,"OVER",0.0224719790221497,-0.00260099204671621,FALSE,0,0,3,37
401760384,2025,6,"San José State","New Mexico",-2,-2.83333333333333,58.8333333333333,0.833333333333333,0,0,9.92273453856774,0,0,0.261942634828152,"New Mexico",0.238057365171848,-0.499951510113058,FALSE,FALSE,FALSE,0.433555569820823,"UNDER",0.0664444301791769,-0.172342417212049,FALSE,1,1,7,63
401760385,2025,6,"Wyoming","UNLV",4.33333333333333,5.33333333333333,51.6666666666667,-1,0,0,-210.646667467541,0,0,0.357340629803757,"UNLV",0.142659370196243,-0.317836737704629,FALSE,FALSE,FALSE,0.598195335790584,"OVER",0.0981953357905844,0.141954896024226,TRUE,0,0,-14,48
401760386,2025,7,"UNLV","Air Force",-7.16666666666667,-7.16666666666667,65.8333333333333,0,0,0,238.351947294745,0,0,0.22357577676327,"Air Force",0.27642422323673,-0.573193842158917,FALSE,FALSE,FALSE,0.190092875980786,"UNDER",0.309907124019214,-0.637112699752679,FALSE,0,1,3,99
401760387,2025,7,"Boise State","New Mexico",-14.8333333333333,-16.5,58.1666666666667,1.66666666666667,0,1,177.198939793102,0,0,0.0989762420871214,"New Mexico",0.401023757912879,-0.811054353855685,FALSE,FALSE,TRUE,0.588163198537904,"OVER",0.088163198537904,0.122803546008859,TRUE,1,1,16,66
401760388,2025,7,"Colorado State","Fresno State",5.66666666666667,6.75,47.8333333333333,-1.08333333333333,1,0,-153.53109289332,0,0,0.212335731999683,"Fresno State",0.287664268000317,-0.594651087612606,FALSE,FALSE,FALSE,0.48151050863969,"UNDER",0.0184894913603097,-0.0807964390068313,FALSE,1,1,28,70
401760389,2025,7,"Hawai'i","Utah State",1.66666666666667,-1.66666666666667,57.1666666666667,3.33333333333333,0,1,-3.89736690793075,0,0,0.280127213391193,"Utah State",0.219872786608807,-0.465237149636212,FALSE,FALSE,TRUE,0.500594071331339,"OVER",0.000594071331339374,-0.0443659178284731,FALSE,1,1,18,70
401760390,2025,7,"Nevada","San Diego State",6.5,6.66666666666667,42.5,-0.166666666666667,0,0,-155.822023257233,0,0,0.401517862618278,"San Diego State",0.0984821373817217,-0.233502400261707,FALSE,FALSE,FALSE,0.685627196862947,"OVER",0.185627196862947,0.308862318811366,TRUE,0,1,-34,54
401760391,2025,7,"Wyoming","San José State",1.5,1.83333333333333,49.8333333333333,-0.333333333333333,0,0,-98.3492068659775,0,0,0.319166318159658,"San José State",0.180833681840342,-0.390711498633213,FALSE,FALSE,FALSE,0.535106538798721,"OVER",0.0351065387987212,0.0215183825667587,TRUE,1,1,7,63
401760392,2025,8,"Air Force","Wyoming",-3.83333333333333,-5.5,56.5,1.66666666666667,0,1,-21.9083547829332,0,0,0.623829012783211,"Air Force",0.123829012783211,0.19088958540315,TRUE,FALSE,FALSE,0.421369095332321,"UNDER",0.078630904667679,-0.195606397010599,FALSE,0,0,3,45
401760393,2025,8,"Boise State","UNLV",-13,-9.83333333333333,61,-3.16666666666667,1,0,-3.33395326925643,0,0,0.0990995595159283,"UNLV",0.400900440484072,-0.810818940884093,FALSE,FALSE,FALSE,0.40874234372299,"UNDER",0.09125765627701,-0.219710865832812,FALSE,1,1,25,87
401760394,2025,8,"Colorado State","Hawai'i",-2.66666666666667,1,53.5,-3.66666666666667,1,0,-31.8420320097521,0,0,0.451688920915082,"Hawai'i",0.0483110790849182,-0.137725849973109,FALSE,FALSE,FALSE,0.574980167063854,"OVER",0.0749801670638539,0.0976371389248971,TRUE,0,0,-12,50
401760395,2025,8,"New Mexico","Nevada",-14.1666666666667,-10.5,49.5,-3.66666666666667,1,0,141.557760019794,0,0,0.529574005710034,"New Mexico",0.0295740057100341,0.0109567769004551,FALSE,FALSE,TRUE,0.52228746054023,"OVER",0.0222874605402296,-0.00295323782870177,FALSE,0,0,2,46
401760396,2025,8,"Utah State","San José State",-3.16666666666667,-4,63.1666666666667,0.833333333333333,0,0,-40.0353925369527,0,0,0.428336269132402,"San José State",0.071663730867598,-0.182306062226245,FALSE,FALSE,FALSE,0.364093653721824,"UNDER",0.135906346278176,-0.304945215045037,FALSE,1,0,5,55
401760397,2025,9,"Nevada","Boise State",20.8333333333333,21.6666666666667,50.8333333333333,-0.833333333333336,0,0,-373.266385254397,0,0,0.848148422769063,"Nevada",0.348148422769063,0.619115339066141,TRUE,FALSE,FALSE,0.617780144387992,"OVER",0.117780144387992,0.179342295636678,TRUE,0,0,-21,27
401760398,2025,9,"Wyoming","Colorado State",-5.66666666666667,-4.33333333333333,46.5,-1.33333333333333,1,0,-9.7057849578714,0,0,0.75926688278258,"Wyoming",0.25926688278258,0.449440479231946,TRUE,TRUE,TRUE,0.489462190167808,"UNDER",0.0105378098321924,-0.0656166789696553,FALSE,1,0,28,28
401760399,2025,9,"Fresno State","San Diego State",3.16666666666667,2.5,46,0.666666666666667,0,0,6.21049256942115,0,0,0.551364029460706,"Fresno State",0.0513640294607056,0.052553932240487,TRUE,FALSE,FALSE,0.572853109317466,"OVER",0.072853109317466,0.0935765856870426,TRUE,0,0,-23,23
401760400,2025,9,"New Mexico","Utah State",-2.83333333333333,-1.83333333333333,61,-1,1,0,-2.62456975772238,0,0,0.801676136048255,"New Mexico",0.301676136048255,0.530399743716118,TRUE,TRUE,TRUE,0.383861484699164,"UNDER",0.116138515300836,-0.267208425709297,FALSE,1,0,19,47
401760401,2025,10,"Air Force","Army",1.33333333333333,1.33333333333333,48.5,0,0,0,-122.892881778421,0,0,0.553878001362935,"Air Force",0.0538780013629346,0.0573531046018423,TRUE,FALSE,FALSE,0.485250004486383,"UNDER",0.0147499955136171,-0.073657741435495,FALSE,0,0,-3,37
401760402,2025,10,"Boise State","Fresno State",-17.5,-17.8333333333333,47.6666666666667,0.333333333333332,0,0,200.341040942998,0,0,0.166343332038362,"Fresno State",0.333656667961638,-0.682450579138766,FALSE,FALSE,FALSE,0.579620347295121,"OVER",0.0796203472951209,0.106495242986386,TRUE,0,0,-23,37
401760403,2025,10,"San José State","Hawai'i",-2.5,-2.16666666666667,55.6666666666667,-0.333333333333333,0,0,-49.4272048056248,0,0,0.429719754457843,"Hawai'i",0.0702802455421565,-0.179664988739977,FALSE,FALSE,FALSE,0.554806784934666,"OVER",0.0548067849346657,0.0591261524402769,TRUE,1,1,7,83
401760404,2025,10,"UNLV","New Mexico",-3.83333333333333,-5.33333333333333,61.1666666666667,1.5,0,1,146.432166357325,1,0,0.566719678524304,"UNLV",0.0667196785243043,0.0818678663028969,TRUE,FALSE,FALSE,0.377313964840945,"UNDER",0.122686035159055,-0.279707641118636,FALSE,0,1,-5,75
401760405,2025,10,"San Diego State","Wyoming",-10,-10.5,42,0.5,0,0,110.817716534287,0,0,0.653163393877399,"San Diego State",0.153163393877399,0.246888918911954,TRUE,FALSE,FALSE,0.466637555900871,"UNDER",0.0333624440991293,-0.109188905785238,FALSE,1,0,17,31
401760406,2025,11,"San José State","Air Force",-6.16666666666667,-3.16666666666667,67.8333333333333,-3,1,0,77.34140396521,0,0,0.434667446560415,"Air Force",0.0653325534395847,-0.170219844516167,FALSE,FALSE,FALSE,0.392632368049653,"UNDER",0.107367631950347,-0.250464809393213,FALSE,0,0,-10,42
401760407,2025,11,"Colorado State","UNLV",5.16666666666667,6,61,-0.833333333333333,0,0,-200.977776534461,1,0,0.868790273518068,"Colorado State",0.368790273518068,0.658520632145992,TRUE,FALSE,FALSE,0.40433456918964,"UNDER",0.0956654308103597,-0.228125307416977,FALSE,0,0,-32,52
401760408,2025,11,"Hawai'i","San Diego State",6.5,4.16666666666667,48,2.33333333333333,0,1,-76.7214490821716,0,0,0.760692676798517,"Hawai'i",0.260692676798517,0.452162320008368,TRUE,FALSE,FALSE,0.580610597103667,"OVER",0.0806105971036667,0.1083856298709,TRUE,1,0,32,44
401760409,2025,11,"Utah State","Nevada",-9.83333333333333,-11,52.3333333333333,1.16666666666667,0,1,138.767027203132,0,0,0.30100272404168,"Nevada",0.19899727595832,-0.425385799804433,FALSE,FALSE,TRUE,0.461985685101872,"UNDER",0.0380143148981277,-0.118069327140526,FALSE,1,1,37,65
401760410,2025,12,"San Diego State","Boise State",-2,-2.16666666666667,42.1666666666667,0.166666666666667,0,0,-98.6531604430691,-1,0,0.744987605212934,"San Diego State",0.244987605212934,0.42218133835149,TRUE,FALSE,FALSE,0.505072274157972,"OVER",0.00507227415797151,-0.0358170286324324,FALSE,1,0,10,24
401760411,2025,12,"New Mexico","Colorado State",-15.3333333333333,-13.8333333333333,53.6666666666667,-1.5,1,0,131.782105636383,1,0,0.721106652928542,"New Mexico",0.221106652928542,0.376592600440586,TRUE,TRUE,TRUE,0.488563724878892,"UNDER",0.0114362751211084,-0.0673318492061958,FALSE,0,0,3,37
401760412,2025,12,"Fresno State","Wyoming",-2.83333333333333,-4.33333333333333,40.5,1.5,0,1,108.252501583126,0,0,0.64531769161174,"Fresno State",0.14531769161174,0.231911473286811,TRUE,FALSE,FALSE,0.589284366701887,"OVER",0.0892843667018869,0.124943856033902,TRUE,1,0,21,27
401760413,2025,12,"Nevada","San José State",9.66666666666667,8.5,49.5,1.16666666666667,0,1,-173.941449014001,0,0,0.575430779884738,"Nevada",0.0754307798847379,0.0984973587999647,TRUE,FALSE,FALSE,0.704083611529706,"OVER",0.204083611529706,0.344095614410209,TRUE,1,1,45,65
401760414,2025,12,"UNLV","Utah State",-4.66666666666667,-5,68.5,0.333333333333333,0,0,170.177565935482,0,0,0.569719291728411,"UNLV",0.0697192917284106,0.0875941279095359,TRUE,FALSE,FALSE,0.396558800674055,"UNDER",0.103441199325945,-0.242969249513229,FALSE,0,0,3,55
401760415,2025,13,"Air Force","New Mexico",3.5,2,53.1666666666667,1.5,0,1,-85.6700171809803,0,0,0.420767324829467,"New Mexico",0.0792326751705328,-0.196755176900547,FALSE,FALSE,TRUE,0.32078179433414,"UNDER",0.17921820566586,-0.387627554616126,FALSE,0,0,-17,23
401760416,2025,13,"Boise State","Colorado State",-17.3333333333333,-16.8333333333333,45.8333333333333,-0.5,0,0,238.148149527439,0,0,0.515102774780619,"Boise State",0.0151027747806187,-0.0166688029437989,FALSE,FALSE,FALSE,0.640689061560889,"OVER",0.140689061560889,0.223075418519737,TRUE,1,1,28,70
401760417,2025,13,"Fresno State","Utah State",-1.66666666666667,-2.16666666666667,50.3333333333333,0.5,0,0,109.464666119155,0,0,0.440814332518891,"Utah State",0.0591856674811094,-0.158485439221438,FALSE,FALSE,FALSE,0.568358506935839,"OVER",0.0683585069358391,0.0849963897405169,TRUE,0,0,-11,45
401760418,2025,13,"UNLV","Hawai'i",-2.5,-3,64.5,0.5,0,0,95.9455811632959,0,0,0.705766880306314,"UNLV",0.205766880306314,0.347308974504754,TRUE,FALSE,FALSE,0.398890812265786,"UNDER",0.101109187734214,-0.238517439384614,FALSE,1,0,28,48
401760419,2025,13,"Wyoming","Nevada",-6.33333333333333,-7.66666666666667,39.8333333333333,1.33333333333333,0,1,85.4429739711704,0,0,0.490041086649155,"Nevada",0.00995891335084526,-0.0645115655867636,FALSE,FALSE,TRUE,0.556722199139998,"OVER",0.056722199139998,0.0627826781582562,TRUE,0,0,-6,20
401760420,2025,13,"San Diego State","San José State",-9.83333333333333,-12,51.1666666666667,2.16666666666667,0,1,159.773513971233,0,0,0.438655895878765,"San José State",0.0613441041212348,-0.162605894767437,FALSE,FALSE,TRUE,0.41489830450702,"UNDER",0.0851016954929804,-0.2079591366961,FALSE,1,0,22,28
401760421,2025,14,"Colorado State","Air Force",2.5,2.75,47.5,-0.25,0,0,-42.4491682622258,0,0,0.32139752743641,"Air Force",0.17860247256359,-0.386452120123892,FALSE,FALSE,FALSE,0.511340915261127,"OVER",0.0113409152611268,-0.023850192766509,FALSE,0,1,-21,63
401760422,2025,14,"Utah State","Boise State",1.66666666666667,3.75,54.6666666666667,-2.08333333333333,1,0,-136.043480158778,0,0,0.783563305555392,"Utah State",0.283563305555392,0.495822350305243,TRUE,TRUE,TRUE,0.584146308442279,"OVER",0.0841463084422792,0.115135302816311,TRUE,1,0,-1,49
401760423,2025,14,"San José State","Fresno State",3.33333333333333,2.5,45.3333333333333,0.833333333333333,0,0,-130.017871622949,0,0,0.217589869866209,"Fresno State",0.282410130133791,-0.584620938425407,FALSE,FALSE,FALSE,0.68699683970837,"OVER",0.18699683970837,0.311476967003279,TRUE,0,1,-27,55
401760424,2025,14,"Hawai'i","Wyoming",-8.5,-10.5,44.6666666666667,2,0,1,126.01207629516,0,0,0.124362231097701,"Wyoming",0.375637768902299,-0.762592500834489,FALSE,FALSE,TRUE,0.557459491716124,"OVER",0.0574594917161244,0.0641901696860815,TRUE,1,0,20,34
401760425,2025,14,"Nevada","UNLV",7.5,9.5,52.6666666666667,-2,1,0,-290.814267614266,0,0,0.735092349640473,"Nevada",0.235092349640473,0.403291295463664,TRUE,TRUE,TRUE,0.458861347910992,"UNDER",0.041138652089008,-0.124033686837916,FALSE,0,1,-25,59
401760426,2025,14,"New Mexico","San Diego State",1.33333333333333,2,41.5,-0.666666666666667,0,0,-33.0993219286781,0,0,0.436748311418038,"San Diego State",0.0632516885819617,-0.166247473502965,FALSE,FALSE,FALSE,0.609795554903788,"OVER",0.109795554903788,0.164099714311332,TRUE,1,0,6,40
401761596,2025,2,"App State","Lindenwood",-30.5,-31.25,55.25,0.75,0,0,113.358640355593,0,0,0.506778682832131,"App State",0.0067786828321309,-0.0325594944734621,FALSE,FALSE,FALSE,0.837594227230288,"OVER",0.337594227230288,0.59896737978262,TRUE,0,0,7,33
401761597,2025,2,"Coastal Carolina","Charleston Southern",-28,-28.5,48.75,0.5,0,0,146.936444610302,0,0,0.404937736173134,"Charleston Southern",0.0950622638268664,-0.226973861645488,FALSE,FALSE,FALSE,0.598355262480532,"OVER",0.0983552624805318,0.142260196075335,TRUE,0,0,13,13
401761598,2025,2,"Georgia State","Memphis",15,13.75,57.5,1.25,0,1,-241.381129811846,0,0,0.50054753532007,"Georgia State",0.000547535320070458,-0.0444547550739855,FALSE,FALSE,FALSE,0.351648631561289,"UNDER",0.148351368438711,-0.328702762349499,FALSE,0,0,-22,54
401761599,2025,2,"Old Dominion","North Carolina Central",-21.75,-20,49.5,-1.75,1,0,-77.3657295176688,0,0,0.698852942967088,"Old Dominion",0.198852942967088,0.33411026812417,TRUE,TRUE,TRUE,0.553925285468347,"OVER",0.0539252854683467,0.057443369959074,TRUE,1,1,48,60
401761600,2025,2,"Louisiana","McNeese",-19.25,-20.25,49.75,1,0,0,100.80083213003,0,0,0.298714447819293,"McNeese",0.201285552180707,-0.429754119112969,FALSE,FALSE,FALSE,0.483903405753374,"UNDER",0.016096594246626,-0.076228398416809,FALSE,1,0,24,44
401761601,2025,2,"South Alabama","Tulane",13.5,10.25,51.5,3.25,0,1,-75.5914860907562,0,0,0.718538336134359,"South Alabama",0.218538336134359,0.371689683680492,TRUE,FALSE,FALSE,0.610996605989722,"OVER",0.110996605989722,0.166392520834379,TRUE,1,1,-2,64
401761602,2025,2,"Southern Miss","Jackson State",-13.5,-14.75,52.75,1.25,0,1,-322.087787097316,0,0,0.604232470951386,"Southern Miss",0.104232470951386,0.153479787046195,TRUE,FALSE,FALSE,0.62853885786339,"OVER",0.12853885786339,0.199880679661212,TRUE,1,1,18,58
401761603,2025,2,"UTSA","Texas State",-4.5,-4.75,64.5,0.25,0,0,-31.5179732670331,0,0,0.1149065704421,"Texas State",0.3850934295579,-0.780643357026031,FALSE,FALSE,FALSE,0.289423248775561,"UNDER",0.210576751224439,-0.447491018087454,FALSE,0,1,-7,79
401761604,2025,3,"Coastal Carolina","East Carolina",7.16666666666667,6.25,57.3333333333333,0.916666666666667,0,0,-19.2683903941183,0,0,0.595359138692762,"Coastal Carolina",0.0953591386927622,0.136540595764483,TRUE,FALSE,FALSE,0.495226519844865,"UNDER",0.00477348015513535,-0.0546125736161533,FALSE,0,0,-38,38
401761605,2025,3,"Georgia State","Murray State",-31.6666666666667,-30.25,63.5,-1.41666666666667,1,0,93.312225960902,0,0,0.865258979628892,"Georgia State",0.365258979628892,0.651779392111554,TRUE,TRUE,TRUE,0.370276571687071,"UNDER",0.129723428312929,-0.293142024649381,FALSE,0,0,16,58
401761606,2025,3,"Marshall","Eastern Kentucky",-15.6666666666667,-14.25,50,-1.41666666666667,1,0,60.0841426634645,0,0,0.603743799578872,"Marshall",0.103743799578872,0.152546913396067,TRUE,TRUE,TRUE,0.332025143529681,"UNDER",0.167974856470319,-0.366164001001839,FALSE,1,0,31,45
401761607,2025,3,"Southern Miss","App State",2.83333333333333,-0.75,56.1666666666667,3.58333333333333,0,1,-190.06670936404,0,0,0.495247698275777,"App State",0.00475230172422314,-0.054572143991542,FALSE,FALSE,TRUE,0.639348050820125,"OVER",0.139348050820125,0.220515429015619,TRUE,1,1,16,60
401761608,2025,3,"Troy","Memphis",4.5,6.5,51.3333333333333,-2,1,0,-120.229904273253,0,0,0.617647811507843,"Troy",0.117647811507843,0.179089672168471,TRUE,TRUE,TRUE,0.517355599663824,"OVER",0.0173555996638245,-0.012368160241759,FALSE,0,0,-21,35
401761609,2025,4,"Georgia Southern","Maine",-22,-23,57.5,1,0,0,116.074878761899,0,0,0.480319678714752,"Maine",0.0196803212852478,-0.083069733333538,FALSE,FALSE,FALSE,0.439830894869655,"UNDER",0.0601691051303455,-0.160362821693829,FALSE,1,1,28,62
401761610,2025,4,"Eastern Michigan","Louisiana",2.16666666666667,4,51.3333333333333,-1.83333333333333,1,0,-179.823685964411,0,0,0.236954835822401,"Louisiana",0.263045164177599,-0.547653218415036,FALSE,FALSE,FALSE,0.686185183926007,"OVER",0.186185183926007,0.309927516114748,TRUE,1,1,3,65
401761611,2025,4,"South Alabama","Coastal Carolina",-14.6666666666667,-14.3333333333333,51.8333333333333,-0.333333333333332,0,0,77.2517623465462,0,0,0.620926304021094,"South Alabama",0.120926304021094,0.185348314376268,TRUE,FALSE,FALSE,0.571232045418734,"OVER",0.0712320454187335,0.0904819747043623,TRUE,0,1,-18,58
401761612,2025,4,"Texas State","Nicholls",-32.5,-29.5,57,-3,1,0,137.510241270105,-1,0,0.2334852767501,"Nicholls",0.2665147232499,-0.554276606684059,FALSE,FALSE,FALSE,0.507158150623426,"OVER",0.00715815062342551,-0.0318350904598807,FALSE,0,0,32,38
401761613,2025,4,"Buffalo","Troy",-5.83333333333333,-5,43.6666666666667,-0.833333333333333,0,0,3.6343559526108,0,0,0.266900937216373,"Troy",0.233099062783627,-0.490486110853944,FALSE,FALSE,FALSE,0.526276251300976,"OVER",0.0262762513009756,0.00466136373356235,FALSE,0,0,-4,38
401761614,2025,5,"James Madison","Georgia Southern",-15.3333333333333,-15,54.5,-0.333333333333334,0,0,98.304185940209,0,0,0.382205181271651,"Georgia Southern",0.117794818728349,-0.270370308952419,FALSE,FALSE,FALSE,0.47255036247538,"UNDER",0.0274496375246204,-0.0979013580345005,FALSE,1,0,25,45
401761615,2025,5,"Louisiana","Marshall",2.16666666666667,-2.83333333333333,48,5,0,1,-74.5145403370873,0,0,0.466414169405438,"Marshall",0.0335858305945623,-0.109615350605019,FALSE,FALSE,TRUE,0.360811066513043,"UNDER",0.139188933486957,-0.3112116740266,FALSE,1,1,3,105
401761616,2025,5,"UL Monroe","Arkansas State",-1.5,-2.66666666666667,55.5,1.16666666666667,0,1,1.74186837576394,0,0,0.587413443884112,"UL Monroe",0.0874134438841121,0.12137226437477,TRUE,FALSE,FALSE,0.447436872722418,"UNDER",0.0525631272775824,-0.145843009972905,FALSE,1,0,12,44
401761617,2025,5,"North Texas","South Alabama",-12.6666666666667,-12,63.5,-0.666666666666666,0,0,110.305017671139,0,0,0.0792514474842378,"South Alabama",0.420748552515762,-0.84870898675259,FALSE,FALSE,FALSE,0.297859380516887,"UNDER",0.202140619483113,-0.431386442593262,FALSE,1,0,14,58
401761618,2025,6,"Georgia State","James Madison",19.3333333333333,19,52.6666666666667,0.333333333333332,0,0,-268.590870910682,1,0,0.647924174145428,"Georgia State",0.147924174145428,0.236887248443622,TRUE,FALSE,FALSE,0.502009854873404,"OVER",0.00200985487340422,-0.0416631870466713,FALSE,1,0,-7,21
401761619,2025,6,"Old Dominion","Coastal Carolina",-19,-16.6666666666667,53.3333333333333,-2.33333333333333,1,0,93.006850046396,-1,0,0.332785730454208,"Coastal Carolina",0.167214269545792,-0.364712040562916,FALSE,FALSE,FALSE,0.407061745495215,"UNDER",0.0929382545047849,-0.222919127849634,FALSE,1,1,40,54
401761620,2025,6,"Arkansas State","Texas State",14.1666666666667,11.1666666666667,63.5,3,0,1,-152.433251480403,-1,0,0.690146073717149,"Arkansas State",0.190146073717149,0.317488854726038,TRUE,FALSE,FALSE,0.627211811981149,"OVER",0.127211811981149,0.197347349072014,TRUE,1,0,1,61
401761621,2025,6,"Troy","South Alabama",2.5,-2.83333333333333,46.6666666666667,5.33333333333333,0,1,67.6093528898721,1,0,0.841515177510039,"Troy",0.341515177510039,0.606452473866664,TRUE,FALSE,FALSE,0.441899881881216,"UNDER",0.0581001181187835,-0.156413125488758,FALSE,1,1,7,55
401761622,2025,7,"Georgia Southern","Southern Miss",2.83333333333333,0.833333333333333,60,2,0,1,95.7980463920289,0,0,0.477120267177514,"Southern Miss",0.0228797328224859,-0.0891774099581256,FALSE,FALSE,TRUE,0.550795702725167,"OVER",0.0507957027251669,0.0514689965023436,TRUE,0,1,-3,73
401761623,2025,7,"Coastal Carolina","UL Monroe",2.83333333333333,2.5,46.1666666666667,0.333333333333333,0,0,19.2067102086351,0,0,0.191386685185137,"UL Monroe",0.308613314814863,-0.634642817981574,FALSE,FALSE,FALSE,0.450749244740722,"UNDER",0.0492507552592777,-0.139519691789961,FALSE,1,0,15,31
401761624,2025,7,"Georgia State","App State",2.83333333333333,3.66666666666667,55.5,-0.833333333333333,0,0,-129.547536546164,0,0,0.558784224810182,"Georgia State",0.0587842248101819,0.0667190851626371,TRUE,FALSE,FALSE,0.506509525286795,"OVER",0.00650952528679494,-0.0330733162275085,FALSE,0,1,-21,61
401761625,2025,7,"James Madison","Louisiana",-18.5,-17.1666666666667,45,-1.33333333333333,1,0,107.512378000413,-1,0,0.0750093920855851,"Louisiana",0.424990607914415,-0.856807070508618,FALSE,FALSE,FALSE,0.327975719332477,"UNDER",0.172024280667523,-0.373894351794302,FALSE,0,0,10,38
401761626,2025,7,"Marshall","Old Dominion",14.5,13.6666666666667,57.5,0.833333333333334,0,0,5.03126272735653,1,0,0.791575473690269,"Marshall",0.291575473690269,0.511117579274723,TRUE,FALSE,FALSE,0.56636975403746,"OVER",0.06636975403746,0.0811998604575113,TRUE,1,1,24,72
401761627,2025,7,"Texas State","Troy",-7.5,-10.3333333333333,53.5,2.83333333333333,0,1,27.9631221122199,0,0,0.381803516581504,"Troy",0.118196483418496,-0.271137086845908,FALSE,FALSE,TRUE,0.473625574895053,"UNDER",0.026374425104947,-0.0958487775253437,FALSE,0,1,-7,89
401761628,2025,8,"South Alabama","Arkansas State",-8.5,-7,57.3333333333333,-1.5,1,0,13.1374090165054,0,0,0.55449484352539,"South Alabama",0.0544948435253899,0.0585306562899693,TRUE,TRUE,TRUE,0.317178117495522,"UNDER",0.182821882504478,-0.394506973701049,FALSE,0,0,-1,29
401761629,2025,8,"App State","Coastal Carolina",-10.5,-10.8333333333333,48,0.333333333333334,0,0,47.5495380347447,0,0,0.634633762880543,"App State",0.134633762880543,0.211515853338956,TRUE,FALSE,FALSE,0.525496579997767,"OVER",0.0254965799977666,0.00317297121573634,FALSE,0,1,-8,82
401761630,2025,8,"Georgia Southern","Georgia State",-6.5,-6.33333333333333,58.6666666666667,-0.166666666666667,0,0,148.891910418464,0,0,0.201324395069773,"Georgia State",0.298675604930227,-0.615671729811803,FALSE,FALSE,FALSE,0.448128768076834,"UNDER",0.0518712319231657,-0.144522181741323,FALSE,1,1,17,65
401761631,2025,8,"James Madison","Old Dominion",-3.16666666666667,-2.16666666666667,47.5,-1,0,0,105.264529942456,0,0,0.417999865214132,"Old Dominion",0.0820001347858677,-0.202038257306221,FALSE,FALSE,FALSE,0.612317153843986,"OVER",0.112317153843986,0.16891344668817,TRUE,1,1,36,90
401761632,2025,8,"Marshall","Texas State",2.83333333333333,4.33333333333333,65.6666666666667,-1.5,1,0,81.5371612977835,0,0,0.386366936764636,"Texas State",0.113633063235364,-0.26242551771631,FALSE,FALSE,FALSE,0.159318793079757,"UNDER",0.340681206920243,-0.695860424010744,FALSE,1,1,3,77
401761633,2025,8,"UL Monroe","Troy",4.83333333333333,5.16666666666667,45.6666666666667,-0.333333333333334,0,0,-149.769918693459,0,0,0.742914963114607,"UL Monroe",0.242914963114607,0.418224664585784,TRUE,FALSE,FALSE,0.578098897850754,"OVER",0.078098897850754,0.103590795997089,TRUE,0,1,-23,51
401761634,2025,9,"Georgia State","South Alabama",5.83333333333333,6.33333333333333,54,-0.5,0,0,-105.073311445196,0,0,0.798137421756427,"Georgia State",0.298137421756427,0.523644338133019,TRUE,FALSE,FALSE,0.454317979706314,"UNDER",0.0456820202936863,-0.132706976740647,FALSE,0,1,-7,69
401761635,2025,9,"Old Dominion","App State",-13.1666666666667,-13.3333333333333,61.8333333333333,0.166666666666668,0,0,50.3257800361387,0,0,0.623475847160186,"Old Dominion",0.123475847160186,0.190215392228794,TRUE,FALSE,FALSE,0.315627639572648,"UNDER",0.184372360427352,-0.397466836055815,FALSE,0,0,3,45
401761636,2025,9,"Arkansas State","Georgia Southern",0.333333333333333,-2.5,59.5,2.83333333333333,0,1,-66.151276428106,0,0,0.473890121307747,"Georgia Southern",0.0261098786922532,-0.0953437584235114,FALSE,FALSE,TRUE,0.441844258297087,"UNDER",0.0581557417029133,-0.156519310910861,FALSE,1,0,10,58
401761637,2025,9,"Southern Miss","UL Monroe",-13.8333333333333,-10.6666666666667,48.6666666666667,-3.16666666666667,1,0,82.9996806544546,0,0,0.871473398933345,"Southern Miss",0.371473398933345,0.663642718563755,TRUE,TRUE,TRUE,0.46504140026651,"UNDER",0.0349585997334903,-0.112235966891233,FALSE,1,1,28,70
401761638,2025,9,"Troy","Louisiana",-7.16666666666667,-8.83333333333333,47.3333333333333,1.66666666666667,0,1,88.9182382073459,0,0,0.779063716597612,"Troy",0.279063716597612,0.487232634984841,TRUE,FALSE,FALSE,0.31108069913972,"UNDER",0.18891930086028,-0.406146945342275,FALSE,1,1,12,58
401761639,2025,10,"Texas State","James Madison",7.33333333333333,6.33333333333333,55.3333333333333,1,0,0,-158.242057850551,0,0,0.296133706815175,"James Madison",0.203866293184825,-0.434680753689831,FALSE,FALSE,FALSE,0.581877775411869,"OVER",0.0818777754118695,0.110804673261259,TRUE,0,1,-32,72
401761640,2025,10,"Coastal Carolina","Marshall",7.16666666666667,3.83333333333333,55.1666666666667,3.33333333333333,0,1,-124.8243171805,0,0,0.470041298794769,"Marshall",0.0299587012052314,-0.102691160600787,FALSE,FALSE,TRUE,0.338841383800747,"UNDER",0.161158616199253,-0.353151798324374,FALSE,1,1,17,71
401761641,2025,10,"UL Monroe","Old Dominion",16.6666666666667,14.5,55.5,2.16666666666667,0,1,-184.23819009314,0,0,0.493562160812349,"Old Dominion",0.00643783918765117,-0.0577898350092261,FALSE,FALSE,TRUE,0.561016122561224,"OVER",0.0610161225612244,0.0709797779693773,TRUE,0,0,-25,37
401761642,2025,10,"South Alabama","Louisiana",-3.5,-4.66666666666667,52.6666666666667,1.16666666666667,0,1,-30.6230257598254,0,0,0.265667411589624,"Louisiana",0.234332588410376,-0.492840911275408,FALSE,FALSE,TRUE,0.517319506446928,"OVER",0.0173195064469277,-0.012437062192815,FALSE,0,1,-9,53
401761643,2025,10,"Troy","Arkansas State",-7.66666666666667,-7.5,52.5,-0.166666666666667,0,0,140.04917883898,0,0,0.480169409638619,"Arkansas State",0.019830590361381,-0.0833565969998762,FALSE,FALSE,FALSE,0.499765420487022,"UNDER",0.000234579512978339,-0.0459478122902756,FALSE,0,0,-13,33
401761644,2025,11,"App State","Georgia Southern",-4.66666666666667,-5.66666666666667,61.8333333333333,1,0,0,3.843471635583,0,0,0.387343635585719,"Georgia Southern",0.112656364414281,-0.260560999666862,FALSE,FALSE,FALSE,0.479596454024135,"UNDER",0.020403545975865,-0.0844503692679263,FALSE,0,0,-2,48
401761645,2025,11,"Coastal Carolina","Georgia State",-7.16666666666667,-7.16666666666667,56.6666666666667,0,0,0,226.615766732776,-1,0,0.456754938326114,"Georgia State",0.0432450616738859,-0.128054822735448,FALSE,FALSE,FALSE,0.46400158079613,"UNDER",0.0359984192038705,-0.114220982260189,FALSE,1,1,13,67
401761646,2025,11,"Marshall","James Madison",13.5,12.5,53.1666666666667,1,0,0,-119.657905274354,0,0,0.467974952292884,"James Madison",0.0320250477071157,-0.106635816072884,FALSE,FALSE,FALSE,0.284595343075898,"UNDER",0.215404656924102,-0.45670749006811,FALSE,1,1,-12,58
401761647,2025,11,"Arkansas State","Southern Miss",6.5,5,54.6666666666667,1.5,0,1,10.2906088419149,-1,0,0.576671048385103,"Arkansas State",0.0766710483851025,0.100865031367161,TRUE,FALSE,FALSE,0.458255344166264,"UNDER",0.0417446558337364,-0.125190547986603,FALSE,1,0,-6,48
401761648,2025,11,"Louisiana","Texas State",3.5,2.66666666666667,63.1666666666667,0.833333333333333,0,0,4.21503176104761,0,0,0.513732141403502,"Louisiana",0.0137321414035023,-0.0192853420607141,FALSE,FALSE,FALSE,0.411032635630557,"UNDER",0.0889673643694427,-0.215338698581266,FALSE,1,1,3,81
401761649,2025,12,"Old Dominion","Troy",-9.66666666666667,-10.6666666666667,53.3333333333333,1,0,0,13.1978028827325,0,0,0.129189968121151,"Troy",0.370810031878849,-0.753376350856722,FALSE,FALSE,FALSE,0.387359133850138,"UNDER",0.112640866149862,-0.260531413480086,FALSE,1,0,33,33
401761650,2025,12,"Georgia Southern","Coastal Carolina",-3.16666666666667,-2.33333333333333,59.1666666666667,-0.833333333333333,0,0,-52.4172686850127,0,0,0.620667681785596,"Georgia Southern",0.120667681785596,0.184854604528702,TRUE,FALSE,FALSE,0.362892439583917,"UNDER",0.137107560416083,-0.307238332834302,FALSE,1,1,5,85
401761651,2025,12,"Georgia State","Marshall",9.5,6.16666666666667,59.8333333333333,3.33333333333333,0,1,-270.429723969635,0,0,0.365183201870359,"Marshall",0.134816798129641,-0.302865267629484,FALSE,FALSE,TRUE,0.250333670796052,"UNDER",0.249666329203948,-0.522113022450338,FALSE,0,0,-12,48
401761652,2025,12,"James Madison","App State",-20.6666666666667,-19.5,53.8333333333333,-1.16666666666667,1,0,265.008320036521,0,0,0.617913505562747,"James Madison",0.117913505562747,0.179596882119285,TRUE,TRUE,TRUE,0.487231421955275,"UNDER",0.0127685780447255,-0.069875215487381,FALSE,1,1,48,68
401761653,2025,12,"UL Monroe","South Alabama",4,3.66666666666667,49.8333333333333,0.333333333333333,0,0,-80.2662839864477,0,0,0.8062863521642,"UL Monroe",0.3062863521642,0.539200646281457,TRUE,FALSE,FALSE,0.563589366276419,"OVER",0.0635893662764193,0.0758921002216845,TRUE,0,0,-12,40
401761654,2025,12,"Southern Miss","Texas State",-3.16666666666667,-6.5,65.6666666666667,3.33333333333333,0,1,22.5748304541703,0,0,0.266658244772936,"Texas State",0.233341755227064,-0.490949410728466,FALSE,FALSE,TRUE,0.325330525284649,"UNDER",0.174669474715351,-0.378944027231606,FALSE,0,0,-27,55
401761655,2025,13,"Arkansas State","Louisiana",-2.5,-3.33333333333333,54.3333333333333,0.833333333333333,0,0,-40.8462853619499,0,0,0.492313370127185,"Louisiana",0.00768662987281526,-0.0601737764272044,FALSE,FALSE,FALSE,0.492931466528904,"UNDER",0.00706853347109576,-0.0589938303963218,FALSE,0,1,-4,64
401761656,2025,13,"App State","Marshall",3.83333333333333,3.66666666666667,56.8333333333333,0.166666666666667,0,0,-124.220200901868,0,0,0.314632458377696,"Marshall",0.185367541622304,-0.399366636956978,FALSE,FALSE,FALSE,0.557720619666632,"OVER",0.0577206196666318,0.0646886629436001,TRUE,1,0,2,50
401761657,2025,13,"Georgia Southern","Old Dominion",10.1666666666667,9.83333333333333,62,0.333333333333332,0,0,-91.8885216127028,0,0,0.707920276961971,"Georgia Southern",0.207920276961971,0.351419808720402,TRUE,FALSE,FALSE,0.482067939459925,"UNDER",0.017932060540075,-0.0797323035710032,FALSE,0,0,-35,55
401761658,2025,13,"South Alabama","Southern Miss",2.5,2.83333333333333,53.3333333333333,-0.333333333333333,0,0,-22.3681883754011,0,0,0.525615526386354,"South Alabama",0.0256155263863542,0.00340003987155024,FALSE,FALSE,FALSE,0.661007430091005,"OVER",0.161007430091005,0.26186318404373,TRUE,1,1,7,77
401761659,2025,13,"Texas State","UL Monroe",-20.5,-18.5,59.8333333333333,-2,1,0,212.201503435042,0,0,0.698925679024134,"Texas State",0.198925679024134,0.334249121257073,TRUE,TRUE,TRUE,0.441556560182046,"UNDER",0.0584434398179545,-0.157068526612475,FALSE,0,0,17,45
401761660,2025,13,"Troy","Georgia State",-9.83333333333333,-10.8333333333333,51,1,0,0,243.878252487887,0,0,0.263558446227129,"Georgia State",0.236441553772871,-0.496866926152412,FALSE,FALSE,FALSE,0.555223172693776,"OVER",0.0552231726937763,0.059921036672419,TRUE,1,0,12,50
401761661,2025,14,"App State","Arkansas State",0.666666666666667,-1.66666666666667,54.5,2.33333333333333,0,1,11.8981798341697,0,0,0.464943975537209,"Arkansas State",0.0350560244627909,-0.112421950699468,FALSE,FALSE,TRUE,0.354831454245989,"UNDER",0.145168545754011,-0.322626753844407,FALSE,0,1,-1,59
401761662,2025,14,"Coastal Carolina","James Madison",24,21.6666666666667,54.1666666666667,2.33333333333333,0,1,-253.942862280785,0,0,0.509373704232219,"Coastal Carolina",0.00937370423221895,-0.027605598620694,FALSE,FALSE,FALSE,0.42992359485254,"UNDER",0.0700764051474602,-0.179275857426502,FALSE,0,1,-49,69
401761663,2025,14,"Marshall","Georgia Southern",-10.3333333333333,-6.66666666666667,62.1666666666667,-3.66666666666667,1,0,94.6214196364199,0,0,0.729967646075383,"Marshall",0.229967646075383,0.393508236357905,TRUE,TRUE,TRUE,0.362712973424871,"UNDER",0.137287026575129,-0.307580933731921,FALSE,0,0,-5,43
401761664,2025,14,"Old Dominion","Georgia State",-28.6666666666667,-25.5,58.5,-3.16666666666667,1,0,352.47469358681,0,0,0.519859445775057,"Old Dominion",0.0198594457750567,-0.00758831801541671,FALSE,FALSE,TRUE,0.425543148491479,"UNDER",0.0744568515085212,-0.187638129529767,FALSE,0,0,17,37
401761665,2025,14,"Louisiana","UL Monroe",-11,-13.1666666666667,47.5,2.16666666666667,0,1,224.099975448864,0,0,0.27102165689423,"UL Monroe",0.22897834310577,-0.482619656988915,FALSE,FALSE,TRUE,0.595768887305702,"OVER",0.0957688873057022,0.137322805866586,TRUE,0,1,3,57
401761666,2025,14,"Southern Miss","Troy",-6.83333333333333,-6.16666666666667,50.3333333333333,-0.666666666666666,0,0,-85.732364134449,0,0,0.822391408811556,"Southern Miss",0.322391408811556,0.56994519942126,TRUE,FALSE,FALSE,0.434541297570155,"UNDER",0.0654587024298451,-0.170460662938574,FALSE,0,0,-10,46
401761667,2025,14,"Texas State","South Alabama",-9.66666666666667,-9,62.5,-0.666666666666666,0,0,74.3786492693985,0,0,0.751303569659147,"Texas State",0.251303569659147,0.434238514479311,TRUE,FALSE,FALSE,0.388045040234752,"UNDER",0.111954959765248,-0.259222018191859,FALSE,1,1,23,75
401761668,2025,8,"Louisiana","Southern Miss",4.33333333333333,3.66666666666667,54.5,0.666666666666667,0,0,100.211876565102,0,0,0.703394706284964,"Louisiana",0.203394706284964,0.342780494297997,TRUE,FALSE,FALSE,0.552893745656321,"OVER",0.052893745656321,0.0554741604579168,TRUE,0,0,-12,32
401762441,2025,14,"UTSA","Army",-8.5,-6.66666666666667,50.3333333333333,-1.83333333333333,1,0,18.6632933400574,0,0,0.435370513897057,"Army",0.0646294861029434,-0.168877688970519,FALSE,FALSE,FALSE,0.347278436471343,"UNDER",0.152721563528657,-0.337045464776206,FALSE,0,1,-3,51
401762442,2025,14,"North Texas","Temple",-20.3333333333333,-19.1666666666667,65.5,-1.16666666666666,1,0,256.778503175675,0,0,0.645987394804747,"North Texas",0.145987394804747,0.233189936682262,TRUE,TRUE,TRUE,0.483162163020675,"UNDER",0.0168378369793249,-0.0776434307935313,FALSE,1,1,27,77
401762443,2025,10,"UTSA","Tulane",5.83333333333333,4.33333333333333,54.3333333333333,1.5,0,1,-143.507959912215,0,0,0.259457110532395,"Tulane",0.240542889467605,-0.504696375993658,FALSE,FALSE,TRUE,0.514524096022114,"OVER",0.0145240960221138,-0.0177735006937847,FALSE,1,1,22,74
401762458,2025,2,"Navy","UAB",-21.5,-21.25,58.75,-0.25,0,0,138.916180037676,0,0,0.380546302343987,"UAB",0.119453697656013,-0.273537108825329,FALSE,FALSE,FALSE,0.196314539512124,"UNDER",0.303685460487876,-0.625235544071354,FALSE,0,1,14,62
401762459,2025,2,"East Carolina","Campbell",-30.25,-29.75,55.75,-0.5,0,0,88.1528947617951,0,0,0.415656790196705,"Campbell",0.0843432098032954,-0.206511187514491,FALSE,FALSE,FALSE,0.55946300503139,"OVER",0.0594630050313898,0.0680148766049231,TRUE,1,1,53,59
401762460,2025,2,"Florida Atlantic","Florida A&M",-21.25,-20.75,50.75,-0.5,0,0,-158.202517339884,0,0,0.587938639780351,"Florida Atlantic",0.0879386397803505,0.122374863340689,TRUE,FALSE,FALSE,0.737122569099423,"OVER",0.237122569099423,0.407166984410798,TRUE,1,1,42,70
401762461,2025,2,"Western Michigan","North Texas",12.25,10.25,56.25,2,0,1,-72.0792611932986,0,0,0.307677734988613,"North Texas",0.192322265011387,-0.412643203906738,FALSE,FALSE,TRUE,0.57332885266899,"OVER",0.0733288526689898,0.0944847797451016,TRUE,1,1,-3,63
401762462,2025,2,"Temple","Howard",-27.75,-26.5,46.25,-1.25,1,0,-12.3215783987994,0,0,0.221005510387379,"Howard",0.278994489612621,-0.578100480670493,FALSE,FALSE,FALSE,0.678467245440898,"OVER",0.178467245440898,0.295193971546675,TRUE,1,1,48,62
401762463,2025,3,"UAB","Akron",-12.6666666666667,-11.5,59,-1.16666666666667,1,0,80.450966942775,0,0,0.298860630236979,"Akron",0.201139369763021,-0.429475056877607,FALSE,FALSE,FALSE,0.420563046979856,"UNDER",0.0794369530201439,-0.197145143315455,FALSE,0,0,3,59
401762464,2025,3,"Charlotte","Monmouth",-2.66666666666667,-3.5,66,0.833333333333333,0,0,-182.406609751877,0,0,0.431914904622273,"Monmouth",0.0680850953777267,-0.17547444707608,FALSE,FALSE,FALSE,0.682153496276072,"OVER",0.182153496276072,0.302231024391021,TRUE,1,1,7,77
401762465,2025,3,"Tulsa","Navy",13.6666666666667,14.5,52.6666666666667,-0.833333333333334,0,0,-231.880785292116,0,0,0.327491656051999,"Navy",0.172508343948001,-0.374818428596735,FALSE,FALSE,FALSE,0.362387986482566,"UNDER",0.137612013517434,-0.308201333804782,FALSE,0,1,-19,65
401762466,2025,3,"Rice","Prairie View A&M",-29,-29,48.3333333333333,0,0,0,5.80201045195759,0,0,0.751795113799938,"Rice",0.251795113799938,0.435176872244082,TRUE,FALSE,FALSE,0.621728717363082,"OVER",0.121728717363082,0.186880121446124,TRUE,0,1,21,55
401762467,2025,3,"UTSA","Incarnate Word",-21.1666666666667,-17,62.3333333333333,-4.16666666666667,1,0,-90.2929013299074,-1,0,0.449709215734918,"Incarnate Word",0.0502907842650825,-0.141505107162042,FALSE,FALSE,FALSE,0.45982664102012,"UNDER",0.0401733589798798,-0.122190942292591,FALSE,1,1,28,68
401762468,2025,4,"Charlotte","Rice",1.66666666666667,5.5,42,-3.83333333333333,1,0,-72.9219417693978,0,0,0.187296968457486,"Rice",0.312703031542514,-0.64245008721466,FALSE,FALSE,FALSE,0.450939905221336,"UNDER",0.049060094778664,-0.13915572093247,FALSE,0,1,-11,45
401762469,2025,4,"Army","North Texas",2.5,-0.666666666666667,50.6666666666667,3.16666666666667,0,1,39.0135909770283,1,0,0.646537079713231,"Army",0.146537079713231,0.234239285172557,TRUE,FALSE,FALSE,0.374400871054441,"UNDER",0.125599128945559,-0.285268737157072,FALSE,0,1,-7,83
401762470,2025,4,"South Florida","South Carolina State",-36,-31.75,57.8333333333333,-4.25,1,0,-30.1546351194625,0,0,0.285620324821519,"South Carolina State",0.214379675178481,-0.454750799915721,FALSE,FALSE,FALSE,0.688039556037964,"OVER",0.188039556037964,0.313467512476473,TRUE,1,1,49,77
401762471,2025,5,"East Carolina","Army",-3.5,-3,52.5,-0.5,0,0,-59.2226952210387,0,0,0.356414870092614,"Army",0.143585129907386,-0.319604012993199,FALSE,FALSE,FALSE,0.345217175427783,"UNDER",0.154782824572217,-0.340980412108363,FALSE,1,0,22,34
401762472,2025,5,"Florida Atlantic","Memphis",13.8333333333333,13.6666666666667,62.6666666666667,0.166666666666668,0,0,-288.320299434219,1,0,0.563835728423198,"Florida Atlantic",0.0638357284231981,0.0763624055598852,TRUE,FALSE,FALSE,0.502896271959425,"OVER",0.00289627195942455,-0.0399710168294585,FALSE,0,1,-29,81
401762473,2025,5,"Navy","Rice",-14.1666666666667,-14.3333333333333,45.6666666666667,0.166666666666668,0,0,139.60780653295,1,0,0.50378722431845,"Navy",0.0037872243184498,-0.0382701887760793,FALSE,FALSE,FALSE,0.525874081565057,"OVER",0.025874081565057,0.00389362170769381,FALSE,0,0,8,34
401762474,2025,5,"Tulsa","Tulane",14.5,13.8333333333333,52.3333333333333,0.666666666666666,0,0,-244.645232063686,0,0,0.638857728132803,"Tulsa",0.138857728132803,0.219579403005521,TRUE,FALSE,FALSE,0.394171891768337,"UNDER",0.105828108231663,-0.247525858614244,FALSE,0,0,-17,45
401762475,2025,6,"South Florida","Charlotte",-28,-27.5,54.8333333333333,-0.5,0,0,200.216657274549,0,0,0.350053381478988,"Charlotte",0.149946618521012,-0.331748094756611,FALSE,FALSE,FALSE,0.578408412222249,"OVER",0.078408412222249,0.104181658932273,TRUE,0,1,28,80
401762476,2025,6,"UAB","Army",6.5,8,55.5,-1.5,1,0,-111.271247578242,1,0,0.280177405038797,"Army",0.219822594961203,-0.465141333780937,FALSE,FALSE,FALSE,0.393098781449436,"UNDER",0.106901218550564,-0.249574426213027,FALSE,0,0,-18,44
401762477,2025,6,"Rice","Florida Atlantic",-4.66666666666667,-5,55,0.333333333333333,0,0,80.5585306586913,0,0,0.681675416912257,"Rice",0.181675416912257,0.301318370885499,TRUE,FALSE,FALSE,0.45100531310907,"UNDER",0.0489946868909297,-0.139030857274785,FALSE,0,0,-6,48
401762478,2025,6,"Memphis","Tulsa",-21.1666666666667,-21.1666666666667,53.8333333333333,0,0,0,336.059913254251,0,0,0.683702261982934,"Memphis",0.183702261982934,0.305187618125422,TRUE,FALSE,FALSE,0.466437988721906,"UNDER",0.0335620112780937,-0.109569879529881,FALSE,1,0,38,52
401762479,2025,6,"Temple","UTSA",6.5,6.5,58.1666666666667,0,0,0,-145.635432244093,0,0,0.869566295749259,"Temple",0.369566295749259,0.660002058585336,TRUE,FALSE,FALSE,0.449915969797995,"UNDER",0.0500840302020046,-0.141110413655627,FALSE,1,0,6,48
401762480,2025,7,"Tulane","East Carolina",-6.83333333333333,-7.16666666666667,53.5,0.333333333333334,0,0,96.0480720770561,-1,0,0.799565257157314,"Tulane",0.299565257157314,0.526370075913313,TRUE,FALSE,FALSE,0.479736174267355,"UNDER",0.0202638257326446,-0.0841836433236186,FALSE,0,0,7,45
401762481,2025,7,"North Texas","South Florida",-2.5,-1.83333333333333,68.5,-0.666666666666667,0,0,36.521709834396,1,0,0.533212997159658,"North Texas",0.0332129971596582,0.0179036115777875,TRUE,FALSE,FALSE,0.325311927190256,"UNDER",0.174688072809744,-0.378979530993801,FALSE,0,1,-27,99
401762482,2025,7,"Florida Atlantic","UAB",-4.83333333333333,-4.83333333333333,66,0,0,0,5.77663287857627,0,0,0.372409643828048,"UAB",0.127590356171952,-0.289069989932257,FALSE,FALSE,FALSE,0.409306885894468,"UNDER",0.0906931141055323,-0.218633154827461,FALSE,1,1,20,86
401762483,2025,7,"Army","Charlotte",-17.5,-19.5,45.1666666666667,2,0,1,226.354136194895,0,0,0.0867221542639403,"Charlotte",0.41327784573606,-0.834447407510138,FALSE,FALSE,TRUE,0.365084239644974,"UNDER",0.134915760355026,-0.303054186517744,FALSE,0,0,17,31
401762484,2025,7,"Temple","Navy",10.1666666666667,8.5,52.5,1.66666666666667,0,1,-199.747227156864,0,0,0.435585704065689,"Navy",0.064414295934311,-0.1684668909386,FALSE,FALSE,TRUE,0.506536934643356,"OVER",0.00653693464335614,-0.0330209917658331,FALSE,1,1,-1,63
401762485,2025,7,"UTSA","Rice",-9.16666666666667,-12,48.5,2.83333333333333,0,1,90.8414793369348,0,0,0.151777109856083,"Rice",0.348222890143917,-0.710257497284739,FALSE,FALSE,TRUE,0.478616948143773,"UNDER",0.0213830518562274,-0.0863202459935382,FALSE,1,1,48,74
401762486,2025,8,"East Carolina","Tulsa",-16.5,-16.1666666666667,54.6666666666667,-0.333333333333332,0,0,173.754211040653,0,0,0.377144121972169,"Tulsa",0.122855878027831,-0.280031871155129,FALSE,FALSE,FALSE,0.540716963240946,"OVER",0.0407169632409459,0.0322286828269657,TRUE,0,1,14,68
401762487,2025,8,"UAB","Memphis",23.5,21.5,59.5,2,0,1,-327.352131203721,-1,0,0.64790285901039,"UAB",0.14790285901039,0.236846557850834,TRUE,FALSE,FALSE,0.226625462318526,"UNDER",0.273374537681474,-0.567371992433933,FALSE,1,0,7,55
401762488,2025,8,"Tulane","Army",-10,-10.5,44.5,0.5,0,0,75.634858464455,0,0,0.53582776327099,"Tulane",0.0358277632709904,0.0228952000843206,TRUE,FALSE,FALSE,0.36141838262648,"UNDER",0.13858161737352,-0.31005230756605,FALSE,0,0,7,41
401762489,2025,8,"Charlotte","Temple",9.66666666666667,11.6666666666667,47.3333333333333,-2,1,0,-93.7249227278444,0,0,0.319039155282563,"Temple",0.180960844717437,-0.390954252565587,FALSE,FALSE,FALSE,0.691191510279367,"OVER",0.191191510279367,0.319484593123312,TRUE,0,1,-35,63
401762490,2025,8,"South Florida","Florida Atlantic",-20.5,-21.1666666666667,72.5,0.666666666666668,0,0,172.951695765497,0,0,0.230178289922459,"Florida Atlantic",0.269821710077541,-0.560589644538027,FALSE,FALSE,FALSE,0.300252948130014,"UNDER",0.199747051869986,-0.426817122019802,FALSE,1,0,35,61
401762491,2025,8,"North Texas","UTSA",-3.83333333333333,-5.5,64,1.66666666666667,0,1,8.60569825150151,0,0,0.341683445218113,"UTSA",0.158316554781887,-0.347726303078623,FALSE,FALSE,TRUE,0.323294246610709,"UNDER",0.176705753389291,-0.382831283220156,FALSE,1,1,38,72
401762492,2025,9,"Charlotte","North Texas",25.3333333333333,27,60.8333333333333,-1.66666666666667,1,0,-288.957122934725,0,0,0.773183552023246,"Charlotte",0.273183552023246,0.476007400812376,TRUE,TRUE,TRUE,0.246827257592707,"UNDER",0.253172742407293,-0.528806765255523,FALSE,0,1,-34,74
401762493,2025,9,"Navy","Florida Atlantic",-14.5,-14.3333333333333,63.5,-0.166666666666666,0,0,213.539459792795,1,0,0.414087843717372,"Florida Atlantic",0.0859121562826279,-0.209506306343537,FALSE,FALSE,FALSE,0.4259347775355,"UNDER",0.0740652224645004,-0.186890509684731,FALSE,0,1,10,74
401762494,2025,9,"Memphis","South Florida",3.5,1.33333333333333,58.8333333333333,2.16666666666667,0,1,51.3788828176214,0,0,0.406021634041431,"South Florida",0.0939783659585688,-0.224904700614908,FALSE,FALSE,TRUE,0.299699586949667,"UNDER",0.200300413050333,-0.427873488513085,FALSE,1,1,3,65
401762495,2025,9,"Tulsa","Temple",4.33333333333333,6.16666666666667,52.5,-1.83333333333333,1,0,-110.72979370219,0,0,0.877166965635932,"Tulsa",0.377166965635932,0.674511737398994,TRUE,TRUE,TRUE,0.553282455601659,"OVER",0.053282455601659,0.0562162077435671,TRUE,1,1,-1,75
401762497,2025,10,"Rice","Memphis",13.8333333333333,15,48.3333333333333,-1.16666666666667,1,0,-251.048087430812,0,0,0.715861640661221,"Rice",0.215861640661221,0.366579872022271,TRUE,TRUE,TRUE,0.168984210386163,"UNDER",0.331015789613837,-0.677409142372815,FALSE,0,1,-24,52
401762498,2025,10,"Temple","East Carolina",5.33333333333333,4.5,58.3333333333333,0.833333333333333,0,0,-78.8716789187529,-1,0,0.723058417099909,"Temple",0.223058417099909,0.380318518243727,TRUE,FALSE,FALSE,0.361289407625596,"UNDER",0.138710592374404,-0.310298520842738,FALSE,0,1,-31,59
401762499,2025,10,"North Texas","Navy",-6.5,-5.5,68.5,-1,0,0,-38.8099228847204,0,0,0.651868767376317,"North Texas",0.151868767376317,0.244417476921388,TRUE,FALSE,FALSE,0.318344509619913,"UNDER",0.181655490380087,-0.392280331135586,FALSE,1,0,14,48
401762500,2025,11,"South Florida","UTSA",-13.8333333333333,-13,67,-0.833333333333334,0,0,53.4712221933391,0,0,0.641075597346912,"South Florida",0.141075597346912,0.223813315335255,TRUE,FALSE,FALSE,0.213225830366886,"UNDER",0.286774169633114,-0.592951889829615,FALSE,1,1,32,78
401762501,2025,11,"Memphis","Tulane",-3.16666666666667,-6.16666666666667,53.6666666666667,3,0,1,73.187206709053,0,0,0.410339423758579,"Tulane",0.0896605762414214,-0.216662040044873,FALSE,FALSE,TRUE,0.45451824614934,"UNDER",0.0454817538506597,-0.132324668100909,FALSE,0,1,-6,70
401762502,2025,11,"Rice","UAB",-0.333333333333333,-3.66666666666667,51.5,3.33333333333333,0,1,14.637268940224,0,0,0.269748160283167,"UAB",0.230251839716833,-0.485050762019433,FALSE,FALSE,TRUE,0.292743875255857,"UNDER",0.207256124744143,-0.44115194213657,FALSE,1,0,7,41
401762503,2025,11,"Army","Temple",-7.16666666666667,-6.16666666666667,45.3333333333333,-1,0,0,143.971385083471,0,0,0.660707249945637,"Army",0.160707249945637,0.261290140146221,TRUE,FALSE,FALSE,0.563703528298532,"OVER",0.0637035282985317,0.076110035521897,TRUE,0,0,1,27
401762504,2025,11,"East Carolina","Charlotte",-28.3333333333333,-27.8333333333333,56.5,-0.5,0,0,293.011957609676,-1,0,0.909404132419213,"East Carolina",0.409404132419213,0.736052488788278,TRUE,FALSE,FALSE,0.396809978194388,"UNDER",0.103190021805612,-0.242489751626913,FALSE,0,1,26,70
401762505,2025,11,"Florida Atlantic","Tulsa",-4.5,-5.5,60.8333333333333,1,0,0,70.7902008379797,0,0,0.368932925233918,"Tulsa",0.131067074766082,-0.29570704572845,FALSE,FALSE,FALSE,0.369097555418779,"UNDER",0.130902444581221,-0.295392766705551,FALSE,1,1,19,61
401762506,2025,12,"UAB","North Texas",17.5,18.3333333333333,69,-0.833333333333332,0,0,-243.265816298499,-1,0,0.634284844079303,"UAB",0.134284844079303,0.210849767347389,TRUE,FALSE,FALSE,0.481159211556178,"UNDER",0.0188407884438215,-0.0814670651392553,FALSE,0,1,-29,77
401762507,2025,12,"Charlotte","UTSA",17,18,57.5,-1,0,0,-260.01678624432,0,0,0.815558717553188,"Charlotte",0.315558717553188,0.556901591809036,TRUE,FALSE,FALSE,0.15625629727207,"UNDER",0.34374370272793,-0.701706728507618,FALSE,0,0,-21,35
401762508,2025,12,"East Carolina","Memphis",-2.83333333333333,-2.66666666666667,57,-0.166666666666667,0,0,-88.8338836692731,0,0,0.461029956291483,"Memphis",0.0389700437085165,-0.119893813439558,FALSE,FALSE,FALSE,0.54439814077044,"OVER",0.0443981407704405,0.0392560507307709,TRUE,1,1,4,58
401762509,2025,12,"Tulane","Florida Atlantic",-16.8333333333333,-16.5,60.8333333333333,-0.333333333333332,0,0,222.045698097771,0,0,0.510842188344267,"Tulane",0.0108421883442665,-0.0248022624507951,FALSE,FALSE,FALSE,0.476754333333845,"UNDER",0.0232456666661553,-0.0898759776656905,FALSE,0,0,11,59
401762510,2025,12,"Navy","South Florida",8.83333333333333,10.1666666666667,62.6666666666667,-1.33333333333333,1,0,-34.9806811033943,0,0,0.823984605895033,"Navy",0.323984605895033,0.572986612653618,TRUE,TRUE,TRUE,0.304009509952861,"UNDER",0.195990490047139,-0.419645845499989,FALSE,1,1,3,79
401762511,2025,13,"UAB","South Florida",21.6666666666667,21.3333333333333,68.6666666666667,0.333333333333336,0,0,-256.837687578816,0,0,0.308485562411463,"South Florida",0.191514437588537,-0.411101061356518,FALSE,FALSE,FALSE,0.187731696221948,"UNDER",0.312268303778052,-0.641620191912301,FALSE,0,0,-30,66
401762512,2025,13,"Army","Tulsa",-9.83333333333333,-10.6666666666667,43.5,0.833333333333332,0,0,225.269209601727,1,0,0.307102075601839,"Tulsa",0.192897924398161,-0.413742137676089,FALSE,FALSE,FALSE,0.577689156631378,"OVER",0.0776891566313781,0.102808600009301,TRUE,0,1,-1,51
401762513,2025,13,"UTSA","East Carolina",2,3.5,62.1666666666667,-1.5,1,0,-49.9046975026854,0,0,0.834573516775038,"UTSA",0.334573516775038,0.593200843523548,TRUE,TRUE,TRUE,0.451279998416372,"UNDER",0.0487200015836281,-0.138506483023146,FALSE,1,1,34,82
401762514,2025,13,"Rice","North Texas",18.5,17.6666666666667,57,0.833333333333332,0,0,-214.355401851372,1,0,0.54575723927129,"Rice",0.0457572392712896,0.0418505697688919,TRUE,FALSE,FALSE,0.521446091848006,"OVER",0.0214460918480058,-0.00455941066215687,FALSE,0,1,-32,80
401762515,2025,13,"Temple","Tulane",7.5,8.33333333333333,54.3333333333333,-0.833333333333334,0,0,-233.335124206187,1,0,0.689072304990824,"Temple",0.189072304990824,0.315439030227483,TRUE,FALSE,FALSE,0.561470259392262,"OVER",0.0614702593922622,0.0718467251798286,TRUE,0,0,-24,50
401762516,2025,14,"Memphis","Navy",-3.66666666666667,-5.33333333333333,57.5,1.66666666666667,0,1,41.3972681303958,0,0,0.278740224572259,"Navy",0.221259775427741,-0.467884911291558,FALSE,FALSE,TRUE,0.295223142703752,"UNDER",0.204776857296248,-0.436419020578538,FALSE,0,0,-11,45
401762517,2025,14,"Tulsa","UAB",-9.33333333333333,-7.83333333333333,56.5,-1.5,1,0,14.7561619225987,0,0,0.74009202708729,"Tulsa",0.24009202708729,0.412835679709637,TRUE,TRUE,TRUE,0.3419219009355,"UNDER",0.1580780990645,-0.34727109111413,FALSE,0,0,-7,55
401762518,2025,14,"Tulane","Charlotte",-31,-29.3333333333333,52.1666666666667,-1.66666666666667,1,0,419.916779472099,0,0,0.858692364462602,"Tulane",0.358692364462602,0.639243723759107,TRUE,TRUE,TRUE,0.525587151977465,"OVER",0.0255871519774654,0.00334587312498147,FALSE,0,0,27,27
401762519,2025,14,"Florida Atlantic","East Carolina",6.83333333333333,6.66666666666667,66.3333333333333,0.166666666666666,0,0,-153.38921670473,0,0,0.350289513523319,"East Carolina",0.149710486476681,-0.331297318683984,FALSE,FALSE,FALSE,0.446465158812704,"UNDER",0.0535348411872964,-0.147698011826549,FALSE,0,0,-39,45
401762520,2025,14,"South Florida","Rice",-28.3333333333333,-25.6666666666667,57.5,-2.66666666666666,1,0,229.927625106063,0,0,0.427499220561637,"Rice",0.0725007794383632,-0.183903987947835,FALSE,FALSE,FALSE,0.276896378683294,"UNDER",0.223103621316706,-0.471404813093591,FALSE,1,0,49,55
401762521,2025,16,"Navy","Army",-5.5,-4,38.125,-1.5,1,0,62.6927924593549,0,0,0.210484422844191,"Army",0.289515577155809,-0.59818523679044,FALSE,FALSE,FALSE,0.293591661523204,"UNDER",0.206408338476796,-0.439533518152204,FALSE,0,0,1,33
401762794,2025,2,"Buffalo","St. Francis (PA)",-37.25,-36,48.25,-1.25,1,0,75.7542034030114,0,0,0.56231905894938,"Buffalo",0.0623190589493795,0.0734670835343655,TRUE,TRUE,TRUE,0.851025671076358,"OVER",0.351025671076358,0.624608006084767,TRUE,1,1,39,51
401762795,2025,2,"Eastern Michigan","Long Island University",-22,-23,54,1,0,0,22.432287017813,0,0,0.251354908257246,"Long Island University",0.248645091742754,-0.520163480136917,FALSE,FALSE,FALSE,0.212372241865757,"UNDER",0.287627758134243,-0.59458139027827,FALSE,0,0,-5,51
401762816,2025,2,"Massachusetts","Bryant",-15.5,-13.25,52.25,-2.25,1,0,-63.9042179627306,0,0,0.914514844431821,"Massachusetts",0.414514844431821,0.745808838020346,TRUE,TRUE,TRUE,0.568613289890822,"OVER",0.0686132898908218,0.0854827704015789,TRUE,0,1,-1,53
401762817,2025,3,"Kent State","Buffalo",24,22.75,48.1666666666667,1.25,0,1,-204.192584688253,0,0,0.671794777111036,"Kent State",0.171794777111036,0.282456229504967,TRUE,FALSE,FALSE,0.632944259734461,"OVER",0.132944259734461,0.208290591833085,TRUE,1,1,-3,59
401762818,2025,3,"Ball State","New Hampshire",-2.83333333333333,-2,46.5,-0.833333333333333,0,0,-221.716868536945,0,0,0.814204886436629,"Ball State",0.314204886436629,0.554317128207526,TRUE,FALSE,FALSE,0.663904953642903,"OVER",0.163904953642903,0.267394556504303,TRUE,1,1,5,63
401762819,2025,3,"Toledo","Morgan State",-33.6666666666667,-34.1666666666667,54.5,0.5,0,0,136.309378510404,0,0,0.330995329967216,"Morgan State",0.169004670032784,-0.368129915092584,FALSE,FALSE,FALSE,0.773431530675581,"OVER",0.273431530675581,0.476480792059685,TRUE,1,1,60,60
401762820,2025,4,"Western Michigan","Toledo",12.6666666666667,12.6666666666667,48.5,0,0,0,-142.49223591271,0,0,0.480488880262146,"Toledo",0.0195111197378541,-0.0827467275795635,FALSE,FALSE,FALSE,0.502632186426438,"OVER",0.00263218642643814,-0.0404751561119296,FALSE,1,0,1,27
401762821,2025,4,"Akron","Duquesne",-10.5,-8.5,51.3333333333333,-2,1,0,-143.303416903969,0,0,0.257640020480809,"Duquesne",0.242359979519191,-0.508165200902137,FALSE,FALSE,FALSE,0.560205787338099,"OVER",0.0602057873380986,0.0694328480284302,TRUE,1,1,44,58
401762822,2025,4,"Central Michigan","Wagner",-29.6666666666667,-29,46.6666666666667,-0.666666666666668,0,0,87.8797910232097,0,0,0.391608343984384,"Wagner",0.108391656015616,-0.252419671333811,FALSE,FALSE,FALSE,0.412508699217628,"UNDER",0.0874913007823724,-0.212520893193549,FALSE,1,1,39,59
401762823,2025,4,"Ohio","Gardner-Webb",-30.1666666666667,-26.5,55,-3.66666666666667,1,0,122.875334591321,0,0,0.287172667301505,"Gardner-Webb",0.212827332698495,-0.451787378121428,FALSE,FALSE,FALSE,0.413031306262804,"UNDER",0.0869686937371965,-0.211523236344308,FALSE,0,1,17,87
401762824,2025,5,"Toledo","Akron",-21.6666666666667,-21.1666666666667,50,-0.5,0,0,153.982008760044,0,0,0.111164726110242,"Akron",0.388835273889758,-0.787786537855547,FALSE,FALSE,FALSE,0.555660711735825,"OVER",0.0556607117358249,0.0607562987036897,TRUE,1,0,42,48
401762825,2025,5,"Ohio","Bowling Green",-7.66666666666667,-10.5,49.6666666666667,2.83333333333333,0,1,74.7539788930148,0,0,0.559695434239378,"Ohio",0.0596954342393776,0.0684585839629719,TRUE,FALSE,FALSE,0.447457283122893,"UNDER",0.0525427168771069,-0.145804046518397,FALSE,1,1,15,55
401762826,2025,5,"Central Michigan","Eastern Michigan",-3.16666666666667,-5.33333333333333,55.1666666666667,2.16666666666667,0,1,13.6655186072774,0,0,0.482247413474628,"Eastern Michigan",0.0177525865253724,-0.079389687676936,FALSE,FALSE,TRUE,0.455161236859199,"UNDER",0.044838763140801,-0.131097198835789,FALSE,1,0,11,37
401762827,2025,5,"Miami (OH)","Lindenwood",-22.3333333333333,-20.5,49.3333333333333,-1.83333333333333,1,0,60.226837848596,0,0,0.172877986679362,"Lindenwood",0.327122013320638,-0.669975923429098,FALSE,FALSE,FALSE,0.492964792857884,"UNDER",0.00703520714211597,-0.0589302104342994,FALSE,1,0,38,38
401762828,2025,5,"Western Michigan","Rhode Island",-7.66666666666667,-7.5,45.1666666666667,-0.166666666666667,0,0,-204.895915218144,0,0,0.546641515879346,"Western Michigan",0.0466415158793463,0.0435386538136721,TRUE,FALSE,FALSE,0.630829095857313,"OVER",0.130829095857313,0.20425274399161,TRUE,1,1,33,61
401762829,2025,6,"Akron","Central Michigan",7,7,47.5,0,0,0,-56.2091807607146,0,0,0.707504727640797,"Akron",0.207504727640797,0.350626525066282,TRUE,FALSE,FALSE,0.555312410554405,"OVER",0.0553124105544047,0.0600913917483586,TRUE,1,1,6,50
401762830,2025,6,"Ball State","Ohio",14.1666666666667,16.8333333333333,52.1666666666667,-2.66666666666667,1,0,-254.757779832516,1,0,0.694688622035994,"Ball State",0.194688622035994,0.326160579466713,TRUE,TRUE,TRUE,0.489458453553046,"UNDER",0.0105415464469539,-0.0656238121672351,FALSE,1,0,6,34
401762831,2025,6,"Buffalo","Eastern Michigan",-9.5,-9.83333333333333,53.5,0.333333333333334,0,0,102.012970093158,0,0,0.355950882591798,"Eastern Michigan",0.144049117408202,-0.320489765132257,FALSE,FALSE,FALSE,0.387972102265216,"UNDER",0.112027897734784,-0.259361256775703,FALSE,0,1,1,61
401762832,2025,6,"Massachusetts","Western Michigan",12.3333333333333,11.5,46.1666666666667,0.833333333333334,0,0,-172.798991826659,0,0,0.695475178777492,"Massachusetts",0.195475178777492,0.327662116286232,TRUE,FALSE,FALSE,0.700366832751015,"OVER",0.200366832751015,0.337000283721688,TRUE,0,0,-18,24
401762833,2025,7,"Akron","Miami (OH)",11.6666666666667,9.66666666666667,47.5,2,0,1,-158.216500677339,0,0,0.601266374693156,"Akron",0.101266374693156,0.147817509289234,TRUE,FALSE,FALSE,0.626872754854517,"OVER",0.126872754854517,0.196700089017273,TRUE,0,0,-13,27
401762834,2025,7,"Western Michigan","Ball State",-9.5,-9.66666666666667,43,0.166666666666666,0,0,86.2805585779774,0,0,0.296364945257545,"Ball State",0.203635054742455,-0.434239319503346,FALSE,FALSE,FALSE,0.473200849405551,"UNDER",0.0267991505944495,-0.0966595784848041,FALSE,1,0,42,42
401762835,2025,7,"Bowling Green","Toledo",10.6666666666667,8.33333333333333,45.6666666666667,2.33333333333333,0,1,-42.5659945442717,0,0,0.311529820499789,"Toledo",0.188470179500211,-0.405289572665902,FALSE,FALSE,TRUE,0.531116548258997,"OVER",0.0311165482589973,0.0139014906264259,TRUE,1,1,5,51
401762836,2025,7,"Eastern Michigan","Northern Illinois",1.5,-0.333333333333333,48.3333333333333,1.83333333333333,0,1,-55.4994385413161,0,0,0.708842569140515,"Eastern Michigan",0.208842569140515,0.353180464489244,TRUE,FALSE,FALSE,0.574676687233539,"OVER",0.0746766872335389,0.0970577959288258,TRUE,1,0,6,26
401762837,2025,7,"Kent State","Massachusetts",-1.33333333333333,-2.66666666666667,49.6666666666667,1.33333333333333,0,1,1.29400057014345,0,0,0.359925826879826,"Massachusetts",0.140074173120174,-0.312901596486412,FALSE,FALSE,TRUE,0.556930683492611,"OVER",0.0569306834926113,0.0631806747873951,TRUE,1,0,36,48
401762838,2025,8,"Ball State","Akron",1,-1.5,44,2.5,0,1,6.3733063994041,0,0,0.413106767431996,"Akron",0.0868932325680039,-0.211379180972319,FALSE,FALSE,TRUE,0.515986267581699,"OVER",0.0159862675816985,-0.0149822151865375,FALSE,1,1,14,70
401762839,2025,8,"Bowling Green","Central Michigan",-3.16666666666667,-6,43.8333333333333,2.83333333333333,0,1,124.166475975597,-1,0,0.384569981736275,"Central Michigan",0.115430018263725,-0.265855904865451,FALSE,FALSE,TRUE,0.644414659108254,"OVER",0.144414659108254,0.230187584237657,TRUE,0,0,-21,33
401762840,2025,8,"Massachusetts","Buffalo",16.5,17.3333333333333,47.5,-0.833333333333332,0,0,-238.696983118042,-1,0,0.568382295543543,"Massachusetts",0.0683822955435434,0.0850418021926242,TRUE,FALSE,FALSE,0.628100750069718,"OVER",0.128100750069718,0.199044331883091,TRUE,1,1,-7,49
401762841,2025,8,"Miami (OH)","Eastern Michigan",-12.1666666666667,-12.1666666666667,47.3333333333333,0,0,0,177.65620043773,0,0,0.115929256038031,"Eastern Michigan",0.384070743961969,-0.7786910502234,FALSE,FALSE,FALSE,0.589505112235234,"OVER",0.0895051122352345,0.125365259257063,TRUE,1,1,14,74
401762842,2025,8,"Toledo","Kent State",-25.3333333333333,-24.1666666666667,48.5,-1.16666666666666,1,0,239.492966501226,0,0,0.0295378384528843,"Kent State",0.470462161547116,-0.943612266393444,FALSE,FALSE,FALSE,0.529005697141638,"OVER",0.0290056971416377,0.00987187584338639,FALSE,1,1,35,55
401762843,2025,8,"Ohio","Northern Illinois",-10.8333333333333,-12,41.8333333333333,1.16666666666667,0,1,187.886806695567,1,0,0.811578584889663,"Ohio",0.311578584889663,0.549303518554367,TRUE,FALSE,FALSE,0.563576800380174,"OVER",0.0635768003801741,0.0758681119257524,TRUE,1,1,27,69
401762844,2025,9,"Buffalo","Akron",-10.1666666666667,-10.5,48.6666666666667,0.333333333333334,0,0,143.045646232708,0,0,0.524342494874263,"Buffalo",0.0243424948742631,0.00096982271496826,FALSE,FALSE,FALSE,0.488902878983343,"UNDER",0.0110971210166574,-0.0666844040207991,FALSE,0,0,-8,40
401762845,2025,9,"Northern Illinois","Ball State",-6.5,-5.16666666666667,42,-1.33333333333333,1,0,-3.4156260331074,0,0,0.857843602074354,"Northern Illinois",0.357843602074354,0.637623436359942,TRUE,TRUE,TRUE,0.62438059418956,"OVER",0.12438059418956,0.191942554307871,TRUE,1,0,14,28
401762846,2025,9,"Kent State","Bowling Green",7.5,9,47.3333333333333,-1.5,1,0,-194.783643708396,0,0,0.528531744540075,"Kent State",0.0285317445400746,0.00896710032700238,FALSE,FALSE,TRUE,0.682329085920159,"OVER",0.182329085920159,0.302566225021583,TRUE,1,0,3,45
401762847,2025,9,"Central Michigan","Massachusetts",-16.8333333333333,-16.3333333333333,46.5,-0.5,0,0,223.621324982036,0,0,0.616022215453194,"Central Michigan",0.116022215453194,0.175986409300147,TRUE,FALSE,FALSE,0.550979601384856,"OVER",0.0509796013848565,0.051820059043691,TRUE,1,1,25,51
401762848,2025,9,"Eastern Michigan","Ohio",12.3333333333333,10.3333333333333,60.3333333333333,2,0,1,-228.876860199953,0,0,0.136586419508611,"Ohio",0.363413580491389,-0.739256525158062,FALSE,FALSE,TRUE,0.570954138106964,"OVER",0.0709541381069645,0.0899514496461953,TRUE,1,0,-7,49
401762849,2025,10,"Bowling Green","Buffalo",-2.5,-2,44.3333333333333,-0.5,0,0,9.15311823632737,0,0,0.301936136003033,"Buffalo",0.198063863996967,-0.423603916370211,FALSE,FALSE,FALSE,0.488247387730097,"UNDER",0.011752612269903,-0.0679357368232448,FALSE,0,0,-25,31
401762850,2025,10,"Western Michigan","Central Michigan",-5.66666666666667,-6,43.3333333333333,0.333333333333333,0,0,28.1919673316891,0,0,0.698783058968727,"Western Michigan",0.198783058968727,0.333976859571299,TRUE,FALSE,FALSE,0.254883484831091,"UNDER",0.245116515168909,-0.513427427457447,FALSE,0,1,3,45
401762851,2025,11,"Akron","Massachusetts",-12.1666666666667,-10,51.3333333333333,-2.16666666666667,1,0,162.174754885933,0,0,0.656718082175688,"Akron",0.156718082175688,0.253674818873388,TRUE,TRUE,TRUE,0.520861010528049,"OVER",0.0208610105280488,-0.00567633090195485,FALSE,1,1,34,54
401762852,2025,11,"Ohio","Miami (OH)",-2.66666666666667,-3.5,50.6666666666667,0.833333333333333,0,0,26.9382605908311,0,0,0.308292130111061,"Miami (OH)",0.191707869888939,-0.411470323617985,FALSE,FALSE,FALSE,0.363342569183963,"UNDER",0.136657430816037,-0.306379035427814,FALSE,1,0,4,44
401762853,2025,11,"Ball State","Kent State",-3.16666666666667,-3,48.3333333333333,-0.166666666666667,0,0,65.9440190159426,0,0,0.353228676624121,"Kent State",0.146771323375879,-0.325686456324552,FALSE,FALSE,FALSE,0.45400320589601,"UNDER",0.0459967941039899,-0.133307879944517,FALSE,1,0,4,30
401762854,2025,11,"Toledo","Northern Illinois",-15.1666666666667,-14.5,42,-0.666666666666666,0,0,106.950599800542,0,0,0.588270763448125,"Toledo",0.0882707634481248,0.12300888742247,TRUE,FALSE,FALSE,0.471835842880442,"UNDER",0.0281641571195578,-0.0992653759412358,FALSE,1,1,39,45
401762855,2025,11,"Eastern Michigan","Bowling Green",-3.16666666666667,-1.83333333333333,49.3333333333333,-1.33333333333333,1,0,-60.3043497894475,1,0,0.717798812317155,"Eastern Michigan",0.217798812317155,0.370277932713449,TRUE,TRUE,TRUE,0.572069462851719,"OVER",0.0720694628517189,0.0920806045839314,TRUE,1,0,6,48
401762856,2025,12,"Akron","Kent State",-7.5,-4.66666666666667,49.5,-2.83333333333333,1,0,97.9025500551327,0,0,0.703276891265651,"Akron",0.203276891265651,0.342555585426128,TRUE,TRUE,TRUE,0.402947737617106,"UNDER",0.0970522623828945,-0.230772768888946,FALSE,0,1,-7,77
401762857,2025,12,"Western Michigan","Ohio",-1.5,1.83333333333333,47,-3.33333333333333,1,0,-128.408006941815,0,0,0.668781991187025,"Western Michigan",0.168781991187025,0.276704821176031,TRUE,TRUE,TRUE,0.550833932594056,"OVER",0.050833932594056,0.0515419773220529,TRUE,1,0,4,30
401762858,2025,12,"Central Michigan","Buffalo",-2.33333333333333,-2.33333333333333,44.6666666666667,0,0,0,-42.9582087073165,0,0,0.303214938595258,"Buffalo",0.196785061404742,-0.421162682221652,FALSE,FALSE,FALSE,0.543866341105429,"OVER",0.0438663411054292,0.0382408451702643,TRUE,1,1,19,57
401762859,2025,12,"Massachusetts","Northern Illinois",9.16666666666667,11,43.3333333333333,-1.83333333333333,1,0,-192.044075480009,0,0,0.949445932889827,"Massachusetts",0.449445932889827,0.81249228588668,TRUE,TRUE,TRUE,0.652301776125242,"OVER",0.152301776125242,0.245244090623087,TRUE,0,1,-42,48
401762860,2025,12,"Miami (OH)","Toledo",5.83333333333333,2.83333333333333,44.3333333333333,3,0,1,36.6077232548901,0,0,0.331085070371469,"Toledo",0.168914929628531,-0.367958600660865,FALSE,FALSE,TRUE,0.454911561851035,"UNDER",0.0450884381489648,-0.131573828426374,FALSE,0,0,-21,27
401762861,2025,12,"Ball State","Eastern Michigan",2.66666666666667,2.83333333333333,48.6666666666667,-0.166666666666667,0,0,-0.373454642166962,0,0,0.537760247586982,"Ball State",0.0377602475869816,0.0265843126435479,TRUE,FALSE,FALSE,0.452567424185819,"UNDER",0.0474325758141809,-0.136048787229271,FALSE,0,0,-15,33
401762862,2025,13,"Bowling Green","Akron",-2.33333333333333,-4.33333333333333,47.6666666666667,2,0,1,40.8153333873761,0,0,0.153289309153195,"Akron",0.346710690846805,-0.707370708826551,FALSE,FALSE,TRUE,0.4947124032497,"UNDER",0.00528759675030033,-0.0555940221963233,FALSE,0,0,-3,35
401762863,2025,13,"Ohio","Massachusetts",-33.8333333333333,-31.1666666666667,53.3333333333333,-2.66666666666667,1,0,431.825679097102,0,0,0.722621789135104,"Ohio",0.222621789135104,0.379484995458913,TRUE,TRUE,TRUE,0.770411397212129,"OVER",0.270411397212129,0.470715357277954,TRUE,0,1,28,56
401762864,2025,13,"Northern Illinois","Western Michigan",6.83333333333333,6,39.1666666666667,0.833333333333333,0,0,-100.491352387696,0,0,0.589958014458131,"Northern Illinois",0.089958014458131,0.126229849600572,TRUE,FALSE,FALSE,0.61637094045546,"OVER",0.11637094045546,0.176652125329474,TRUE,0,1,-16,54
401762865,2025,13,"Buffalo","Miami (OH)",2.5,-2.33333333333333,38.5,4.83333333333333,0,1,-71.6598476284694,0,0,0.710264863940397,"Buffalo",0.210264863940397,0.355895625262218,TRUE,FALSE,FALSE,0.575683450041047,"OVER",0.075683450041047,0.0989797061283588,TRUE,0,1,-17,57
401762866,2025,13,"Kent State","Central Michigan",7.5,7.5,50.5,0,0,0,-152.948972348813,0,0,0.80269889236583,"Kent State",0.30269889236583,0.532352185526369,TRUE,FALSE,FALSE,0.537111887530771,"OVER",0.0371118875307707,0.0253465932962412,TRUE,0,0,-12,44
401762867,2025,13,"Toledo","Ball State",-29.1666666666667,-25.5,45.5,-3.66666666666667,1,0,230.409903785014,0,0,0.80090184063003,"Toledo",0.30090184063003,0.528921613762727,TRUE,TRUE,TRUE,0.719737294613414,"OVER",0.219737294613414,0.373978495417007,TRUE,0,1,29,47
401762868,2025,14,"Massachusetts","Bowling Green",14.1666666666667,15.5,44.5,-1.33333333333333,1,0,-213.504817940531,0,0,0.862902395534854,"Massachusetts",0.362902395534854,0.647280673076037,TRUE,TRUE,TRUE,0.601566831286334,"OVER",0.101566831286334,0.148391080925611,TRUE,0,1,-31,59
401762869,2025,14,"Eastern Michigan","Western Michigan",9.83333333333333,6.16666666666667,49.3333333333333,3.66666666666667,0,1,-128.13621073288,0,0,0.853050760749517,"Eastern Michigan",0.353050760749517,0.628473902270828,TRUE,FALSE,FALSE,0.683433972090103,"OVER",0.183433972090103,0.304675452720007,TRUE,0,1,-10,52
401762870,2025,14,"Buffalo","Ohio",7.16666666666667,5.66666666666667,44.8333333333333,1.5,0,1,-175.161814347,0,0,0.474864170526967,"Ohio",0.0251358294730328,-0.0934842984640197,FALSE,FALSE,TRUE,0.630403133550407,"OVER",0.130403133550407,0.203439581947727,TRUE,1,1,-5,57
401762871,2025,14,"Northern Illinois","Kent State",-5,-4.66666666666667,44.6666666666667,-0.333333333333333,0,0,85.8960105732428,0,0,0.579639624071562,"Northern Illinois",0.0796396240715624,0.106532042352613,TRUE,FALSE,FALSE,0.636384335142769,"OVER",0.136384335142769,0.214857695787545,TRUE,0,1,-4,66
401762872,2025,14,"Central Michigan","Toledo",11.1666666666667,9.66666666666667,46.5,1.5,0,1,-92.5045533773809,0,0,0.685716860821296,"Central Michigan",0.185716860821296,0.309033487307854,TRUE,FALSE,FALSE,0.532287509107428,"OVER",0.0322875091074284,0.0161368548860808,TRUE,0,0,-18,24
401762873,2025,6,"Northern Illinois","Miami (OH)",4.66666666666667,2.83333333333333,38.5,1.83333333333333,0,1,-73.0638674945983,0,0,0.506441948563895,"Northern Illinois",0.00644194856389491,-0.0332023201915246,FALSE,FALSE,FALSE,0.557487004636043,"OVER",0.0574870046360428,0.0642426918502058,TRUE,0,1,-11,39
401762874,2025,9,"Miami (OH)","Western Michigan",-2.5,-2.66666666666667,40.3333333333333,0.166666666666667,0,0,70.8599479422514,-1,0,0.315183028173653,"Western Michigan",0.184816971826347,-0.398315599216496,FALSE,FALSE,FALSE,0.639436399007408,"OVER",0.139436399007408,0.220684085705142,TRUE,1,1,9,43
401762875,2025,14,"Miami (OH)","Ball State",-16.6666666666667,-17.5,40.5,0.833333333333332,0,0,226.46812048515,0,0,0.390100228491431,"Ball State",0.109899771508569,-0.255298663809858,FALSE,FALSE,FALSE,0.580993168493639,"OVER",0.0809931684936386,0.109115958654356,TRUE,1,1,21,69
401767031,2025,4,"Campbell","Bryant",1.5,1.5,51.5,0,0,0,-80.111765748215,0,0,0.599871387295779,"Campbell",0.0998713872957795,0.145154478347643,TRUE,FALSE,FALSE,0.474002415805799,"UNDER",0.0259975841942007,-0.095129388226729,FALSE,1,1,2,98
401767032,2025,5,"Bryant","Towson",9.5,9.5,54.5,0,0,0,-80.1713017972618,0,0,0.376386979270677,"Towson",0.123613020729323,-0.281477256572278,FALSE,FALSE,FALSE,0.543603881667203,"OVER",0.043603881667203,0.0377398101026905,TRUE,1,0,-2,50
401767033,2025,6,"Bryant","Maine",-2.5,-2.5,49.5,0,0,0,12.672130330631,0,0,0.339278371253719,"Maine",0.160721628746281,-0.352317589276651,FALSE,FALSE,FALSE,0.522479440466453,"OVER",0.0224794404664532,-0.0025867481495408,FALSE,0,0,-20,48
401767034,2025,7,"Bryant","Brown",4.5,4.5,54.5,0,0,0,-80.2435854494097,0,0,0.531480218438716,"Bryant",0.0314802184387156,0.0145957369995082,TRUE,FALSE,FALSE,0.502889885952033,"OVER",0.00288988595203299,-0.039983207717569,FALSE,0,0,-10,48
401767060,2025,3,"Northern Iowa","Eastern Washington",-4.5,-4.5,54.5,0,0,0,5.24014608478001,0,0,0.374806561569436,"Eastern Washington",0.125193438430564,-0.284494273963947,FALSE,FALSE,FALSE,0.442543961264225,"UNDER",0.057456038735775,-0.155183577946594,FALSE,0,0,3,31
401767061,2025,4,"Eastern Washington","Western Illinois",-13,-13,58.5,0,0,0,53.6464998072856,0,0,0.492298372136585,"Western Illinois",0.00770162786341505,-0.0602024075912593,FALSE,FALSE,FALSE,0.415506077347697,"UNDER",0.0844939226523027,-0.206798898343246,FALSE,1,1,21,83
401767062,2025,5,"Montana State","Eastern Washington",-21,-21,57.5,0,0,0,241.678040157903,0,0,0.273083894082405,"Eastern Washington",0.226916105917595,-0.478682846196689,FALSE,FALSE,FALSE,0.467101780739212,"UNDER",0.0328982192607879,-0.108302700568844,FALSE,1,1,54,60
401767063,2025,6,"Eastern Washington","Portland State",-11,-11,59.5,0,0,0,90.3884040424684,0,0,0.520237816478273,"Eastern Washington",0.0202378164782728,-0.00686600834297713,FALSE,FALSE,FALSE,0.430809642020355,"UNDER",0.0691903579796448,-0.177584393383142,FALSE,0,1,8,62
401767065,2025,9,"Weber State","Eastern Washington",1.5,1.5,57.5,0,0,0,-21.4997671397441,0,0,0.328836755023772,"Eastern Washington",0.171163244976228,-0.372250634659619,FALSE,FALSE,FALSE,0.410591303454528,"UNDER",0.0894086965454721,-0.216181201705306,FALSE,0,0,-3,43
401767066,2025,10,"Eastern Washington","Sacramento State",8.5,8.5,59.5,0,0,0,0.911320148382629,0,0,0.463957361287949,"Sacramento State",0.0360426387120515,-0.114305397301306,FALSE,FALSE,FALSE,0.429750515822546,"UNDER",0.0702494841774544,-0.17960626529476,FALSE,0,0,-22,48
401767067,2025,12,"Eastern Washington","Northern Colorado",-3.5,-3.5,54.5,0,0,0,119.878673984069,0,0,0.537036025678,"Eastern Washington",0.0370360256779996,0.0252017730193012,TRUE,FALSE,FALSE,0.458777884608811,"UNDER",0.041222115391189,-0.12419301828178,FALSE,1,0,20,34
401767068,2025,13,"Cal Poly","Eastern Washington",-2.5,-2.5,56.5,0,0,0,-88.0405979933839,0,0,0.802361011321351,"Cal Poly",0.302361011321351,0.53170717061246,TRUE,FALSE,FALSE,0.474061057162031,"UNDER",0.0259389428379693,-0.0950174418776834,FALSE,1,1,9,77
401767069,2025,11,"Montana","Eastern Washington",-27,-27,62.5,0,0,0,270.725341541953,0,0,0.603231422364973,"Montana",0.103231422364973,0.151568785294734,TRUE,FALSE,FALSE,0.479748692485376,"UNDER",0.020251307514624,-0.0841597460454171,FALSE,0,0,5,53
401767072,2025,4,"Stephen F. Austin","Cal Poly",-10.5,-10.5,54.5,0,0,0,32.6298085855865,0,0,0.362765474896186,"Cal Poly",0.137234525103814,-0.307480708423182,FALSE,FALSE,FALSE,0.441929384484424,"UNDER",0.0580706155155761,-0.156356805019235,FALSE,1,0,18,52
401767073,2025,5,"Sacramento State","Cal Poly",-18,-18,57.5,0,0,0,45.9735901059485,0,0,0.720115607247878,"Sacramento State",0.220115607247878,0.374700694236199,TRUE,FALSE,FALSE,0.370574947016373,"UNDER",0.129425052983627,-0.292572426145743,FALSE,0,0,-8,56
401767075,2025,9,"Cal Poly","Montana State",21.5,21.5,55.5,0,0,0,-295.594114204018,0,0,0.18116022709424,"Montana State",0.31883977290576,-0.654165126477097,FALSE,FALSE,FALSE,0.434458400170695,"UNDER",0.0655415998293054,-0.170618914074144,FALSE,1,0,-17,51
401767076,2025,10,"Cal Poly","Portland State",-18,-18,54.5,0,0,0,134.038508758663,0,0,0.642490643959367,"Cal Poly",0.142490643959367,0.226514639318432,TRUE,FALSE,FALSE,0.52028131465862,"OVER",0.0202813146586202,-0.00678297031669411,FALSE,0,1,-5,75
401767077,2025,11,"Idaho State","Cal Poly",-7.5,-7.5,62.5,0,0,0,2.8400206578915,0,0,0.338149583841565,"Cal Poly",0.161850416158435,-0.354472444446452,FALSE,FALSE,FALSE,0.413433532297638,"UNDER",0.0865664677023619,-0.210755386843809,FALSE,1,0,10,44
401767078,2025,12,"Northern Arizona","Cal Poly",-11.5,-11.5,57.5,0,0,0,169.550507052303,0,0,0.338288313569326,"Cal Poly",0.161711686430674,-0.354207609396157,FALSE,FALSE,FALSE,0.425395873811685,"UNDER",0.0746041261883145,-0.187919276893492,FALSE,0,1,8,62
401767079,2025,7,"Montana","Cal Poly",-17.5,-17.5,63.5,0,0,0,216.891197128795,0,0,0.191847072957928,"Cal Poly",0.308152927042072,-0.633763937723316,FALSE,FALSE,FALSE,0.248439493441446,"UNDER",0.251560506558554,-0.52572900702028,FALSE,1,0,19,37
401767082,2025,5,"Northern Colorado","Idaho State",3.5,3.5,54.5,0,0,0,-58.8893845542675,0,0,0.640105179664389,"Northern Colorado",0.140105179664389,0.221960787979319,TRUE,FALSE,FALSE,0.446987272803249,"UNDER",0.0530127271967514,-0.146701296218598,FALSE,0,0,-8,44
401767083,2025,6,"Idaho State","Montana",13.5,13.5,62.5,0,0,0,-236.197524095017,0,0,0.217041821811081,"Montana",0.282958178188919,-0.585667162162645,FALSE,FALSE,FALSE,0.280627374865091,"UNDER",0.219372625134909,-0.464282341382541,FALSE,1,1,-4,80
401767084,2025,7,"Montana State","Idaho State",-22.5,-22.5,58.5,0,0,0,315.362526132188,0,0,0.238310955204094,"Idaho State",0.261689044795906,-0.545064386515385,FALSE,FALSE,FALSE,0.334471594131049,"UNDER",0.165528405868951,-0.361493726803827,FALSE,1,1,34,62
401767085,2025,9,"Idaho State","Northern Arizona",3,3,62.5,0,0,0,-127.814795921986,0,0,0.240624070058481,"Northern Arizona",0.259375929941519,-0.54064865025836,FALSE,FALSE,FALSE,0.573355219615348,"OVER",0.0733552196153484,0.0945351142457002,TRUE,0,0,-13,49
401767086,2025,10,"UC Davis","Idaho State",-11.5,-11.5,64.5,0,0,0,278.016670809553,0,0,0.604840083659107,"UC Davis",0.104840083659107,0.154639719705235,TRUE,FALSE,FALSE,0.350809862583992,"UNDER",0.149190137416008,-0.33030397232716,FALSE,0,1,-2,74
401767087,2025,12,"Idaho State","Weber State",-13.5,-13.5,59.5,0,0,0,10.605003209183,0,0,0.32097798008216,"Weber State",0.17902201991784,-0.387253036023156,FALSE,FALSE,FALSE,0.360052870171929,"UNDER",0.139947129828071,-0.312659070841788,FALSE,1,0,28,34
401767088,2025,13,"Idaho","Idaho State",-2.5,-2.5,59.5,0,0,0,55.4716180864098,0,0,0.629300784606618,"Idaho",0.129300784606618,0.201335197814034,TRUE,FALSE,FALSE,0.425261784648504,"UNDER",0.0747382153514964,-0.188175253106007,FALSE,0,0,-21,53
401767089,2025,2,"Idaho","St. Thomas (MN)",-21.5,-21.5,47.5,0,0,0,57.8820809552694,0,0,0.333952563754329,"St. Thomas (MN)",0.166047436245671,-0.362484555792986,FALSE,FALSE,FALSE,0.372445100543031,"UNDER",0.127554899456969,-0.289002303063353,FALSE,0,1,7,67
401767090,2025,3,"Idaho","Utah Tech",-16.5,-16.5,52.5,0,0,0,271.967855408107,0,0,0.7635846619118,"Idaho",0.2635846619118,0.457683119589627,TRUE,FALSE,FALSE,0.496170909480875,"UNDER",0.00382909051912544,-0.0528097338010104,FALSE,0,0,14,26
401767091,2025,5,"Montana","Idaho",-7.5,-7.5,55.5,0,0,0,44.2909266435975,0,0,0.574326770555892,"Montana",0.074326770555892,0.0963898049911979,TRUE,FALSE,FALSE,0.424474376175734,"UNDER",0.0755256238242661,-0.189678415880524,FALSE,1,1,11,71
401767092,2025,8,"Eastern Washington","Idaho",7.5,7.5,59.5,0,0,0,-80.8807114693386,1,0,0.558471952052128,"Eastern Washington",0.0584719520521275,0.0661229564675114,TRUE,FALSE,FALSE,0.294152517378622,"UNDER",0.205847482621378,-0.43846284432421,FALSE,1,0,7,35
401767093,2025,9,"Idaho","Portland State",-21.5,-21.5,55.5,0,0,0,201.340031882637,0,0,0.345942615938814,"Portland State",0.154057384061186,-0.339595546172805,FALSE,FALSE,FALSE,0.477370860998052,"UNDER",0.0226291390019481,-0.088699026354719,FALSE,1,0,39,51
401767094,2025,10,"Northern Arizona","Idaho",-5.5,-5.5,52.5,0,0,0,34.0158373564993,0,0,0.150645188718848,"Idaho",0.349354811281152,-0.712418334735718,FALSE,FALSE,FALSE,0.436079806936915,"UNDER",0.0639201930630852,-0.16752364855743,FALSE,0,1,-3,67
401767095,2025,11,"Idaho","UC Davis",2.5,2.5,59.5,0,0,0,-103.87253828253,0,0,0.476867728738619,"UC Davis",0.0231322712613812,-0.0896595058379767,FALSE,FALSE,FALSE,0.35685169089441,"UNDER",0.14314830910559,-0.318770122082571,FALSE,0,0,-14,42
401767096,2025,12,"Sacramento State","Idaho",-7,-7,59.5,0,0,0,28.836707646622,0,0,0.551395039593286,"Sacramento State",0.0513950395932855,0.0526131305835821,TRUE,FALSE,FALSE,0.338807117833876,"UNDER",0.161192882166124,-0.353217212055131,FALSE,0,0,3,43
401767098,2025,3,"Montana","North Dakota",-1.5,-1.5,54.5,0,0,0,116.003058899394,0,0,0.166945841834044,"North Dakota",0.333054158165956,-0.68130038793881,FALSE,FALSE,FALSE,0.602917081757798,"OVER",0.102917081757798,0.150968709075636,TRUE,0,0,1,47
401767099,2025,4,"Montana","Indiana State",-21,-21,56.5,0,0,0,203.170961086942,0,0,0.274356459428417,"Indiana State",0.225643540571583,-0.476253518951152,FALSE,FALSE,FALSE,0.486008480898648,"UNDER",0.0139915191013521,-0.0722098099644811,FALSE,1,1,43,83
401767100,2025,8,"Montana","Sacred Heart",-26.5,-26.5,57.5,0,0,0,209.006577899388,0,0,0.123643993372963,"Sacred Heart",0.376356006627037,-0.763963616651015,FALSE,FALSE,FALSE,0.41209413666764,"UNDER",0.0879058633323602,-0.213312293101476,FALSE,0,1,22,64
401767101,2025,9,"Sacramento State","Montana",6,6,61.5,0,0,0,-183.630777950003,0,0,0.41644264945256,"Montana",0.0835573505474395,-0.205010982195062,FALSE,FALSE,FALSE,0.390268486080096,"UNDER",0.109731513919904,-0.254977460073098,FALSE,0,1,-14,84
401767102,2025,10,"Weber State","Montana",19.5,19.5,61.5,0,0,0,-271.753045455973,0,0,0.702267153830269,"Weber State",0.202267153830269,0.340627996661984,TRUE,FALSE,FALSE,0.273580319078127,"UNDER",0.226419680921873,-0.477735170879856,FALSE,0,0,-21,55
401767103,2025,12,"Portland State","Montana",30.5,30.5,60.5,0,0,0,-424.532420382496,0,0,0.591710715105594,"Portland State",0.0917107151055943,0.129575755136579,TRUE,FALSE,FALSE,0.304563738976278,"UNDER",0.195436261023722,-0.418587822294285,FALSE,0,1,-46,80
401767104,2025,13,"Montana","Montana State",4.5,4.5,59.5,0,0,0,-48.9729070812575,0,0,0.422024932673334,"Montana State",0.0779750673266664,-0.194354403526606,FALSE,FALSE,FALSE,0.405371980747025,"UNDER",0.0946280192529752,-0.22614488875393,FALSE,1,0,-3,59
401767105,2025,2,"Montana State","South Dakota State",3,3,50.5,0,0,0,-54.1655498383823,0,0,0.634032444270533,"Montana State",0.134032444270533,0.210367936112447,TRUE,FALSE,FALSE,0.555053918696925,"OVER",0.0550539186969249,0.0595979307924296,TRUE,0,1,-6,54
401767106,2025,3,"Montana State","San Diego",-31,-31,52.5,0,0,0,147.809135632516,0,0,0.61452322732361,"Montana State",0.11452322732361,0.173124840960772,TRUE,FALSE,FALSE,0.555072537262501,"OVER",0.0550725372625012,0.0596334736341148,TRUE,1,0,34,48
401767107,2025,4,"Montana State","Mercyhurst",-29.5,-29.5,60.5,0,0,0,273.664389481645,0,0,0.62347632660136,"Montana State",0.12347632660136,0.190216307481995,TRUE,FALSE,FALSE,0.414348619815848,"UNDER",0.0856513801841516,-0.209008484771545,FALSE,0,0,17,17
401767108,2025,6,"Northern Arizona","Montana State",7.5,7.5,59.5,0,0,0,-122.170050775159,0,0,0.337225678672762,"Montana State",0.162774321327238,-0.356236179413698,FALSE,FALSE,FALSE,0.498661853489007,"UNDER",0.00133814651099301,-0.0480545216894856,FALSE,0,0,-24,44
401767109,2025,10,"Northern Colorado","Montana State",23.5,23.5,52.5,0,0,0,-399.779015528473,0,0,0.361778627786194,"Montana State",0.138221372213806,-0.309364599556156,FALSE,FALSE,FALSE,0.533407873329019,"OVER",0.0334078733290191,0.0182756301850974,TRUE,0,1,-48,62
401767110,2025,11,"Montana State","Weber State",-28.5,-28.5,57.5,0,0,0,338.216983950613,0,0,0.364103184057894,"Weber State",0.135896815942106,-0.304927021633481,FALSE,FALSE,FALSE,0.281792100032142,"UNDER",0.218207899967858,-0.462058881038641,FALSE,1,1,52,80
401767111,2025,12,"Montana State","UC Davis",-19,-19,61.5,0,0,0,97.6714365051473,0,0,0.574024079619873,"Montana State",0.074024079619873,0.0958119679943376,TRUE,FALSE,FALSE,0.294681946213499,"UNDER",0.205318053786501,-0.43745216467843,FALSE,1,0,21,55
401767112,2025,2,"Northern Arizona","Utah Tech",-21,-21,55.5,0,0,0,175.528244014334,0,0,0.293972303124643,"Utah Tech",0.206027696875357,-0.438806873335057,FALSE,FALSE,FALSE,0.537802220292122,"OVER",0.037802220292122,0.0266644385376609,TRUE,0,1,7,69
401767113,2025,3,"Southern Utah","Northern Arizona",3.5,3.5,55.5,0,0,0,26.7139191832384,0,0,0.187129994040219,"Northern Arizona",0.312870005959781,-0.642768841377222,FALSE,FALSE,FALSE,0.446177011018201,"UNDER",0.053822988981799,-0.148248085966254,FALSE,1,1,-3,101
401767114,2025,4,"Northern Arizona","Incarnate Word",-5.5,-5.5,54.5,0,0,0,-26.5092828341033,0,0,0.593555124519396,"Northern Arizona",0.0935551245193964,0.133096732707528,TRUE,FALSE,FALSE,0.50073449006822,"OVER",0.00073449006822035,-0.0440978584597673,FALSE,1,0,8,54
401767115,2025,5,"Portland State","Northern Arizona",21,21,54.5,0,0,0,-199.079101303762,1,0,0.674984275484856,"Portland State",0.174984275484856,0.28854498190059,TRUE,FALSE,FALSE,0.501394604185989,"OVER",0.00139460418598936,-0.0428377006089463,FALSE,1,0,-14,48
401767116,2025,7,"UC Davis","Northern Arizona",-7,-7,62.5,0,0,0,80.6870748294941,0,0,0.484191693817812,"Northern Arizona",0.0158083061821878,-0.0756780565017964,FALSE,FALSE,FALSE,0.41778066269095,"UNDER",0.0822193373090498,-0.202456714922976,FALSE,1,1,21,69
401767117,2025,11,"Northern Arizona","Northern Colorado",-12.5,-12.5,56.5,0,0,0,199.646371344787,0,0,0.690418183577682,"Northern Arizona",0.190418183577682,0.318008312449795,TRUE,FALSE,FALSE,0.504822301442806,"OVER",0.00482230144280593,-0.0362942265456835,FALSE,1,1,39,59
401767118,2025,13,"Weber State","Northern Arizona",14,14,58.5,0,0,0,-174.109098426559,0,0,0.419484592314573,"Northern Arizona",0.0805154076854271,-0.19920391327148,FALSE,FALSE,FALSE,0.481210462291894,"UNDER",0.0187895377081059,-0.0813692274847741,FALSE,1,1,20,76
401767120,2025,3,"South Dakota","Northern Colorado",-21.5,-21.5,50.5,0,0,0,261.247340717568,0,0,0.686136595942385,"South Dakota",0.186136595942385,0.309834761654013,TRUE,FALSE,FALSE,0.567922525692484,"OVER",0.067922525692484,0.084164101546952,TRUE,0,0,7,41
401767121,2025,4,"Houston Christian","Northern Colorado",-1.5,-1.5,47.5,0,0,0,108.891766777233,0,0,0.384643967226091,"Northern Colorado",0.115356032773909,-0.265714666565391,FALSE,FALSE,FALSE,0.420441360120938,"UNDER",0.0795586398790625,-0.19737744352913,FALSE,0,1,-3,49
401767122,2025,7,"Idaho","Northern Colorado",-18.5,-18.5,47.5,0,0,0,260.952399676588,0,0,0.397022084285669,"Northern Colorado",0.102977915714331,-0.242084841098658,FALSE,FALSE,FALSE,0.432640333770849,"UNDER",0.0673596662291515,-0.17408960283145,FALSE,0,1,-16,82
401767123,2025,8,"Sacramento State","Northern Colorado",-15,-15,54.5,0,0,0,127.499107933678,0,0,0.305740051546138,"Northern Colorado",0.194259948453862,-0.416342241598422,FALSE,FALSE,FALSE,0.516226513768152,"OVER",0.0162265137681517,-0.0145235852165985,FALSE,0,1,5,75
401767124,2025,9,"Northern Colorado","UC Davis",8.5,8.5,57.5,0,0,0,-293.273628605319,-1,0,0.497248025556942,"UC Davis",0.00275197444305825,-0.0507535192117981,FALSE,FALSE,FALSE,0.471597436413391,"UNDER",0.0284025635866085,-0.0997204938868357,FALSE,0,0,-11,43
401767125,2025,13,"Northern Colorado","Portland State",-10.5,-10.5,56.5,0,0,0,17.8771041630987,0,0,0.32454704872153,"Portland State",0.17545295127847,-0.380439683990598,FALSE,FALSE,FALSE,0.418960869571383,"UNDER",0.0810391304286173,-0.20020369998823,FALSE,1,0,11,37
401767127,2025,2,"North Dakota","Portland State",-36.5,-36.5,58.5,0,0,0,84.7635595969082,0,0,0.264304364182907,"Portland State",0.235695635817093,-0.495442968774831,FALSE,FALSE,FALSE,0.530347355579308,"OVER",0.0303473555793077,0.0124331018008983,TRUE,0,1,30,70
401767128,2025,8,"Portland State","Weber State",6,6,53.5,0,0,0,-89.8257832166071,1,0,0.679160063875791,"Portland State",0.179160063875791,0.296516561938886,TRUE,FALSE,FALSE,0.430888783195577,"UNDER",0.0691112168044228,-0.177433312879643,FALSE,0,1,-16,70
401767129,2025,11,"Portland State","Sacramento State",20.5,20.5,59.5,0,0,0,-201.767241541486,0,0,0.566170238312979,"Portland State",0.066170238312979,0.0808189849394768,TRUE,FALSE,FALSE,0.239392573346287,"UNDER",0.260607426653713,-0.542999577481938,FALSE,0,1,-28,76
401767131,2025,3,"Sacramento State","Mercyhurst",-21.5,-21.5,57.5,0,0,0,-5.87211840418286,0,0,0.757320274688042,"Sacramento State",0.257320274688042,0.445724404379471,TRUE,FALSE,FALSE,0.516609429477784,"OVER",0.0166094294777841,-0.0137925991269102,FALSE,0,1,21,77
401767132,2025,4,"Sacramento State","Central Arkansas",-15.5,-15.5,59.5,0,0,0,-6.61538522925457,0,0,0.243368689109628,"Central Arkansas",0.256631310890372,-0.535409172489719,FALSE,FALSE,FALSE,0.498007896208043,"UNDER",0.00199210379195663,-0.0493029261388451,FALSE,1,1,29,61
401767133,2025,7,"Weber State","Sacramento State",8.5,8.5,55.5,0,0,0,9.86581293244149,0,0,0.749604221640351,"Weber State",0.249604221640351,0.43099445911143,TRUE,FALSE,FALSE,0.546069684962099,"OVER",0.046069684962099,0.0424470285926469,TRUE,0,1,-28,82
401767134,2025,13,"UC Davis","Sacramento State",-5,-5,63.5,0,0,0,95.5446514352591,0,0,0.502776491267682,"UC Davis",0.00277649126768154,-0.0401996781699959,FALSE,FALSE,FALSE,0.436626175432991,"UNDER",0.0633738245670086,-0.166480631098419,FALSE,0,0,4,58
401767136,2025,10,"Bryant","Monmouth",14,14,59.5,0,0,0,-265.720102610755,0,0,0.42838826951198,"Monmouth",0.0716117304880197,-0.18220679350163,FALSE,FALSE,FALSE,0.413093011165641,"UNDER",0.0869069888343587,-0.211405441684791,FALSE,0,0,-28,42
401767137,2025,11,"UAlbany","Bryant",3.5,3.5,44.5,0,0,0,-7.97191887897839,0,0,0.587913565234651,"UAlbany",0.0879135652346514,0.12232699603295,TRUE,FALSE,FALSE,0.660044433767676,"OVER",0.160044433767676,0.260024824062493,TRUE,1,1,-3,51
401767138,2025,12,"Bryant","New Hampshire",11,11,46.5,0,0,0,-236.936192528329,0,0,0.251099825957448,"New Hampshire",0.248900174042552,-0.520650432247232,FALSE,FALSE,FALSE,0.535851514185257,"OVER",0.0358515141852569,0.0229405405796554,TRUE,0,1,-28,56
401767139,2025,13,"Stony Brook","Bryant",-18.5,-18.5,52.5,0,0,0,157.527225559715,0,0,0.712893172355935,"Stony Brook",0.212893172355935,0.360913066027481,TRUE,FALSE,FALSE,0.450884371553068,"UNDER",0.0491156284469317,-0.139261734705193,FALSE,0,1,7,63
401767141,2025,3,"Campbell","Furman",1.5,1.5,53.5,0,0,0,-83.3042987181027,0,0,0.371039026735501,"Furman",0.128960973264499,-0.291686497961928,FALSE,FALSE,FALSE,0.505529616338251,"OVER",0.00552961633825133,-0.0349439624102782,FALSE,0,0,-4,52
401767142,2025,5,"Campbell","Western Carolina",6.5,6.5,68.5,0,0,0,-107.209061199501,0,0,0.582648232577624,"Campbell",0.0826482325776242,0.112275475990685,TRUE,FALSE,FALSE,0.307575138957593,"UNDER",0.192424861042407,-0.412839059729955,FALSE,0,1,-7,77
401767143,2025,7,"Hampton","Campbell",3.5,3.5,56.5,0,0,0,73.5719879931835,0,0,0.466528644285387,"Campbell",0.0334713557146133,-0.109396818059197,FALSE,FALSE,FALSE,0.252244787762888,"UNDER",0.247755212237112,-0.518464700160647,FALSE,0,1,-17,59
401767144,2025,8,"Campbell","New Hampshire",2.5,2.5,52.5,0,0,0,-122.062553871178,0,0,0.508865550721426,"Campbell",0.00886555072142592,-0.0285756636727979,FALSE,FALSE,FALSE,0.527453824979718,"OVER",0.0274538249797185,0.00690935188628261,FALSE,0,0,-14,34
401767145,2025,9,"North Carolina A&T","Campbell",3,3,55.5,0,0,0,-84.0699154980232,1,0,0.474065746100376,"Campbell",0.0259342538996237,-0.0950084906943816,FALSE,FALSE,FALSE,0.429097978705158,"UNDER",0.0709020212948421,-0.180851958651854,FALSE,1,0,4,52
401767146,2025,11,"Campbell","William & Mary",6.5,6.5,56.5,0,0,0,-163.420496730849,1,0,0.372543403791684,"William & Mary",0.127456596208316,-0.288814642161675,FALSE,FALSE,FALSE,0.577659516150157,"OVER",0.0776595161501572,0.10275201633065,TRUE,1,1,-3,57
401767147,2025,12,"Campbell","Elon",4,4,52.5,0,0,0,-145.179360859045,0,0,0.382233950497136,"Elon",0.117766049502864,-0.270315388500967,FALSE,FALSE,FALSE,0.492939253048754,"UNDER",0.00706074695124614,-0.0589789659299289,FALSE,0,1,-7,55
401767148,2025,13,"Towson","Campbell",-8.5,-8.5,54.5,0,0,0,164.293374845814,0,0,0.518170571239276,"Towson",0.0181705712392765,-0.0108123795042212,FALSE,FALSE,FALSE,0.468831235912492,"UNDER",0.0311687640875082,-0.105001170643053,FALSE,0,1,4,66
401767149,2025,2,"Elon","Davidson",-27.5,-27.5,59.5,0,0,0,40.5280477838089,0,0,0.577345466257008,"Elon",0.0773454662570082,0.102152495084629,TRUE,FALSE,FALSE,0.383736238316067,"UNDER",0.116263761683933,-0.267447521054629,FALSE,1,1,48,62
401767150,2025,3,"Western Carolina","Elon",2.5,2.5,59.5,0,0,0,-43.6748256855758,0,0,0.727217282114214,"Western Carolina",0.227217282114214,0.388257791556035,TRUE,FALSE,FALSE,0.326946480615895,"UNDER",0.173053519384105,-0.375859168504257,FALSE,0,1,-6,68
401767151,2025,4,"East Tennessee State","Elon",-2,-2,56.5,0,0,0,-56.8577513775781,0,0,0.545563486117034,"East Tennessee State",0.0455634861170344,0.0414806949974187,TRUE,FALSE,FALSE,0.383142191499236,"UNDER",0.116857808500764,-0.268581556427959,FALSE,1,0,10,42
401767152,2025,5,"Elon","Hampton",-17.5,-17.5,55.5,0,0,0,107.457371590804,0,0,0.0461054218216481,"Hampton",0.453894578178352,-0.911984749742474,FALSE,FALSE,FALSE,0.474667706788271,"UNDER",0.0253322932117294,-0.0938593477411915,FALSE,1,1,21,61
401767154,2025,7,"Elon","Villanova",6.5,6.5,50.5,0,0,0,-29.305991526805,0,0,0.434497366069164,"Villanova",0.0655026339308364,-0.170544528173967,FALSE,FALSE,FALSE,0.420727715370839,"UNDER",0.0792722846291613,-0.196830791357069,FALSE,0,0,-8,50
401767155,2025,8,"William & Mary","Elon",1.5,1.5,53.5,0,0,0,-58.3516232105421,1,0,0.554192030505683,"William & Mary",0.0541920305056828,0.0579525862353484,TRUE,FALSE,FALSE,0.453083962742959,"UNDER",0.0469160372570412,-0.135062715123692,FALSE,1,0,5,47
401767157,2025,4,"UC Davis","Southern Utah",-6.5,-6.5,61.5,0,0,0,47.4320571328878,1,0,0.833428719171637,"UC Davis",0.333428719171637,0.591015424898655,TRUE,FALSE,FALSE,0.334825694132152,"UNDER",0.165174305867848,-0.360817749901722,FALSE,1,1,16,84
401767158,2025,5,"UC Davis","Weber State",-16.5,-16.5,63.5,0,0,0,121.523718664931,0,0,0.395028836998696,"Weber State",0.104971163001304,-0.245889950169489,FALSE,FALSE,FALSE,0.180397340139089,"UNDER",0.319602659860911,-0.655621477674479,FALSE,1,0,22,46
401767159,2025,3,"McNeese","Weber State",3,3,52.5,0,0,0,14.9705133219491,0,0,0.14618316250403,"Weber State",0.353816837495969,-0.720936342779806,FALSE,FALSE,FALSE,0.436404038966478,"UNDER",0.0635959610335217,-0.166904689612993,FALSE,1,1,-1,83
401767160,2025,4,"Weber State","Butler",-16,-16,53.5,0,0,0,-135.543267964275,0,0,0.316006555796482,"Butler",0.183993444203518,-0.396743484984516,FALSE,FALSE,FALSE,0.453094229704374,"UNDER",0.046905770295626,-0.13504311549435,FALSE,0,1,14,62
401767161,2025,3,"Charleston Southern","Lindenwood",2.5,2.5,47.5,0,0,0,-101.357036981339,0,0,0.533779109577398,"Charleston Southern",0.0337791095773983,0.0189843201832533,TRUE,FALSE,FALSE,0.583801492127113,"OVER",0.0838014921271131,0.114477048470659,TRUE,0,1,-7,63
401767162,2025,4,"William & Mary","Charleston Southern",-11.5,-11.5,45.5,0,0,0,182.055703173649,0,0,0.175082293045725,"Charleston Southern",0.324917706954275,-0.665767902575711,FALSE,FALSE,FALSE,0.421586644714933,"UNDER",0.0784133552850671,-0.195191095239193,FALSE,1,0,27,41
401767163,2025,5,"Charleston Southern","South Carolina State",10.5,10.5,51.5,0,0,0,-233.495322851453,0,0,0.509435010727532,"Charleston Southern",0.00943501072753228,-0.0274885645211408,FALSE,FALSE,FALSE,0.659266980507393,"OVER",0.159266980507393,0.258540665788613,TRUE,1,1,7,55
401767164,2025,6,"Gardner-Webb","Charleston Southern",-13.5,-13.5,51.5,0,0,0,148.851424715348,1,0,0.700799393855349,"Gardner-Webb",0.200799393855349,0.337826042869861,TRUE,FALSE,FALSE,0.454696049979631,"UNDER",0.0453039500203686,-0.131985240588884,FALSE,0,1,3,57
401767165,2025,7,"Charleston Southern","Tennessee Tech",30.5,30.5,53.5,0,0,0,-318.262185527646,0,0,0.280605113085649,"Tennessee Tech",0.219394886914351,-0.464324839119495,FALSE,FALSE,FALSE,0.483062044846144,"UNDER",0.0169379551538564,-0.0778345563887119,FALSE,1,0,-14,40
401767166,2025,8,"Western Illinois","Charleston Southern",2,2,55.5,0,0,0,16.5763135888742,0,0,0.530404407159413,"Western Illinois",0.0304044071594129,0.0125420132673194,TRUE,FALSE,FALSE,0.46206722050617,"UNDER",0.0379327794938301,-0.117913676053721,FALSE,0,0,-5,53
401767167,2025,9,"Charleston Southern","Eastern Illinois",-3,-3,46.5,0,0,0,-63.8071581056822,0,0,0.599731348501739,"Charleston Southern",0.0997313485017394,0.144887144289821,TRUE,FALSE,FALSE,0.436851862695486,"UNDER",0.0631481373045139,-0.166049794114317,FALSE,0,0,1,33
401767168,2025,10,"Southeast Missouri State","Charleston Southern",-10.5,-10.5,50.5,0,0,0,142.094993973963,0,0,0.575891201862466,"Southeast Missouri State",0.0758912018624659,0.0993763043554474,TRUE,FALSE,FALSE,0.476834688568285,"UNDER",0.0231653114317146,-0.0897225795231431,FALSE,0,0,-6,40
401767169,2025,12,"UT Martin","Charleston Southern",-10,-10,45.5,0,0,0,167.983151668134,-1,0,0.6272535665258,"UT Martin",0.1272535665258,0.197427058497752,TRUE,FALSE,FALSE,0.583674019485437,"OVER",0.083674019485437,0.114233703197699,TRUE,0,0,3,31
401767170,2025,13,"Charleston Southern","Tennessee State",-12.5,-12.5,43.5,0,0,0,12.8367593072676,0,0,0.161786244334793,"Tennessee State",0.338213755665207,-0.691150059564881,FALSE,FALSE,FALSE,0.475379702646444,"UNDER",0.0246202973535565,-0.0925001476479393,FALSE,0,0,1,13
401767172,2025,2,"Indiana State","Eastern Illinois",-3.5,-3.5,50.5,0,0,0,-14.8354600772398,0,0,0.195530546097813,"Eastern Illinois",0.304469453902187,-0.626732187499275,FALSE,FALSE,FALSE,0.593933381456127,"OVER",0.0939333814561268,0.133818825199746,TRUE,1,1,24,52
401767173,2025,3,"Eastern Illinois","Illinois State",20.5,20.5,50.5,0,0,0,-162.053720106658,0,0,0.374645037578514,"Illinois State",0.125354962421486,-0.284802623262616,FALSE,FALSE,FALSE,0.449466521774586,"UNDER",0.0505334782254144,-0.141968409932316,FALSE,1,1,-12,72
401767174,2025,5,"Western Illinois","Eastern Illinois",-2.5,-2.5,62.5,0,0,0,-27.506218772,-1,0,0.537562465383868,"Western Illinois",0.0375624653838681,0.0262067464178042,TRUE,FALSE,FALSE,0.380957489429909,"UNDER",0.119042510570091,-0.272752152678304,FALSE,0,0,-8,54
401767175,2025,6,"Eastern Illinois","Tennessee State",-5,-5,50.5,0,0,0,-50.461960075862,0,0,0.409527376417111,"Tennessee State",0.090472623582889,-0.218212238419735,FALSE,FALSE,FALSE,0.492993057994325,"UNDER",0.00700694200567548,-0.0588762522888345,FALSE,1,0,24,38
401767176,2025,9,"Maine","Elon",4.5,4.5,49.5,0,0,0,-60.748922855287,1,0,0.668775194352965,"Maine",0.168775194352965,0.276691846019809,TRUE,FALSE,FALSE,0.48835200213576,"UNDER",0.01164799786424,-0.0677360279228341,FALSE,1,0,21,49
401767177,2025,11,"Elon","Rhode Island",4.5,4.5,49.5,0,0,0,-109.784159504012,0,0,0.373406652583009,"Rhode Island",0.126593347416991,-0.287166700219036,FALSE,FALSE,FALSE,0.454238973906785,"UNDER",0.0457610260932151,-0.132857798811948,FALSE,0,1,-14,54
401767178,2025,13,"Elon","North Carolina A&T",-21,-21,54.5,0,0,0,254.440070510509,0,0,0.639750027579839,"Elon",0.139750027579839,0.221282802649913,TRUE,FALSE,FALSE,0.525975520378111,"OVER",0.0259755203781109,0.00408726840181373,FALSE,1,1,38,72
401767181,2025,3,"North Carolina A&T","Hampton",3,3,48.5,0,0,0,-158.670485175645,0,0,0.725865008072134,"North Carolina A&T",0.225865008072134,0.385676300409704,TRUE,FALSE,FALSE,0.379652199283828,"UNDER",0.120347800716172,-0.275243951567172,FALSE,1,1,3,63
401767182,2025,4,"Howard","Hampton",3,3,46.5,0,0,0,-27.3061816948157,0,0,0.736163535662041,"Howard",0.236163535662041,0.405336189578837,TRUE,FALSE,FALSE,0.453824829783583,"UNDER",0.0461751702164169,-0.13364839994314,FALSE,1,0,27,41
401767183,2025,6,"Hampton","Norfolk State",-4.5,-4.5,54.5,0,0,0,58.7310018941055,0,0,0.620773340361263,"Hampton",0.120773340361263,0.185056306749652,TRUE,FALSE,FALSE,0.415546327283235,"UNDER",0.0844536727167646,-0.206722061216304,FALSE,1,1,7,75
401767184,2025,8,"Villanova","Hampton",-24.5,-24.5,55.5,0,0,0,251.099855525902,0,0,0.181007644079042,"Hampton",0.318992355920958,-0.654456407453109,FALSE,FALSE,FALSE,0.487253759178332,"UNDER",0.0127462408216678,-0.0698325737285639,FALSE,1,1,42,70
401767185,2025,9,"Hampton","Monmouth",25,25,68.5,0,0,0,-236.25497674733,0,0,0.21398826484036,"Monmouth",0.28601173515964,-0.591496402419753,FALSE,FALSE,FALSE,0.200277962435885,"UNDER",0.299722037564115,-0.617669369709896,FALSE,1,0,-18,38
401767186,2025,11,"Hampton","Maine",14.5,14.5,50.5,0,0,0,-169.121336080814,1,0,0.389246118789554,"Maine",0.110753881210446,-0.256929159230741,FALSE,FALSE,FALSE,0.536931110420494,"OVER",0.0369311104204944,0.0250014897927237,TRUE,0,0,-28,42
401767187,2025,12,"Hampton","William & Mary",18.5,18.5,53.5,0,0,0,-190.318781315874,0,0,0.43741104232703,"William & Mary",0.0625889576729697,-0.164982320197699,FALSE,FALSE,FALSE,0.528985671482602,"OVER",0.0289856714826018,0.00983364686028682,FALSE,0,1,-41,69
401767188,2025,13,"Rhode Island","Hampton",-31.5,-31.5,52.5,0,0,0,365.695035575488,0,0,0.834396125718532,"Rhode Island",0.334396125718532,0.592862203996678,TRUE,FALSE,FALSE,0.654800142115972,"OVER",0.154800142115972,0.250013471299391,TRUE,0,0,28,48
401767189,2025,2,"William & Mary","Maine",-7,-7,48.5,0,0,0,75.4403355247143,0,0,0.246335102535053,"Maine",0.253664897464947,-0.529746289260585,FALSE,FALSE,FALSE,0.440383513572737,"UNDER",0.0596164864272635,-0.159307872589646,FALSE,0,1,1,55
401767190,2025,3,"Maine","Stonehill",-21,-21,51.5,0,0,0,132.524556755848,0,0,0.281018590705077,"Stonehill",0.218981409294923,-0.463535510344009,FALSE,FALSE,FALSE,0.466882881539636,"UNDER",0.0331171184603639,-0.108720579140835,FALSE,0,0,-3,23
401767191,2025,5,"Maine","North Carolina A&T",-13.5,-13.5,48.5,0,0,0,92.558368233915,0,0,0.355647158167366,"North Carolina A&T",0.144352841832634,-0.321069575058498,FALSE,FALSE,FALSE,0.318217365888138,"UNDER",0.181782634111862,-0.392523048519545,FALSE,0,1,7,67
401767192,2025,7,"Merrimack","Maine",2.5,2.5,45.5,0,0,0,12.8161721199856,0,0,0.594154181264738,"Merrimack",0.0941541812647382,0.134240332034385,TRUE,FALSE,FALSE,0.405828917577963,"UNDER",0.0941710824220366,-0.225272596343668,FALSE,0,0,-7,33
401767193,2025,10,"Maine","Stony Brook",-1,-1,46.5,0,0,0,-2.05423585760309,0,0,0.384483339847254,"Stony Brook",0.115516660152746,-0.266021304231592,FALSE,FALSE,FALSE,0.57579561215732,"OVER",0.0757956121573199,0.0991938236083237,TRUE,1,1,7,49
401767194,2025,12,"Maine","Rhode Island",4,4,49.5,0,0,0,-92.1366376162962,0,0,0.425778688115374,"Rhode Island",0.0742213118846262,-0.187188484387751,FALSE,FALSE,FALSE,0.545116936902895,"OVER",0.0451169369028946,0.0406282325476259,TRUE,0,1,-32,58
401767195,2025,13,"New Hampshire","Maine",-7.5,-7.5,47.5,0,0,0,96.9579626626132,0,0,0.477822324970245,"Maine",0.022177675029755,-0.0878371816318024,FALSE,FALSE,FALSE,0.518582658829338,"OVER",0.0185826588293382,-0.0100257042947934,FALSE,0,1,6,60
401767196,2025,7,"Eastern Illinois","Gardner-Webb",4.5,4.5,58.5,0,0,0,-35.7550210790566,0,0,0.672803577975929,"Eastern Illinois",0.172803577975929,0.284382030356048,TRUE,FALSE,FALSE,0.414998056846277,"UNDER",0.0850019431537229,-0.207768709480457,FALSE,0,0,-11,31
401767197,2025,8,"Southeast Missouri State","Eastern Illinois",-7.5,-7.5,52.5,0,0,0,50.9819569929598,0,0,0.58062467073979,"Southeast Missouri State",0.0806246707397902,0.108412496442259,TRUE,FALSE,FALSE,0.370863608551672,"UNDER",0.129136391448328,-0.292021371274858,FALSE,1,1,29,55
401767198,2025,10,"Eastern Illinois","UT Martin",4.5,4.5,50.5,0,0,0,-115.643868938815,-1,0,0.222780031985949,"UT Martin",0.277219968014051,-0.574712918938824,FALSE,FALSE,FALSE,0.598641969979798,"OVER",0.098641969979798,0.142807520691434,TRUE,0,0,-7,47
401767199,2025,11,"Eastern Illinois","Tennessee Tech",24.5,24.5,52.5,0,0,0,-318.459857914462,0,0,0.296667106816928,"Tennessee Tech",0.203332893183072,-0.433662493086485,FALSE,FALSE,FALSE,0.60159520445491,"OVER",0.10159520445491,0.148445245304423,TRUE,1,0,-12,30
401767200,2025,12,"Lindenwood","Eastern Illinois",-5.5,-5.5,49.5,0,0,0,64.7184058394394,0,0,0.472268498472378,"Eastern Illinois",0.0277315015276217,-0.0984394364162297,FALSE,FALSE,FALSE,0.454049693733543,"UNDER",0.0459503062664569,-0.133219134662666,FALSE,1,1,30,54
401767202,2025,3,"Gardner-Webb","The Citadel",-3.5,-3.5,54.5,0,0,0,17.7956536799556,0,0,0.464933308345717,"The Citadel",0.0350666916542825,-0.112442314368025,FALSE,FALSE,FALSE,0.316749713012667,"UNDER",0.183250286987333,-0.395324797858818,FALSE,1,0,10,36
401767203,2025,8,"Gardner-Webb","UT Martin",-8,-8,55.5,0,0,0,49.1886656502768,0,0,0.561350155616384,"Gardner-Webb",0.0613501556163842,0.0716174470716775,TRUE,FALSE,FALSE,0.399362312458428,"UNDER",0.100637687541572,-0.237617345516861,FALSE,0,0,-30,44
401767204,2025,9,"Lindenwood","Gardner-Webb",1.5,1.5,57.5,0,0,0,-22.1445472580551,0,0,0.373661240184394,"Gardner-Webb",0.126338759815606,-0.286680692487991,FALSE,FALSE,FALSE,0.39033216535886,"UNDER",0.10966783464114,-0.254855896329936,FALSE,0,1,-28,68
401767205,2025,10,"Tennessee Tech","Gardner-Webb",-19,-19,62.5,0,0,0,180.907199762416,0,0,0.722230994094258,"Tennessee Tech",0.222230994094258,0.378738967725939,TRUE,FALSE,FALSE,0.372006439460216,"UNDER",0.127993560539784,-0.289839707070448,FALSE,0,0,6,48
401767206,2025,11,"Gardner-Webb","Southeast Missouri State",-4.5,-4.5,56.5,0,0,0,42.3138356351908,0,0,0.213959733856593,"Southeast Missouri State",0.286040266143407,-0.591550868067764,FALSE,FALSE,FALSE,0.443951815960526,"UNDER",0.0560481840394738,-0.152495983331355,FALSE,0,0,3,51
401767207,2025,12,"Tennessee State","Gardner-Webb",15,15,50.5,0,0,0,-129.894971168555,0,0,0.56839991544883,"Tennessee State",0.0683999154488301,0.0850754385918167,TRUE,FALSE,FALSE,0.534315983875952,"OVER",0.0343159838759521,0.0200092132191926,TRUE,0,0,-16,44
401767208,2025,13,"Gardner-Webb","Western Illinois",-13.5,-13.5,59.5,0,0,0,210.56742873054,0,0,0.40074159430242,"Western Illinois",0.0992584056975804,-0.234984296476681,FALSE,FALSE,FALSE,0.455408384787409,"UNDER",0.044591615212591,-0.130625393440836,FALSE,0,0,-5,53
401767210,2025,4,"Lindenwood","Stony Brook",3.5,3.5,58.5,0,0,0,-12.1441341761847,0,0,0.53047422563824,"Lindenwood",0.0304742256382404,0.012675296743401,TRUE,FALSE,FALSE,0.419062491731843,"UNDER",0.080937508268157,-0.200009703283912,FALSE,1,0,3,57
401767211,2025,6,"Lindenwood","UT Martin",1.5,1.5,52.5,0,0,0,-47.0710235784793,0,0,0.323470094104855,"UT Martin",0.176529905895145,-0.382495590353832,FALSE,FALSE,FALSE,0.416785620503888,"UNDER",0.0832143794961122,-0.204356250458078,FALSE,1,0,16,44
401767212,2025,8,"Lindenwood","Tennessee Tech",16.5,16.5,54.5,0,0,0,-186.150485715005,1,0,0.586813004314138,"Lindenwood",0.0868130043141383,0.12022602523569,TRUE,FALSE,FALSE,0.524415336518032,"OVER",0.024415336518032,0.00110887741292304,FALSE,0,1,-24,80
401767213,2025,10,"Tennessee State","Lindenwood",3.5,3.5,47.5,0,0,0,23.566726757261,0,0,0.505191787768492,"Tennessee State",0.0051917877684925,-0.0355888771499478,FALSE,FALSE,FALSE,0.438003617673674,"UNDER",0.0619963823263259,-0.163851093860956,FALSE,0,1,-22,48
401767214,2025,11,"Western Illinois","Lindenwood",7.5,7.5,57.5,0,0,0,-127.507901275837,1,0,0.427227394640057,"Lindenwood",0.0727726053599425,-0.18442290363213,FALSE,FALSE,FALSE,0.544140985466216,"OVER",0.0441409854662165,0.0387651412550073,TRUE,1,0,3,45
401767215,2025,13,"Southeast Missouri State","Lindenwood",1.5,1.5,52.5,0,0,0,8.79833426714185,0,0,0.571478492285126,"Southeast Missouri State",0.0714784922851256,0.0909524417723048,TRUE,FALSE,FALSE,0.439191336192066,"UNDER",0.0608086638079336,-0.161583739209345,FALSE,0,0,-17,43
401767216,2025,2,"Southeast Missouri State","North Alabama",-15.5,-15.5,55.5,0,0,0,118.273957969246,0,0,0.486315493343807,"North Alabama",0.0136845066561925,-0.0716237232066716,FALSE,FALSE,FALSE,0.514038827950868,"OVER",0.0140388279508681,-0.0186998774417928,FALSE,0,0,9,51
401767217,2025,3,"North Dakota State","Southeast Missouri State",-31.5,-31.5,54.5,0,0,0,218.112060235868,0,0,0.572534264696077,"North Dakota State",0.0725342646960768,0.0929679113048106,TRUE,FALSE,FALSE,0.738563217609919,"OVER",0.238563217609919,0.409917182417336,TRUE,0,1,27,55
401767218,2025,4,"Southeast Missouri State","Southern Illinois",5.5,5.5,54.5,0,0,0,0.748617133876905,0,0,0.728876104450411,"Southeast Missouri State",0.228876104450411,0.391424483395835,TRUE,FALSE,FALSE,0.466791308996395,"UNDER",0.0332086910036051,-0.108895391125882,FALSE,0,1,-28,90
401767219,2025,5,"UT Martin","Southeast Missouri State",3,3,56.5,0,0,0,-21.4235466467264,0,0,0.670810871538392,"UT Martin",0.170810871538392,0.280577953766791,TRUE,FALSE,FALSE,0.505446293978963,"OVER",0.00544629397896335,-0.0351030247941589,FALSE,1,0,24,44
401767220,2025,7,"Southeast Missouri State","Tennessee State",-16.5,-16.5,50.5,0,0,0,13.2094873464052,1,0,0.651789021133993,"Southeast Missouri State",0.151789021133993,0.244265241344793,TRUE,FALSE,FALSE,0.438310681679739,"UNDER",0.061689318320261,-0.163264908673378,FALSE,0,0,16,40
401767221,2025,9,"Tennessee Tech","Southeast Missouri State",-21.5,-21.5,60.5,0,0,0,177.149086290634,0,0,0.371173881763271,"Southeast Missouri State",0.128826118236729,-0.291429059713916,FALSE,FALSE,FALSE,0.412578685891172,"UNDER",0.0874213141088283,-0.212387288633753,FALSE,0,1,19,65
401767222,2025,12,"Western Illinois","Southeast Missouri State",8,8,57.5,0,0,0,-110.124847040275,0,0,0.641149222014977,"Western Illinois",0.141149222014977,0.223953864826591,TRUE,FALSE,FALSE,0.46083387810766,"UNDER",0.0391661218923397,-0.120268126692476,FALSE,1,0,-5,39
401767224,2025,2,"Tennessee State","North Dakota State",32.5,32.5,49.5,0,0,0,-181.371061705174,0,0,0.271027271801951,"North Dakota State",0.228972728198049,-0.482608938130075,FALSE,FALSE,FALSE,0.731955051393595,"OVER",0.231955051393595,0.397302193110373,TRUE,0,1,-56,62
401767225,2025,3,"Tennessee State","Alabama A&M",1,1,55.5,0,0,0,31.0252872392045,0,0,0.574796007385558,"Tennessee State",0.074796007385558,0.0972855780990303,TRUE,FALSE,FALSE,0.443741268011338,"UNDER",0.0562587319886618,-0.152897919366355,FALSE,0,0,-2,44
401767226,2025,5,"Tennessee State","Tennessee Tech",31.5,31.5,56.5,0,0,0,-105.265087106564,0,0,0.309147937865265,"Tennessee Tech",0.190852062134735,-0.409836586615209,FALSE,FALSE,FALSE,0.441185491424838,"UNDER",0.0588145085751624,-0.157776896869985,FALSE,1,0,-27,43
401767227,2025,8,"Tennessee State","Howard",2,2,41.5,0,0,0,-16.0218167315622,0,0,0.369396497616866,"Howard",0.130603502383134,-0.294822086049403,FALSE,FALSE,FALSE,0.637549598279045,"OVER",0.137549598279045,0.217082183114697,TRUE,1,0,17,31
401767228,2025,9,"Tennessee State","Western Illinois",-3,-3,54.5,0,0,0,132.898822553311,0,0,0.712375225343707,"Tennessee State",0.212375225343707,0.359924305181137,TRUE,FALSE,FALSE,0.414534747820534,"UNDER",0.0854652521794655,-0.2086531664106,FALSE,0,0,-1,33
401767229,2025,11,"UT Martin","Tennessee State",-14.5,-14.5,48.5,0,0,0,134.631358763152,0,0,0.129250635050814,"Tennessee State",0.370749364949186,-0.753260537687996,FALSE,FALSE,FALSE,0.50670061128419,"OVER",0.00670061128418964,-0.032708533058482,FALSE,1,0,19,33
401767231,2025,2,"Tennessee Tech","Chattanooga",-5.5,-5.5,48.5,0,0,0,17.3431228610493,0,0,0.16184778441634,"Chattanooga",0.33815221558366,-0.691032579549206,FALSE,FALSE,FALSE,0.5022555641527,"OVER",0.00225556415270034,-0.0411941280324951,FALSE,1,1,28,62
401767232,2025,3,"Tennessee Tech","Davidson",-40.5,-40.5,65.5,0,0,0,142.570891918476,0,0,0.227406417823968,"Davidson",0.272593582176032,-0.565881148374045,FALSE,FALSE,FALSE,0.573690485409729,"OVER",0.0736904854097291,0.0951751366471729,TRUE,1,1,58,86
401767233,2025,6,"Tennessee Tech","Western Illinois",-35.5,-35.5,66.5,0,0,0,290.856688529073,0,0,0.627896328895933,"Tennessee Tech",0.127896328895933,0.198654091862336,TRUE,FALSE,FALSE,0.389089133720126,"UNDER",0.110910866279874,-0.25722884372828,FALSE,1,1,46,86
401767234,2025,13,"Tennessee Tech","UT Martin",-17.5,-17.5,55.5,0,0,0,111.703095562217,0,0,0.418253287236251,"UT Martin",0.0817467127637493,-0.201554474665997,FALSE,FALSE,FALSE,0.590215655511342,"OVER",0.090215655511342,0.126721686371152,TRUE,0,0,3,37
401767235,2025,3,"UT Martin","Southern Illinois",3,3,52.5,0,0,0,52.9118862515641,0,0,0.649733660946711,"UT Martin",0.149733660946711,0.240341558747271,TRUE,FALSE,FALSE,0.399723291984382,"UNDER",0.100276708015618,-0.236928235601816,FALSE,0,0,-27,47
401767236,2025,7,"UT Martin","Western Illinois",-14.5,-14.5,62.5,0,0,0,125.847962161666,0,0,0.199347568370476,"Western Illinois",0.300652431629524,-0.619445491980761,FALSE,FALSE,FALSE,0.37488264670281,"UNDER",0.12511735329719,-0.284349027444336,FALSE,0,1,1,63
401767237,2025,3,"Western Illinois","Valparaiso",-17,-17,49.5,0,0,0,-58.1991130190213,0,0,0.627148186861277,"Western Illinois",0.127148186861277,0.197225888718179,TRUE,FALSE,FALSE,0.618227284738345,"OVER",0.118227284738345,0.180195886565501,TRUE,1,1,21,81
401767238,2025,2,"Abilene Christian","Stephen F. Austin",2.5,2.5,51.5,0,0,0,13.8758295307744,0,0,0.103140679352826,"Stephen F. Austin",0.396859320647174,-0.803104443115454,FALSE,FALSE,FALSE,0.462061877668217,"UNDER",0.037938122331783,-0.117923875531374,FALSE,1,0,8,48
401767239,2025,4,"Abilene Christian","Austin Peay",2,2,54.5,0,0,0,-34.7282101179092,0,0,0.380826000309472,"Austin Peay",0.119173999690528,-0.273003165409219,FALSE,FALSE,FALSE,0.481478154629804,"UNDER",0.0185218453701962,-0.0808582028117047,FALSE,1,1,14,76
401767240,2025,5,"Incarnate Word","Abilene Christian",-2,-2,56.5,0,0,0,26.0519720123871,0,0,0.787471340799082,"Incarnate Word",0.287471340799082,0.503282789585447,TRUE,FALSE,FALSE,0.454119504216851,"UNDER",0.0458804957831485,-0.13308586645003,FALSE,1,0,31,45
401767241,2025,6,"Abilene Christian","North Alabama",-11.5,-11.5,58.5,0,0,0,101.433611161796,-1,0,0.364857922091927,"North Alabama",0.135142077908073,-0.303486226726512,FALSE,FALSE,FALSE,0.365335351610782,"UNDER",0.134664648389218,-0.302574813775017,FALSE,1,1,29,75
401767242,2025,7,"West Georgia","Abilene Christian",-1.5,-1.5,53.5,0,0,0,50.5056639914455,0,0,0.329762977025453,"Abilene Christian",0.170237022974547,-0.37048247685841,FALSE,FALSE,FALSE,0.441937528504384,"UNDER",0.0580624714956164,-0.156341258085132,FALSE,0,0,-17,43
401767243,2025,8,"Southern Utah","Abilene Christian",3,3,62.5,0,0,0,-63.3295627810951,1,0,0.68476121382323,"Southern Utah",0.18476121382323,0.307209157188547,TRUE,FALSE,FALSE,0.334204252520464,"UNDER",0.165795747479536,-0.362004081938435,FALSE,1,0,7,55
401767244,2025,10,"Abilene Christian","Tarleton State",13.5,13.5,60.5,0,0,0,-193.154398943303,1,0,0.536487142986021,"Abilene Christian",0.0364871429860208,0.0241539559603138,TRUE,FALSE,FALSE,0.542675651658683,"OVER",0.0426756516586834,0.0359678190164265,TRUE,1,0,3,59
401767245,2025,11,"Abilene Christian","Utah Tech",-20.5,-20.5,53.5,0,0,0,246.686054307521,0,0,0.262634169098413,"Utah Tech",0.237365830901587,-0.498631371191129,FALSE,FALSE,FALSE,0.50570389145195,"OVER",0.00570389145195038,-0.0346112712182267,FALSE,1,0,21,41
401767246,2025,12,"Eastern Kentucky","Abilene Christian",9,9,48.5,0,0,0,-82.2647842344825,0,0,0.545771800533312,"Eastern Kentucky",0.0457718005333118,0.0418783672180922,TRUE,FALSE,FALSE,0.424518364759759,"UNDER",0.075481635240241,-0.18959444167362,FALSE,1,0,-7,27
401767247,2025,13,"Central Arkansas","Abilene Christian",9.5,9.5,54.5,0,0,0,-169.661262849699,0,0,0.501754311347401,"Central Arkansas",0.00175431134740067,-0.0421510196378121,FALSE,FALSE,FALSE,0.62730708100044,"OVER",0.12730708100044,0.197529217629841,TRUE,0,1,-21,77
401767248,2025,3,"Austin Peay","Morehead State",-25.5,-25.5,49.5,0,0,0,25.188632871399,0,0,0.395187367887254,"Morehead State",0.104812632112746,-0.245587314703232,FALSE,FALSE,FALSE,0.461546296271173,"UNDER",0.0384537037288267,-0.11890812041833,FALSE,1,1,49,63
401767249,2025,5,"Austin Peay","Utah Tech",-14,-14,46.5,0,0,0,153.270898888635,0,0,0.371818910098062,"Utah Tech",0.128181089901938,-0.2901977006228,FALSE,FALSE,FALSE,0.492888407136155,"UNDER",0.00711159286384488,-0.0590760307770798,FALSE,1,1,32,52
401767251,2025,7,"Eastern Kentucky","Austin Peay",10,10,46.5,0,0,0,-50.1410537367001,1,0,0.581696115984987,"Eastern Kentucky",0.0816961159849874,0.110457885415341,TRUE,FALSE,FALSE,0.587119955868977,"OVER",0.0871199558689766,0.120811995753876,TRUE,1,1,14,54
401767252,2025,9,"Austin Peay","North Alabama",-19.5,-19.5,57.5,0,0,0,141.605031465138,1,0,0.41970001413736,"North Alabama",0.0802999858626405,-0.198792673011781,FALSE,FALSE,FALSE,0.379652712865383,"UNDER",0.120347287134617,-0.275242971139985,FALSE,1,1,28,84
401767253,2025,10,"Southern Utah","Austin Peay",1.5,1.5,61.5,0,0,0,-9.42478533073768,0,0,0.463970770128528,"Austin Peay",0.0360292298714723,-0.114279799824641,FALSE,FALSE,FALSE,0.336138974330314,"UNDER",0.163861025669686,-0.35831069800343,FALSE,1,0,16,50
401767254,2025,11,"Austin Peay","Central Arkansas",-13.5,-13.5,55.5,0,0,0,88.9621689710145,0,0,0.39244374067217,"Central Arkansas",0.10755625932783,-0.250824899056828,FALSE,FALSE,FALSE,0.37468088524114,"UNDER",0.12531911475886,-0.284734190074664,FALSE,0,1,3,79
401767255,2025,12,"Austin Peay","Samford",-25.5,-25.5,55.5,0,0,0,244.87468019138,0,0,0.559799264575471,"Austin Peay",0.0597992645754706,0.0686567960745733,TRUE,FALSE,FALSE,0.480001083824784,"UNDER",0.019998916175216,-0.0836779309784873,FALSE,0,0,14,46
401767257,2025,2,"Fordham","Monmouth",14.5,14.5,65.5,0,0,0,-134.244790327404,0,0,0.224376613091036,"Monmouth",0.275623386908964,-0.571665045609213,FALSE,FALSE,FALSE,0.288571006072942,"UNDER",0.211428993927058,-0.449117949406754,FALSE,0,1,-21,77
401767258,2025,4,"Monmouth","Villanova",-3.5,-3.5,65.5,0,0,0,-60.5706993676563,0,0,0.60431467015845,"Monmouth",0.10431467015845,0.153636705332481,TRUE,FALSE,FALSE,0.371455391108752,"UNDER",0.128544608891248,-0.290891658373392,FALSE,1,1,18,84
401767259,2025,6,"Monmouth","Delaware State",-21.5,-21.5,76.5,0,0,0,166.31835761889,1,0,0.327152377089587,"Delaware State",0.172847622910413,-0.375466112135978,FALSE,FALSE,FALSE,0.223102847479591,"UNDER",0.276897152520409,-0.574096664161461,FALSE,0,1,11,87
401767260,2025,7,"Towson","Monmouth",7,7,75.5,0,0,0,-64.0252530225055,0,0,0.245512145437466,"Monmouth",0.254487854562534,-0.531317314359878,FALSE,FALSE,FALSE,0.422599134445768,"UNDER",0.0774008655542316,-0.193258252343028,FALSE,0,0,-11,73
401767261,2025,8,"Monmouth","Stony Brook",-9,-9,73.5,0,0,0,72.9192072718211,-1,0,0.737978277282455,"Monmouth",0.237978277282455,0.408800531332206,TRUE,FALSE,FALSE,0.30065444874301,"UNDER",0.19934555125699,-0.426050657349594,FALSE,1,0,28,70
401767262,2025,11,"Monmouth","New Hampshire",-12.5,-12.5,61.5,0,0,0,88.6799431056675,-1,0,0.702887624261517,"Monmouth",0.202887624261517,0.341812474715236,TRUE,FALSE,FALSE,0.392379515168902,"UNDER",0.107620484831098,-0.250947505542566,FALSE,0,0,-21,47
401767263,2025,12,"North Carolina A&T","Monmouth",21.5,21.5,58.5,0,0,0,-337.754639829887,0,0,0.248044715802581,"Monmouth",0.251955284197419,-0.526482637532874,FALSE,FALSE,FALSE,0.519399226780766,"OVER",0.019399226780766,-0.00846687607551772,FALSE,0,1,-44,82
401767264,2025,13,"Monmouth","UAlbany",-29.5,-29.5,62.5,0,0,0,313.659787067498,0,0,0.400311239989809,"UAlbany",0.0996887600101908,-0.235805842859454,FALSE,FALSE,FALSE,0.379289824724918,"UNDER",0.120710175275082,-0.275935724600131,FALSE,0,0,-7,55
401767266,2025,2,"New Hampshire","Holy Cross",-1.5,-1.5,46.5,0,0,0,20.6887719573422,0,0,0.156401908557393,"Holy Cross",0.343598091442607,-0.701428756563937,FALSE,FALSE,FALSE,0.561249033926877,"OVER",0.0612490339268766,0.0714244057664075,TRUE,1,0,3,35
401767267,2025,4,"Dartmouth","New Hampshire",2,2,45.5,0,0,0,-7.27307586659981,1,0,0.71143085203015,"Dartmouth",0.21143085203015,0.358121496525557,TRUE,FALSE,FALSE,0.578422997537655,"OVER",0.0784229975376548,0.104209502299383,TRUE,1,1,7,47
401767268,2025,5,"New Hampshire","UAlbany",-13,-13,44.5,0,0,0,124.114335215299,0,0,0.322058684106131,"UAlbany",0.177941315893869,-0.385189972041395,FALSE,FALSE,FALSE,0.551143911449897,"OVER",0.0511439114498967,0.0521337269578529,TRUE,1,0,18,30
401767269,2025,6,"New Hampshire","Villanova",5.5,5.5,47.5,0,0,0,0.360848489445061,0,0,0.494622124580938,"Villanova",0.00537787541906204,-0.0557663641749895,FALSE,FALSE,FALSE,0.644316286204396,"OVER",0.144316286204396,0.229999790364193,TRUE,0,0,-30,44
401767270,2025,7,"Rhode Island","New Hampshire",-9.5,-9.5,45.5,0,0,0,39.6205199993726,0,0,0.366209238401159,"New Hampshire",0.133790761598841,-0.300906563892188,FALSE,FALSE,FALSE,0.402318272586818,"UNDER",0.0976817274131825,-0.231974417631765,FALSE,1,1,11,65
401767271,2025,9,"New Hampshire","William & Mary",-1.5,-1.5,48.5,0,0,0,18.3032963651365,0,0,0.377031254462837,"William & Mary",0.122968745537163,-0.280247335230444,FALSE,FALSE,FALSE,0.493718466781968,"UNDER",0.00628153321803199,-0.057491446913223,FALSE,1,1,10,58
401767272,2025,4,"North Carolina A&T","North Carolina Central",13,13,48.5,0,0,0,-230.143616037587,0,0,0.578280239088326,"North Carolina A&T",0.0782802390883263,0.103936976419615,TRUE,FALSE,FALSE,0.658658323833197,"OVER",0.158658323833197,0.257378740197573,TRUE,0,1,-42,82
401767273,2025,6,"William & Mary","North Carolina A&T",-20.5,-20.5,53.5,0,0,0,193.026821395886,0,0,0.30778805477469,"North Carolina A&T",0.19221194522531,-0.412432603435117,FALSE,FALSE,FALSE,0.54108751556615,"OVER",0.0410875155661504,0.0329360672157812,TRUE,0,1,4,72
401767274,2025,7,"North Carolina A&T","South Carolina State",9.5,9.5,58.5,0,0,0,-233.757171044273,0,0,0.447605091381886,"South Carolina State",0.0523949086181145,-0.145521880551981,FALSE,FALSE,FALSE,0.477206871664162,"UNDER",0.0227931283358381,-0.089012081993115,FALSE,1,0,-6,38
401767275,2025,10,"North Carolina A&T","Towson",7.5,7.5,49.5,0,0,0,-157.853928785679,0,0,0.618179645732345,"North Carolina A&T",0.118179645732345,0.180104943703047,TRUE,FALSE,FALSE,0.448054731331834,"UNDER",0.0519452686681663,-0.144663517887529,FALSE,0,1,-53,71
401767276,2025,13,"Tarleton State","Austin Peay",-18.5,-18.5,60.5,0,0,0,181.354054723484,0,0,0.32100797911908,"Austin Peay",0.17899202088092,-0.387195767861677,FALSE,FALSE,FALSE,0.433975326091987,"UNDER",0.066024673908013,-0.171541102490397,FALSE,0,1,1,89
401767277,2025,2,"Eastern Kentucky","Houston Christian",-18,-18,53.5,0,0,0,39.7767665800604,0,0,0.581108650900288,"Eastern Kentucky",0.0811086509002877,0.109336414568649,TRUE,FALSE,FALSE,0.177703532210065,"UNDER",0.322296467789935,-0.660763957010986,FALSE,0,0,10,30
401767278,2025,4,"West Georgia","Eastern Kentucky",-10.5,-10.5,49.5,0,0,0,57.7356915195755,0,0,0.494760460345815,"Eastern Kentucky",0.00523953965418489,-0.0555022811998389,FALSE,FALSE,FALSE,0.41512270034137,"UNDER",0.0848772996586302,-0.207530765048325,FALSE,1,0,21,45
401767279,2025,5,"Eastern Kentucky","Nicholls",-2.5,-2.5,42.5,0,0,0,66.3583777896197,0,0,0.259370134910997,"Nicholls",0.240629865089003,-0.504862412454907,FALSE,FALSE,FALSE,0.47717951467912,"UNDER",0.0228204853208799,-0.0890643064775597,FALSE,1,0,20,34
401767280,2025,8,"North Alabama","Eastern Kentucky",11.5,11.5,51.5,0,0,0,-184.447627503365,0,0,0.432245253848516,"Eastern Kentucky",0.0677547461514836,-0.174843810403182,FALSE,FALSE,FALSE,0.633921495519912,"OVER",0.133921495519912,0.210156134947512,TRUE,1,0,21,49
401767281,2025,9,"Eastern Kentucky","Tarleton State",24,24,58.5,0,0,0,-222.270544143885,0,0,0.697977356602595,"Eastern Kentucky",0.197977356602595,0.332438773754354,TRUE,FALSE,FALSE,0.384324071910998,"UNDER",0.115675928089002,-0.266325346721904,FALSE,0,0,-24,38
401767282,2025,10,"Central Arkansas","Eastern Kentucky",-6.5,-6.5,52.5,0,0,0,-2.72003342361518,0,0,0.414459794605312,"Eastern Kentucky",0.0855402053946877,-0.208796252098459,FALSE,FALSE,FALSE,0.537825141143163,"OVER",0.0378251411431629,0.026708194442298,TRUE,0,0,-21,47
401767283,2025,11,"Eastern Kentucky","Southern Utah",6.5,6.5,55.5,0,0,0,-51.7087911826309,0,0,0.381954422606902,"Southern Utah",0.118045577393098,-0.270849007243425,FALSE,FALSE,FALSE,0.435400032137232,"UNDER",0.0645999678627684,-0.168821338650025,FALSE,0,0,-10,44
401767284,2025,13,"Utah Tech","Eastern Kentucky",6.5,6.5,45.5,0,0,0,-171.800288576537,0,0,0.635955650412854,"Utah Tech",0.135955650412854,0.214039336638139,TRUE,FALSE,FALSE,0.789136219390567,"OVER",0.289136219390567,0.506461042816593,TRUE,0,0,-23,43
401767286,2025,4,"Illinois State","North Alabama",-17,-17,58.5,0,0,0,179.173190816506,0,0,0.326805249419958,"North Alabama",0.173194750580042,-0.3761287788573,FALSE,FALSE,FALSE,0.388176282031531,"UNDER",0.111823717968469,-0.258971477601807,FALSE,0,1,2,74
401767287,2025,7,"North Alabama","Central Arkansas",4,4,59.5,0,0,0,-58.2202873817364,0,0,0.681667859668574,"North Alabama",0.181667859668574,0.301303944107308,TRUE,FALSE,FALSE,0.37506758422528,"UNDER",0.12493241577472,-0.283995981713941,FALSE,0,1,-28,70
401767288,2025,10,"Utah Tech","North Alabama",-3.5,-3.5,54.5,0,0,0,-69.4049779124298,0,0,0.422421224772465,"North Alabama",0.0775787752275346,-0.193597881909364,FALSE,FALSE,FALSE,0.428635726301645,"UNDER",0.0713642736983555,-0.181734398490161,FALSE,0,1,1,67
401767289,2025,11,"North Alabama","West Georgia",9.5,9.5,57.5,0,0,0,-157.160164439334,-1,0,0.729746398109556,"North Alabama",0.229746398109556,0.393085873991142,TRUE,FALSE,FALSE,0.426654834074446,"UNDER",0.0733451659255544,-0.185515921751883,FALSE,1,0,-7,41
401767290,2025,12,"Tarleton State","North Alabama",-33.5,-33.5,61.5,0,0,0,362.365610167336,1,0,0.912896093524216,"Tarleton State",0.412896093524216,0.742718642537728,TRUE,FALSE,FALSE,0.446323120460041,"UNDER",0.0536768795399586,-0.147969163041781,FALSE,1,0,61,61
401767291,2025,13,"North Alabama","Southern Utah",18,18,58.5,0,0,0,-250.201385101977,0,0,0.407513575531522,"Southern Utah",0.0924864244684784,-0.222056584310325,FALSE,FALSE,FALSE,0.430990082939317,"UNDER",0.0690099170606832,-0.177239931668844,FALSE,1,1,-2,70
401767292,2025,2,"San Diego","Southern Utah",20.5,20.5,53.5,0,0,0,-60.6866346727641,0,0,0.700699279614032,"San Diego",0.200699279614032,0.337634924783188,TRUE,FALSE,FALSE,0.361242610603926,"UNDER",0.138757389396074,-0.310387856357104,FALSE,1,1,3,57
401767293,2025,5,"Southern Utah","West Georgia",1,1,59.5,0,0,0,-65.798524629924,0,0,0.725681748980741,"Southern Utah",0.225681748980741,0.385326458804234,TRUE,FALSE,FALSE,0.374036037414023,"UNDER",0.125963962585977,-0.28596520457663,FALSE,0,0,-3,51
401767294,2025,6,"Tarleton State","Southern Utah",-20.5,-20.5,64.5,0,0,0,173.482177689879,1,0,0.602364540660649,"Tarleton State",0.102364540660649,0.149913908121178,TRUE,FALSE,FALSE,0.200578502842112,"UNDER",0.299421497157888,-0.617095638074409,FALSE,0,1,10,94
401767295,2025,9,"Utah Tech","Southern Utah",9.5,9.5,59.5,0,0,0,-192.996696155783,1,0,0.559571336723223,"Utah Tech",0.0595713367232232,0.0682216818046332,TRUE,FALSE,FALSE,0.485016335376846,"UNDER",0.0149836646231541,-0.0741038157656013,FALSE,0,0,-21,35
401767296,2025,12,"Southern Utah","Central Arkansas",-12.5,-12.5,63.5,0,0,0,160.202669558434,0,0,0.526147771357739,"Southern Utah",0.0261477713577394,0.00441609552192451,FALSE,FALSE,FALSE,0.378953611690013,"UNDER",0.121046388309987,-0.276577555283765,FALSE,0,0,7,49
401767300,2025,3,"West Georgia","East Tennessee State",-5.5,-5.5,52.5,0,0,0,50.8528995553465,0,0,0.196855788076344,"East Tennessee State",0.303144211923656,-0.624202300562259,FALSE,FALSE,FALSE,0.500358092888246,"OVER",0.000358092888246286,-0.0448164006763378,FALSE,0,1,4,66
401767301,2025,8,"Tarleton State","West Georgia",-20,-20,56.5,0,0,0,164.67996581998,0,0,0.397444519754546,"West Georgia",0.102555480245454,-0.241278411788571,FALSE,FALSE,FALSE,0.43574237866233,"UNDER",0.0642576213376695,-0.168167799133611,FALSE,1,0,35,55
401767302,2025,9,"West Georgia","Central Arkansas",-5.5,-5.5,53.5,0,0,0,43.8526928754447,-1,0,0.379656604209605,"Central Arkansas",0.120343395790395,-0.275235542563864,FALSE,FALSE,FALSE,0.422368371500342,"UNDER",0.0776316284996577,-0.193698778805847,FALSE,0,0,1,35
401767303,2025,12,"West Georgia","Utah Tech",-15,-15,48.5,0,0,0,236.743822389936,0,0,0.412116354088279,"Utah Tech",0.0878836459117209,-0.213269880045475,FALSE,FALSE,FALSE,0.471304472727158,"UNDER",0.0286955272728425,-0.100279761563856,FALSE,1,0,23,23
401767304,2025,2,"Tarleton State","Mississippi Valley State",-44.5,-44.5,57.5,0,0,0,335.185063354914,0,0,0.224042086477505,"Mississippi Valley State",0.275957913522495,-0.572303656914443,FALSE,FALSE,FALSE,0.639206961473062,"OVER",0.139206961473062,0.220246089452075,TRUE,1,1,56,62
401767305,2025,3,"Central Arkansas","Tarleton State",13,13,56.5,0,0,0,-136.034334493014,0,0,0.715147102317205,"Central Arkansas",0.215147102317205,0.365215818323544,TRUE,FALSE,FALSE,0.555420875908654,"OVER",0.0554208759086544,0.0602984521096213,TRUE,0,1,-46,66
401767306,2025,4,"Tarleton State","Chattanooga",-27,-27,55.5,0,0,0,136.097788142963,0,0,0.356754460835079,"Chattanooga",0.143245539164921,-0.318955734265834,FALSE,FALSE,FALSE,0.351349036774634,"UNDER",0.148650963225366,-0.329274688797223,FALSE,1,1,28,76
401767307,2025,7,"Utah Tech","Tarleton State",28,28,59.5,0,0,0,-355.880748237412,0,0,0.337663996969506,"Tarleton State",0.162336003030494,-0.355399429785213,FALSE,FALSE,FALSE,0.364629940384403,"UNDER",0.135370059615597,-0.303921443806175,FALSE,1,1,-18,64
401767308,2025,4,"Utah Tech","Northern Iowa",6.5,6.5,49.5,0,0,0,-128.570601225686,0,0,0.439740484812284,"Northern Iowa",0.0602595151877163,-0.16053541449335,FALSE,FALSE,FALSE,0.594262267296304,"OVER",0.0942622672963038,0.134446668268644,TRUE,1,0,11,29
401767309,2025,2,"Alabama A&M","Alcorn State",-3.5,-3.5,49.5,0,0,0,4.04713416142363,0,0,0.225099117243051,"Alcorn State",0.274900882756949,-0.570285785183016,FALSE,FALSE,FALSE,0.586736733357363,"OVER",0.0867367333573626,0.120080423979205,TRUE,1,1,10,72
401767311,2025,5,"Bethune-Cookman","Alabama A&M",4.5,4.5,58.5,0,0,0,-125.488175588731,0,0,0.281016485431225,"Alabama A&M",0.218983514568775,-0.463539529311791,FALSE,FALSE,FALSE,0.474976342380007,"UNDER",0.0250236576199933,-0.0932701623965671,FALSE,1,1,7,75
401767312,2025,6,"Alabama A&M","Jackson State",14.5,14.5,55.5,0,0,0,-157.167611231763,0,0,0.387063575110143,"Jackson State",0.112936424889857,-0.261095635114738,FALSE,FALSE,FALSE,0.469057615219288,"UNDER",0.0309423847807123,-0.10456901254638,FALSE,0,1,-33,81
401767313,2025,7,"Alabama A&M","Mississippi Valley State",-21,-21,60.5,0,0,0,195.273537655853,-1,0,0.466465328564499,"Mississippi Valley State",0.0335346714355008,-0.109517687770371,FALSE,FALSE,FALSE,0.415182908251252,"UNDER",0.0848170917487476,-0.207415828148359,FALSE,0,1,20,70
401767314,2025,9,"Alabama A&M","Alabama State",14,14,61.5,0,0,0,-140.862420700016,0,0,0.508510895485754,"Alabama A&M",0.00851089548575434,-0.029252700517695,FALSE,FALSE,FALSE,0.1784714073184,"UNDER",0.3215285926816,-0.659298083429175,FALSE,0,1,-43,69
401767315,2025,10,"Grambling","Alabama A&M",-3.5,-3.5,56.5,0,0,0,53.5338403890642,0,0,0.372754092569138,"Alabama A&M",0.127245907430862,-0.288412437285516,FALSE,FALSE,FALSE,0.453314168394323,"UNDER",0.0466858316056769,-0.134623252535237,FALSE,0,0,3,23
401767316,2025,11,"Stony Brook","North Carolina A&T",-18.5,-18.5,53.5,0,0,0,223.644815709803,0,0,0.530698045601149,"Stony Brook",0.0306980456011485,0.0131025690525925,TRUE,FALSE,FALSE,0.440505126458303,"UNDER",0.0594948735416967,-0.159075713591099,FALSE,1,0,26,50
401767317,2025,2,"Stony Brook","Rhode Island",7,7,47.5,0,0,0,-135.576155359249,0,0,0.223594409580778,"Rhode Island",0.276405590419222,-0.573158272110296,FALSE,FALSE,FALSE,0.479205378786389,"UNDER",0.0207946212136106,-0.0851969318967825,FALSE,0,1,-14,48
401767318,2025,3,"Holy Cross","Rhode Island",3.5,3.5,46.5,0,0,0,-65.4812812218456,0,0,0.40052228436821,"Rhode Island",0.0994777156317897,-0.235402959141086,FALSE,FALSE,FALSE,0.583012556972665,"OVER",0.0830125569726647,0.112970971260817,TRUE,1,0,-2,16
401767319,2025,4,"Rhode Island","Long Island University",-16.5,-16.5,45.5,0,0,0,209.337212980064,0,0,0.210986824492123,"Long Island University",0.289013175507877,-0.597226152044537,FALSE,FALSE,FALSE,0.490860697285252,"UNDER",0.00913930271474761,-0.0629469288824532,FALSE,1,0,21,35
401767320,2025,6,"Brown","Rhode Island",14.5,14.5,48.5,0,0,0,-148.521748346056,0,0,0.681836123932467,"Brown",0.181836123932467,0.30162516058708,TRUE,FALSE,FALSE,0.6480344569633,"OVER",0.1480344569633,0.23709777834294,TRUE,1,1,7,49
401767321,2025,8,"UAlbany","Rhode Island",13.5,13.5,47.5,0,0,0,-206.289935545814,1,0,0.643443941768492,"UAlbany",0.143443941768492,0.228334484836052,TRUE,FALSE,FALSE,0.534918061567622,"OVER",0.0349180615676219,0.0211585795325902,TRUE,0,1,-41,75
401767322,2025,3,"Stony Brook","Fordham",-4,-4,54.5,0,0,0,75.343470226873,0,0,0.187684692821579,"Fordham",0.312315307178421,-0.641709921403606,FALSE,FALSE,FALSE,0.499157250519687,"UNDER",0.00084274948031271,-0.047108808757917,FALSE,1,1,23,59
401767323,2025,5,"Stony Brook","Merrimack",-7,-7,47.5,0,0,0,-22.2085079946442,0,0,0.416148753195576,"Merrimack",0.0838512468044245,-0.205572030149646,FALSE,FALSE,FALSE,0.418984530236787,"UNDER",0.0810154697632128,-0.200158531777973,FALSE,1,0,25,45
401767324,2025,6,"UAlbany","Stony Brook",7,7,48.5,0,0,0,-63.1127062919475,0,0,0.602232082391345,"UAlbany",0.102232082391345,0.149661045285077,TRUE,FALSE,FALSE,0.517235028944667,"OVER",0.0172350289446666,-0.0125983297446315,FALSE,0,1,-35,59
401767325,2025,9,"Stony Brook","Towson",-3,-3,52.5,0,0,0,19.9770647995192,-1,0,0.747807303553547,"Stony Brook",0.247807303553547,0.427564142483721,TRUE,FALSE,FALSE,0.452909739272636,"UNDER",0.0470902607273641,-0.135395307728538,FALSE,1,0,8,46
401767326,2025,12,"Villanova","Stony Brook",-10.5,-10.5,51.5,0,0,0,167.92417781745,0,0,0.796952193603349,"Villanova",0.296952193603349,0.521381737588793,TRUE,FALSE,FALSE,0.431559256268972,"UNDER",0.0684407437310285,-0.176153379782533,FALSE,0,1,3,57
401767328,2025,2,"Morgan State","Towson",10,10,48.5,0,0,0,-122.614600290868,0,0,0.369814982468948,"Towson",0.130185017531052,-0.294023198466777,FALSE,FALSE,FALSE,0.470861804439251,"UNDER",0.0291381955607485,-0.101124815325469,FALSE,1,1,-5,49
401767329,2025,4,"Towson","Youngstown State",3,3,54.5,0,0,0,44.1642047298021,0,0,0.590039651334849,"Towson",0.0900396513348493,0.126385694398227,TRUE,FALSE,FALSE,0.520436817902731,"OVER",0.0204368179027311,-0.00648611462368631,FALSE,0,1,-3,59
401767330,2025,11,"Towson","Villanova",3.5,3.5,51.5,0,0,0,-164.006679880561,-1,0,0.423816202298174,"Villanova",0.0761837977018262,-0.190934869812786,FALSE,FALSE,FALSE,0.576335615739294,"OVER",0.0763356157392943,0.100224690446313,TRUE,0,0,-18,38
401767331,2025,12,"UAlbany","Towson",13.5,13.5,47.5,0,0,0,-146.606922992487,0,0,0.601998252220581,"UAlbany",0.101998252220581,0.14921466348909,TRUE,FALSE,FALSE,0.70977679294196,"OVER",0.20977679294196,0.354963897726202,TRUE,0,1,-17,55
401767332,2025,2,"Delaware State","UAlbany",12.5,12.5,50.5,0,0,0,-174.782350292813,0,0,0.223666244952136,"UAlbany",0.276333755047864,-0.573021138386373,FALSE,FALSE,FALSE,0.673116098944591,"OVER",0.173116098944591,0.284978632885225,TRUE,1,1,5,69
401767333,2025,4,"UAlbany","Cornell",3,3,50.5,0,0,0,-53.4611384115483,-1,0,0.562943847178106,"UAlbany",0.0629438471781062,0.0746598042630048,TRUE,FALSE,FALSE,0.525183992838882,"OVER",0.0251839928388816,0.00257624232942505,FALSE,1,0,3,23
401767334,2025,9,"Villanova","UAlbany",-31.5,-31.5,51.5,0,0,0,287.850335881867,0,0,0.682555632998617,"Villanova",0.182555632998617,0.302998703394359,TRUE,FALSE,FALSE,0.704723051409337,"OVER",0.204723051409337,0.345316305140425,TRUE,0,0,13,45
401767335,2025,10,"William & Mary","UAlbany",-19,-19,50.5,0,0,0,146.615589746755,0,0,0.39935299510627,"UAlbany",0.10064700489373,-0.237635132342131,FALSE,FALSE,FALSE,0.60583115309154,"OVER",0.10583115309154,0.156531671251749,TRUE,1,0,30,44
401767336,2025,2,"Villanova","Colgate",-20,-20,50.5,0,0,0,216.810219887718,1,0,0.399077199616075,"Colgate",0.100922800383925,-0.238161625932913,FALSE,FALSE,FALSE,0.581980546222123,"OVER",0.081980546222123,0.111000862738033,TRUE,0,0,7,41
401767337,2025,5,"Villanova","William & Mary",-6.5,-6.5,50.5,0,0,0,48.6469514289925,0,0,0.39820445392724,"William & Mary",0.10179554607276,-0.239827697452898,FALSE,FALSE,FALSE,0.364892831415668,"UNDER",0.135107168584332,-0.30341958482749,FALSE,1,1,7,55
401767338,2025,13,"Villanova","Sacred Heart",-16,-16,54.5,0,0,0,161.161572878189,0,0,0.631992399543867,"Villanova",0.131992399543867,0.206473490729242,TRUE,FALSE,FALSE,0.483298845568729,"UNDER",0.0167011544312713,-0.0773825038092969,FALSE,1,0,24,44
401767340,2025,13,"William & Mary","Richmond",-6.5,-6.5,49.5,0,0,0,4.37794529692246,0,0,0.182783245193072,"Richmond",0.317216754806928,-0.651066784926426,FALSE,FALSE,FALSE,0.540527724346552,"OVER",0.0405277243465517,0.0318674257775672,TRUE,0,0,-7,49
401767342,2025,4,"St. Francis (PA)","Delaware State",7.5,7.5,47.5,0,0,0,30.4324198373149,0,0,0.7795204857347,"St. Francis (PA)",0.2795204857347,0.488104607267542,TRUE,FALSE,FALSE,0.413195959446878,"UNDER",0.0868040405531221,-0.21120891341591,FALSE,0,1,-29,49
401767343,2025,5,"Sacred Heart","Delaware State",5,5,54.5,0,0,0,66.3674330245919,0,0,0.665168034865662,"Sacred Heart",0.165168034865662,0.269805778558548,TRUE,FALSE,FALSE,0.354944783098366,"UNDER",0.145055216901634,-0.322410409065219,FALSE,1,1,4,66
401767345,2025,9,"North Carolina Central","Delaware State",-18,-18,63.5,0,0,0,217.754443715769,0,0,0.631660192078772,"North Carolina Central",0.131660192078772,0.205839306678376,TRUE,FALSE,FALSE,0.165961770550854,"UNDER",0.334038229449146,-0.68317898001842,FALSE,0,0,-9,61
401767346,2025,10,"Delaware State","Norfolk State",-17.5,-17.5,57.5,0,0,0,152.159747461582,0,0,0.616017031256778,"Delaware State",0.116017031256778,0.175976512669189,TRUE,FALSE,FALSE,0.217955792790696,"UNDER",0.282044207209304,-0.583922391562561,FALSE,0,0,7,47
401767347,2025,11,"Morgan State","Delaware State",3.5,3.5,54.5,0,0,0,-45.1033544047775,0,0,0.671208202724156,"Morgan State",0.171208202724156,0.281336459000413,TRUE,FALSE,FALSE,0.483051076270831,"UNDER",0.0169489237291695,-0.0778554953989845,FALSE,1,0,-2,26
401767348,2025,12,"Delaware State","Howard",-13.5,-13.5,50.5,0,0,0,82.369507973807,0,0,0.735353121550596,"Delaware State",0.235353121550596,0.403789109040089,TRUE,FALSE,FALSE,0.504655963114917,"OVER",0.00465596311491667,-0.0366117664136241,FALSE,0,0,13,39
401767349,2025,13,"Delaware State","South Carolina State",5.5,5.5,56.5,0,0,0,-122.724592461968,0,0,0.452518425437264,"South Carolina State",0.0474815745627365,-0.136142325840264,FALSE,FALSE,FALSE,0.548030491281835,"OVER",0.0480304912818348,0.0461902078570226,TRUE,0,0,-11,45
401767352,2025,5,"Richmond","Howard",-16,-16,43.5,0,0,0,119.501401136932,0,0,0.08585954466901,"Howard",0.41414045533099,-0.83609412922686,FALSE,FALSE,FALSE,0.515862874012191,"OVER",0.0158628740121908,-0.0152177735107278,FALSE,0,0,1,25
401767353,2025,7,"Sacred Heart","Howard",-2.5,-2.5,47.5,0,0,0,1.49552155356969,-1,0,0.40027387962222,"Howard",0.0997261203777795,-0.235877163801181,FALSE,FALSE,FALSE,0.575144445927573,"OVER",0.0751444459275732,0.0979507472757373,TRUE,1,0,18,46
401767354,2025,9,"Howard","Morgan State",1,1,44.5,0,0,0,-33.8187928982049,-1,0,0.462204856542283,"Morgan State",0.0377951434577175,-0.117650928860783,FALSE,FALSE,FALSE,0.572675795231216,"OVER",0.0726757952312159,0.0932380930963912,TRUE,1,1,6,60
401767355,2025,10,"Howard","North Carolina Central",15,15,51.5,0,0,0,-165.675996205154,0,0,0.655164964540363,"Howard",0.155164964540363,0.250709917307553,TRUE,FALSE,FALSE,0.476965870674898,"UNDER",0.0230341293251022,-0.08947215288162,FALSE,0,0,-21,49
401767356,2025,11,"Alabama A&M","Prairie View A&M",3.5,3.5,52.5,0,0,0,-50.5419066616216,0,0,0.517581543101736,"Alabama A&M",0.017581543101736,-0.011936834218786,FALSE,FALSE,FALSE,0.527472615260132,"OVER",0.0274726152601316,0.00694522253159119,FALSE,0,1,-43,53
401767357,2025,12,"Alabama A&M","Florida A&M",2.5,2.5,54.5,0,0,0,-84.3717074084618,0,0,0.591404424267425,"Alabama A&M",0.0914044242674255,0.128991045926515,TRUE,FALSE,FALSE,0.502889885952033,"OVER",0.00288988595203299,-0.039983207717569,FALSE,0,0,-3,49
401767358,2025,13,"Texas Southern","Alabama A&M",-3.5,-3.5,52.5,0,0,0,43.2887751905987,0,0,0.363823830673796,"Alabama A&M",0.136176169326204,-0.305460307243724,FALSE,FALSE,FALSE,0.417242532089586,"UNDER",0.0827574679104136,-0.20348400624098,FALSE,1,0,17,31
401767359,2025,2,"Southern","Alabama State",6.5,6.5,56.5,0,0,0,-18.3418525960105,0,0,0.409618590664083,"Alabama State",0.0903814093359174,-0.218038110422266,FALSE,FALSE,FALSE,0.245456703991937,"UNDER",0.254543296008063,-0.531423152079392,FALSE,0,0,-23,37
401767361,2025,5,"Florida A&M","Alabama State",4,4,50.5,0,0,0,-52.9575664883575,0,0,0.548459799599908,"Florida A&M",0.0484597995999081,0.0470097574362245,TRUE,FALSE,FALSE,0.471257044583074,"UNDER",0.0287429554169258,-0.100370301890911,FALSE,0,1,-28,56
401767362,2025,6,"Alabama State","Bethune-Cookman",-13,-13,57.5,0,0,0,203.546446178264,0,0,0.329714353906142,"Bethune-Cookman",0.170285646093858,-0.370575298393175,FALSE,FALSE,FALSE,0.375517850939684,"UNDER",0.124482149060316,-0.283136422556143,FALSE,1,1,17,87
401767363,2025,7,"Jackson State","Alabama State",-8.5,-8.5,56.5,0,0,0,46.31878454924,0,0,0.578695939665128,"Jackson State",0.0786959396651284,0.10473054882073,TRUE,FALSE,FALSE,0.452401569925312,"UNDER",0.0475984300746882,-0.13636540301258,FALSE,0,1,4,72
401767364,2025,10,"Prairie View A&M","Alabama State",10.5,10.5,52.5,0,0,0,-148.449352465748,0,0,0.638287331284832,"Prairie View A&M",0.138287331284832,0.218490515422744,TRUE,FALSE,FALSE,0.517415184190118,"OVER",0.0174151841901176,-0.0122544133810656,FALSE,1,1,-3,59
401767365,2025,11,"Alabama State","Texas Southern",-17.5,-17.5,53.5,0,0,0,236.108319850902,0,0,0.421632054609289,"Texas Southern",0.0783679453907105,-0.195104407750866,FALSE,FALSE,FALSE,0.444675968022402,"UNDER",0.0553240319775979,-0.151113577045234,FALSE,1,1,18,66
401767366,2025,12,"Mississippi Valley State","Alabama State",29.5,29.5,54.5,0,0,0,-417.621924160313,0,0,0.340612267970937,"Alabama State",0.159387732029063,-0.349771180443481,FALSE,FALSE,FALSE,0.650735700483002,"OVER",0.150735700483002,0.242254452222051,TRUE,0,0,-38,44
401767367,2025,13,"Alabama State","Arkansas-Pine Bluff",-26.5,-26.5,59.5,0,0,0,360.716091647154,0,0,0.679361816472332,"Alabama State",0.179361816472332,0.296901707645681,TRUE,FALSE,FALSE,0.234653198256071,"UNDER",0.265346801743929,-0.55204704452916,FALSE,1,0,31,57
401767370,2025,5,"Alcorn State","Arkansas-Pine Bluff",7,7,50.5,0,0,0,67.5025416555375,0,0,0.678765873651724,"Alcorn State",0.178765873651724,0.295764052801141,TRUE,FALSE,FALSE,0.495889076836255,"UNDER",0.00411092316374512,-0.0533477523195894,FALSE,1,0,-4,44
401767371,2025,6,"Alcorn State","Prairie View A&M",3,3,47.5,0,0,0,-63.4619839824966,0,0,0.746907004882548,"Alcorn State",0.246907004882548,0.425845472320784,TRUE,FALSE,FALSE,0.388812671821466,"UNDER",0.111187328178534,-0.257756609492822,FALSE,1,0,-1,25
401767373,2025,8,"Florida A&M","Alcorn State",-4.5,-4.5,45.5,0,0,0,65.212817996189,0,0,0.660371641668901,"Florida A&M",0.160371641668901,0.260649463945932,TRUE,FALSE,FALSE,0.46192590925002,"UNDER",0.03807409074998,-0.118183439241712,FALSE,1,1,5,61
401767374,2025,9,"Alcorn State","Mississippi Valley State",-10.5,-10.5,50.5,0,0,0,104.15071409662,0,0,0.811127150243343,"Alcorn State",0.311127150243343,0.548441729814543,TRUE,FALSE,FALSE,0.410076183309938,"UNDER",0.0899238166900617,-0.217164566061328,FALSE,1,0,22,42
401767375,2025,10,"Texas Southern","Alcorn State",-6.5,-6.5,47.5,0,0,0,58.0976638395191,1,0,0.834118897188606,"Texas Southern",0.334118897188606,0.592332974733048,TRUE,FALSE,FALSE,0.404126528962158,"UNDER",0.0958734710378422,-0.228522456211241,FALSE,0,0,-19,47
401767376,2025,11,"Alcorn State","Southern",-11,-11,47.5,0,0,0,127.598841665394,0,0,0.479940414910493,"Southern",0.0200595850895074,-0.0837937479358697,FALSE,FALSE,FALSE,0.529006473328093,"OVER",0.0290064733280931,0.0098733575833298,FALSE,1,1,18,52
401767377,2025,12,"Alcorn State","Grambling",1.5,1.5,45.5,0,0,0,-66.1686482967727,0,0,0.734041116244078,"Alcorn State",0.234041116244078,0.401284490909945,TRUE,FALSE,FALSE,0.438165963045773,"UNDER",0.0618340369542272,-0.16354117654562,FALSE,1,0,11,43
401767378,2025,13,"Alcorn State","Jackson State",-19.5,-19.5,51.5,0,0,0,-225.21279412007,0,0,0.674746453656738,"Alcorn State",0.174746453656738,0.288090980030713,TRUE,FALSE,FALSE,0.589943631397698,"OVER",0.0899436313976985,0.126202392338206,TRUE,0,0,-6,48
401767379,2025,2,"Central Arkansas","Arkansas-Pine Bluff",-27,-27,55.5,0,0,0,152.332440113392,0,0,0.394237307646359,"Arkansas-Pine Bluff",0.105762692353641,-0.2474009797031,FALSE,FALSE,FALSE,0.264841012051115,"UNDER",0.235158987948885,-0.494418507994421,FALSE,0,1,24,58
401767381,2025,6,"Texas Southern","Arkansas-Pine Bluff",-6,-6,48.5,0,0,0,44.9766301255411,0,0,0.673084566748783,"Texas Southern",0.173084566748783,0.284918437923427,TRUE,FALSE,FALSE,0.523075390644871,"OVER",0.0230753906448709,-0.00144907925894155,FALSE,1,1,44,58
401767383,2025,8,"Arkansas-Pine Bluff","Grambling",8,8,54.5,0,0,0,-131.027123219148,1,0,0.739483961980285,"Arkansas-Pine Bluff",0.239483961980285,0.411674883420364,TRUE,FALSE,FALSE,0.637899812788669,"OVER",0.137899812788669,0.217750742613569,TRUE,1,0,-4,36
401767384,2025,9,"Bethune-Cookman","Arkansas-Pine Bluff",-13.5,-13.5,56.5,0,0,0,106.536926309137,1,0,0.345878547911199,"Arkansas-Pine Bluff",0.154121452088801,-0.339717852037521,FALSE,FALSE,FALSE,0.440943652300998,"UNDER",0.059056347699002,-0.158238567757395,FALSE,1,0,17,45
401767385,2025,10,"Arkansas-Pine Bluff","Southern",1,1,52.5,0,0,0,-30.7795045564135,0,0,0.474912265944539,"Southern",0.0250877340554612,-0.0933924843118754,FALSE,FALSE,FALSE,0.392331758894544,"UNDER",0.107668241105456,-0.251038672270316,FALSE,1,1,19,61
401767386,2025,11,"Arkansas-Pine Bluff","Florida A&M",3.5,3.5,52.5,0,0,0,-131.798168461871,0,0,0.821819071171145,"Arkansas-Pine Bluff",0.321819071171145,0.568852606865716,TRUE,FALSE,FALSE,0.587445544098586,"OVER",0.0874455440985862,0.121433543684201,TRUE,1,1,-3,59
401767387,2025,12,"Prairie View A&M","Arkansas-Pine Bluff",-21,-21,50.5,0,0,0,199.259844587631,0,0,0.650890893549087,"Prairie View A&M",0.150890893549087,0.242550715785208,TRUE,FALSE,FALSE,0.51727765675801,"OVER",0.0172776567580099,-0.0125169532489592,FALSE,1,1,47,65
401767388,2025,3,"South Carolina State","Bethune-Cookman",-18,-18,47.5,0,0,0,207.853894353357,0,0,0.38334630856583,"Bethune-Cookman",0.11665369143417,-0.26819189694783,FALSE,FALSE,FALSE,0.483088338376805,"UNDER",0.0169116616231949,-0.0777843620386791,FALSE,0,1,14,96
401767390,2025,7,"Bethune-Cookman","Southern",-1,-1,53.5,0,0,0,-18.1292345239233,-1,0,0.402540929904345,"Southern",0.0974590700956551,-0.231549364812606,FALSE,FALSE,FALSE,0.56586426999122,"OVER",0.0658642699912199,0.0802348914132387,TRUE,1,1,31,59
401767391,2025,10,"Bethune-Cookman","Mississippi Valley State",-22,-22,58.5,0,0,0,185.236503339343,0,0,0.465616304329027,"Mississippi Valley State",0.0343836956709734,-0.111138475035888,FALSE,FALSE,FALSE,0.397520786474294,"UNDER",0.102479213525706,-0.241132818620572,FALSE,0,1,8,76
401767392,2025,11,"Grambling","Bethune-Cookman",-1.5,-1.5,53.5,0,0,0,50.9087591810592,0,0,0.506882423594093,"Grambling",0.00688242359409286,-0.0323614533588767,FALSE,FALSE,FALSE,0.425548022336674,"UNDER",0.0744519776633257,-0.187628825359289,FALSE,1,1,8,54
401767393,2025,12,"Jackson State","Bethune-Cookman",-23.5,-23.5,59.5,0,0,0,257.18619274759,0,0,0.547399337111964,"Jackson State",0.0473993371119642,0.0449853345467397,TRUE,FALSE,FALSE,0.505035518201361,"OVER",0.00503551820136139,-0.0358871957536011,FALSE,0,0,15,41
401767394,2025,13,"Florida A&M","Bethune-Cookman",-2.5,-2.5,56.5,0,0,0,59.2108491971953,0,0,0.596062133874075,"Florida A&M",0.0960621338740751,0.137882613565609,TRUE,FALSE,FALSE,0.472372634223774,"UNDER",0.0276273657762255,-0.0982406412668146,FALSE,0,1,-4,72
401767396,2025,11,"South Carolina State","Howard",-15.5,-15.5,49.5,0,0,0,165.641890107557,0,0,0.13687284607096,"Howard",0.36312715392904,-0.738709736850538,FALSE,FALSE,FALSE,0.480841916930552,"UNDER",0.0191580830694477,-0.0820727805795757,FALSE,1,1,30,54
401767397,2025,13,"Howard","Norfolk State",-3.5,-3.5,48.5,0,0,0,104.495522716602,0,0,0.301100216000958,"Norfolk State",0.198899783999042,-0.42519968765417,FALSE,FALSE,FALSE,0.506598138348598,"OVER",0.00659813834859824,-0.0329041538925259,FALSE,1,1,29,59
401767399,2025,6,"Georgetown","Morgan State",2.5,2.5,47.5,0,0,0,-27.2878124959434,0,0,0.634346151599987,"Georgetown",0.134346151599987,0.210966803404376,TRUE,FALSE,FALSE,0.423740978697444,"UNDER",0.0762590213025559,-0.191078471666579,FALSE,1,1,3,51
401767401,2025,10,"South Carolina State","Morgan State",-11.5,-11.5,53.5,0,0,0,135.741855714845,0,0,0.655915427728139,"South Carolina State",0.155915427728139,0.252142551533018,TRUE,FALSE,FALSE,0.442528437146106,"UNDER",0.0574715628538944,-0.155213213488084,FALSE,0,1,6,66
401767402,2025,12,"Norfolk State","Morgan State",5.5,5.5,50.5,0,0,0,-116.628519918984,0,0,0.438542567667965,"Morgan State",0.0614574323320347,-0.162822238321854,FALSE,FALSE,FALSE,0.580786118718887,"OVER",0.0807861187188869,0.108720700634355,TRUE,0,1,-7,63
401767403,2025,13,"Morgan State","North Carolina Central",9.5,9.5,54.5,0,0,0,-168.867284212779,0,0,0.773366607563111,"Morgan State",0.273366607563111,0.476356853837978,TRUE,FALSE,FALSE,0.614326692150195,"OVER",0.114326692150195,0.172749655314722,TRUE,0,0,-19,47
401767405,2025,4,"Norfolk State","Sacred Heart",-1,-1,47.5,0,0,0,-66.621545015732,0,0,0.390785478752146,"Sacred Heart",0.109214521247854,-0.253990521062153,FALSE,FALSE,FALSE,0.506990117616892,"OVER",0.00699011761689217,-0.0321558654693528,FALSE,0,1,-3,59
401767406,2025,5,"Wagner","Norfolk State",2.5,2.5,47.5,0,0,0,-69.910693308705,0,0,0.167996800765052,"Norfolk State",0.332003199234948,-0.679294107339516,FALSE,FALSE,FALSE,0.556585197431943,"OVER",0.0565851974319428,0.0625211418975788,TRUE,1,0,5,31
401767407,2025,7,"Wofford","Norfolk State",-7.5,-7.5,44.5,0,0,0,38.7125972440954,0,0,0.331825471497951,"Norfolk State",0.168174528502049,-0.366545174910412,FALSE,FALSE,FALSE,0.471079523557412,"UNDER",0.0289204764425883,-0.100709189528901,FALSE,1,1,17,45
401767408,2025,9,"Norfolk State","South Carolina State",14.5,14.5,53.5,0,0,0,-221.301232259104,0,0,0.456940496442777,"South Carolina State",0.0430595035572234,-0.127700592290739,FALSE,FALSE,FALSE,0.520257055797418,"OVER",0.020257055797418,-0.00682928048272902,FALSE,0,1,-31,71
401767409,2025,11,"North Carolina Central","Norfolk State",-25.5,-25.5,56.5,0,0,0,324.387016056857,0,0,0.739253550500929,"North Carolina Central",0.239253550500929,0.411235027906273,TRUE,FALSE,FALSE,0.359537870007734,"UNDER",0.140462129992266,-0.313642206155235,FALSE,0,1,3,59
401767412,2025,5,"East Texas A&M","North Carolina Central",14.5,14.5,56.5,0,0,0,-235.243550821661,0,0,0.498716079767836,"North Carolina Central",0.00128392023216439,-0.0479510037232018,FALSE,FALSE,FALSE,0.31269476110691,"UNDER",0.18730523889309,-0.40306570104691,FALSE,1,1,-8,92
401767413,2025,7,"Florida A&M","North Carolina Central",12,12,51.5,0,0,0,-103.937846623216,0,0,0.496906081385892,"North Carolina Central",0.00309391861410835,-0.0514062906343328,FALSE,FALSE,FALSE,0.322821033766256,"UNDER",0.177178966233744,-0.383734646540217,FALSE,0,1,-38,52
401767414,2025,12,"North Carolina Central","South Carolina State",-7,-7,57.5,0,0,0,32.6989943993544,0,0,0.36013741300229,"South Carolina State",0.13986258699771,-0.312497678578629,FALSE,FALSE,FALSE,0.411747002489204,"UNDER",0.0882529975107955,-0.213974972248109,FALSE,0,1,-7,61
401767416,2025,4,"Grambling","East Texas A&M",3.5,3.5,54.5,0,0,0,145.425602828524,-1,0,0.719740006426869,"Grambling",0.219740006426869,0.373983672268894,TRUE,FALSE,FALSE,0.378214499091592,"UNDER",0.121785500908408,-0.277988521234151,FALSE,1,1,3,59
401767417,2025,5,"Prairie View A&M","Grambling",3,3,52.5,0,0,0,-85.2458658566336,0,0,0.519683384873114,"Prairie View A&M",0.0196833848731144,-0.00792441827722462,FALSE,FALSE,FALSE,0.474194265018075,"UNDER",0.0258057349819247,-0.0947631480804943,FALSE,1,0,15,41
401767418,2025,7,"Grambling","Texas Southern",-3.5,-3.5,49.5,0,0,0,42.2480913005006,1,0,0.606310352934537,"Grambling",0.106310352934537,0.15744646375203,TRUE,FALSE,FALSE,0.41765563948331,"UNDER",0.0823443605166903,-0.202695384226362,FALSE,0,0,-1,41
401767419,2025,9,"Grambling","Jackson State",21,21,56.5,0,0,0,-200.639531891845,-1,0,0.775010322343362,"Grambling",0.275010322343362,0.479494705353478,TRUE,FALSE,FALSE,0.439552147223183,"UNDER",0.060447852776817,-0.160894950950944,FALSE,1,0,2,50
401767420,2025,14,"Southern","Grambling",-13.5,-13.5,48.5,0,0,0,-213.607867647295,0,0,0.275817786911266,"Grambling",0.224182213088734,-0.473463844786393,FALSE,FALSE,FALSE,0.508547510970826,"OVER",0.00854751097082562,-0.0291828015566939,FALSE,0,1,1,55
401767422,2025,5,"Southern","Jackson State",9.5,9.5,50.5,0,0,0,-181.895723932486,0,0,0.485181839564818,"Jackson State",0.014818160435182,-0.0737878682707624,FALSE,FALSE,FALSE,0.603071006994245,"OVER",0.103071006994245,0.151262552352014,TRUE,0,1,-25,51
401767423,2025,10,"Florida A&M","Jackson State",17,17,53.5,0,0,0,-177.206720926516,0,0,0.468502653815778,"Jackson State",0.0314973461842221,-0.10562843386568,FALSE,FALSE,FALSE,0.335182132174852,"UNDER",0.164817867825148,-0.360137309678208,FALSE,0,1,-25,57
401767424,2025,11,"Mississippi Valley State","Jackson State",27.5,27.5,56.5,0,0,0,-436.574756778813,0,0,0.599121735118627,"Mississippi Valley State",0.0991217351186273,0.14372339234146,TRUE,FALSE,FALSE,0.472054697510979,"UNDER",0.0279453024890213,-0.0988475824515416,FALSE,0,0,-39,45
401767426,2025,3,"SE Louisiana","Mississippi Valley State",-32.5,-32.5,51.5,0,0,0,221.284447092884,0,0,0.420194942932123,"Mississippi Valley State",0.0798050570678769,-0.197847853942577,FALSE,FALSE,FALSE,0.738325911660132,"OVER",0.238325911660132,0.409464165359193,TRUE,1,1,53,59
401767427,2025,5,"Mississippi Valley State","Texas Southern",13.5,13.5,47.5,0,0,0,-118.982603062125,0,0,0.244218713283221,"Texas Southern",0.255781286716779,-0.533786476342331,FALSE,FALSE,FALSE,0.525864605548359,"OVER",0.0258646055483593,0.003875531991818,FALSE,1,0,-3,43
401767428,2025,14,"Mississippi Valley State","Florida A&M",13.5,13.5,51.5,0,0,0,-242.18807217984,0,0,0.485075219182402,"Florida A&M",0.0149247808175984,-0.0739914065807953,FALSE,FALSE,FALSE,0.469046753686114,"UNDER",0.0309532463138864,-0.104589747213209,FALSE,1,1,4,66
401767430,2025,13,"Prairie View A&M","Mississippi Valley State",-29.5,-29.5,50.5,0,0,0,300.94168319974,0,0,0.6576444004726,"Prairie View A&M",0.1576444004726,0.255443160502193,TRUE,FALSE,FALSE,0.392114170858447,"UNDER",0.107885829141553,-0.251454047831224,FALSE,1,1,53,65
401767433,2025,4,"Prairie View A&M","Northwestern State",-10.5,-10.5,46.5,0,0,0,128.351790672593,0,0,0.635195903178752,"Prairie View A&M",0.135195903178752,0.212588979168237,TRUE,FALSE,FALSE,0.535641536131339,"OVER",0.0356415361313387,0.0225396924747256,TRUE,0,1,3,51
401767434,2025,8,"Southern","Prairie View A&M",8.5,8.5,46.5,0,0,0,-68.8545401219651,-1,0,0.562960775521631,"Southern",0.0629607755216306,0.0746921204707929,TRUE,FALSE,FALSE,0.451846124104411,"UNDER",0.0481538758955886,-0.137425749084679,FALSE,0,0,-21,27
401767437,2025,2,"Illinois State","Morehead State",-31.5,-31.5,52.5,0,0,0,33.1960324783047,0,0,0.411889981700515,"Morehead State",0.0881100182994847,-0.213702024933716,FALSE,FALSE,FALSE,0.775719781668049,"OVER",0.275719781668049,0.480849063204305,TRUE,0,1,28,54
401767439,2025,7,"Murray State","Illinois State",23.5,23.5,58.5,0,0,0,-298.763750974037,0,0,0.408033892354922,"Illinois State",0.091966107645078,-0.221063299494454,FALSE,FALSE,FALSE,0.336800602922378,"UNDER",0.163199397077622,-0.357047649021181,FALSE,1,1,-14,78
401767440,2025,8,"Illinois State","Youngstown State",-2,-2,56.5,0,0,0,104.156191336179,0,0,0.413096779154363,"Youngstown State",0.0869032208456372,-0.211398248594321,FALSE,FALSE,FALSE,0.479350843383823,"UNDER",0.0206491566161769,-0.0849192399802818,FALSE,0,1,-5,75
401767441,2025,9,"South Dakota","Illinois State",-3.5,-3.5,54.5,0,0,0,72.3044299797987,0,0,0.663142452791817,"South Dakota",0.163142452791817,0.26593894237958,TRUE,FALSE,FALSE,0.503885467379566,"OVER",0.00388546737956574,-0.038082642772409,FALSE,0,0,-8,34
401767442,2025,10,"Illinois State","Northern Iowa",-12.5,-12.5,49.5,0,0,0,210.482615944167,0,0,0.211869518689393,"Northern Iowa",0.288130481310607,-0.595541088821949,FALSE,FALSE,FALSE,0.470390311845475,"UNDER",0.0296096881545251,-0.102024894686988,FALSE,1,0,15,47
401767443,2025,11,"Indiana State","Illinois State",10.5,10.5,58.5,0,0,0,-176.570270669382,0,0,0.514730958142744,"Indiana State",0.0147309581427437,-0.0173786009055022,FALSE,FALSE,FALSE,0.60807953778193,"OVER",0.10807953778193,0.160823837625705,TRUE,0,1,-32,72
401767444,2025,12,"South Dakota State","Illinois State",-3.5,-3.5,50.5,0,0,0,69.3580428844671,0,0,0.681265222066841,"South Dakota State",0.181265222066841,0.300535308925599,TRUE,FALSE,FALSE,0.47187830868531,"UNDER",0.0281216913146897,-0.0991843087197427,FALSE,0,1,-14,56
401767445,2025,13,"Illinois State","Southern Illinois",-4.5,-4.5,59.5,0,0,0,139.277253384416,0,0,0.488932585463405,"Southern Illinois",0.0110674145365953,-0.0666276943503603,FALSE,FALSE,FALSE,0.304171156353228,"UNDER",0.195828843646772,-0.419337262521689,FALSE,0,0,-30,44
401767448,2025,7,"Indiana State","South Dakota",15.5,15.5,56.5,0,0,0,-208.418262392125,0,0,0.330537588474485,"South Dakota",0.169462411525515,-0.369003743602208,FALSE,FALSE,FALSE,0.19579396763945,"UNDER",0.30420603236055,-0.626229315776291,FALSE,1,0,-5,33
401767449,2025,8,"Indiana State","North Dakota State",33.5,33.5,56.5,0,0,0,-410.418122863066,0,0,0.474925722775101,"North Dakota State",0.025074277224899,-0.0933667952223321,FALSE,FALSE,FALSE,0.538194020886819,"OVER",0.0381940208868186,0.0274123858729367,TRUE,1,0,-31,45
401767450,2025,9,"North Dakota","Indiana State",-30,-30,55.5,0,0,0,231.069117533583,0,0,0.685298416353976,"North Dakota",0.185298416353976,0.30823467681974,TRUE,FALSE,FALSE,0.618330951540999,"OVER",0.118330951540999,0.180393786491766,TRUE,0,1,29,63
401767451,2025,10,"South Dakota State","Indiana State",-31,-31,53.5,0,0,0,388.364137492854,0,0,0.803822337798368,"South Dakota State",0.303822337798368,0.534496842857084,TRUE,FALSE,FALSE,0.762640217968738,"OVER",0.262640217968738,0.455880176102321,TRUE,0,0,-12,36
401767452,2025,12,"Youngstown State","Indiana State",-20.5,-20.5,61.5,0,0,0,137.234921433111,0,0,0.344748560319642,"Indiana State",0.155251439680358,-0.341874998349804,FALSE,FALSE,FALSE,0.272135061808652,"UNDER",0.227864938191348,-0.480494167007284,FALSE,0,1,19,77
401767453,2025,13,"Indiana State","Murray State",-13,-13,58.5,0,0,0,169.341606263876,0,0,0.611420052181706,"Indiana State",0.111420052181706,0.167200879614877,TRUE,FALSE,FALSE,0.508505934747019,"OVER",0.00850593474701866,-0.0292621705679413,FALSE,0,0,-14,48
401767455,2025,2,"Murray State","SE Louisiana",21.5,21.5,51.5,0,0,0,-157.761455217279,0,0,0.532787693237721,"Murray State",0.032787693237721,0.0170917063908094,TRUE,FALSE,FALSE,0.599412376574311,"OVER",0.0994123765743108,0.144278226880359,TRUE,1,1,-21,69
401767456,2025,9,"Southern","Florida A&M",3,3,48.5,0,0,0,-112.466923192131,0,0,0.567758256753328,"Southern",0.067758256753328,0.0838505121421033,TRUE,FALSE,FALSE,0.496268021219084,"UNDER",0.00373197878091575,-0.0526243474927682,FALSE,0,1,-8,78
401767457,2025,12,"Southern","Texas Southern",6.5,6.5,52.5,0,0,0,-111.167972954284,0,0,0.853533752524667,"Southern",0.353533752524667,0.62939593356959,TRUE,FALSE,FALSE,0.503397959808925,"OVER",0.00339795980892543,-0.0390132947247613,FALSE,1,1,-5,65
401767458,2025,3,"Texas Southern","Lamar",9.5,9.5,45.5,0,0,0,-57.1672673465769,0,0,0.184704390688746,"Lamar",0.315295609311254,-0.647399318175183,FALSE,FALSE,FALSE,0.445739970003726,"UNDER",0.0542600299962742,-0.149082397262887,FALSE,0,0,-24,38
401767460,2025,6,"Northwestern State","East Texas A&M",7,7,54.5,0,0,0,-57.1691177289592,1,0,0.800443080088974,"Northwestern State",0.300443080088974,0.528045839889852,TRUE,FALSE,FALSE,0.270147955991135,"UNDER",0.229852044008865,-0.484287552012924,FALSE,0,0,-30,50
401767461,2025,7,"East Texas A&M","Lamar",7.5,7.5,53.5,0,0,0,-167.586751220175,0,0,0.457484107836659,"Lamar",0.0425158921633405,-0.126662838139817,FALSE,FALSE,FALSE,0.595483015091416,"OVER",0.0954830150914164,0.136777075809514,TRUE,0,1,-10,56
401767462,2025,8,"Incarnate Word","East Texas A&M",-18.5,-18.5,56.5,0,0,0,198.244779179479,1,0,0.302467706783203,"East Texas A&M",0.197532293216797,-0.422589147750866,FALSE,FALSE,FALSE,0.476000809566395,"UNDER",0.0239991904336048,-0.0913144545377515,FALSE,0,1,-7,97
401767463,2025,9,"East Texas A&M","Stephen F. Austin",14,14,59.5,0,0,0,-201.68703687166,0,0,0.646676356576063,"East Texas A&M",0.146676356576063,0.234505164703705,TRUE,FALSE,FALSE,0.361177918598121,"UNDER",0.138822081401879,-0.310511353396188,FALSE,1,0,-10,52
401767464,2025,10,"SE Louisiana","East Texas A&M",-17.5,-17.5,55.5,0,0,0,222.436047365248,0,0,0.781883623585759,"SE Louisiana",0.281883623585759,0.492615837425213,TRUE,FALSE,FALSE,0.474865796891416,"UNDER",0.0251342031085841,-0.0934811937342871,FALSE,1,1,45,73
401767465,2025,11,"East Texas A&M","McNeese",-2.5,-2.5,53.5,0,0,0,-40.4032680727969,0,0,0.31341562509497,"McNeese",0.18658437490503,-0.401689571693703,FALSE,FALSE,FALSE,0.474729152711396,"UNDER",0.0252708472886043,-0.0937420474739457,FALSE,0,1,-15,55
401767466,2025,12,"East Texas A&M","Houston Christian",-9.5,-9.5,51.5,0,0,0,7.15881222951839,0,0,0.396452699799953,"Houston Christian",0.103547300200047,-0.243171796081889,FALSE,FALSE,FALSE,0.482808215990904,"UNDER",0.0171917840090964,-0.078319115673365,FALSE,0,1,5,69
401767470,2025,7,"Houston Christian","Northwestern State",-12.5,-12.5,52.5,0,0,0,163.77627642287,0,0,0.242825481192513,"Northwestern State",0.257174518807487,-0.536446156403493,FALSE,FALSE,FALSE,0.495994987674245,"UNDER",0.00400501232575456,-0.0531455685298655,FALSE,0,0,3,37
401767471,2025,8,"McNeese","Houston Christian",-6.5,-6.5,49.5,0,0,0,-29.3704703292374,1,0,0.541583369906735,"McNeese",0.0415833699067351,0.0338826531519573,TRUE,FALSE,FALSE,0.50570108810977,"OVER",0.00570108810977032,-0.0346166227984485,FALSE,1,0,27,27
401767472,2025,9,"Houston Christian","SE Louisiana",21.5,21.5,52.5,0,0,0,-191.117644746107,0,0,0.633330560971251,"Houston Christian",0.133330560971251,0.209028040894117,TRUE,FALSE,FALSE,0.625369470237357,"OVER",0.125369470237357,0.193830318683115,TRUE,0,0,-24,52
401767473,2025,10,"Nicholls","Houston Christian",-11.5,-11.5,41.5,0,0,0,51.341917965214,0,0,0.518670691189459,"Nicholls",0.0186706911894594,-0.00985765051932197,FALSE,FALSE,FALSE,0.594203678011357,"OVER",0.0942036780113565,0.13433482132368,TRUE,1,0,24,38
401767474,2025,11,"Houston Christian","Stephen F. Austin",24.5,24.5,48.5,0,0,0,-289.627588692467,0,0,0.297595638425725,"Stephen F. Austin",0.202404361574275,-0.431889926245291,FALSE,FALSE,FALSE,0.548655736673,"OVER",0.048655736673,0.0473838013087571,TRUE,0,1,-47,53
401767475,2025,13,"Houston Christian","Incarnate Word",17.5,17.5,49.5,0,0,0,-207.715959412521,0,0,0.601568415963047,"Houston Christian",0.101568415963047,0.148394106073457,TRUE,FALSE,FALSE,0.666170022124605,"OVER",0.166170022124605,0.271718572235871,TRUE,0,0,-21,41
401767478,2025,9,"UT Rio Grande Valley","Incarnate Word",4.5,4.5,54.5,0,0,0,55.6346140462306,0,0,0.661113745039606,"UT Rio Grande Valley",0.161113745039606,0.262066139280608,TRUE,FALSE,FALSE,0.4806284516524,"UNDER",0.0193715483475998,-0.082480285795568,FALSE,1,1,28,84
401767479,2025,10,"Incarnate Word","Lamar",-2.5,-2.5,52.5,0,0,0,-81.5013526741377,0,0,0.560259364258299,"Incarnate Word",0.0602593642582993,0.0695351263690933,TRUE,FALSE,FALSE,0.383462297228386,"UNDER",0.116537702771614,-0.26797047459101,FALSE,1,0,7,41
401767480,2025,11,"Northwestern State","Incarnate Word",24.5,24.5,54.5,0,0,0,-314.794402956029,0,0,0.536425884087071,"Northwestern State",0.0364258840870706,0.0240370127222178,TRUE,FALSE,FALSE,0.539695585154109,"OVER",0.0396955851541085,0.0302788720591932,TRUE,0,0,-35,41
401767481,2025,12,"Incarnate Word","SE Louisiana",5.5,5.5,54.5,0,0,0,-65.979955571243,0,0,0.487380759575011,"SE Louisiana",0.0126192404249886,-0.0695901299713033,FALSE,FALSE,FALSE,0.432999765303145,"UNDER",0.0670002346968551,-0.173403448036296,FALSE,1,0,-3,17
401767482,2025,2,"Lamar","South Dakota",17,17,51.5,0,0,0,-166.294031441481,0,0,0.273065346491109,"South Dakota",0.226934653508891,-0.478718253548472,FALSE,FALSE,FALSE,0.695147112090305,"OVER",0.195147112090305,0.327035836980393,TRUE,1,0,7,33
401767483,2025,5,"Lamar","Central Arkansas",-6.5,-6.5,48.5,0,0,0,74.3522930906356,1,0,0.441696863925874,"Central Arkansas",0.058303136074126,-0.156800686765507,FALSE,FALSE,FALSE,0.520897706139071,"OVER",0.0208977061390713,-0.00560627898051291,FALSE,0,1,3,67
401767484,2025,6,"Lamar","Nicholls",-3.5,-3.5,41.5,0,0,0,119.220580860569,0,0,0.241391690311633,"Nicholls",0.258608309688367,-0.539183263195093,FALSE,FALSE,FALSE,0.571441552652131,"OVER",0.0714415526521315,0.0908819240129191,TRUE,1,0,7,41
401767485,2025,8,"Lamar","UT Rio Grande Valley",-3.5,-3.5,51.5,0,0,0,-27.8155610453316,-1,0,0.493975259555626,"UT Rio Grande Valley",0.0060247404443739,-0.0570012295083097,FALSE,FALSE,FALSE,0.489007499631332,"UNDER",0.0109925003686678,-0.0664846832037869,FALSE,0,0,2,44
401767486,2025,9,"Northwestern State","Lamar",24.5,24.5,47.5,0,0,0,-335.080031488775,0,0,0.155320423748873,"Lamar",0.344679576251127,-0.703493311063402,FALSE,FALSE,FALSE,0.603701260816281,"OVER",0.103701260816281,0.152465706898281,TRUE,0,1,-27,55
401767487,2025,11,"Lamar","SE Louisiana",8,8,49.5,0,0,0,-52.3795228128197,0,0,0.503982738257843,"Lamar",0.00398273825784301,-0.0378969526657777,FALSE,FALSE,FALSE,0.520169038871597,"OVER",0.020169038871597,-0.00699730479412125,FALSE,1,0,2,26
401767488,2025,12,"Stephen F. Austin","Lamar",-11,-11,45.5,0,0,0,80.9060280125639,0,0,0.699359944201179,"Stephen F. Austin",0.199359944201179,0.335078133480051,TRUE,FALSE,FALSE,0.466807204154757,"UNDER",0.0331927958452435,-0.10886504726857,FALSE,0,0,11,41
401767489,2025,13,"Lamar","McNeese",-13.5,-13.5,47.5,0,0,0,141.233691305036,0,0,0.439883485946799,"McNeese",0.0601165140532012,-0.160262425327561,FALSE,FALSE,FALSE,0.541083802531634,"OVER",0.0410838025316336,0.0329289790328885,TRUE,0,0,-2,40
401767491,2025,5,"Stephen F. Austin","McNeese",-13.5,-13.5,55.5,0,0,0,93.3215353249716,0,0,0.303209719773142,"McNeese",0.196790280226858,-0.421172644953073,FALSE,FALSE,FALSE,0.417275103741541,"UNDER",0.0827248962584595,-0.203421826957399,FALSE,1,0,17,51
401767493,2025,9,"Nicholls","McNeese",-5.5,-5.5,43.5,0,0,0,-28.9762926014018,0,0,0.222281025076604,"McNeese",0.277718974923396,-0.575665523128762,FALSE,FALSE,FALSE,0.56811133137051,"OVER",0.0681113313705102,0.0845245315863039,TRUE,1,0,24,38
401767494,2025,10,"McNeese","Northwestern State",-16.5,-16.5,48.5,0,0,0,166.126246365254,0,0,0.616863985587803,"McNeese",0.116863985587803,0.177593348487115,TRUE,FALSE,FALSE,0.554460813719427,"OVER",0.0544608137194266,0.0584656933903853,TRUE,1,1,47,53
401767497,2025,8,"Murray State","South Dakota State",37.5,37.5,56.5,0,0,0,-535.117305843286,0,0,0.457614504621093,"South Dakota State",0.0423854953789073,-0.126413910678334,FALSE,FALSE,FALSE,0.596942905425691,"OVER",0.0969429054256912,0.139564006457644,TRUE,1,0,-21,49
401767499,2025,10,"Murray State","Southern Illinois",24.5,24.5,58.5,0,0,0,-289.340502846563,0,0,0.225355980171696,"Southern Illinois",0.274644019828304,-0.569795433852232,FALSE,FALSE,FALSE,0.345695888532236,"UNDER",0.154304111467764,-0.340066548791961,FALSE,1,0,-20,34
401767500,2025,11,"Northern Iowa","Murray State",-12.5,-12.5,49.5,0,0,0,132.5787916325,0,0,0.891107573451906,"Northern Iowa",0.391107573451906,0.701124357719689,TRUE,FALSE,FALSE,0.479923794690284,"UNDER",0.0200762053097157,-0.0838254759362472,FALSE,1,0,17,45
401767501,2025,12,"Murray State","North Dakota",34,34,55.5,0,0,0,-378.365626005033,0,0,0.092785036193163,"North Dakota",0.407214963806837,-0.822873365907252,FALSE,FALSE,FALSE,0.585333158318273,"OVER",0.0853331583182733,0.117400999229584,TRUE,1,0,-18,52
401767502,2025,4,"North Dakota","Valparaiso",-44,-44,59.5,0,0,0,132.883637849254,0,0,0.721495465277642,"North Dakota",0.221495465277642,0.377334843215019,TRUE,FALSE,FALSE,0.794124400458181,"OVER",0.294124400458181,0.515983480474668,TRUE,1,1,51,65
401767503,2025,6,"Northern Iowa","North Dakota",15,15,53.5,0,0,0,-97.8973708033438,0,0,0.227040870024269,"North Dakota",0.272959129975731,-0.566578979123671,FALSE,FALSE,FALSE,0.469211774563761,"UNDER",0.0307882254362388,-0.10427472235778,FALSE,0,0,-28,42
401767504,2025,7,"North Dakota","Youngstown State",-9,-9,63.5,0,0,0,63.2962551463181,0,0,0.271327970557266,"Youngstown State",0.228672029442734,-0.482034904206178,FALSE,FALSE,FALSE,0.356523443060597,"UNDER",0.143476556939403,-0.319396747197321,FALSE,1,0,18,52
401767505,2025,8,"Southern Illinois","North Dakota",3,3,59.5,0,0,0,-22.4606836149792,0,0,0.481770120171091,"North Dakota",0.0182298798289094,-0.0803008405933879,FALSE,FALSE,FALSE,0.319702594431471,"UNDER",0.180297405568529,-0.389687747230321,FALSE,0,0,-19,57
401767506,2025,10,"South Dakota","North Dakota",13.5,13.5,51.5,0,0,0,-25.233741005705,0,0,0.480942450905858,"North Dakota",0.0190575490941418,-0.0818808612207166,FALSE,FALSE,FALSE,0.544815349550352,"OVER",0.0448153495503516,0.0400525022916212,TRUE,1,0,5,47
401767507,2025,11,"North Dakota","North Dakota State",10.5,10.5,53.5,0,0,0,-245.636884653141,0,0,0.472475307953781,"North Dakota State",0.0275246920462185,-0.0980446371162312,FALSE,FALSE,FALSE,0.485872063901951,"UNDER",0.0141279360980493,-0.0724702300111761,FALSE,1,0,-5,25
401767508,2025,13,"North Dakota","South Dakota State",-9.5,-9.5,48.5,0,0,0,-45.6622540097651,0,0,0.35713899650415,"South Dakota State",0.14286100349585,-0.318221655673578,FALSE,FALSE,FALSE,0.549656703542182,"OVER",0.0496567035421821,0.0492946470620256,TRUE,0,1,-3,65
401767510,2025,5,"North Dakota State","South Dakota",-25.5,-25.5,50.5,0,0,0,130.960166160102,1,0,0.464587920192659,"South Dakota",0.035412079807341,-0.113101660352214,FALSE,FALSE,FALSE,0.573818782869397,"OVER",0.0738187828693966,0.095420056497678,TRUE,1,1,38,64
401767511,2025,7,"North Dakota State","Southern Illinois",-20,-20,58.5,0,0,0,222.114303121712,0,0,0.410967834040147,"Southern Illinois",0.0890321659598531,-0.21546240481736,FALSE,FALSE,FALSE,0.406954453855983,"UNDER",0.0930455461440172,-0.223123947588929,FALSE,1,1,28,62
401767512,2025,9,"South Dakota State","North Dakota State",9,9,45.5,0,0,0,-9.02471339383987,0,0,0.416053144206335,"North Dakota State",0.0839468557936646,-0.205754547710106,FALSE,FALSE,FALSE,0.632223688968244,"OVER",0.132223688968244,0.206915022240378,TRUE,0,0,-31,45
401767513,2025,10,"North Dakota State","Youngstown State",-26.5,-26.5,60.5,0,0,0,335.081448435259,0,0,0.895500304921423,"North Dakota State",0.395500304921423,0.709510082094996,TRUE,FALSE,FALSE,0.291009678525504,"UNDER",0.208990321474496,-0.444462523694813,FALSE,0,1,8,68
401767514,2025,12,"North Dakota State","Northern Iowa",-34,-34,47.5,0,0,0,482.070774083495,0,0,0.814851631085499,"North Dakota State",0.314851631085499,0.555551763742217,TRUE,FALSE,FALSE,0.709220879543939,"OVER",0.209220879543939,0.35390265904938,TRUE,0,1,32,64
401767515,2025,13,"North Dakota State","St. Thomas (MN)",-33.5,-33.5,51.5,0,0,0,282.895184484275,0,0,0.710365522075441,"North Dakota State",0.210365522075441,0.356087781642017,TRUE,FALSE,FALSE,0.787743516604585,"OVER",0.287743516604585,0.503802373198152,TRUE,1,1,55,69
401767517,2025,8,"Stephen F. Austin","Nicholls",-13.5,-13.5,47.5,0,0,0,178.553096402744,0,0,0.15155584982948,"Nicholls",0.34844415017052,-0.710679882675522,FALSE,FALSE,FALSE,0.474637877438356,"UNDER",0.0253621225616438,-0.093916291970178,FALSE,1,0,27,41
401767519,2025,12,"Nicholls","Northwestern State",-23.5,-23.5,45.5,0,0,0,236.62679603665,0,0,0.803396195771782,"Nicholls",0.303396195771782,0.533683337728332,TRUE,FALSE,FALSE,0.46466570001391,"UNDER",0.0353342999860897,-0.112953178673445,FALSE,0,1,5,47
401767520,2025,13,"SE Louisiana","Nicholls",-17.5,-17.5,49.5,0,0,0,180.106084750846,0,0,0.250403863888938,"Nicholls",0.249596136111062,-0.521979023836017,FALSE,FALSE,FALSE,0.575234114785018,"OVER",0.0752341147850181,0.0981219251245995,TRUE,0,1,12,64
401767521,2025,8,"SE Louisiana","Northwestern State",-31,-31,53.5,0,0,0,329.370501046852,1,0,0.919137046676963,"SE Louisiana",0.419137046676963,0.754632622106322,TRUE,FALSE,FALSE,0.699991320329569,"OVER",0.199991320329569,0.336283430509147,TRUE,1,0,49,49
401767522,2025,13,"Northwestern State","Stephen F. Austin",37.5,37.5,50.5,0,0,0,-478.331750840051,0,0,0.311630114370432,"Stephen F. Austin",0.188369885629568,-0.405098111666845,FALSE,FALSE,FALSE,0.502580397137374,"OVER",0.00258039713737357,-0.0405740218647538,FALSE,0,1,-48,76
401767523,2025,5,"SE Louisiana","UT Rio Grande Valley",-18,-18,53.5,0,0,0,-91.5982449358839,0,0,0.476424176127112,"UT Rio Grande Valley",0.0235758238728882,-0.0905062477733436,FALSE,FALSE,FALSE,0.217598857128502,"UNDER",0.282401142871498,-0.584603781741689,FALSE,0,1,14,76
401767525,2025,10,"Stephen F. Austin","UT Rio Grande Valley",-10,-10,55.5,0,0,0,8.57529755857718,0,0,0.609759360238881,"Stephen F. Austin",0.109759360238881,0.164030618696024,TRUE,FALSE,FALSE,0.458852529621643,"UNDER",0.041147470378357,-0.124050520952283,FALSE,1,1,24,58
401767529,2025,3,"Chattanooga","Stetson",-27.5,-27.5,54.5,0,0,0,129.902809558954,0,0,0.417612755019817,"Stetson",0.0823872449801828,-0.202777250667169,FALSE,FALSE,FALSE,0.559426764909484,"OVER",0.0594267649094837,0.0679456942122044,TRUE,1,1,63,63
401767530,2025,5,"Chattanooga","The Citadel",-15.5,-15.5,47.5,0,0,0,108.820052617895,0,0,0.135349100127423,"The Citadel",0.364650899872577,-0.74161856785675,FALSE,FALSE,FALSE,0.372622415370734,"UNDER",0.127377584629266,-0.288663809057269,FALSE,0,0,-18,38
401767531,2025,6,"VMI","Chattanooga",8,8,52.5,0,0,0,-120.337451877521,1,0,0.740627164375399,"VMI",0.240627164375399,0.413857256792636,TRUE,FALSE,FALSE,0.497684541360495,"UNDER",0.00231545863950544,-0.0499202105428159,FALSE,1,0,-7,35
401767532,2025,8,"Chattanooga","East Tennessee State",4.5,4.5,52.5,0,0,0,-12.7890645119355,1,0,0.669778763608015,"Chattanooga",0.169778763608015,0.278607659727701,TRUE,FALSE,FALSE,0.540226589162214,"OVER",0.0402265891622143,0.0312925587106672,TRUE,1,1,4,80
401767533,2025,9,"Samford","Chattanooga",10,10,54.5,0,0,0,-150.952943965393,0,0,0.51183451016989,"Samford",0.0118345101698896,-0.0229079200856808,FALSE,FALSE,FALSE,0.562144217035842,"OVER",0.0621442170358422,0.0731333103214227,TRUE,0,1,-36,62
401767534,2025,10,"Chattanooga","Western Carolina",3.5,3.5,62.5,0,0,0,-36.233375308097,-1,0,0.532365176231054,"Chattanooga",0.0323651762310543,0.0162851214250826,TRUE,FALSE,FALSE,0.313388060307808,"UNDER",0.186611939692192,-0.401742192872395,FALSE,0,1,-7,63
401767535,2025,11,"Chattanooga","Furman",-6,-6,51.5,0,0,0,48.8599252062475,0,0,0.630612177745367,"Chattanooga",0.130612177745367,0.203838647315906,TRUE,FALSE,FALSE,0.499666278329273,"UNDER",0.000333721670726816,-0.0461370746694175,FALSE,1,1,17,73
401767537,2025,7,"South Dakota State","Northern Iowa",-28.5,-28.5,47.5,0,0,0,390.110441040384,0,0,0.523809200376537,"South Dakota State",0.0238092003765368,-4.82364811912883e-05,FALSE,FALSE,FALSE,0.508726894663484,"OVER",0.00872689466348431,-0.0288403580874084,FALSE,0,0,28,34
401767538,2025,8,"Northern Iowa","South Dakota",6.5,6.5,46.5,0,0,0,-223.629694418852,0,0,0.358918144964221,"South Dakota",0.141081855035779,-0.314825261263302,FALSE,FALSE,FALSE,0.516429565743535,"OVER",0.0164295657435354,-0.0141359589955909,FALSE,1,0,-3,31
401767539,2025,9,"Southern Illinois","Northern Iowa",-15,-15,50.5,0,0,0,134.368540438463,0,0,0.299255819672027,"Northern Iowa",0.200744180327973,-0.428720640246101,FALSE,FALSE,FALSE,0.560958887916365,"OVER",0.0609588879163645,0.0708705170323398,TRUE,0,0,14,48
401767540,2025,13,"Northern Iowa","Youngstown State",14,14,57.5,0,0,0,-168.984680618782,0,0,0.618953035660029,"Northern Iowa",0.118953035660029,0.181581345074996,TRUE,FALSE,FALSE,0.486498291759675,"UNDER",0.0135017082403253,-0.0712747610307809,FALSE,1,1,-3,67
401767541,2025,4,"South Dakota","Drake",-17,-17,46.5,0,0,0,35.6831937184591,0,0,0.763306456199096,"South Dakota",0.263306456199096,0.457152024884074,TRUE,FALSE,FALSE,0.510822328635428,"OVER",0.0108223286354282,-0.0248401746349676,FALSE,1,1,21,63
401767542,2025,11,"South Dakota","South Dakota State",7.5,7.5,46.5,0,0,0,-97.9304633837983,0,0,0.519272317561748,"South Dakota",0.0192723175617475,-0.00870914577462395,FALSE,FALSE,FALSE,0.509272038932214,"OVER",0.00927203893221407,-0.0277996776784034,FALSE,1,0,7,41
401767543,2025,12,"Southern Illinois","South Dakota",-4.5,-4.5,50.5,0,0,0,-109.579264299791,0,0,0.634572550265617,"Southern Illinois",0.134572550265617,0.211398998457062,TRUE,FALSE,FALSE,0.423361438939148,"UNDER",0.0766385610608517,-0.191803013065166,FALSE,0,1,-2,104
401767544,2025,3,"South Dakota State","Drake",-34,-34,47.5,0,0,0,193.396440092033,-1,0,0.481565189342341,"Drake",0.0184348106576594,-0.0806920535454718,FALSE,FALSE,FALSE,0.717333105707653,"OVER",0.217333105707653,0.36938889879591,TRUE,0,1,16,58
401767545,2025,5,"South Dakota State","Mercyhurst",-32.5,-32.5,58.5,0,0,0,369.463043703423,1,0,0.834304568948508,"South Dakota State",0.334304568948508,0.592687422122701,TRUE,FALSE,FALSE,0.627950979757551,"OVER",0.127950979757551,0.198758420357164,TRUE,1,0,44,58
401767546,2025,6,"Youngstown State","South Dakota State",15,15,55.5,0,0,0,-278.282431926559,1,0,0.4444963770122,"South Dakota State",0.0555036229878002,-0.151456416283711,FALSE,FALSE,FALSE,0.449594332420945,"UNDER",0.0504056675790553,-0.141724419408417,FALSE,1,1,-5,65
401767548,2025,11,"Youngstown State","Southern Illinois",-5,-5,59.5,0,0,0,-39.3401590113479,0,0,0.282996967552302,"Southern Illinois",0.217003032447698,-0.459758788942655,FALSE,FALSE,FALSE,0.393171097835197,"UNDER",0.106828902164803,-0.24943637423261,FALSE,1,1,10,86
401767550,2025,2,"Youngstown State","Robert Morris",-19.5,-19.5,50.5,0,0,0,50.0282551403557,0,0,0.593634855274444,"Youngstown State",0.0936348552744439,0.133248938718914,TRUE,FALSE,FALSE,0.561303038509257,"OVER",0.0613030385092572,0.071527500514172,TRUE,1,1,39,73
401767551,2025,4,"Brown","Georgetown",3.5,3.5,57.5,0,0,0,-33.5590442207151,1,0,0.504372125948969,"Brown",0.00437212594896907,-0.037153611563418,FALSE,FALSE,FALSE,0.471553808885728,"UNDER",0.0284461911142723,-0.0998037788371459,FALSE,1,0,46,46
401767552,2025,5,"Harvard","Brown",-16.5,-16.5,57.5,0,0,0,190.993996267654,0,0,0.0715856955345051,"Brown",0.428414304465495,-0.86334290722463,FALSE,FALSE,FALSE,0.405496788475982,"UNDER",0.0945032115240175,-0.225906630799349,FALSE,1,0,34,48
401767553,2025,8,"Brown","Princeton",-3.5,-3.5,51.5,0,0,0,7.44331623930225,0,0,0.337704557422275,"Princeton",0.162295442577725,-0.355321999880878,FALSE,FALSE,FALSE,0.401863588545538,"UNDER",0.0981364114544622,-0.232842409466568,FALSE,0,1,-19,61
401767554,2025,9,"Cornell","Brown",2.5,2.5,50.5,0,0,0,-37.7194979047676,0,0,0.437686338291252,"Brown",0.0623136617087479,-0.164456780202,FALSE,FALSE,FALSE,0.518315424917916,"OVER",0.0183154249179157,-0.0105358538316989,FALSE,1,1,6,54
401767555,2025,10,"Pennsylvania","Brown",-11.5,-11.5,50.5,0,0,0,122.064150754563,0,0,0.681702897852233,"Pennsylvania",0.181702897852233,0.301370831999913,TRUE,FALSE,FALSE,0.500594694376429,"OVER",0.000594694376429339,-0.0443647284353964,FALSE,0,0,7,49
401767556,2025,12,"Mercer","Chattanooga",-15.5,-15.5,57.5,0,0,0,172.313303928073,0,0,0.556061595229035,"Mercer",0.0560615952290351,0.061521585292228,TRUE,FALSE,FALSE,0.192532889348812,"UNDER",0.307467110651188,-0.632454714233117,FALSE,1,1,46,80
401767557,2025,13,"Wofford","Chattanooga",-4.5,-4.5,47.5,0,0,0,-41.2122666245282,0,0,0.41135225471018,"Chattanooga",0.0886477452898202,-0.214728545758267,FALSE,FALSE,FALSE,0.448050185966706,"UNDER",0.0519498140332939,-0.144672194989558,FALSE,1,1,22,48
401767558,2025,5,"East Tennessee State","Mercer",2,2,52.5,0,0,0,-93.3879447361066,0,0,0.385037707933208,"Mercer",0.114962292066792,-0.264963015555505,FALSE,FALSE,FALSE,0.41420030948005,"UNDER",0.0857996905199503,-0.209291609202585,FALSE,0,1,-4,72
401767559,2025,6,"Furman","East Tennessee State",-0.5,-0.5,54.5,0,0,0,1.22732740191555,0,0,0.46554277617793,"East Tennessee State",0.0344572238220699,-0.111278840276331,FALSE,FALSE,FALSE,0.542213126267186,"OVER",0.0422131262671863,0.0350848580440587,TRUE,1,0,9,53
401767560,2025,7,"East Tennessee State","VMI",-16.5,-16.5,55.5,0,0,0,152.188738942393,0,0,0.229452101129417,"VMI",0.270547898870583,-0.561975938943942,FALSE,FALSE,FALSE,0.484275376548722,"UNDER",0.0157246234512776,-0.0755183061684889,FALSE,1,0,35,55
401767561,2025,9,"East Tennessee State","Wofford",-9,-9,50.5,0,0,0,63.7273910004153,0,0,0.77298423940857,"East Tennessee State",0.27298423940857,0.47562691303096,TRUE,FALSE,FALSE,0.426047591880632,"UNDER",0.0739524081193683,-0.186675147099874,FALSE,0,0,4,24
401767562,2025,11,"Samford","East Tennessee State",18.5,18.5,56.5,0,0,0,-188.060268449854,-1,0,0.478794475743144,"East Tennessee State",0.0212055242568558,-0.0859813458063378,FALSE,FALSE,FALSE,0.610768382064574,"OVER",0.110768382064574,0.165956841361272,TRUE,0,0,-24,52
401767563,2025,12,"Western Carolina","East Tennessee State",-6,-6,69.5,0,0,0,59.2134048094556,0,0,0.707428613882296,"Western Carolina",0.207428613882296,0.350481223901304,TRUE,FALSE,FALSE,0.32857191417743,"UNDER",0.17142808582257,-0.372756215835287,FALSE,0,1,-17,87
401767564,2025,13,"East Tennessee State","The Citadel",-11.5,-11.5,54.5,0,0,0,117.405533744632,0,0,0.532136443396638,"East Tennessee State",0.0321364433966382,0.0158484704441824,TRUE,FALSE,FALSE,0.31699658772409,"UNDER",0.18300341227591,-0.394853514034713,FALSE,0,0,2,54
401767565,2025,2,"Furman","Presbyterian",-8.5,-8.5,44.5,0,0,0,-31.8941017342022,0,0,0.754957821544239,"Furman",0.254957821544239,0.441214481327953,TRUE,FALSE,FALSE,0.507820922697819,"OVER",0.00782092269781887,-0.0305698585698638,FALSE,0,1,-1,77
401767566,2025,5,"Samford","Furman",7,7,54.5,0,0,0,-106.752146744428,-1,0,0.524181348453172,"Samford",0.0241813484531722,0.000662194197105781,FALSE,FALSE,FALSE,0.547050810972943,"OVER",0.0470508109729434,0.0443199981473489,TRUE,0,0,-18,44
401767567,2025,7,"Western Carolina","Furman",-3.5,-3.5,67.5,0,0,0,-12.2683456047,0,0,0.392857523104666,"Furman",0.107142476895334,-0.250034988393193,FALSE,FALSE,FALSE,0.432925884881986,"UNDER",0.0670741151180143,-0.173544485760289,FALSE,1,0,45,59
401767568,2025,8,"Wofford","Furman",-2.5,-2.5,41.5,0,0,0,-99.9449541889255,0,0,0.516324959640593,"Wofford",0.0163249596405928,-0.0143356520461084,FALSE,FALSE,FALSE,0.6099332709867,"OVER",0.1099332709867,0.16436261431361,TRUE,1,1,18,44
401767569,2025,9,"Furman","The Citadel",-2.5,-2.5,47.5,0,0,0,-11.9259616277936,0,0,0.78560800425617,"Furman",0.28560800425617,0.499725680125028,TRUE,FALSE,FALSE,0.579103644859465,"OVER",0.0791036448594654,0.105508858036719,TRUE,1,0,10,38
401767570,2025,10,"Furman","Mercer",15.5,15.5,52.5,0,0,0,-188.697923803113,0,0,0.427929361278736,"Mercer",0.0720706387212636,-0.183082849318892,FALSE,FALSE,FALSE,0.575066038714216,"OVER",0.0750660387142158,0.097801067905438,TRUE,0,1,-24,80
401767571,2025,12,"Furman","VMI",-20.5,-20.5,51.5,0,0,0,180.937776794536,0,0,0.434915526427639,"VMI",0.0650844735723606,-0.169746260049636,FALSE,FALSE,FALSE,0.528617275920073,"OVER",0.028617275920073,0.00913037973141939,FALSE,0,0,18,46
401767573,2025,3,"Mercer","Wofford",-10.5,-10.5,42.5,0,0,0,176.33642128962,1,0,0.788836083949478,"Mercer",0.288836083949478,0.505888084259554,TRUE,FALSE,FALSE,0.583813148804859,"OVER",0.0838131488048593,0.114499301068477,TRUE,0,1,1,43
401767574,2025,4,"The Citadel","Mercer",2.5,2.5,42.5,0,0,0,-151.581922861607,0,0,0.710231868113288,"The Citadel",0.210231868113288,0.355832636228268,TRUE,FALSE,FALSE,0.624752841095218,"OVER",0.124752841095218,0.192653173650771,TRUE,0,0,-38,38
401767576,2025,7,"Princeton","Mercer",9.5,9.5,53.5,0,0,0,-125.868022566746,0,0,0.467849426742057,"Mercer",0.0321505732579425,-0.106875444349412,FALSE,FALSE,FALSE,0.607597900527795,"OVER",0.107597900527795,0.15990439210756,TRUE,0,0,-24,52
401767577,2025,9,"Mercer","VMI",-27.5,-27.5,51.5,0,0,0,356.499461075996,1,0,0.676384307660653,"Mercer",0.176384307660653,0.291217643324186,TRUE,FALSE,FALSE,0.430931945652691,"UNDER",0.0690680543473093,-0.177350915749013,FALSE,1,1,62,62
401767578,2025,11,"Western Carolina","Mercer",8,8,65.5,0,0,0,-100.959061144653,0,0,0.736779156238957,"Western Carolina",0.236779156238957,0.406511409260169,TRUE,FALSE,FALSE,0.358071284689997,"UNDER",0.141928715310003,-0.316441917526796,FALSE,1,1,-2,96
401767579,2025,2,"Samford","The Citadel",-2.5,-2.5,45.5,0,0,0,38.4335318731544,0,0,0.146699049825669,"The Citadel",0.353300950174331,-0.719951513882798,FALSE,FALSE,FALSE,0.57338692036299,"OVER",0.0733869203629901,0.0945956309729481,TRUE,0,1,-27,53
401767580,2025,4,"Western Carolina","Samford",-10.5,-10.5,58.5,0,0,0,77.7576787634198,0,0,0.569300000548587,"Western Carolina",0.0693000005485873,0.0867937010472531,TRUE,FALSE,FALSE,0.387879124728999,"UNDER",0.112120875271001,-0.259538750892341,FALSE,1,1,15,85
401767581,2025,8,"VMI","Samford",3.5,3.5,53.5,0,0,0,-21.7086666907801,-1,0,0.341628228742025,"Samford",0.158371771257975,-0.347831711331474,FALSE,FALSE,FALSE,0.547072733155027,"OVER",0.0470727331550266,0.0443618475929458,TRUE,1,0,-2,46
401767582,2025,10,"Wofford","Samford",-12.5,-12.5,47.5,0,0,0,89.5909123017439,0,0,0.718910741364569,"Wofford",0.218910741364569,0.372400605264963,TRUE,FALSE,FALSE,0.448040633024223,"UNDER",0.0519593669757775,-0.144690431556759,FALSE,0,0,10,42
401767585,2025,10,"The Citadel","VMI",-14,-14,48.5,0,0,0,152.493673173302,0,0,0.793637504127513,"The Citadel",0.293637504127513,0.515053995379423,TRUE,FALSE,FALSE,0.541645192249745,"OVER",0.0416451922497449,0.0340006720047631,TRUE,0,1,11,59
401767586,2025,12,"The Citadel","Wofford",3.5,3.5,43.5,0,0,0,-3.46564749381264,0,0,0.657666506857322,"The Citadel",0.157666506857322,0.255485361590628,TRUE,FALSE,FALSE,0.382043470918807,"UNDER",0.117956529081193,-0.270679014015997,FALSE,1,0,-2,30
401767588,2025,3,"Bucknell","VMI",-8.5,-8.5,53.5,0,0,0,77.6326720389688,0,0,0.167096498181138,"VMI",0.332903501818862,-0.681012784972207,FALSE,FALSE,FALSE,0.389884488214642,"UNDER",0.110115511785358,-0.255710511998249,FALSE,0,1,7,63
401767589,2025,4,"Richmond","VMI",-17,-17,42.5,0,0,0,199.270799881681,0,0,0.0723961213299971,"VMI",0.427603878670003,-0.861795804381035,FALSE,FALSE,FALSE,0.428896748599086,"UNDER",0.0711032514009137,-0.181236106924344,FALSE,1,1,24,52
401767590,2025,11,"VMI","Wofford",11,11,44.5,0,0,0,-140.381540292377,0,0,0.649939074519674,"VMI",0.149939074519674,0.240733693258057,TRUE,FALSE,FALSE,0.581573968832114,"OVER",0.0815739688321135,0.110224706500505,TRUE,0,1,-42,62
401767591,2025,13,"VMI","Western Carolina",25.5,25.5,63.5,0,0,0,-293.643513550327,0,0,0.284184522310975,"Western Carolina",0.215815477689025,-0.457491746908348,FALSE,FALSE,FALSE,0.274637157312361,"UNDER",0.225362842687639,-0.475717666690702,FALSE,0,0,-42,54
401767592,2025,6,"Wofford","Western Carolina",10.5,10.5,53.5,0,0,0,-122.341013582094,1,0,0.627916373501611,"Wofford",0.127916373501611,0.198692357014575,TRUE,FALSE,FALSE,0.627484627910473,"OVER",0.127484627910473,0.197868154681094,TRUE,1,0,-2,44
401767593,2025,2,"Wofford","Richmond",6.5,6.5,40.5,0,0,0,-169.153074686728,0,0,0.48459400774752,"Richmond",0.0154059922524796,-0.0749100392099836,FALSE,FALSE,FALSE,0.853003715136821,"OVER",0.353003715136821,0.628384092196191,TRUE,1,0,-4,24
401767594,2025,5,"Butler","Marist",-6.5,-6.5,47.5,0,0,0,170.780744016593,-1,0,0.319568654803654,"Marist",0.180431345196346,-0.389943437979825,FALSE,FALSE,FALSE,0.43571059222766,"UNDER",0.06428940777234,-0.168228479437397,FALSE,0,1,3,59
401767595,2025,6,"St. Thomas (MN)","Butler",-6.5,-6.5,48.5,0,0,0,-33.1301950321003,0,0,0.607444006353111,"St. Thomas (MN)",0.107444006353111,0.159610608128089,TRUE,FALSE,FALSE,0.398566526522009,"UNDER",0.101433473477991,-0.239136500869485,FALSE,0,0,-7,35
401767596,2025,7,"Butler","Presbyterian",10.5,10.5,51.5,0,0,0,8.53456032513009,-1,0,0.596496070573719,"Butler",0.0964960705737187,0.138710998725229,TRUE,FALSE,FALSE,0.476767777597867,"UNDER",0.0232322224021326,-0.0898503125656711,FALSE,1,1,-6,56
401767597,2025,8,"Dayton","Butler",-2.5,-2.5,46.5,0,0,0,-8.47008869186993,0,0,0.302237914083636,"Butler",0.197762085916364,-0.423027822014339,FALSE,FALSE,FALSE,0.537899323071173,"OVER",0.0378993230711728,0.0268498077428689,TRUE,0,0,-6,40
401767598,2025,10,"Butler","Drake",6.5,6.5,47.5,0,0,0,-18.0466640156542,1,0,0.262011997002928,"Drake",0.237988002997072,-0.499819097721411,FALSE,FALSE,FALSE,0.559826753117791,"OVER",0.0598267531177905,0.0687092717018621,TRUE,1,0,-5,43
401767599,2025,11,"Morehead State","Butler",12.5,12.5,47.5,0,0,0,-118.519389165059,0,0,0.79170314981339,"Morehead State",0.29170314981339,0.511361312993761,TRUE,FALSE,FALSE,0.540851728838037,"OVER",0.0408517288380371,0.0324859503518129,TRUE,1,1,1,61
401767600,2025,12,"San Diego","Butler",-7.5,-7.5,46.5,0,0,0,10.7303904815997,0,0,0.271593780123536,"Butler",0.228406219876464,-0.481527473744169,FALSE,FALSE,FALSE,0.436381895679657,"UNDER",0.0636181043203427,-0.166946961147534,FALSE,1,0,22,36
401767601,2025,13,"Butler","Valparaiso",-16.5,-16.5,48.5,0,0,0,251.318922502631,0,0,0.583949383218452,"Butler",0.083949383218452,0.114759372564025,TRUE,FALSE,FALSE,0.557993548026424,"OVER",0.0579935480264238,0.065209683182443,TRUE,0,0,7,47
401767604,2025,6,"Stetson","Davidson",6.5,6.5,61.5,0,0,0,-118.318461980409,-1,0,0.244350358167477,"Davidson",0.255649641832523,-0.533535166258286,FALSE,FALSE,FALSE,0.501725672003243,"OVER",0.00172567200324303,-0.042205692145809,FALSE,1,1,3,67
401767605,2025,7,"Davidson","St. Thomas (MN)",21.5,21.5,56.5,0,0,0,-80.8501773485093,0,0,0.29257973432485,"St. Thomas (MN)",0.20742026567515,-0.441465287173862,FALSE,FALSE,FALSE,0.425245719052185,"UNDER",0.0747542809478151,-0.188205922329379,FALSE,0,1,-44,70
401767606,2025,8,"Drake","Davidson",-33.5,-33.5,58.5,0,0,0,181.171087442124,0,0,0.60626209549467,"Drake",0.10626209549467,0.157354340299325,TRUE,FALSE,FALSE,0.658987990416365,"OVER",0.158987990416365,0.25800807370484,TRUE,1,0,45,45
401767607,2025,9,"Davidson","San Diego",28.5,28.5,56.5,0,0,0,-130.917813097239,-1,0,0.629181341967649,"Davidson",0.129181341967649,0.201107181816242,TRUE,FALSE,FALSE,0.585792655586171,"OVER",0.0857926555861706,0.118278179514,TRUE,1,1,-12,68
401767608,2025,10,"Morehead State","Davidson",-10.5,-10.5,58.5,0,0,0,82.0611620804252,0,0,0.6622031717023,"Morehead State",0.1622031717023,0.26414585477969,TRUE,FALSE,FALSE,0.405309281117342,"UNDER",0.0946907188826577,-0.226264582346994,FALSE,0,0,4,52
401767609,2025,11,"Davidson","Presbyterian",22.5,22.5,57.5,0,0,0,-245.184933776253,0,0,0.183813330330292,"Presbyterian",0.316186669669708,-0.649100352399473,FALSE,FALSE,FALSE,0.336273779616686,"UNDER",0.163726220383314,-0.358053354711747,FALSE,1,0,1,27
401767610,2025,12,"Marist","Davidson",-14,-14,55.5,0,0,0,22.0997083050108,0,0,0.449987869320084,"Davidson",0.0500121306799162,-0.14097315746796,FALSE,FALSE,FALSE,0.481811968321195,"UNDER",0.0181880316788053,-0.0802209524748392,FALSE,1,0,27,47
401767611,2025,13,"Davidson","Dayton",17.5,17.5,51.5,0,0,0,-182.117654977928,0,0,0.279214143384916,"Dayton",0.220785856615084,-0.466980200278196,FALSE,FALSE,FALSE,0.656182917978535,"OVER",0.156182917978535,0.252653190421023,TRUE,0,1,-28,56
401767613,2025,4,"Robert Morris","Dayton",-2.5,-2.5,41.5,0,0,0,-50.6778126784495,-1,0,0.222913970612393,"Dayton",0.277086029387607,-0.574457230100942,FALSE,FALSE,FALSE,0.655728614732537,"OVER",0.155728614732537,0.251785925524413,TRUE,0,0,-3,31
401767614,2025,5,"Dayton","Stetson",-25.5,-25.5,49.5,0,0,0,153.550909745194,0,0,0.352587250802869,"Stetson",0.147412749197131,-0.326910938217323,FALSE,FALSE,FALSE,0.574643488328726,"OVER",0.0746434883287257,0.0969944192195373,TRUE,1,1,34,62
401767615,2025,6,"Morehead State","Dayton",9.5,9.5,46.5,0,0,0,-50.4749260662186,0,0,0.203201533726646,"Dayton",0.296798466273354,-0.612088272115833,FALSE,FALSE,FALSE,0.60075028856399,"OVER",0.10075028856399,0.146832300868657,TRUE,1,1,-7,63
401767616,2025,7,"Valparaiso","Dayton",15,15,44.5,0,0,0,-186.099242875732,0,0,0.357228081826978,"Dayton",0.142771918173022,-0.318051591792299,FALSE,FALSE,FALSE,0.610804077654881,"OVER",0.110804077654881,0.166024984243168,TRUE,0,1,-31,51
401767617,2025,9,"Dayton","Presbyterian",8.5,8.5,50.5,0,0,0,-80.229097906448,0,0,0.554465408839017,"Dayton",0.0544654088390172,0.0584744654736838,TRUE,FALSE,FALSE,0.415308626899102,"UNDER",0.0846913731008977,-0.207175831249614,FALSE,1,1,16,54
401767618,2025,10,"San Diego","Dayton",-3.5,-3.5,48.5,0,0,0,-33.8754619242138,0,0,0.376013975548898,"Dayton",0.123986024451102,-0.282189320677153,FALSE,FALSE,FALSE,0.470409092932316,"UNDER",0.0295909070676839,-0.101989041592209,FALSE,1,0,18,44
401767619,2025,12,"Dayton","Drake",3.5,3.5,43.5,0,0,0,-62.8398375212359,1,0,0.631818256041483,"Dayton",0.131818256041483,0.206141050783191,TRUE,FALSE,FALSE,0.436716906993004,"UNDER",0.0632830930069956,-0.166307424550355,FALSE,0,0,-8,20
401767621,2025,6,"Drake","Valparaiso",-25,-25,47.5,0,0,0,182.558673532382,0,0,0.351340708298926,"Valparaiso",0.148659291701074,-0.329290587857349,FALSE,FALSE,FALSE,0.375020561514629,"UNDER",0.124979438485371,-0.284085748068574,FALSE,1,0,41,41
401767623,2025,9,"Marist","Drake",12.5,12.5,47.5,0,0,0,-205.049667693883,0,0,0.748403358037278,"Marist",0.248403358037278,0.428702010493163,TRUE,FALSE,FALSE,0.636719613841543,"OVER",0.136719613841543,0.215497742823506,TRUE,0,1,-14,48
401767624,2025,11,"Drake","St. Thomas (MN)",-2.5,-2.5,47.5,0,0,0,31.6973392157586,0,0,0.26008817551007,"St. Thomas (MN)",0.23991182448993,-0.503491672951277,FALSE,FALSE,FALSE,0.499036613637723,"UNDER",0.000963386362276775,-0.0473391045655863,FALSE,0,0,-7,33
401767625,2025,13,"Drake","Morehead State",-21.5,-21.5,49.5,0,0,0,164.895932755194,-1,0,0.309742024987233,"Morehead State",0.190257975012767,-0.408702474299371,FALSE,FALSE,FALSE,0.486104121897051,"UNDER",0.013895878102949,-0.0720272312985296,FALSE,0,0,7,27
401767626,2025,2,"Marist","Bucknell",12,12,56.5,0,0,0,-40.4527665963374,0,0,0.260599247737427,"Bucknell",0.239400752262573,-0.502516036069251,FALSE,FALSE,FALSE,0.508439755122087,"OVER",0.00843975512208661,-0.0293885074719367,FALSE,1,1,-11,57
401767627,2025,3,"Wagner","Marist",-7.5,-7.5,50.5,0,0,0,-14.6386199074973,0,0,0.168388237194436,"Marist",0.331611762805564,-0.678546855195821,FALSE,FALSE,FALSE,0.524539180915414,"OVER",0.0245391809154144,0.00134529636752612,FALSE,0,0,-11,31
401767628,2025,6,"Marist","San Diego",8.5,8.5,51.5,0,0,0,-162.994628207952,0,0,0.393735359562961,"San Diego",0.106264640437039,-0.248359198594307,FALSE,FALSE,FALSE,0.582369737427794,"OVER",0.0823697374277941,0.111743828749659,TRUE,1,0,5,33
401767629,2025,7,"Pennsylvania","Marist",-16.5,-16.5,52.5,0,0,0,134.103745844885,0,0,0.443949438954303,"Marist",0.0560505610456969,-0.152500521036235,FALSE,FALSE,FALSE,0.401385869139726,"UNDER",0.0986141308602735,-0.233754375812262,FALSE,1,0,19,37
401767630,2025,8,"Morehead State","Marist",8.5,8.5,46.5,0,0,0,24.9055042268135,0,0,0.765546305599556,"Morehead State",0.265546305599556,0.461427897389553,TRUE,FALSE,FALSE,0.45540382637384,"UNDER",0.0445961736261598,-0.130634095452339,FALSE,1,0,2,44
401767631,2025,10,"St. Thomas (MN)","Marist",-14,-14,50.5,0,0,0,214.338616022315,0,0,0.231302480380234,"Marist",0.268697519619766,-0.558443564954133,FALSE,FALSE,FALSE,0.55700509340876,"OVER",0.0570050934087596,0.063322723317322,TRUE,1,0,45,45
401767632,2025,11,"Marist","Stetson",-12.5,-12.5,47.5,0,0,0,22.9513516624129,-1,0,0.373618051778506,"Stetson",0.126381948221494,-0.286763139154832,FALSE,FALSE,FALSE,0.478796759610916,"UNDER",0.0212032403890837,-0.0859769859027608,FALSE,1,1,28,54
401767633,2025,13,"Presbyterian","Marist",-17.5,-17.5,49.5,0,0,0,212.384975203395,0,0,0.35356572605306,"Marist",0.14643427394694,-0.325043028964708,FALSE,FALSE,FALSE,0.522047282055934,"OVER",0.0220472820559343,-0.00341173855522137,FALSE,0,1,4,54
401767636,2025,5,"Presbyterian","Morehead State",-23.5,-23.5,54.5,0,0,0,71.9015559217037,0,0,0.211842822905453,"Morehead State",0.288157177094547,-0.59559205107349,FALSE,FALSE,FALSE,0.291170583489036,"UNDER",0.208829416510964,-0.44415535611943,FALSE,1,0,41,41
401767637,2025,7,"Stetson","Morehead State",7,7,54.5,0,0,0,-96.911475890535,0,0,0.567388436595517,"Stetson",0.0673884365955172,0.0831445254608423,TRUE,FALSE,FALSE,0.450051668322233,"UNDER",0.0499483316777669,-0.140851365172857,FALSE,1,0,7,35
401767638,2025,9,"Valparaiso","Morehead State",6.5,6.5,48.5,0,0,0,-112.632696830565,0,0,0.714293583703582,"Valparaiso",0.214293583703582,0.363586451290139,TRUE,FALSE,FALSE,0.497050921254559,"UNDER",0.00294907874544109,-0.0511297913250471,FALSE,1,0,-4,30
401767641,2025,8,"Presbyterian","Stetson",-34.5,-34.5,56.5,0,0,0,238.027833085539,0,0,0.703044582014032,"Presbyterian",0.203044582014032,0.342112107064788,TRUE,FALSE,FALSE,0.594650390992296,"OVER",0.0946503909922958,0.135187596404293,TRUE,1,0,35,49
401767642,2025,10,"Presbyterian","Valparaiso",-31.5,-31.5,51.5,0,0,0,285.93198442831,0,0,0.374122486470242,"Valparaiso",0.125877513529758,-0.285800173328308,FALSE,FALSE,FALSE,0.728618323304759,"OVER",0.228618323304759,0.390932379188784,TRUE,0,1,29,57
401767643,2025,12,"St. Thomas (MN)","Presbyterian",-5.5,-5.5,47.5,0,0,0,38.3891945853572,0,0,0.421281915478288,"Presbyterian",0.0787180845217124,-0.195772823351949,FALSE,FALSE,FALSE,0.410944704603958,"UNDER",0.0890552953960421,-0.215506558911044,FALSE,0,0,-14,32
401767644,2025,4,"Princeton","San Diego",-7.5,-7.5,48.5,0,0,0,-31.3519013486025,1,0,0.561498445325529,"Princeton",0.0614984453255293,0.0719005321264354,TRUE,FALSE,FALSE,0.545917249227004,"OVER",0.0459172492270039,0.0421560287743505,TRUE,0,1,-7,77
401767645,2025,5,"San Diego","St. Thomas (MN)",-1,-1,53.5,0,0,0,-9.32681615539673,-1,0,0.427953079985848,"St. Thomas (MN)",0.0720469200141525,-0.183037570307017,FALSE,FALSE,FALSE,0.426448941146495,"UNDER",0.0735510588535052,-0.185908971351341,FALSE,1,1,3,57
401767646,2025,11,"Valparaiso","San Diego",23.5,23.5,48.5,0,0,0,-265.753551191778,0,0,0.344612818009806,"San Diego",0.155387181990194,-0.34213413041928,FALSE,FALSE,FALSE,0.422729048482934,"UNDER",0.0772709515170658,-0.193010246446079,FALSE,1,1,-16,70
401767647,2025,13,"Stetson","San Diego",22,22,53.5,0,0,0,-294.754748513167,0,0,0.282094626848685,"San Diego",0.217905373151315,-0.461481357345861,FALSE,FALSE,FALSE,0.478927054451259,"UNDER",0.0210729455487411,-0.0857282530525467,FALSE,0,0,-34,50
401767649,2025,8,"St. Thomas (MN)","Valparaiso",-27.5,-27.5,48.5,0,0,0,221.982506681846,0,0,0.652715174571409,"St. Thomas (MN)",0.152715174571409,0.246033268256819,TRUE,FALSE,FALSE,0.617669799443624,"OVER",0.117669799443624,0.179131647137878,TRUE,1,1,38,72
401767650,2025,9,"Stetson","St. Thomas (MN)",25.5,25.5,54.5,0,0,0,-203.299584765324,0,0,0.720228844920788,"Stetson",0.220228844920788,0.374916864953784,TRUE,FALSE,FALSE,0.486096262020628,"UNDER",0.0139037379793723,-0.0720422358026217,FALSE,0,1,-42,62
401767653,2025,4,"Stetson","Harvard",35.5,35.5,56.5,0,0,0,-267.027840922553,-1,0,0.529486078652857,"Stetson",0.0294860786528571,0.0107889241483043,FALSE,FALSE,FALSE,0.478316575092576,"UNDER",0.0216834249074239,-0.0868936581482723,FALSE,0,1,-52,66
401767654,2025,12,"Valparaiso","Stetson",-2.5,-2.5,48.5,0,0,0,-28.9788369241776,0,0,0.528437152631156,"Valparaiso",0.0284371526311561,0.00878652437287702,FALSE,FALSE,FALSE,0.526108490519885,"OVER",0.0261084905198852,0.00434110840246082,FALSE,0,1,1,63
401767658,2025,2,"Lehigh","Sacred Heart",-20,-20,42.5,0,0,0,107.152663870294,0,0,0.327254902631295,"Sacred Heart",0.172745097368705,-0.375270390876858,FALSE,FALSE,FALSE,0.560941701861858,"OVER",0.0609417018618582,0.0708377088542873,TRUE,0,0,18,38
401767659,2025,3,"Long Island University","Sacred Heart",-13.5,-13.5,42.5,0,0,0,7.33472516282131,0,0,0.437445016762822,"Sacred Heart",0.0625549832371776,-0.164917462999772,FALSE,FALSE,FALSE,0.478830965615041,"UNDER",0.0211690343849585,-0.0859116866408858,FALSE,0,1,-3,45
401767660,2025,6,"Central Connecticut","Sacred Heart",-5.5,-5.5,45.5,0,0,0,-3.59203139078909,0,0,0.353023162647357,"Sacred Heart",0.146976837352643,-0.326078782506196,FALSE,FALSE,FALSE,0.465670058229968,"UNDER",0.0343299417700315,-0.11103585883899,FALSE,1,1,7,77
401767661,2025,10,"Sacred Heart","New Haven",-15.5,-15.5,49.5,0,0,0,-76.5511279893778,1,0,0.316152939826725,"New Haven",0.183847060173275,-0.396464037870783,FALSE,FALSE,FALSE,0.563917429820237,"OVER",0.0639174298202368,0.0765183735268321,TRUE,0,1,15,55
401767663,2025,12,"Sacred Heart","Merrimack",-6.5,-6.5,45.5,0,0,0,100.877908825985,0,0,0.371022680987274,"Merrimack",0.128977319012726,-0.291717701995293,FALSE,FALSE,FALSE,0.51621577753697,"OVER",0.0162157775369702,-0.0145440806819238,FALSE,0,1,5,79
401767664,2025,4,"Bucknell","Lehigh",14,14,54.5,0,0,0,-130.966080745321,0,0,0.326893088269206,"Lehigh",0.173106911730794,-0.375961094494085,FALSE,FALSE,FALSE,0.515704311215885,"OVER",0.0157043112158851,-0.0155204698888753,FALSE,0,1,-17,65
401767665,2025,5,"Bucknell","St. Francis (PA)",-18.5,-18.5,49.5,0,0,0,105.634972050445,0,0,0.510447770786427,"Bucknell",0.0104477707864273,-0.0255552055687102,FALSE,FALSE,FALSE,0.527834429384162,"OVER",0.0278344293841617,0.00763592569436472,FALSE,0,1,7,53
401767666,2025,6,"Bucknell","Richmond",5,5,50.5,0,0,0,-123.477238237767,0,0,0.789575203576031,"Bucknell",0.289575203576031,0.507299063626643,TRUE,FALSE,FALSE,0.473288214363986,"UNDER",0.0267117856360141,-0.096492798779151,FALSE,1,1,5,61
401767667,2025,7,"Lafayette","Bucknell",-10,-10,62.5,0,0,0,37.6396944425926,0,0,0.45163958830017,"Bucknell",0.0483604116998303,-0.137820025934976,FALSE,FALSE,FALSE,0.437056958079873,"UNDER",0.062943041920127,-0.165658267025522,FALSE,1,1,38,86
401767668,2025,9,"Bucknell","Georgetown",-1.5,-1.5,57.5,0,0,0,-5.68189036380591,0,0,0.236866131389162,"Georgetown",0.263133868610838,-0.547822555178089,FALSE,FALSE,FALSE,0.454350802929141,"UNDER",0.0456491970708586,-0.132644317208269,FALSE,0,0,-7,55
401767669,2025,11,"Fordham","Bucknell",-3.5,-3.5,56.5,0,0,0,-97.5564107073255,-1,0,0.566773063678201,"Fordham",0.0667730636782006,0.0819697785616849,TRUE,FALSE,FALSE,0.500174528023255,"OVER",0.000174528023255349,-0.0451668260036055,FALSE,0,0,-18,56
401767670,2025,12,"Bucknell","Holy Cross",-2.5,-2.5,52.5,0,0,0,-25.5983025190217,0,0,0.336049688643741,"Holy Cross",0.163950311356259,-0.358481144379098,FALSE,FALSE,FALSE,0.450957028348968,"UNDER",0.0490429716510322,-0.13912303288182,FALSE,0,1,-17,57
401767671,2025,13,"Colgate","Bucknell",-9.5,-9.5,60.5,0,0,0,-4.68884968749626,0,0,0.35834130964146,"Bucknell",0.14165869035854,-0.315926439894452,FALSE,FALSE,FALSE,0.41277802004315,"UNDER",0.0872219799568503,-0.212006759737627,FALSE,1,0,19,57
401767672,2025,4,"Colgate","Fordham",-7,-7,59.5,0,0,0,14.4162730927235,0,0,0.523964927406978,"Colgate",0.0239649274069781,0.000249046419921184,FALSE,FALSE,FALSE,0.195831200786259,"UNDER",0.304168799213741,-0.626158237699031,FALSE,1,1,23,65
401767673,2025,5,"Fordham","Holy Cross",14.5,14.5,45.5,0,0,0,-203.247171778307,0,0,0.626320763714313,"Fordham",0.126320763714313,0.195646337930623,TRUE,FALSE,FALSE,0.613576226880444,"OVER",0.113576226880444,0.171317017114767,TRUE,1,1,5,47
401767674,2025,6,"Lafayette","Fordham",-15.5,-15.5,55.5,0,0,0,156.796984344882,0,0,0.251774464161397,"Fordham",0.248225535838603,-0.519362547915892,FALSE,FALSE,FALSE,0.506800280468756,"OVER",0.0068002804687558,-0.0325182645851452,FALSE,0,0,14,34
401767675,2025,9,"Fordham","Lehigh",24.5,24.5,51.5,0,0,0,-368.299437176946,-1,0,0.671922874806717,"Fordham",0.171922874806717,0.282700768006022,TRUE,FALSE,FALSE,0.611445210655216,"OVER",0.111445210655216,0.167248907140807,TRUE,1,0,-21,33
401767676,2025,11,"Brown","Yale",13.5,13.5,50.5,0,0,0,-223.31325899308,0,0,0.443405198840869,"Yale",0.0565948011591313,-0.153539475412782,FALSE,FALSE,FALSE,0.449221403030388,"UNDER",0.0507785969696117,-0.142436341614989,FALSE,1,1,-12,56
401767677,2025,12,"Columbia","Brown",2.5,2.5,47.5,0,0,0,11.4361801208811,0,0,0.652248066083855,"Columbia",0.152248066083855,0.245141558154079,TRUE,FALSE,FALSE,0.411230991480893,"UNDER",0.0887690085191071,-0.214960037262975,FALSE,0,1,-3,61
401767678,2025,13,"Brown","Dartmouth",8,8,51.5,0,0,0,-186.982057990607,0,0,0.702599922853269,"Brown",0.202599922853269,0.341263252726891,TRUE,FALSE,FALSE,0.668354535305299,"OVER",0.168354535305299,0.275888807897817,TRUE,1,1,7,63
401767679,2025,4,"Lafayette","Columbia",-3.5,-3.5,54.5,0,0,0,-49.8075027586865,-1,0,0.598735413271757,"Lafayette",0.0987354132717568,0.142985903935784,TRUE,FALSE,FALSE,0.52484621495373,"OVER",0.0248462149537302,0.00193142434667093,FALSE,1,0,24,52
401767681,2025,6,"Princeton","Columbia",-3.5,-3.5,48.5,0,0,0,-44.7180808994713,0,0,0.33344165360212,"Columbia",0.16655834639788,-0.363459883273553,FALSE,FALSE,FALSE,0.58888590847913,"OVER",0.08888590847913,0.124183199286659,TRUE,1,0,7,27
401767683,2025,8,"Columbia","Pennsylvania",7.5,7.5,46.5,0,0,0,-63.5097547534774,0,0,0.543527969956179,"Columbia",0.0435279699561786,0.0375948946463449,TRUE,FALSE,FALSE,0.434364790987011,"UNDER",0.0656352090129889,-0.170797614005796,FALSE,0,1,-14,56
401767685,2025,10,"Yale","Columbia",-21.5,-21.5,46.5,0,0,0,195.173848146814,0,0,0.260768142153887,"Columbia",0.239231857846113,-0.50219361662823,FALSE,FALSE,FALSE,0.505016672965187,"OVER",0.00501667296518737,-0.0359231713094573,FALSE,0,0,14,34
401767689,2025,5,"Yale","Cornell",-19.5,-19.5,48.5,0,0,0,173.402429343861,0,0,0.340228049957665,"Cornell",0.159771950042335,-0.350504652630818,FALSE,FALSE,FALSE,0.568870023018687,"OVER",0.0688700230186867,0.0859728739426729,TRUE,0,1,17,65
401767690,2025,6,"Cornell","Colgate",1.5,1.5,54.5,0,0,0,58.9872038903711,-1,0,0.379336138154186,"Colgate",0.120663861845814,-0.275847312263658,FALSE,FALSE,FALSE,0.454927243124097,"UNDER",0.0450727568759035,-0.1315438928761,FALSE,0,1,-20,62
401767691,2025,7,"Harvard","Cornell",-32.5,-32.5,58.5,0,0,0,284.540581415368,0,0,0.661410489224821,"Harvard",0.161410489224821,0.262632623930184,TRUE,FALSE,FALSE,0.483214206335843,"UNDER",0.0167857936641573,-0.0775440801048763,FALSE,0,0,24,44
401767692,2025,8,"Cornell","Bucknell",-4,-4,60.5,0,0,0,-55.3260946031548,0,0,0.146398095421453,"Bucknell",0.353601904578547,-0.720526035840446,FALSE,FALSE,FALSE,0.440907866481527,"UNDER",0.0590921335184726,-0.158306882886764,FALSE,1,0,10,50
401767693,2025,10,"Cornell","Princeton",3.5,3.5,50.5,0,0,0,-63.744660884842,0,0,0.216170513227814,"Princeton",0.283829486772186,-0.587330490248103,FALSE,FALSE,FALSE,0.497320380093046,"UNDER",0.00267961990695409,-0.0506153944023753,FALSE,1,0,3,37
401767694,2025,11,"Pennsylvania","Cornell",-8,-8,50.5,0,0,0,120.670172227581,0,0,0.755500451139026,"Pennsylvania",0.255500451139026,0.4422503612244,TRUE,FALSE,FALSE,0.411423416681682,"UNDER",0.0885765833183181,-0.214592697554669,FALSE,0,1,-22,56
401767695,2025,12,"Dartmouth","Cornell",-10,-10,47.5,0,0,0,106.933442274121,0,0,0.507986349263993,"Dartmouth",0.00798634926399255,-0.0302540592550382,FALSE,FALSE,FALSE,0.445899367143381,"UNDER",0.0541006328566185,-0.148778108123285,FALSE,0,0,10,38
401767696,2025,13,"Cornell","Columbia",-9.5,-9.5,43.5,0,0,0,76.3516084540909,0,0,0.173019165761073,"Columbia",0.326980834238927,-0.669706412562111,FALSE,FALSE,FALSE,0.458132688818765,"UNDER",0.0418673111812353,-0.125424697044978,FALSE,0,0,-17,41
401767697,2025,5,"Central Connecticut","Dartmouth",7.5,7.5,45.5,0,0,0,-93.5408066411112,0,0,0.355105221151056,"Dartmouth",0.144894778848944,-0.322104132822633,FALSE,FALSE,FALSE,0.589355087597933,"OVER",0.0893550875979325,0.125078862224453,TRUE,1,1,-7,63
401767698,2025,6,"Pennsylvania","Dartmouth",3,3,56.5,0,0,0,-85.2973242634912,0,0,0.656035090930596,"Pennsylvania",0.156035090930596,0.252370988586508,TRUE,FALSE,FALSE,0.424888205276634,"UNDER",0.0751117947233661,-0.188888416126906,FALSE,1,1,12,60
401767699,2025,7,"Dartmouth","Yale",-2.5,-2.5,53.5,0,0,0,-44.0147339977516,0,0,0.428816286640006,"Yale",0.0711837133599939,-0.181389708804228,FALSE,FALSE,FALSE,0.431820866235715,"UNDER",0.0681791337642852,-0.17565396635602,FALSE,0,0,1,33
401767700,2025,8,"Fordham","Dartmouth",12.5,12.5,54.5,0,0,0,-244.878322669777,1,0,0.745976151978845,"Fordham",0.245976151978845,0.424068474127615,TRUE,FALSE,FALSE,0.496503987547683,"UNDER",0.00349601245231651,-0.0521738877714721,FALSE,0,0,-17,43
401767701,2025,9,"Dartmouth","Columbia",-12.5,-12.5,46.5,0,0,0,128.920459421494,0,0,0.167701806440177,"Columbia",0.332298193559823,-0.679857251505701,FALSE,FALSE,FALSE,0.522658667554035,"OVER",0.0226586675540347,-0.00224460363934781,FALSE,1,1,46,52
401767702,2025,10,"Harvard","Dartmouth",-11.5,-11.5,48.5,0,0,0,111.602688819013,0,0,0.633759609589344,"Harvard",0.133759609589344,0.209847094706057,TRUE,FALSE,FALSE,0.526354226980118,"OVER",0.0263542269801178,0.00481021930504488,FALSE,1,0,21,41
401767703,2025,11,"Dartmouth","Princeton",-10.5,-10.5,49.5,0,0,0,110.079826820001,0,0,0.512234698779231,"Dartmouth",0.012234698779231,-0.022143960030448,FALSE,FALSE,FALSE,0.456047563439462,"UNDER",0.0439524365605377,-0.129405201394066,FALSE,0,0,3,37
401767704,2025,8,"Harvard","Merrimack",-27.5,-27.5,49.5,0,0,0,256.701714172214,0,0,0.400649744962537,"Merrimack",0.099350255037463,-0.235159636866517,FALSE,FALSE,FALSE,0.612141284122936,"OVER",0.112141284122936,0.168577711390685,TRUE,0,0,24,38
401767705,2025,9,"Princeton","Harvard",17.5,17.5,53.5,0,0,0,-182.641525680373,0,0,0.466015616772547,"Harvard",0.0339843832274525,-0.110376187581207,FALSE,FALSE,FALSE,0.484711400443174,"UNDER",0.0152885995568262,-0.0746859365539811,FALSE,0,0,-21,49
401767706,2025,11,"Columbia","Harvard",29.5,29.5,48.5,0,0,0,-304.840459004058,0,0,0.260249325033251,"Harvard",0.239750674966749,-0.503184038511523,FALSE,FALSE,FALSE,0.475240014515301,"UNDER",0.0247599854846995,-0.0927668122902913,FALSE,1,0,-17,45
401767707,2025,12,"Harvard","Pennsylvania",-23,-23,51.5,0,0,0,228.274773596275,0,0,0.509597394594708,"Harvard",0.00959739459470832,-0.0271785737187018,FALSE,FALSE,FALSE,0.431379827505817,"UNDER",0.0686201724941828,-0.176495909291395,FALSE,0,1,2,88
401767708,2025,13,"Yale","Harvard",6.5,6.5,50.5,0,0,0,-81.0080835202425,0,0,0.737418774381727,"Yale",0.237418774381727,0.407732440294718,TRUE,FALSE,FALSE,0.397382170926869,"UNDER",0.102617829073131,-0.241397435700608,FALSE,1,1,17,73
401767716,2025,10,"Richmond","Fordham",-13.5,-13.5,48.5,0,0,0,235.213277409881,1,0,0.465014964867517,"Fordham",0.0349850351324834,-0.112286432067911,FALSE,FALSE,FALSE,0.529995219659754,"OVER",0.0299952196597536,0.0117608743304696,FALSE,0,0,3,31
401767717,2025,12,"Georgetown","Fordham",-5.5,-5.5,49.5,0,0,0,148.943088347067,0,0,0.297566685228164,"Fordham",0.202433314771836,-0.431945197899436,FALSE,FALSE,FALSE,0.495077236491751,"UNDER",0.00492276350824894,-0.0548975555372472,FALSE,1,0,14,14
401767718,2025,13,"Merrimack","Fordham",-5.5,-5.5,45.5,0,0,0,127.492233324744,0,0,0.430783741288029,"Fordham",0.0692162587119711,-0.177633837881153,FALSE,FALSE,FALSE,0.50414627316778,"OVER",0.00414627316777993,-0.0375847645227081,FALSE,0,1,1,53
401767719,2025,2,"Georgetown","Wagner",-16,-16,48.5,0,0,0,101.963030272603,0,0,0.230893681742742,"Wagner",0.269106318257258,-0.559223961553105,FALSE,FALSE,FALSE,0.471153263368886,"UNDER",0.0288467366311139,-0.100568420228796,FALSE,0,1,11,51
401767720,2025,3,"Georgetown","Lafayette",-1.5,-1.5,53.5,0,0,0,-7.77094198725422,0,0,0.52027575561792,"Georgetown",0.0202757556179204,-0.00679358252538997,FALSE,FALSE,FALSE,0.402990382890475,"UNDER",0.0970096171095245,-0.230691359062082,FALSE,0,1,-5,79
401767721,2025,5,"Columbia","Georgetown",-11.5,-11.5,50.5,0,0,0,103.508210195613,0,0,0.408872807659705,"Georgetown",0.0911271923402952,-0.219461810177624,FALSE,FALSE,FALSE,0.50611395416122,"OVER",0.00611395416121996,-0.0338284615062311,FALSE,0,0,9,29
401767722,2025,8,"Georgetown","Colgate",7,7,55.5,0,0,0,9.10282360856968,1,0,0.676013379024117,"Georgetown",0.176013379024117,0.29050954055704,TRUE,FALSE,FALSE,0.474671357788834,"UNDER",0.0253286422111664,-0.0938523779811167,FALSE,1,0,4,38
401767723,2025,10,"Lehigh","Georgetown",-24,-24,47.5,0,0,0,238.990008489774,0,0,0.750473965067615,"Lehigh",0.250473965067615,0.432654799314077,TRUE,FALSE,FALSE,0.49001973719388,"UNDER",0.00998026280611969,-0.0645523216968824,FALSE,1,0,41,41
401767724,2025,11,"Georgetown","Richmond",5.5,5.5,45.5,0,0,0,-102.785096033617,0,0,0.66578168902631,"Georgetown",0.16578168902631,0.270977244351226,TRUE,FALSE,FALSE,0.473365640498933,"UNDER",0.026634359501067,-0.0963449922875368,FALSE,0,1,-7,55
401767725,2025,13,"Holy Cross","Georgetown",-5.5,-5.5,45.5,0,0,0,47.5304844899783,0,0,0.739427399144236,"Holy Cross",0.239427399144236,0.411566904966346,TRUE,FALSE,FALSE,0.54871621626422,"OVER",0.0487162162642196,0.0474992568483953,TRUE,1,1,35,49
401767726,2025,4,"Yale","Holy Cross",-6.5,-6.5,44.5,0,0,0,66.9962422250485,1,0,0.281397477742122,"Holy Cross",0.218602522257878,-0.46281221499029,FALSE,FALSE,FALSE,0.546416687250041,"OVER",0.0464166872500414,0.0431094559603291,TRUE,1,0,18,38
401767727,2025,6,"Holy Cross","Harvard",14,14,48.5,0,0,0,-161.686810682192,0,0,0.400816607115531,"Harvard",0.0991833928844686,-0.23484109701645,FALSE,FALSE,FALSE,0.459875157393988,"UNDER",0.0401248426060119,-0.122098324534877,FALSE,0,1,-35,83
401767728,2025,8,"Richmond","Holy Cross",-5.5,-5.5,42.5,0,0,0,99.3552156272149,-1,0,0.550535546516728,"Richmond",0.0505355465167276,0.0509723583004331,TRUE,FALSE,FALSE,0.375286299996697,"UNDER",0.124713700003303,-0.283578453306305,FALSE,0,1,-6,50
401767729,2025,9,"Holy Cross","Colgate",-3,-3,51.5,0,0,0,103.087296838554,0,0,0.765739946368077,"Holy Cross",0.265739946368077,0.46179755761666,TRUE,FALSE,FALSE,0.473802729900609,"UNDER",0.0261972700993913,-0.095510588619738,FALSE,0,1,-1,57
401767730,2025,10,"Holy Cross","Lafayette",3,3,49.5,0,0,0,-4.87157263490394,-1,0,0.495875001542518,"Lafayette",0.00412499845748227,-0.0533746220553336,FALSE,FALSE,FALSE,0.396051691370464,"UNDER",0.103948308629536,-0.243937321173784,FALSE,0,0,-8,34
401767731,2025,11,"Lehigh","Holy Cross",-20,-20,45.5,0,0,0,241.592583205922,0,0,0.245760142184702,"Holy Cross",0.254239857815298,-0.530843888569404,FALSE,FALSE,FALSE,0.499976165769429,"UNDER",2.3834230570674e-05,-0.0455454995461594,FALSE,1,0,35,41
401767733,2025,3,"Duquesne","Lehigh",7.5,7.5,44.5,0,0,0,-35.6341122275039,0,0,0.20879028618209,"Lehigh",0.29120971381791,-0.60141934367839,FALSE,FALSE,FALSE,0.550355862029278,"OVER",0.0503558620292777,0.0506293406138911,TRUE,0,1,-14,56
401767734,2025,5,"Lehigh","Pennsylvania",-9.5,-9.5,47.5,0,0,0,92.6913718061751,0,0,0.155306790346162,"Pennsylvania",0.344693209653838,-0.703519337229177,FALSE,FALSE,FALSE,0.393123084583625,"UNDER",0.106876915416375,-0.24952803152986,FALSE,1,1,14,74
401767735,2025,6,"Lehigh","Yale",-4.5,-4.5,50.5,0,0,0,-2.54366602338337,0,0,0.714667202952473,"Lehigh",0.214667202952473,0.36429969043627,TRUE,FALSE,FALSE,0.561731034723974,"OVER",0.0617310347239743,0.072344545288067,TRUE,1,0,18,44
401767736,2025,7,"Columbia","Lehigh",12.5,12.5,46.5,0,0,0,-145.048761127437,0,0,0.59504712354358,"Columbia",0.0950471235435805,0.135944958844695,TRUE,FALSE,FALSE,0.538041332641806,"OVER",0.0380413326418058,0.0271209040132072,TRUE,0,0,-24,38
401767737,2025,12,"Colgate","Lehigh",18.5,18.5,54.5,0,0,0,-313.232893462907,0,0,0.390897505202972,"Lehigh",0.109102494797028,-0.253776662567527,FALSE,FALSE,FALSE,0.521700909659065,"OVER",0.0217009096590651,-0.00407296346084468,FALSE,0,0,-20,34
401767738,2025,13,"Lafayette","Lehigh",10,10,52.5,0,0,0,-165.155840897615,0,0,0.296922896806699,"Lehigh",0.203077103193301,-0.433174189996012,FALSE,FALSE,FALSE,0.57328312865262,"OVER",0.0732831286526202,0.094397492597852,TRUE,0,1,-10,74
401767739,2025,7,"Colgate","Richmond",-1.5,-1.5,55.5,0,0,0,-132.762372701561,0,0,0.596028817913805,"Colgate",0.0960288179138047,0.137819013397453,TRUE,FALSE,FALSE,0.513125494213893,"OVER",0.013125494213893,-0.0204434315456783,FALSE,0,0,-5,43
401767740,2025,12,"Richmond","Lafayette",3.5,3.5,49.5,0,0,0,29.4229107434719,0,0,0.859324432414134,"Richmond",0.359324432414134,0.640450341478581,TRUE,FALSE,FALSE,0.463217447774014,"UNDER",0.0367825522259861,-0.115717892199408,FALSE,0,1,-7,63
401767742,2025,3,"Central Connecticut","St. Francis (PA)",-11.5,-11.5,44.5,0,0,0,75.2000692073725,0,0,0.741031213895905,"Central Connecticut",0.241031213895905,0.414628587327282,TRUE,FALSE,FALSE,0.447967369393917,"UNDER",0.0520326306060832,-0.144830291827013,FALSE,1,0,24,38
401767743,2025,4,"Merrimack","Central Connecticut",-1.5,-1.5,42.5,0,0,0,-36.3035105574374,0,0,0.294521388668603,"Central Connecticut",0.205478611331397,-0.437758669031638,FALSE,FALSE,FALSE,0.469920191270998,"UNDER",0.0300798087290023,-0.102922354863666,FALSE,1,0,2,30
401767744,2025,7,"Robert Morris","Central Connecticut",9.5,9.5,45.5,0,0,0,-89.2701393896107,0,0,0.373035325927502,"Central Connecticut",0.126964674072498,-0.287875562804399,FALSE,FALSE,FALSE,0.443996342742874,"UNDER",0.0560036572571256,-0.152410981703853,FALSE,0,0,-12,36
401767746,2025,10,"Central Connecticut","Long Island University",-5.5,-5.5,42.5,0,0,0,88.1067523885238,1,0,0.633735801722916,"Central Connecticut",0.133735801722916,0.209801645489047,TRUE,FALSE,FALSE,0.399038495500397,"UNDER",0.100961504499603,-0.238235512089743,FALSE,0,0,3,17
401767747,2025,11,"Central Connecticut","Stonehill",-10,-10,41.5,0,0,0,195.202319548343,0,0,0.790712840567903,"Central Connecticut",0.290712840567903,0.509470812644127,TRUE,FALSE,FALSE,0.603607795604454,"OVER",0.103607795604454,0.152287281808903,TRUE,1,1,30,50
401767748,2025,12,"Duquesne","Central Connecticut",1.5,1.5,46.5,0,0,0,-53.5930348881595,0,0,0.448208882701068,"Central Connecticut",0.0517911172989317,-0.14436924292366,FALSE,FALSE,FALSE,0.560627570317649,"OVER",0.0606275703176491,0.0702380317363921,TRUE,1,1,5,71
401767749,2025,13,"Central Connecticut","Mercyhurst",-10.5,-10.5,47.5,0,0,0,115.767394046966,0,0,0.447149427084537,"Mercyhurst",0.0528505729154629,-0.146391743695619,FALSE,FALSE,FALSE,0.564637716425897,"OVER",0.0646377164258971,0.0778934006570376,TRUE,0,1,7,63
401767751,2025,6,"Duquesne","Stonehill",-7.5,-7.5,49.5,0,0,0,152.854817935572,0,0,0.542020195166857,"Duquesne",0.0420201951668566,0.0347165525735293,TRUE,FALSE,FALSE,0.530354649394304,"OVER",0.0303546493943037,0.0124470256937257,TRUE,1,0,20,48
401767752,2025,7,"Duquesne","St. Francis (PA)",-14.5,-14.5,48.5,0,0,0,180.953861105365,-1,0,0.358554491820548,"St. Francis (PA)",0.141445508179452,-0.315519475114573,FALSE,FALSE,FALSE,0.573403380128767,"OVER",0.0734033801287672,0.0946270526658167,TRUE,1,1,45,59
401767753,2025,8,"Mercyhurst","Duquesne",3,3,51.5,0,0,0,-77.0339589647265,0,0,0.158545887738506,"Duquesne",0.341454112261494,-0.697335900307193,FALSE,FALSE,FALSE,0.404254515017258,"UNDER",0.0957454849827423,-0.228278130832055,FALSE,0,0,-37,37
401767754,2025,9,"Wagner","Duquesne",23.5,23.5,47.5,0,0,0,-278.173928394374,0,0,0.328710808862441,"Duquesne",0.171289191137559,-0.372491065881601,FALSE,FALSE,FALSE,0.606803774661509,"OVER",0.106803774661509,0.15838840582882,TRUE,1,0,11,37
401767755,2025,11,"Long Island University","Duquesne",7,7,43.5,0,0,0,-95.313302915944,-1,0,0.774587828195275,"Long Island University",0.274587828195275,0.47868816402478,TRUE,FALSE,FALSE,0.527862224200262,"OVER",0.0278622242002615,0.00768898599829926,FALSE,1,0,18,40
401767756,2025,13,"Robert Morris","Duquesne",13.5,13.5,42.5,0,0,0,-154.740497019019,0,0,0.655822824838755,"Robert Morris",0.155822824838755,0.251965772617183,TRUE,FALSE,FALSE,0.509697737583605,"OVER",0.0096977375836047,-0.0269870189528986,FALSE,1,0,-3,37
401767757,2025,6,"Mercyhurst","Long Island University",-3.5,-3.5,50.5,0,0,0,18.0925845319011,0,0,0.491241115275132,"Long Island University",0.00875888472486785,-0.0622207109397727,FALSE,FALSE,FALSE,0.480119974109416,"UNDER",0.0198800258905843,-0.0834509694251254,FALSE,1,0,9,35
401767758,2025,5,"Stonehill","Long Island University",6,6,46.5,0,0,0,-90.8284186632336,0,0,0.235885719606701,"Long Island University",0.264114280393299,-0.549694161270808,FALSE,FALSE,FALSE,0.435028269172194,"UNDER",0.0649717308278059,-0.169531034150282,FALSE,1,0,7,13
401767759,2025,8,"Long Island University","Robert Morris",-9.5,-9.5,42.5,0,0,0,-1.12191457238009,1,0,0.711558485794707,"Long Island University",0.211558485794707,0.358365149382096,TRUE,FALSE,FALSE,0.544654036249268,"OVER",0.0446540362492683,0.0397445551998533,TRUE,1,0,10,24
401767760,2025,12,"St. Francis (PA)","Long Island University",14,14,37.5,0,0,0,-191.188972291653,0,0,0.564092016060571,"St. Francis (PA)",0.0640920160605708,0.0768516586596297,TRUE,FALSE,FALSE,0.695320709573701,"OVER",0.195320709573701,0.327367234576195,TRUE,1,0,-7,13
401767761,2025,13,"Long Island University","Wagner",-10,-10,36.5,0,0,0,100.719598638004,0,0,0.623528325311392,"Long Island University",0.123528325311392,0.190315573019448,TRUE,FALSE,FALSE,0.61497792487909,"OVER",0.11497792487909,0.173992858594183,TRUE,0,1,7,41
401767763,2025,6,"Merrimack","Robert Morris",-8,-8,44.5,0,0,0,24.8844574812335,-1,0,0.342767242067422,"Robert Morris",0.157232757932578,-0.345657334893292,FALSE,FALSE,FALSE,0.528736351998232,"OVER",0.0287363519982315,0.00935769596462405,FALSE,1,0,17,31
401767764,2025,9,"St. Francis (PA)","Robert Morris",2.5,2.5,39.5,0,0,0,-39.5721253717543,1,0,0.481541470370138,"Robert Morris",0.0184585296298616,-0.0807373330634057,FALSE,FALSE,FALSE,0.700788064408806,"OVER",0.200788064408806,0.337804414956412,TRUE,0,0,-10,38
401767765,2025,10,"Stonehill","Robert Morris",-6.5,-6.5,40.5,0,0,0,-28.6105558391805,0,0,0.23297617905571,"Robert Morris",0.26702382094429,-0.555248474182649,FALSE,FALSE,FALSE,0.614783616300419,"OVER",0.114783616300419,0.173621923517499,TRUE,0,0,-3,37
401767766,2025,11,"Robert Morris","Wagner",-2.5,-2.5,37.5,0,0,0,59.1950205082715,0,0,0.448172999782483,"Wagner",0.0518270002175169,-0.14443774341524,FALSE,FALSE,FALSE,0.58425391424576,"OVER",0.0842539142457605,0.115340722295157,TRUE,0,1,-4,44
401767767,2025,12,"Mercyhurst","Robert Morris",-4.5,-4.5,37.5,0,0,0,16.174909429664,0,0,0.37356594113462,"Robert Morris",0.12643405886538,-0.286862618374011,FALSE,FALSE,FALSE,0.635577019026116,"OVER",0.135577019026116,0.213316529320856,TRUE,1,1,14,40
401767768,2025,10,"St. Francis (PA)","Wagner",6.5,6.5,37.5,0,0,0,-31.9714380805358,0,0,0.555707515041949,"St. Francis (PA)",0.0557075150419489,0.0608456462150805,TRUE,FALSE,FALSE,0.711066357355861,"OVER",0.211066357355861,0.357425676192339,TRUE,1,1,-3,43
401767769,2025,11,"St. Francis (PA)","Mercyhurst",10,10,43.5,0,0,0,-110.042849005893,-1,0,0.520697917282222,"St. Francis (PA)",0.0206979172822223,-0.00598767590823768,FALSE,FALSE,FALSE,0.543238747673726,"OVER",0.0432387476737264,0.0370427693091437,TRUE,1,0,-1,31
401767770,2025,13,"Stonehill","St. Francis (PA)",-7.5,-7.5,37.5,0,0,0,55.285176998847,0,0,0.677359510990294,"Stonehill",0.177359510990294,0.293079306480471,TRUE,FALSE,FALSE,0.551895494818646,"OVER",0.0518954948186463,0.0535684996087958,TRUE,1,0,10,30
401767771,2025,2,"Stonehill","Lafayette",14,14,45.5,0,0,0,-130.270299055887,0,0,0.248872869173676,"Lafayette",0.251127130826324,-0.524901692747453,FALSE,FALSE,FALSE,0.73614058681501,"OVER",0.23614058681501,0.405292380229854,TRUE,0,1,-16,68
401767772,2025,4,"Stonehill","Pennsylvania",17.5,17.5,49.5,0,0,0,-191.933723159154,-1,0,0.486725312737773,"Pennsylvania",0.013274687262227,-0.0708413779835914,FALSE,FALSE,FALSE,0.546385494402667,"OVER",0.0463854944026671,0.0430499088146916,TRUE,1,0,-3,45
401767773,2025,8,"Yale","Stonehill",-21.5,-21.5,44.5,0,0,0,281.221243045724,-1,0,0.314210934925659,"Stonehill",0.185789065074341,-0.400171325226917,FALSE,FALSE,FALSE,0.494930368071185,"UNDER",0.00506963192881532,-0.0551779273521084,FALSE,1,1,40,54
401767774,2025,9,"Mercyhurst","Stonehill",-7.5,-7.5,44.5,0,0,0,91.6032888051866,0,0,0.656092487864847,"Mercyhurst",0.156092487864847,0.252480559333992,TRUE,FALSE,FALSE,0.499960979023954,"UNDER",3.9020976046189e-05,-0.0455744910432721,FALSE,0,0,-7,37
401767775,2025,12,"Wagner","Stonehill",-1,-1,38.5,0,0,0,34.2001851048167,0,0,0.184628530043489,"Stonehill",0.315371469956511,-0.647544136146979,FALSE,FALSE,FALSE,0.651253796870567,"OVER",0.151253796870567,0.243243498225912,TRUE,1,0,6,34
401767776,2025,7,"Wagner","Mercyhurst",6,6,46.5,0,0,0,-108.889220895637,1,0,0.377441179231011,"Mercyhurst",0.122558820768989,-0.279464788848001,FALSE,FALSE,FALSE,0.514841108571352,"OVER",0.0148411085713523,-0.0171683237372884,FALSE,0,0,-12,26
401769068,2025,10,"Colgate","Merrimack",-7,-7,47.5,0,0,0,-21.0770068130842,-1,0,0.46352667099366,"Merrimack",0.0364733290063401,-0.115127585073103,FALSE,FALSE,FALSE,0.481839268345752,"UNDER",0.0181607316542481,-0.0801688367279595,FALSE,0,0,3,43
401769849,2025,11,"Lafayette","Colgate",-6.5,-6.5,58.5,0,0,0,101.485288978564,0,0,0.340142530190191,"Colgate",0.159857469809809,-0.350667909866926,FALSE,FALSE,FALSE,0.463466023689134,"UNDER",0.0365339763108665,-0.115243360777444,FALSE,1,1,17,101
401769866,2025,5,"Lafayette","Princeton",-7,-7,60.5,0,0,0,77.0892614794197,0,0,0.203768961827568,"Princeton",0.296231038172432,-0.611005051871174,FALSE,FALSE,FALSE,0.274475523215563,"UNDER",0.225524476784437,-0.476026226181489,FALSE,0,1,-10,66
401769868,2025,2,"Nicholls","West Georgia",-6.5,-6.5,44.5,0,0,0,-49.7879541137036,0,0,0.606185373502698,"Nicholls",0.106185373502698,0.15720787801665,TRUE,FALSE,FALSE,0.491467354469322,"UNDER",0.00853264553067817,-0.0617888203180647,FALSE,0,0,-24,44
401777324,2025,15,"Tulane","North Texas",1.625,2.75,66.75,-1.125,1,0,6.78844726665488,0,0,0.732178824056366,"Tulane",0.232178824056366,0.397729375123603,TRUE,TRUE,TRUE,0.481031280875407,"UNDER",0.0189687191245927,-0.0817112848088475,FALSE,1,0,13,55
401777325,2025,15,"Jacksonville State","Kennesaw State",1.875,-1.25,61.5,3.125,0,1,47.5918337007251,0,0,0.334626406633093,"Kennesaw State",0.165373593366907,-0.361198189737426,FALSE,FALSE,TRUE,0.530908786001142,"OVER",0.0309087860011416,0.0135048724761793,TRUE,0,0,-4,34
401777326,2025,15,"Boise State","UNLV",-5.375,-3.16666666666667,59.125,-2.20833333333333,1,0,-36.6664526968611,0,0,0.390710496461065,"UNLV",0.109289503538935,-0.254133662255827,FALSE,FALSE,FALSE,0.460255344644856,"UNDER",0.0397446553551439,-0.12137254707297,FALSE,1,0,17,59
401777327,2025,15,"Texas Tech","BYU",-12.75,-12,50.125,-0.75,0,0,13.747682283655,0,1,0.491431231669875,"BYU",0.00856876833012477,-0.0618577787422082,FALSE,FALSE,FALSE,0.414360488337746,"UNDER",0.085639511662254,-0.208985827763243,FALSE,1,0,27,41
401777328,2025,15,"Virginia","Duke",-3.5,-2.5,58.5,-1,0,0,2.14056660889719,0,2,0.669102333438942,"Virginia",0.169102333438942,0.277316354534941,TRUE,FALSE,FALSE,0.485443605360999,"UNDER",0.0145563946390015,-0.0732881573658538,FALSE,0,0,-7,47
401777329,2025,15,"Western Michigan","Miami (OH)",-2.375,-2.5,44.125,0.125,0,0,-11.8674405364784,0,0,0.428233390270113,"Miami (OH)",0.0717666097298866,-0.182502457974353,FALSE,FALSE,FALSE,0.603498370576291,"OVER",0.103498370576291,0.15207838943014,TRUE,1,0,10,36
401777351,2025,15,"Alabama","Georgia",1.75,2,48.25,-0.25,0,0,-58.6515011342192,0,2,0.844074422090415,"Alabama",0.344074422090415,0.611338071770603,TRUE,FALSE,FALSE,0.57677171552086,"OVER",0.0767717155208597,0.101057204929321,TRUE,0,0,-21,35
401777352,2025,15,"James Madison","Troy",-24,-21.5,47.5,-2.5,1,0,207.37698316847,0,0,0.625156170382864,"James Madison",0.125156170382864,0.193423129260888,TRUE,TRUE,TRUE,0.533183175759721,"OVER",0.0331831757597214,0.0178466825253082,TRUE,0,0,17,45
401777353,2025,15,"Ohio State","Indiana",-4,-6,46.375,2,0,1,76.8017757636439,0,2,0.355864826043112,"Indiana",0.144135173956888,-0.3206540470837,FALSE,FALSE,TRUE,0.435962830189151,"UNDER",0.0640371698108489,-0.16774695716891,FALSE,0,0,-3,23
401779328,2025,5,"Duquesne","New Haven",-18,-18,54.5,0,0,0,-106.637641537,0,0,0.415009231608351,"New Haven",0.0849907683916486,-0.207747376859657,FALSE,FALSE,FALSE,0.509622844272745,"OVER",0.00962284427274451,-0.0271299902833307,FALSE,1,1,26,62
401779510,2025,9,"Long Island University","New Haven",-10,-10,46.5,0,0,0,-196.273842699477,-1,0,0.306100759723558,"New Haven",0.193899240276442,-0.415653649687727,FALSE,FALSE,FALSE,0.744397774864381,"OVER",0.244397774864381,0.421055352216104,TRUE,1,1,22,54
401779511,2025,2,"Mercyhurst","New Haven",-12.5,-12.5,52.5,0,0,0,-177.582878078025,0,0,0.477855115836709,"New Haven",0.0221448841632915,-0.0877745838677234,FALSE,FALSE,FALSE,0.688396239542473,"OVER",0.188396239542473,0.314148421286581,TRUE,1,1,34,62
401783278,2025,3,"UAlbany","New Haven",-19.5,-19.5,45.5,0,0,0,-94.8424478951158,0,0,0.794382100050776,"UAlbany",0.294382100050776,0.516475428996931,TRUE,FALSE,FALSE,0.58755516375166,"OVER",0.0875551637516602,0.121642807601919,TRUE,0,0,-7,41
401783279,2025,11,"New Haven","Merrimack",9.5,9.5,44.5,0,0,0,97.7611762359929,0,0,0.8517365206334,"New Haven",0.3517365206334,0.62596501788916,TRUE,FALSE,FALSE,0.522864934696453,"OVER",0.0228649346964527,-0.0018508396644718,FALSE,1,1,10,72
401788996,2025,13,"Pennsylvania","Princeton",-3.5,-3.5,50.5,0,0,0,51.0512612193702,0,0,0.456703058160332,"Princeton",0.0432969418396681,-0.128153861971926,FALSE,FALSE,FALSE,0.4000305467085,"UNDER",0.0999694532915004,-0.236341686333474,FALSE,1,0,11,23
401788997,2025,9,"Yale","Pennsylvania",-6.5,-6.5,53.5,0,0,0,35.7664479636301,0,0,0.482354947696407,"Pennsylvania",0.0176450523035931,-0.0791844048475592,FALSE,FALSE,FALSE,0.490057961463152,"UNDER",0.00994203853684789,-0.0644793515668425,FALSE,1,0,22,48
401788998,2025,12,"Princeton","Yale",8.5,8.5,51.5,0,0,0,-186.787199444745,0,0,0.770168779728707,"Princeton",0.270168779728707,0.470252200502101,TRUE,FALSE,FALSE,0.669056686687737,"OVER",0.169056686687737,0.27722921488689,TRUE,1,0,-3,23
401833969,2025,14,"Abilene Christian","Lamar",-12.5,-12.5,45.5,0,0,0,81.4698717140168,0,0,0.754122653305525,"Abilene Christian",0.254122653305525,0.439620145160247,TRUE,FALSE,FALSE,0.545370757582555,"OVER",0.0453707575825549,0.0411127762250974,TRUE,1,1,18,58
401833975,2025,14,"Youngstown State","Yale",-4.5,-4.5,61.5,0,0,0,-144.902763166068,0,0,0.426656960762483,"Yale",0.0733430392375166,-0.185511861904419,FALSE,FALSE,FALSE,0.437159130595201,"UNDER",0.0628408694047993,-0.165463219693762,FALSE,0,1,-1,85
401833985,2025,16,"Montana State","Stephen F. Austin",-15.5,-15.5,56.5,0,0,0,137.9150109251,0,0,0.175290152615638,"Stephen F. Austin",0.324709847384362,-0.665371098656746,FALSE,FALSE,FALSE,0.402260145133433,"UNDER",0.0977398548665666,-0.232085382940276,FALSE,1,1,16,72
401833986,2025,16,"Tarleton State","Villanova",-14.5,-14.5,54.5,0,0,0,-5.32994204431998,0,0,0.372267507366469,"Villanova",0.127732492633531,-0.289341328437411,FALSE,FALSE,FALSE,0.478220884994088,"UNDER",0.0217791150059123,-0.0870763305462866,FALSE,0,0,-5,47
401833987,2025,16,"Montana","South Dakota",-7.5,-7.5,59.5,0,0,0,32.54818244986,0,0,0.499712992509375,"South Dakota",0.000287007490624935,-0.046047897299603,FALSE,FALSE,FALSE,0.217781676871606,"UNDER",0.282218323128394,-0.584254778852105,FALSE,1,1,30,74
401836055,2025,14,"Villanova","Harvard",2,2,53.5,0,0,0,-36.082489363271,0,0,0.497979592770719,"Harvard",0.00202040722928126,-0.049356957400698,FALSE,FALSE,FALSE,0.525069797266887,"OVER",0.0250697972668871,0.00235824298248744,FALSE,1,1,45,59
401836095,2025,14,"SE Louisiana","Illinois State",-2.5,-2.5,54.5,0,0,0,10.7859299121774,0,0,0.61518120239622,"SE Louisiana",0.11518120239622,0.174380915374383,TRUE,FALSE,FALSE,0.399258597758589,"UNDER",0.100741402241411,-0.237815336878854,FALSE,0,0,-18,24
401836102,2025,14,"Rhode Island","Central Connecticut",-19.5,-19.5,52.5,0,0,0,142.067118417258,0,0,0.815795177775419,"Rhode Island",0.315795177775419,0.557352994373275,TRUE,FALSE,FALSE,0.505136051842179,"OVER",0.0051360518421788,-0.0356952770332806,FALSE,0,0,8,46
401836115,2025,14,"Tennessee Tech","North Dakota",2,2,48.5,0,0,0,65.9907773797065,0,0,0.748131218620334,"Tennessee Tech",0.248131218620334,0.428182496346217,TRUE,FALSE,FALSE,0.525906548431729,"OVER",0.0259065484317287,0.00395560095617009,FALSE,0,0,-25,37
401836116,2025,14,"South Dakota State","New Hampshire",-11,-11,43.5,0,0,0,47.3270419700923,0,0,0.514176049637592,"South Dakota State",0.0141760496375919,-0.0184379212418371,FALSE,FALSE,FALSE,0.474174458369233,"UNDER",0.0258255416307673,-0.0948009589731348,FALSE,1,1,38,44
401836195,2025,14,"South Dakota","Drake",-21,-21,46.5,0,0,0,19.2983974202668,1,0,0.35000515202519,"Drake",0.14999484797481,-0.331840164783912,FALSE,FALSE,FALSE,0.426137026143488,"UNDER",0.0738629738565116,-0.186504417092081,FALSE,0,1,21,55
401836219,2025,16,"UC Davis","Illinois State",-3,-3,57.5,0,0,0,40.0266512128785,0,0,0.522168388311674,"UC Davis",0.0221683883116741,-0.0031805467130141,FALSE,FALSE,FALSE,0.435240444631222,"UNDER",0.0647595553687778,-0.169125991198997,FALSE,0,1,-11,73
